WIDTH = 16;
DEPTH = 50176;

ADDRESS_RADIX = DEC;
DATA_RADIX = HEX;

CONTENT BEGIN
0 : 0BAD;
1 : EF8B;
2 : ED4F;
3 : 0DB3;
4 : F563;
5 : F8CD;
6 : 11F1;
7 : F179;
8 : 116C;
9 : F871;
10 : 0115;
11 : F7D3;
12 : 1340;
13 : 0B12;
14 : 0F6F;
15 : 0D0F;
16 : 00EA;
17 : 0F95;
18 : EF20;
19 : FB1A;
20 : 004A;
21 : EE56;
22 : 019A;
23 : 0E4E;
24 : F95D;
25 : F6FD;
26 : F8BB;
27 : 10BC;
28 : 0F07;
29 : F896;
30 : 014F;
31 : 0106;
32 : F846;
33 : 003F;
34 : EE63;
35 : 1085;
36 : FC40;
37 : F775;
38 : F04E;
39 : 0E7D;
40 : FFDA;
41 : F120;
42 : FAC8;
43 : F6CC;
44 : 0508;
45 : 0A65;
46 : 0813;
47 : 02E0;
48 : F05E;
49 : 0A8D;
50 : 0DC0;
51 : 0095;
52 : 06B4;
53 : 08F3;
54 : F903;
55 : FEB5;
56 : 0DB6;
57 : F475;
58 : 0110;
59 : ED72;
60 : FD9A;
61 : FE5B;
62 : 0D46;
63 : 1274;
64 : FE4A;
65 : F872;
66 : FA4A;
67 : 0DC6;
68 : 0845;
69 : 06CA;
70 : 0F9B;
71 : EF9A;
72 : 01DD;
73 : 10DB;
74 : 00A5;
75 : FCA2;
76 : 12D6;
77 : 1380;
78 : F0F2;
79 : F454;
80 : F277;
81 : 05D8;
82 : 0162;
83 : EE14;
84 : F60B;
85 : F565;
86 : F6A9;
87 : F855;
88 : ED93;
89 : 08A5;
90 : 1187;
91 : 0D9A;
92 : ECF3;
93 : 01AC;
94 : ED36;
95 : 084A;
96 : 0D85;
97 : EEBC;
98 : F551;
99 : FC1F;
100 : 0017;
101 : 0EBE;
102 : FF50;
103 : 0915;
104 : ED81;
105 : FAD0;
106 : F317;
107 : 0D3B;
108 : FB95;
109 : EFF4;
110 : 0AA7;
111 : FD87;
112 : F6A3;
113 : 033C;
114 : 0F75;
115 : F33C;
116 : 0A97;
117 : FA2E;
118 : 0C60;
119 : FB5A;
120 : FD10;
121 : 0F01;
122 : F2A2;
123 : 0B24;
124 : FF26;
125 : 04F0;
126 : EE18;
127 : FC74;
128 : F3A1;
129 : 089C;
130 : 0025;
131 : F0CB;
132 : 004D;
133 : 1175;
134 : F1E9;
135 : 11C3;
136 : F770;
137 : 10CA;
138 : 0C0F;
139 : ECBB;
140 : F913;
141 : EEB6;
142 : 1207;
143 : F0FA;
144 : 0A05;
145 : 088E;
146 : FC0F;
147 : 01E7;
148 : 0E55;
149 : EF89;
150 : 1162;
151 : 0F5B;
152 : 064D;
153 : FA59;
154 : EF4E;
155 : FE3D;
156 : FD60;
157 : FF5C;
158 : F873;
159 : F9E2;
160 : F9DC;
161 : 126A;
162 : FCA8;
163 : 08DB;
164 : 09F3;
165 : F6A0;
166 : 005F;
167 : 0FE2;
168 : 1271;
169 : F9C5;
170 : 03F3;
171 : F076;
172 : 103F;
173 : 10B1;
174 : EEE9;
175 : FFD3;
176 : 0685;
177 : 10A7;
178 : ED2D;
179 : FFFB;
180 : F48D;
181 : 07B4;
182 : 1292;
183 : F86C;
184 : FB1B;
185 : F896;
186 : 03F3;
187 : 0BB6;
188 : F333;
189 : EFDD;
190 : FA55;
191 : F9E2;
192 : F112;
193 : F392;
194 : 0206;
195 : 1109;
196 : 0B16;
197 : FB3C;
198 : 0E52;
199 : 03C1;
200 : FB9B;
201 : 01E7;
202 : F521;
203 : F9A0;
204 : F1D8;
205 : EFBF;
206 : ECCA;
207 : 0A12;
208 : 0A05;
209 : F71A;
210 : 07FE;
211 : 0B94;
212 : F192;
213 : F0AD;
214 : F1CC;
215 : F749;
216 : 09B9;
217 : F34A;
218 : F833;
219 : F7C7;
220 : FFB9;
221 : FB14;
222 : FF5C;
223 : 0D30;
224 : 0227;
225 : 0268;
226 : 0A83;
227 : 11D9;
228 : F77A;
229 : 0052;
230 : 1135;
231 : FE69;
232 : FD72;
233 : F783;
234 : 0FC8;
235 : 0AC3;
236 : 0069;
237 : FEA4;
238 : 127F;
239 : 07BD;
240 : F7BF;
241 : 0B08;
242 : EE92;
243 : 0193;
244 : F4B7;
245 : FC13;
246 : 067F;
247 : F909;
248 : FDD8;
249 : F8A6;
250 : F921;
251 : 09E5;
252 : F0B6;
253 : F020;
254 : F7AB;
255 : F5C8;
256 : F971;
257 : FA44;
258 : F5A8;
259 : FC05;
260 : 0524;
261 : F7FB;
262 : 0C9E;
263 : F514;
264 : F8E7;
265 : 0EE2;
266 : 096B;
267 : 1317;
268 : FC9D;
269 : 0E21;
270 : F7D7;
271 : F552;
272 : 0544;
273 : 1379;
274 : 035A;
275 : F252;
276 : FDAB;
277 : EEA3;
278 : 06E5;
279 : F2C2;
280 : FD52;
281 : EEDC;
282 : FB39;
283 : 00D4;
284 : EC78;
285 : F692;
286 : 0C7D;
287 : 118A;
288 : FA38;
289 : F87F;
290 : F641;
291 : 0460;
292 : 1337;
293 : 0EF3;
294 : 0008;
295 : F228;
296 : FD8C;
297 : 10AD;
298 : 0C02;
299 : ED1E;
300 : 06F7;
301 : 1365;
302 : FE72;
303 : FFEF;
304 : F6FD;
305 : 1202;
306 : 0A69;
307 : 131D;
308 : 0752;
309 : FAA7;
310 : F609;
311 : 1292;
312 : 12E9;
313 : 0BE2;
314 : 08E0;
315 : EE60;
316 : F7A7;
317 : F5E8;
318 : F49B;
319 : 119B;
320 : 086A;
321 : 06B9;
322 : 0B16;
323 : FA7F;
324 : 0335;
325 : F209;
326 : 0A15;
327 : FA7E;
328 : 08C2;
329 : 04E6;
330 : 077C;
331 : 0A5D;
332 : FE87;
333 : FC3C;
334 : 00CC;
335 : F432;
336 : 00DB;
337 : FB5D;
338 : 0D61;
339 : 08C2;
340 : FE3E;
341 : F909;
342 : F027;
343 : EFDF;
344 : 0722;
345 : 0105;
346 : 0643;
347 : 052E;
348 : F2B1;
349 : F4D3;
350 : 0FC4;
351 : 01FC;
352 : 0997;
353 : ED9B;
354 : 0AAB;
355 : FEDB;
356 : 0C52;
357 : F500;
358 : F7CF;
359 : EF76;
360 : 00E2;
361 : ED3F;
362 : FFF5;
363 : F2DF;
364 : F2F0;
365 : FE2E;
366 : 1363;
367 : F7FB;
368 : 102E;
369 : FC27;
370 : 0818;
371 : 09B0;
372 : FF0F;
373 : 1137;
374 : 096F;
375 : 0EA1;
376 : 0469;
377 : F2CF;
378 : F95F;
379 : 0B23;
380 : 0790;
381 : F251;
382 : F830;
383 : 046C;
384 : 01D1;
385 : 0F26;
386 : 0CA0;
387 : 1032;
388 : FA6F;
389 : 0BD1;
390 : FD58;
391 : 07FE;
392 : 0861;
393 : EF6F;
394 : F838;
395 : 1010;
396 : FB1C;
397 : FE37;
398 : FC61;
399 : F0E7;
400 : F5A2;
401 : 03ED;
402 : F69C;
403 : 02BA;
404 : F084;
405 : 0D1A;
406 : FA16;
407 : 07B2;
408 : FF89;
409 : 051D;
410 : 064D;
411 : FB91;
412 : F0C1;
413 : F198;
414 : F72A;
415 : F3D1;
416 : F73B;
417 : 0B5C;
418 : 0E00;
419 : F0A6;
420 : 0FFA;
421 : 138D;
422 : 0105;
423 : F556;
424 : FD55;
425 : F3EF;
426 : EDBF;
427 : 0305;
428 : 09A1;
429 : F9AE;
430 : 00CD;
431 : F0C5;
432 : ED95;
433 : EFD4;
434 : FA28;
435 : F685;
436 : 0487;
437 : 0BC4;
438 : ECEE;
439 : FBE0;
440 : F0D3;
441 : FE7F;
442 : 0EC7;
443 : 12CC;
444 : F205;
445 : 1300;
446 : 0496;
447 : 0BA9;
448 : F7B0;
449 : F61A;
450 : F745;
451 : FA10;
452 : F14B;
453 : 0190;
454 : F2E7;
455 : F35A;
456 : 0013;
457 : F43B;
458 : 0361;
459 : FB72;
460 : 0567;
461 : 0C7B;
462 : 1254;
463 : ECAB;
464 : F0A4;
465 : F733;
466 : 0D18;
467 : FE1A;
468 : 06BD;
469 : 0858;
470 : 00D2;
471 : 0CFB;
472 : F6CC;
473 : FF71;
474 : 06FD;
475 : 0C34;
476 : FEFD;
477 : F2B9;
478 : F119;
479 : 015E;
480 : 0228;
481 : 0760;
482 : FBA6;
483 : 104D;
484 : F484;
485 : FDCD;
486 : FF63;
487 : F5DC;
488 : FE23;
489 : F325;
490 : 11DF;
491 : F7EF;
492 : F244;
493 : 0071;
494 : 0139;
495 : F255;
496 : 0370;
497 : 0F0C;
498 : FA13;
499 : 10D1;
500 : ED07;
501 : 0958;
502 : 01AE;
503 : F80A;
504 : EFEF;
505 : F29C;
506 : F95A;
507 : EFF9;
508 : FE37;
509 : 0A94;
510 : 0F5E;
511 : 05A0;
512 : 032F;
513 : FB8D;
514 : 0333;
515 : 0A2E;
516 : F531;
517 : 1249;
518 : F729;
519 : 01F3;
520 : 022F;
521 : 0139;
522 : 00E8;
523 : EDEA;
524 : EC82;
525 : 1038;
526 : 0044;
527 : 0907;
528 : F2E4;
529 : 0087;
530 : F83D;
531 : 0A29;
532 : 0953;
533 : EE1A;
534 : EC77;
535 : FE7D;
536 : 11CE;
537 : 0946;
538 : 0D2F;
539 : F51E;
540 : F594;
541 : 1120;
542 : F7FE;
543 : F404;
544 : F3DB;
545 : F10C;
546 : F75E;
547 : F98D;
548 : 0916;
549 : 0C1F;
550 : F8AB;
551 : F38B;
552 : FD06;
553 : 05FB;
554 : 0E06;
555 : F8EB;
556 : FF5B;
557 : 0509;
558 : 095F;
559 : 05EC;
560 : 08A8;
561 : 083A;
562 : F2C7;
563 : FD78;
564 : 0B20;
565 : 0271;
566 : FDBB;
567 : 0E87;
568 : 054F;
569 : 109A;
570 : F20F;
571 : 072E;
572 : F402;
573 : F390;
574 : 12D9;
575 : FEDD;
576 : 0E27;
577 : F27F;
578 : 00DA;
579 : F8C6;
580 : EE43;
581 : F201;
582 : 1310;
583 : FCC7;
584 : 0ED5;
585 : 112C;
586 : F2C8;
587 : 09D2;
588 : FFD7;
589 : EE48;
590 : 0159;
591 : 12EF;
592 : F8B8;
593 : 0741;
594 : 0B33;
595 : 01FB;
596 : F8B8;
597 : F1EE;
598 : 0A6E;
599 : FB11;
600 : 096F;
601 : FC36;
602 : F036;
603 : 0E2B;
604 : EDE5;
605 : 0E83;
606 : 1227;
607 : 0601;
608 : 11CC;
609 : 0E57;
610 : EC74;
611 : 1102;
612 : FD3C;
613 : 075F;
614 : FE2E;
615 : F082;
616 : 03A1;
617 : F6DB;
618 : F33E;
619 : ECEB;
620 : F564;
621 : 0E48;
622 : 1085;
623 : FC14;
624 : 03C1;
625 : 0306;
626 : FBA6;
627 : 0E68;
628 : FD7F;
629 : 0621;
630 : F43D;
631 : F850;
632 : 109A;
633 : F9E0;
634 : 0710;
635 : 0720;
636 : 0CC8;
637 : 0722;
638 : ED47;
639 : FB84;
640 : FB84;
641 : F249;
642 : 0D83;
643 : 0467;
644 : F643;
645 : 01BA;
646 : EF11;
647 : F3B3;
648 : F8BC;
649 : F606;
650 : F7BF;
651 : F969;
652 : FCFB;
653 : FB0D;
654 : 051B;
655 : 05B5;
656 : F3B3;
657 : F53B;
658 : 1378;
659 : 065C;
660 : 0A50;
661 : 0549;
662 : F855;
663 : 0CF1;
664 : F791;
665 : 0A2C;
666 : ED43;
667 : EFFC;
668 : FA89;
669 : 0000;
670 : 12AC;
671 : ECA4;
672 : 0C61;
673 : FA81;
674 : ECF4;
675 : 048C;
676 : 1091;
677 : 0722;
678 : 0EAA;
679 : FA10;
680 : EE5A;
681 : 089E;
682 : 0035;
683 : 136F;
684 : EEDC;
685 : F1F9;
686 : 00E2;
687 : F11D;
688 : F4B6;
689 : F98F;
690 : FE6A;
691 : FCA9;
692 : 0348;
693 : 0936;
694 : FEFC;
695 : 1193;
696 : 075B;
697 : F892;
698 : 0A6A;
699 : 0F10;
700 : FBBA;
701 : 0965;
702 : 1041;
703 : 08F4;
704 : F056;
705 : FB7D;
706 : FBE0;
707 : EFFB;
708 : ED93;
709 : 0554;
710 : F586;
711 : F8F1;
712 : 1097;
713 : F930;
714 : F700;
715 : FB8C;
716 : 05D9;
717 : 0BBB;
718 : 0505;
719 : FF98;
720 : FB1B;
721 : 066E;
722 : EE23;
723 : 03C1;
724 : 12DF;
725 : 0D1E;
726 : 01AC;
727 : 10BC;
728 : 059D;
729 : F6D2;
730 : FA71;
731 : F36F;
732 : 1227;
733 : 088E;
734 : F3F9;
735 : F44B;
736 : 0EC6;
737 : 0CC8;
738 : FEB8;
739 : 1303;
740 : FC96;
741 : 0C9C;
742 : F9BC;
743 : F0B9;
744 : FA3B;
745 : 1342;
746 : EE1B;
747 : 01D5;
748 : 037A;
749 : 0649;
750 : FEA3;
751 : F510;
752 : 03FF;
753 : F5DA;
754 : 1166;
755 : F3D2;
756 : ECA6;
757 : F91B;
758 : 0102;
759 : F2D6;
760 : 037C;
761 : FA72;
762 : 0E6A;
763 : 0704;
764 : 0326;
765 : F031;
766 : EE5F;
767 : 03F9;
768 : F1BB;
769 : 0947;
770 : 1357;
771 : 126B;
772 : FC60;
773 : F0C3;
774 : FD1B;
775 : 0E97;
776 : 076B;
777 : F2FB;
778 : F86D;
779 : F715;
780 : 06A4;
781 : 05A3;
782 : 05CF;
783 : F29C;
784 : 0E34;
785 : 07CB;
786 : F6EA;
787 : 09AA;
788 : F1DE;
789 : F989;
790 : F21A;
791 : 0592;
792 : ECD6;
793 : 0B86;
794 : 102E;
795 : 012D;
796 : 0FDC;
797 : 1050;
798 : FE40;
799 : F507;
800 : 0B76;
801 : 0C15;
802 : 0116;
803 : 0720;
804 : F2F6;
805 : F78A;
806 : 062D;
807 : FBC9;
808 : 091C;
809 : 0D5F;
810 : 118C;
811 : F0CF;
812 : F103;
813 : 065D;
814 : 04AC;
815 : ED87;
816 : 00C1;
817 : F026;
818 : FDB0;
819 : 0116;
820 : FE6A;
821 : 0E41;
822 : EF83;
823 : 0057;
824 : ECF2;
825 : F254;
826 : F8F3;
827 : EE6A;
828 : 03F8;
829 : 1206;
830 : 0EFD;
831 : 0431;
832 : ECAF;
833 : 0C33;
834 : FC90;
835 : FA11;
836 : 02C5;
837 : F89C;
838 : 0F66;
839 : FB79;
840 : 0D71;
841 : FD5D;
842 : 003C;
843 : 0FEC;
844 : 0146;
845 : F474;
846 : EDCB;
847 : F791;
848 : F3FF;
849 : 06E8;
850 : F7F7;
851 : F2FB;
852 : F4A7;
853 : 0074;
854 : F745;
855 : 11D7;
856 : F3AA;
857 : F6A1;
858 : 02D8;
859 : 0632;
860 : FBCC;
861 : F21A;
862 : ECEB;
863 : 0CF5;
864 : F9E5;
865 : FCEC;
866 : 1390;
867 : EF3A;
868 : 10FE;
869 : 03B4;
870 : FAB8;
871 : F3C0;
872 : 116D;
873 : FBBE;
874 : F577;
875 : FDF2;
876 : 09CC;
877 : FB39;
878 : FD79;
879 : 0BBA;
880 : F9A7;
881 : 0EE8;
882 : 0F11;
883 : FA24;
884 : 1000;
885 : 0265;
886 : ED73;
887 : 0D4F;
888 : 0B1C;
889 : 101E;
890 : FAB1;
891 : 0251;
892 : F7F2;
893 : 0D09;
894 : FA2E;
895 : F6A5;
896 : EF73;
897 : 007B;
898 : 102E;
899 : 091D;
900 : F9C6;
901 : F9B9;
902 : F965;
903 : 0253;
904 : FCFB;
905 : F5BA;
906 : EC77;
907 : EFCB;
908 : FEF3;
909 : 0E80;
910 : FA08;
911 : F5FA;
912 : 0326;
913 : FD9A;
914 : 018F;
915 : 0A55;
916 : 0668;
917 : 079E;
918 : 0AFD;
919 : F919;
920 : 0690;
921 : 0810;
922 : ECE8;
923 : 0C10;
924 : 04C4;
925 : 08C4;
926 : 056C;
927 : 0913;
928 : F0C3;
929 : 00BD;
930 : F017;
931 : F745;
932 : 06A7;
933 : F454;
934 : 02BD;
935 : FC7A;
936 : F7EF;
937 : F88F;
938 : 018A;
939 : F04D;
940 : 04DD;
941 : FA72;
942 : 0B49;
943 : FB0B;
944 : EF60;
945 : F30B;
946 : 130A;
947 : 1096;
948 : 0426;
949 : F286;
950 : 0DBC;
951 : 039B;
952 : FAD4;
953 : F9B3;
954 : 117C;
955 : 0A83;
956 : F261;
957 : F54F;
958 : 0197;
959 : EE3B;
960 : 0988;
961 : 089F;
962 : 122A;
963 : 0644;
964 : F309;
965 : F898;
966 : F964;
967 : 1259;
968 : F9A9;
969 : 096C;
970 : F25F;
971 : EF92;
972 : 03B5;
973 : 11B3;
974 : 1143;
975 : 0965;
976 : 0C1E;
977 : 059B;
978 : 11A1;
979 : 0395;
980 : EDE0;
981 : F259;
982 : 10D7;
983 : 0917;
984 : 0F5B;
985 : ED3D;
986 : 083C;
987 : 0EDA;
988 : F331;
989 : FEB7;
990 : 0EEE;
991 : 0E82;
992 : F0D5;
993 : EEF3;
994 : F549;
995 : 12A5;
996 : 0F12;
997 : 005F;
998 : 1091;
999 : ED07;
1000 : 0351;
1001 : F410;
1002 : F305;
1003 : F7D9;
1004 : 03F9;
1005 : 0282;
1006 : 0C52;
1007 : 04BD;
1008 : F298;
1009 : 033C;
1010 : F7BE;
1011 : 09FD;
1012 : F499;
1013 : EEA8;
1014 : FFA0;
1015 : 06BF;
1016 : F9FE;
1017 : FA7F;
1018 : 073B;
1019 : 12AF;
1020 : EF65;
1021 : FE09;
1022 : FE1A;
1023 : F939;
1024 : 03B5;
1025 : 04AE;
1026 : 045C;
1027 : 02E8;
1028 : F436;
1029 : 0B92;
1030 : 05F4;
1031 : 00AD;
1032 : 094C;
1033 : 0A5A;
1034 : F042;
1035 : 1093;
1036 : 06E2;
1037 : FDB0;
1038 : FFBA;
1039 : F901;
1040 : F15E;
1041 : 0E96;
1042 : F6A0;
1043 : 080C;
1044 : F67E;
1045 : 0FCD;
1046 : 00D9;
1047 : EF3E;
1048 : F794;
1049 : FBF1;
1050 : F75F;
1051 : 0E27;
1052 : F703;
1053 : 0877;
1054 : 05FC;
1055 : 0727;
1056 : 03CF;
1057 : F5EF;
1058 : F70D;
1059 : FBD5;
1060 : F05C;
1061 : F39C;
1062 : F72F;
1063 : 0DCC;
1064 : 0828;
1065 : F8F0;
1066 : 031B;
1067 : 1164;
1068 : FD3A;
1069 : F75F;
1070 : 11DD;
1071 : 079A;
1072 : F0A9;
1073 : 0C08;
1074 : 0D18;
1075 : 0A31;
1076 : 036B;
1077 : 000E;
1078 : 0A98;
1079 : ED30;
1080 : 0882;
1081 : 0635;
1082 : ECAD;
1083 : 0C66;
1084 : ED07;
1085 : 0408;
1086 : EF13;
1087 : FB43;
1088 : F6E1;
1089 : 0BAF;
1090 : 0976;
1091 : 0733;
1092 : 0569;
1093 : FBDF;
1094 : 0583;
1095 : F75C;
1096 : 0BFF;
1097 : 000D;
1098 : 0EFD;
1099 : 0525;
1100 : 0F17;
1101 : F47F;
1102 : FF4B;
1103 : F0AF;
1104 : EED2;
1105 : 12CE;
1106 : F547;
1107 : F272;
1108 : 134B;
1109 : 12CB;
1110 : 12DB;
1111 : FBED;
1112 : 0B92;
1113 : EC8D;
1114 : 0496;
1115 : 0C12;
1116 : F8DD;
1117 : FA9F;
1118 : FDFA;
1119 : 03C2;
1120 : F384;
1121 : F4BC;
1122 : 03C1;
1123 : F6E0;
1124 : ED0C;
1125 : 0FE6;
1126 : 0A2B;
1127 : FF18;
1128 : 12B0;
1129 : FF15;
1130 : 0932;
1131 : F555;
1132 : 0B7C;
1133 : 1118;
1134 : FC25;
1135 : F937;
1136 : 0040;
1137 : 0476;
1138 : 09DD;
1139 : 0C9A;
1140 : F136;
1141 : ECBA;
1142 : 096B;
1143 : FBF6;
1144 : 0D67;
1145 : F85C;
1146 : 0D34;
1147 : 0377;
1148 : 1348;
1149 : F0E1;
1150 : F4D8;
1151 : 0F47;
1152 : 018C;
1153 : F0B7;
1154 : F467;
1155 : FF7D;
1156 : 0693;
1157 : EDE5;
1158 : 07C1;
1159 : FA13;
1160 : FB93;
1161 : 045F;
1162 : 0F95;
1163 : 0BCB;
1164 : FB6E;
1165 : 0035;
1166 : 0F32;
1167 : 03B5;
1168 : F490;
1169 : FB29;
1170 : 00D7;
1171 : 0BE7;
1172 : 054A;
1173 : FC5B;
1174 : FDE0;
1175 : 0607;
1176 : 02AB;
1177 : 0AD3;
1178 : EE09;
1179 : 0906;
1180 : F3B4;
1181 : F72C;
1182 : 0764;
1183 : 0DC2;
1184 : 0989;
1185 : 06FD;
1186 : F75B;
1187 : 0E85;
1188 : FF7F;
1189 : 058D;
1190 : F73D;
1191 : F8F8;
1192 : 11FE;
1193 : 03AD;
1194 : 0D03;
1195 : 1199;
1196 : F0E4;
1197 : F683;
1198 : F582;
1199 : 0852;
1200 : FF92;
1201 : 1174;
1202 : ECAD;
1203 : FE4F;
1204 : 04AD;
1205 : F42A;
1206 : EE26;
1207 : F14E;
1208 : 0FBF;
1209 : 01EB;
1210 : 0060;
1211 : EE2D;
1212 : 0DBF;
1213 : FFF8;
1214 : 0FD6;
1215 : FABB;
1216 : FE02;
1217 : ECC7;
1218 : ECC5;
1219 : F7A4;
1220 : F7A0;
1221 : EDB1;
1222 : 11DE;
1223 : 0DF8;
1224 : ECE1;
1225 : EEC6;
1226 : ED93;
1227 : 0763;
1228 : F434;
1229 : 009E;
1230 : F593;
1231 : 013F;
1232 : FC28;
1233 : F070;
1234 : 0CE7;
1235 : FAE4;
1236 : 062C;
1237 : F4BC;
1238 : 0938;
1239 : FCB7;
1240 : F1A6;
1241 : F2BF;
1242 : 0ADD;
1243 : 0E08;
1244 : FA6E;
1245 : 078F;
1246 : 01C5;
1247 : F860;
1248 : 113E;
1249 : 0593;
1250 : 1294;
1251 : F0BE;
1252 : 09A8;
1253 : 1232;
1254 : 112B;
1255 : 0309;
1256 : 0DC5;
1257 : 0FF8;
1258 : 0837;
1259 : 0FA6;
1260 : 0796;
1261 : FEF0;
1262 : 0913;
1263 : F845;
1264 : 0997;
1265 : 0C0E;
1266 : EDD5;
1267 : 0EDC;
1268 : 12A7;
1269 : F477;
1270 : 0A84;
1271 : 0F3D;
1272 : 06EC;
1273 : 1056;
1274 : F255;
1275 : 0646;
1276 : FF96;
1277 : 0890;
1278 : F84A;
1279 : ECE2;
1280 : 129A;
1281 : 1265;
1282 : 1218;
1283 : 1295;
1284 : F192;
1285 : 11F3;
1286 : FEB3;
1287 : FDE8;
1288 : F490;
1289 : EE8A;
1290 : EE92;
1291 : F709;
1292 : 0C50;
1293 : FE5D;
1294 : 0E03;
1295 : F13F;
1296 : 0267;
1297 : EE79;
1298 : FB7D;
1299 : FEE7;
1300 : 08EB;
1301 : 1056;
1302 : 07AD;
1303 : EF13;
1304 : F745;
1305 : 01C3;
1306 : 1180;
1307 : 0A28;
1308 : FF7D;
1309 : 03F9;
1310 : F9F6;
1311 : FB09;
1312 : EEB3;
1313 : F956;
1314 : EFF0;
1315 : 11CA;
1316 : FE7A;
1317 : 01AF;
1318 : 032C;
1319 : F34B;
1320 : 03C4;
1321 : F47C;
1322 : 067B;
1323 : 057E;
1324 : FDEB;
1325 : 0999;
1326 : FFD1;
1327 : 11FA;
1328 : FFE6;
1329 : FF19;
1330 : FCB6;
1331 : FA2C;
1332 : F1D6;
1333 : 12BD;
1334 : 03FD;
1335 : F1BB;
1336 : 0BCE;
1337 : 063A;
1338 : F3C3;
1339 : F090;
1340 : FC3F;
1341 : FC5F;
1342 : 071E;
1343 : 0F38;
1344 : 0788;
1345 : F866;
1346 : 061C;
1347 : F193;
1348 : 132F;
1349 : FC3A;
1350 : F089;
1351 : F89E;
1352 : 0C86;
1353 : F6E6;
1354 : 04CC;
1355 : F451;
1356 : 000F;
1357 : 01E7;
1358 : F17B;
1359 : ECD4;
1360 : 0C6E;
1361 : F40A;
1362 : 0E51;
1363 : F8F7;
1364 : 02DE;
1365 : 0932;
1366 : F7C5;
1367 : EED1;
1368 : 1280;
1369 : F11A;
1370 : 0FC6;
1371 : FB88;
1372 : 030A;
1373 : 023C;
1374 : F0CC;
1375 : F49B;
1376 : 0DCB;
1377 : 0188;
1378 : 1095;
1379 : 10F2;
1380 : 07C3;
1381 : 1206;
1382 : F0DB;
1383 : 02CC;
1384 : 0EDA;
1385 : 0609;
1386 : 0B5F;
1387 : 040A;
1388 : FDCE;
1389 : F34B;
1390 : 0B03;
1391 : 136F;
1392 : 0C7C;
1393 : 0C28;
1394 : FBB1;
1395 : 0C13;
1396 : 04BF;
1397 : 0290;
1398 : F93F;
1399 : 0F5E;
1400 : FB81;
1401 : 0FFB;
1402 : 077B;
1403 : F476;
1404 : 0AA8;
1405 : 12E7;
1406 : EF9D;
1407 : FECB;
1408 : EE95;
1409 : 0EF2;
1410 : 09BB;
1411 : ECDA;
1412 : F94D;
1413 : 00B1;
1414 : FF09;
1415 : 007A;
1416 : FFF9;
1417 : 07EC;
1418 : 0034;
1419 : F4A6;
1420 : 07CA;
1421 : FEF8;
1422 : F62E;
1423 : 138A;
1424 : 1176;
1425 : 0B6A;
1426 : 0335;
1427 : FAB2;
1428 : 0668;
1429 : F94A;
1430 : FFE2;
1431 : 0D3B;
1432 : F1D3;
1433 : 0CE8;
1434 : F959;
1435 : EFA7;
1436 : F88F;
1437 : FCC4;
1438 : 0906;
1439 : 0FDB;
1440 : 0FF0;
1441 : F874;
1442 : 07D4;
1443 : FD06;
1444 : EE3F;
1445 : 0A88;
1446 : 0D9B;
1447 : 09B9;
1448 : EE48;
1449 : F26F;
1450 : FF79;
1451 : 0F0F;
1452 : F5A6;
1453 : 0072;
1454 : FD3F;
1455 : 0EF1;
1456 : F2E6;
1457 : 0852;
1458 : 0117;
1459 : F144;
1460 : 07A3;
1461 : EF0E;
1462 : F22E;
1463 : FDF2;
1464 : F7ED;
1465 : 0856;
1466 : 06E7;
1467 : FA98;
1468 : 0B89;
1469 : 0B19;
1470 : F7C0;
1471 : 08F7;
1472 : F87D;
1473 : F2E6;
1474 : FE38;
1475 : F662;
1476 : 0E0D;
1477 : 0173;
1478 : 0932;
1479 : 0180;
1480 : F363;
1481 : 0C8B;
1482 : FD31;
1483 : 02AD;
1484 : 052E;
1485 : 090E;
1486 : F99D;
1487 : 069E;
1488 : 0421;
1489 : 1257;
1490 : 0AFD;
1491 : 0619;
1492 : F27E;
1493 : 0766;
1494 : F838;
1495 : FB76;
1496 : ED77;
1497 : 0D92;
1498 : F98E;
1499 : F438;
1500 : F5A9;
1501 : 100F;
1502 : F213;
1503 : 118F;
1504 : FAB2;
1505 : F18D;
1506 : 03FE;
1507 : F4DA;
1508 : F849;
1509 : F221;
1510 : 0E46;
1511 : 043A;
1512 : F39B;
1513 : 00E0;
1514 : FFA6;
1515 : 081F;
1516 : F715;
1517 : EF17;
1518 : 0FB6;
1519 : 0AB1;
1520 : 0B66;
1521 : F4FC;
1522 : 00A8;
1523 : 07B2;
1524 : 0D63;
1525 : F693;
1526 : 0C1F;
1527 : 0F4D;
1528 : F68C;
1529 : 1070;
1530 : EE60;
1531 : 11FC;
1532 : 057A;
1533 : F575;
1534 : FD0F;
1535 : 0040;
1536 : 0CEF;
1537 : F7EB;
1538 : 0E58;
1539 : 107F;
1540 : F439;
1541 : 0039;
1542 : FCF8;
1543 : FD4C;
1544 : 0872;
1545 : ECD9;
1546 : F595;
1547 : FAD8;
1548 : F61E;
1549 : ED9C;
1550 : 0118;
1551 : FACE;
1552 : 02DD;
1553 : 0FDC;
1554 : FF55;
1555 : 078A;
1556 : 0FCF;
1557 : EE48;
1558 : 0C1C;
1559 : F99A;
1560 : ED59;
1561 : EF05;
1562 : ED72;
1563 : 0BC4;
1564 : FE1D;
1565 : 0922;
1566 : EE48;
1567 : 0E28;
1568 : 1032;
1569 : F72C;
1570 : 11DE;
1571 : F395;
1572 : EF56;
1573 : F769;
1574 : EF58;
1575 : 05A8;
1576 : 0FB4;
1577 : 0055;
1578 : F6D0;
1579 : 0159;
1580 : F576;
1581 : 01F1;
1582 : 07D1;
1583 : F22D;
1584 : 06CC;
1585 : FF34;
1586 : F396;
1587 : F929;
1588 : FB9D;
1589 : EF76;
1590 : 07F5;
1591 : 12CF;
1592 : 0C88;
1593 : F99C;
1594 : EF11;
1595 : F86D;
1596 : 1091;
1597 : F32A;
1598 : 08E8;
1599 : F6FD;
1600 : FF44;
1601 : 1360;
1602 : 0506;
1603 : 037B;
1604 : F989;
1605 : F164;
1606 : 0C23;
1607 : FF62;
1608 : FA83;
1609 : F67F;
1610 : FCD0;
1611 : 098A;
1612 : 07FE;
1613 : 11FE;
1614 : 0808;
1615 : 0B9E;
1616 : FA73;
1617 : 00BB;
1618 : 0869;
1619 : 0CD4;
1620 : 034D;
1621 : ECC9;
1622 : EDC0;
1623 : 0B07;
1624 : FE25;
1625 : 08C3;
1626 : 0B8A;
1627 : EFF8;
1628 : FEB6;
1629 : F780;
1630 : 06EB;
1631 : EE03;
1632 : 035D;
1633 : 04D7;
1634 : EDE0;
1635 : F1B7;
1636 : 0CF9;
1637 : 0F03;
1638 : 06B5;
1639 : 11C3;
1640 : 10D5;
1641 : F383;
1642 : F64E;
1643 : EF99;
1644 : 0AFB;
1645 : FFD0;
1646 : F43D;
1647 : 0864;
1648 : FB50;
1649 : 0CD8;
1650 : 0EE2;
1651 : FBC5;
1652 : EF31;
1653 : FC90;
1654 : 09F3;
1655 : 0F30;
1656 : 0EF7;
1657 : 0996;
1658 : F8FD;
1659 : FF3F;
1660 : 0653;
1661 : 0B1A;
1662 : F630;
1663 : 01BA;
1664 : 0989;
1665 : EDBC;
1666 : F6D0;
1667 : F68B;
1668 : F961;
1669 : 0D8F;
1670 : F655;
1671 : EE34;
1672 : FE08;
1673 : 09A5;
1674 : 116A;
1675 : 0CC8;
1676 : 089A;
1677 : 0939;
1678 : FB30;
1679 : 083C;
1680 : 001E;
1681 : F8FC;
1682 : 0219;
1683 : 0478;
1684 : ED29;
1685 : FDB2;
1686 : F893;
1687 : EE48;
1688 : 0DC2;
1689 : FBD4;
1690 : F7A3;
1691 : F643;
1692 : F0A2;
1693 : 0AAD;
1694 : F69F;
1695 : 0A0A;
1696 : 0D5D;
1697 : F985;
1698 : F40B;
1699 : 0987;
1700 : 0C56;
1701 : F8F4;
1702 : 07AB;
1703 : F63F;
1704 : 0AB5;
1705 : FFF9;
1706 : 10D7;
1707 : FCBC;
1708 : 0660;
1709 : F81E;
1710 : F8E2;
1711 : FFE7;
1712 : F9D9;
1713 : EF51;
1714 : 0A9F;
1715 : FD64;
1716 : 0234;
1717 : FD17;
1718 : 0250;
1719 : 0EC7;
1720 : 05B4;
1721 : 05B1;
1722 : 0A0D;
1723 : 0D23;
1724 : 07E9;
1725 : 0C97;
1726 : 0AD3;
1727 : EEA4;
1728 : 10B7;
1729 : 0D88;
1730 : 0CAA;
1731 : 00B0;
1732 : FC60;
1733 : 0EFB;
1734 : 0449;
1735 : 078A;
1736 : FC0F;
1737 : EE12;
1738 : F323;
1739 : 1276;
1740 : FA99;
1741 : 0992;
1742 : ECBE;
1743 : 06B6;
1744 : F236;
1745 : F389;
1746 : FA9E;
1747 : FDDE;
1748 : 0CFD;
1749 : EDA3;
1750 : 054C;
1751 : EF30;
1752 : F504;
1753 : F72E;
1754 : F1BE;
1755 : FCCA;
1756 : FBD0;
1757 : F18B;
1758 : 0048;
1759 : F121;
1760 : 05AC;
1761 : F976;
1762 : 0231;
1763 : 0E5A;
1764 : 0ECC;
1765 : F269;
1766 : F69C;
1767 : 0933;
1768 : F8CA;
1769 : 0F57;
1770 : F53F;
1771 : 003C;
1772 : F09A;
1773 : EFD7;
1774 : F31F;
1775 : 101E;
1776 : FDF2;
1777 : FD14;
1778 : F491;
1779 : F5A6;
1780 : 09E7;
1781 : ECDA;
1782 : 046F;
1783 : 00A2;
1784 : F263;
1785 : 131C;
1786 : 0E40;
1787 : EE1C;
1788 : EFE0;
1789 : 07AE;
1790 : F2A4;
1791 : F0A3;
1792 : FD85;
1793 : F1AA;
1794 : 0CFC;
1795 : EE07;
1796 : F7EF;
1797 : F3B1;
1798 : 0554;
1799 : 0329;
1800 : F8A1;
1801 : 1384;
1802 : 065B;
1803 : 06DE;
1804 : F4E3;
1805 : FCE4;
1806 : FE69;
1807 : FB3D;
1808 : F1E4;
1809 : 0936;
1810 : F965;
1811 : 0282;
1812 : F53C;
1813 : 0277;
1814 : 12EF;
1815 : F7AF;
1816 : FBB8;
1817 : 0DB5;
1818 : 06E9;
1819 : 126D;
1820 : 093A;
1821 : EEF0;
1822 : 0F98;
1823 : 0387;
1824 : FBAE;
1825 : F75B;
1826 : 1094;
1827 : 0643;
1828 : F65D;
1829 : ECB0;
1830 : 09F9;
1831 : 12AF;
1832 : 0A40;
1833 : ECF5;
1834 : 074B;
1835 : FC64;
1836 : 0A9E;
1837 : F02A;
1838 : 0BBA;
1839 : 0A2F;
1840 : FC3C;
1841 : 0170;
1842 : FC8F;
1843 : EE4D;
1844 : 1122;
1845 : 02BF;
1846 : 0CEE;
1847 : F857;
1848 : FC8A;
1849 : FA13;
1850 : 0A53;
1851 : F46B;
1852 : ED01;
1853 : F028;
1854 : 0F50;
1855 : ED59;
1856 : FB95;
1857 : FD4A;
1858 : FEFE;
1859 : F1E2;
1860 : F5E9;
1861 : 0B5A;
1862 : 0FFE;
1863 : 0163;
1864 : FF4B;
1865 : 0B55;
1866 : F0E7;
1867 : 0CD8;
1868 : 0FE6;
1869 : 09D9;
1870 : FDA2;
1871 : 0DC2;
1872 : FC5F;
1873 : FE12;
1874 : 0CE7;
1875 : F78A;
1876 : 0E1C;
1877 : FA29;
1878 : FA3E;
1879 : 12F7;
1880 : 0833;
1881 : F53F;
1882 : FEB1;
1883 : 03BC;
1884 : F581;
1885 : FBF7;
1886 : FD3D;
1887 : 1351;
1888 : 0EC7;
1889 : 0B43;
1890 : FD85;
1891 : F538;
1892 : 10AD;
1893 : 0F1B;
1894 : F181;
1895 : 0545;
1896 : 0619;
1897 : 0B21;
1898 : 0D5F;
1899 : 0A55;
1900 : 126B;
1901 : EE5F;
1902 : F3CF;
1903 : ED02;
1904 : F195;
1905 : 0ADC;
1906 : 0919;
1907 : 10AB;
1908 : 0815;
1909 : 00BF;
1910 : EE37;
1911 : 128A;
1912 : F6B3;
1913 : FCDC;
1914 : 12BD;
1915 : F7D2;
1916 : 0BCB;
1917 : F32C;
1918 : FDD9;
1919 : 0EFF;
1920 : F345;
1921 : 051E;
1922 : F53E;
1923 : 0AEE;
1924 : F4DC;
1925 : 00C0;
1926 : FF49;
1927 : EFE0;
1928 : 102B;
1929 : F59D;
1930 : FC89;
1931 : FA99;
1932 : EE9F;
1933 : EC77;
1934 : FE96;
1935 : 0181;
1936 : 0FE3;
1937 : F708;
1938 : 011A;
1939 : FF05;
1940 : FC6C;
1941 : 128F;
1942 : 0E87;
1943 : ECC7;
1944 : F8B4;
1945 : F234;
1946 : F1BE;
1947 : F44A;
1948 : F89E;
1949 : F361;
1950 : FB68;
1951 : 051E;
1952 : F996;
1953 : 137C;
1954 : 07C0;
1955 : 1325;
1956 : 11FF;
1957 : ED2A;
1958 : 0B8F;
1959 : 0640;
1960 : 1320;
1961 : 097E;
1962 : F442;
1963 : F3B0;
1964 : F11B;
1965 : F4FE;
1966 : FEA6;
1967 : EEA3;
1968 : EF3C;
1969 : F943;
1970 : 0EB0;
1971 : 120C;
1972 : F7F4;
1973 : F715;
1974 : 11E2;
1975 : 0892;
1976 : F446;
1977 : 0BF4;
1978 : F6A0;
1979 : 00A9;
1980 : F048;
1981 : 038B;
1982 : EF3C;
1983 : 0809;
1984 : F99B;
1985 : 0365;
1986 : 06B7;
1987 : FA9A;
1988 : 118D;
1989 : 134D;
1990 : 0C79;
1991 : 0495;
1992 : 1338;
1993 : F967;
1994 : F668;
1995 : F3B3;
1996 : 030A;
1997 : 00EA;
1998 : F279;
1999 : F82E;
2000 : 12A0;
2001 : 0D02;
2002 : F20A;
2003 : 11A3;
2004 : EE1F;
2005 : EDBB;
2006 : 03C6;
2007 : 0DBD;
2008 : F4E3;
2009 : 0C99;
2010 : FAAB;
2011 : 08E4;
2012 : FF63;
2013 : F932;
2014 : 0BE8;
2015 : FC36;
2016 : 0F86;
2017 : EC8C;
2018 : 077C;
2019 : EF28;
2020 : F6F2;
2021 : 0897;
2022 : F394;
2023 : FD97;
2024 : 1323;
2025 : FFC0;
2026 : 134C;
2027 : EE88;
2028 : 03C8;
2029 : F9E3;
2030 : 0ED5;
2031 : 112C;
2032 : F714;
2033 : F373;
2034 : F38F;
2035 : F0CF;
2036 : 0BA4;
2037 : 0509;
2038 : F093;
2039 : F470;
2040 : 09DC;
2041 : FA18;
2042 : F3F9;
2043 : 02D4;
2044 : FA32;
2045 : 10F0;
2046 : 0560;
2047 : F78E;
2048 : FB40;
2049 : 0AA7;
2050 : 06CB;
2051 : 0927;
2052 : 094E;
2053 : 11A7;
2054 : 01CC;
2055 : FA7D;
2056 : FFB5;
2057 : 0EED;
2058 : FEDD;
2059 : 0612;
2060 : EEBB;
2061 : 11E4;
2062 : FC4F;
2063 : F15A;
2064 : 0688;
2065 : 07EB;
2066 : FA70;
2067 : 013A;
2068 : 08C5;
2069 : 0F13;
2070 : FE93;
2071 : FF7C;
2072 : EC74;
2073 : FBF0;
2074 : 0A5E;
2075 : F189;
2076 : 0C13;
2077 : 034D;
2078 : F051;
2079 : 0CF6;
2080 : F39A;
2081 : 0B30;
2082 : FBF9;
2083 : FE6F;
2084 : FB6D;
2085 : F699;
2086 : F355;
2087 : FE3C;
2088 : F838;
2089 : 0786;
2090 : F08F;
2091 : F8B5;
2092 : F96F;
2093 : FBA9;
2094 : EF29;
2095 : 088D;
2096 : F9BF;
2097 : F9FA;
2098 : 03EB;
2099 : 0EF5;
2100 : F969;
2101 : 00C2;
2102 : F42D;
2103 : 03C4;
2104 : F9D9;
2105 : 12DA;
2106 : 138F;
2107 : 0234;
2108 : 0554;
2109 : F9DA;
2110 : 0D72;
2111 : 067C;
2112 : 0B36;
2113 : 0824;
2114 : 0C12;
2115 : 0C77;
2116 : 06E1;
2117 : EDE5;
2118 : 05CD;
2119 : 1105;
2120 : F39B;
2121 : FABF;
2122 : 04B6;
2123 : F858;
2124 : EFC4;
2125 : FC9E;
2126 : 08BF;
2127 : F2C9;
2128 : FCD7;
2129 : 0079;
2130 : FEC5;
2131 : 07B4;
2132 : 0615;
2133 : EF09;
2134 : 1346;
2135 : F7F1;
2136 : 0698;
2137 : 0A3B;
2138 : EFD6;
2139 : 03AD;
2140 : 0576;
2141 : 1001;
2142 : FACB;
2143 : EFF4;
2144 : 027D;
2145 : 034F;
2146 : 100B;
2147 : ECC4;
2148 : FA3A;
2149 : FAE4;
2150 : FD6F;
2151 : FB37;
2152 : F64D;
2153 : 04A0;
2154 : FE51;
2155 : F329;
2156 : FDF7;
2157 : FA29;
2158 : FBCF;
2159 : 0FE8;
2160 : F8C3;
2161 : F61D;
2162 : 100F;
2163 : 107F;
2164 : FD7A;
2165 : 1084;
2166 : 0400;
2167 : 080D;
2168 : 0756;
2169 : 0CFA;
2170 : F3E5;
2171 : F190;
2172 : 0D28;
2173 : 0DF5;
2174 : 0AE0;
2175 : F543;
2176 : F44F;
2177 : 0968;
2178 : FB6C;
2179 : FC2A;
2180 : F2B1;
2181 : EB1E;
2182 : F6B0;
2183 : F7BE;
2184 : EE15;
2185 : 10F5;
2186 : 040D;
2187 : 11B6;
2188 : FB78;
2189 : FC2B;
2190 : 0C20;
2191 : FFFF;
2192 : F8DD;
2193 : 0133;
2194 : F3ED;
2195 : 1298;
2196 : F684;
2197 : F59D;
2198 : EBCC;
2199 : 117D;
2200 : EF52;
2201 : 1105;
2202 : 0727;
2203 : EE2F;
2204 : 0008;
2205 : 0B01;
2206 : F36F;
2207 : FB95;
2208 : 0F65;
2209 : 010F;
2210 : 094D;
2211 : FD4F;
2212 : 0863;
2213 : 0AAC;
2214 : 0F27;
2215 : 06EF;
2216 : FBC5;
2217 : F365;
2218 : 09B2;
2219 : 02DF;
2220 : FDF6;
2221 : 0A0D;
2222 : F90E;
2223 : F2F6;
2224 : FEDD;
2225 : 0A46;
2226 : FFFE;
2227 : F44E;
2228 : FEBC;
2229 : FC80;
2230 : FF4A;
2231 : F9F1;
2232 : 08AD;
2233 : F649;
2234 : EF8A;
2235 : FC53;
2236 : 0DCA;
2237 : F60C;
2238 : FD1D;
2239 : 0A8A;
2240 : 0C06;
2241 : 141D;
2242 : F702;
2243 : 0865;
2244 : 05AE;
2245 : F70A;
2246 : F9EA;
2247 : F884;
2248 : 0BC0;
2249 : F30C;
2250 : EEA4;
2251 : 10E7;
2252 : EE31;
2253 : EFE2;
2254 : F353;
2255 : 1229;
2256 : 0DAE;
2257 : 1188;
2258 : 072A;
2259 : F47D;
2260 : 0834;
2261 : 0CE2;
2262 : 0C0F;
2263 : 0B5E;
2264 : 13D7;
2265 : F56C;
2266 : FB41;
2267 : ECF0;
2268 : F2D3;
2269 : F300;
2270 : 0A21;
2271 : 011E;
2272 : F976;
2273 : 1420;
2274 : F858;
2275 : F232;
2276 : 0196;
2277 : FBBF;
2278 : FF1B;
2279 : F236;
2280 : 0D53;
2281 : 1185;
2282 : 1590;
2283 : 1449;
2284 : FF29;
2285 : F7A0;
2286 : EB4D;
2287 : 0068;
2288 : 067E;
2289 : 0458;
2290 : F724;
2291 : F113;
2292 : F485;
2293 : EF18;
2294 : F91B;
2295 : 014C;
2296 : FDA3;
2297 : F471;
2298 : 043E;
2299 : 0803;
2300 : F73E;
2301 : 042F;
2302 : 0706;
2303 : EF8E;
2304 : ED67;
2305 : F39E;
2306 : 0E45;
2307 : F522;
2308 : F6A2;
2309 : F969;
2310 : FF13;
2311 : 0A28;
2312 : EF9E;
2313 : FEDB;
2314 : F3F7;
2315 : 051F;
2316 : F479;
2317 : FB94;
2318 : FFF4;
2319 : F962;
2320 : 158C;
2321 : 0613;
2322 : F420;
2323 : F87E;
2324 : 0668;
2325 : 07E3;
2326 : FFED;
2327 : 0881;
2328 : FF29;
2329 : FF83;
2330 : 0312;
2331 : F025;
2332 : FD55;
2333 : 073F;
2334 : 02A2;
2335 : F050;
2336 : FF66;
2337 : F5E6;
2338 : 1557;
2339 : EDBD;
2340 : 101B;
2341 : ED78;
2342 : F05A;
2343 : 09E9;
2344 : F97D;
2345 : F7BF;
2346 : 0D04;
2347 : EEAE;
2348 : 14E8;
2349 : FA7C;
2350 : 07E3;
2351 : 04AD;
2352 : 064E;
2353 : FAD6;
2354 : 01D3;
2355 : FB03;
2356 : EC8D;
2357 : 0F0A;
2358 : EF61;
2359 : 0077;
2360 : F758;
2361 : F759;
2362 : FF71;
2363 : 07CF;
2364 : FA11;
2365 : FA46;
2366 : 0B05;
2367 : F230;
2368 : 0959;
2369 : FAE8;
2370 : 078F;
2371 : F08D;
2372 : FC31;
2373 : 0CC7;
2374 : 111F;
2375 : 1210;
2376 : 049A;
2377 : 03F5;
2378 : 0F4E;
2379 : F6F7;
2380 : 0030;
2381 : FB7B;
2382 : 038B;
2383 : F462;
2384 : F84E;
2385 : EEC0;
2386 : 0242;
2387 : EDCA;
2388 : 03A4;
2389 : F83E;
2390 : F801;
2391 : F9E9;
2392 : F809;
2393 : 0736;
2394 : F82F;
2395 : 00C5;
2396 : 0EC4;
2397 : F5F6;
2398 : 0E8A;
2399 : F5B4;
2400 : 1040;
2401 : F948;
2402 : F5CF;
2403 : 0598;
2404 : 095E;
2405 : FB0B;
2406 : EF2E;
2407 : 02B1;
2408 : 10B7;
2409 : 0723;
2410 : 1011;
2411 : F91D;
2412 : 15A5;
2413 : FF2A;
2414 : EE67;
2415 : F884;
2416 : 101B;
2417 : EE54;
2418 : 0EA1;
2419 : FB27;
2420 : 06F6;
2421 : 09D0;
2422 : EE3E;
2423 : 030F;
2424 : 0E04;
2425 : F802;
2426 : 0F64;
2427 : F2E1;
2428 : 127F;
2429 : FD74;
2430 : 0E8D;
2431 : 064E;
2432 : F005;
2433 : 0A6A;
2434 : F1DB;
2435 : 0A50;
2436 : 0CE8;
2437 : F928;
2438 : 09A4;
2439 : F14F;
2440 : EF0D;
2441 : F176;
2442 : F14C;
2443 : F9CD;
2444 : F9E3;
2445 : FC03;
2446 : 0D99;
2447 : 00E5;
2448 : 1097;
2449 : F401;
2450 : 07CE;
2451 : 045B;
2452 : 025F;
2453 : F6F9;
2454 : F821;
2455 : F469;
2456 : 14AB;
2457 : F17F;
2458 : F6D2;
2459 : EFEA;
2460 : EF43;
2461 : 1084;
2462 : 0477;
2463 : 0815;
2464 : FC4D;
2465 : 0578;
2466 : F664;
2467 : E9C0;
2468 : EE40;
2469 : 11F6;
2470 : 038D;
2471 : 0F6E;
2472 : 06FD;
2473 : 0BC4;
2474 : 07CA;
2475 : 07F7;
2476 : 125A;
2477 : FDBD;
2478 : ED5E;
2479 : 0AB3;
2480 : FC7E;
2481 : 05A4;
2482 : FD47;
2483 : 0AB2;
2484 : EF71;
2485 : 079C;
2486 : ED9B;
2487 : 1389;
2488 : F97A;
2489 : EF0B;
2490 : 09B2;
2491 : 0809;
2492 : F0EB;
2493 : 0A07;
2494 : 11B5;
2495 : F822;
2496 : 09F6;
2497 : 0EDB;
2498 : 1104;
2499 : 0185;
2500 : F5FE;
2501 : 0DEB;
2502 : 151D;
2503 : 0730;
2504 : 0C2B;
2505 : F551;
2506 : FAFC;
2507 : 00D4;
2508 : 05CD;
2509 : 155F;
2510 : 0BBB;
2511 : 0895;
2512 : 02B0;
2513 : FE71;
2514 : 000F;
2515 : 07C6;
2516 : F8DF;
2517 : 01B7;
2518 : 0D21;
2519 : EBDA;
2520 : 0BA2;
2521 : EE74;
2522 : EF92;
2523 : E899;
2524 : EF2A;
2525 : 0A4C;
2526 : EF79;
2527 : 06EE;
2528 : FEE2;
2529 : F1BB;
2530 : F309;
2531 : 0DF3;
2532 : 11CD;
2533 : F136;
2534 : F18A;
2535 : 0A3F;
2536 : F99B;
2537 : FA05;
2538 : 0010;
2539 : 12F3;
2540 : 1AF4;
2541 : 0EB6;
2542 : EBDE;
2543 : 0A56;
2544 : 04FA;
2545 : 04EB;
2546 : F323;
2547 : 0D49;
2548 : 0E89;
2549 : FE58;
2550 : FE19;
2551 : ED4F;
2552 : F332;
2553 : F6FD;
2554 : 0AC2;
2555 : 111B;
2556 : FC5C;
2557 : F231;
2558 : EF3B;
2559 : 104E;
2560 : F312;
2561 : 0E8A;
2562 : F612;
2563 : EF99;
2564 : 00AF;
2565 : EB24;
2566 : 0514;
2567 : 0031;
2568 : 0291;
2569 : 0384;
2570 : 1191;
2571 : 01B1;
2572 : 05C0;
2573 : FD7A;
2574 : 0F81;
2575 : 0C78;
2576 : 10EE;
2577 : F70D;
2578 : EFEE;
2579 : F237;
2580 : F78A;
2581 : FCFB;
2582 : EE8D;
2583 : 063D;
2584 : F777;
2585 : 0E67;
2586 : 0382;
2587 : 03BA;
2588 : F1E8;
2589 : EFFB;
2590 : 0F51;
2591 : 04F4;
2592 : F58F;
2593 : F990;
2594 : FA2C;
2595 : F907;
2596 : 0C0F;
2597 : 0544;
2598 : EFCA;
2599 : 1230;
2600 : 04B5;
2601 : 1263;
2602 : F97E;
2603 : 0801;
2604 : 0795;
2605 : 0A80;
2606 : FE89;
2607 : 03C1;
2608 : 04ED;
2609 : 0129;
2610 : 1211;
2611 : E986;
2612 : F0B1;
2613 : F263;
2614 : 0859;
2615 : 09F1;
2616 : FA0C;
2617 : F686;
2618 : F58C;
2619 : 0290;
2620 : F9CB;
2621 : 0564;
2622 : 0971;
2623 : 1036;
2624 : EC95;
2625 : F548;
2626 : F769;
2627 : F012;
2628 : F261;
2629 : 0E4B;
2630 : 0CDD;
2631 : 0A35;
2632 : 0AAE;
2633 : F0BF;
2634 : FDD5;
2635 : F4DB;
2636 : 04D9;
2637 : 0746;
2638 : 0F77;
2639 : F005;
2640 : 079E;
2641 : EBAE;
2642 : 0D07;
2643 : 0523;
2644 : F6EA;
2645 : FC98;
2646 : F9EC;
2647 : 07C9;
2648 : 084C;
2649 : EDED;
2650 : 0D7D;
2651 : ED74;
2652 : FFDD;
2653 : 111C;
2654 : 12C7;
2655 : EC9B;
2656 : 0634;
2657 : 0CEC;
2658 : FBB3;
2659 : F30F;
2660 : F1B4;
2661 : F79E;
2662 : 1005;
2663 : FDDD;
2664 : 0B49;
2665 : 0BDD;
2666 : 17ED;
2667 : 1723;
2668 : 1A4B;
2669 : F767;
2670 : 0069;
2671 : 0B79;
2672 : 026C;
2673 : F1D8;
2674 : FFE1;
2675 : FF45;
2676 : EE8A;
2677 : F5A6;
2678 : ECED;
2679 : F619;
2680 : F062;
2681 : 0FF5;
2682 : F181;
2683 : 1247;
2684 : F9A4;
2685 : 0D87;
2686 : EF1E;
2687 : 012F;
2688 : 0D23;
2689 : F5C6;
2690 : 10D9;
2691 : F934;
2692 : ED30;
2693 : FCB6;
2694 : 103B;
2695 : 0445;
2696 : 0FF0;
2697 : 0A79;
2698 : 123E;
2699 : F91A;
2700 : 1261;
2701 : EE52;
2702 : 04C0;
2703 : F623;
2704 : F971;
2705 : 0FF5;
2706 : EE50;
2707 : F787;
2708 : 0C5C;
2709 : 0927;
2710 : FA6B;
2711 : 0199;
2712 : EB16;
2713 : F0BD;
2714 : 11F3;
2715 : 127E;
2716 : 0CF9;
2717 : FB45;
2718 : F1AB;
2719 : FA79;
2720 : 1074;
2721 : F5E3;
2722 : FBA7;
2723 : FE63;
2724 : 05AF;
2725 : 0D03;
2726 : 0B14;
2727 : F2AC;
2728 : FAAA;
2729 : 11DF;
2730 : F879;
2731 : 116D;
2732 : ECED;
2733 : 0190;
2734 : F37A;
2735 : 0D48;
2736 : FD6D;
2737 : F4EC;
2738 : 0016;
2739 : 0695;
2740 : 0D7C;
2741 : 04E1;
2742 : 11BB;
2743 : 10A3;
2744 : FE2C;
2745 : F837;
2746 : 0142;
2747 : 0600;
2748 : F687;
2749 : 14E4;
2750 : FD44;
2751 : FE3E;
2752 : 0AFA;
2753 : F0FC;
2754 : 0944;
2755 : F72B;
2756 : EE10;
2757 : 0A87;
2758 : 14FD;
2759 : F8AA;
2760 : 054D;
2761 : 0D14;
2762 : EADF;
2763 : 03B4;
2764 : 0BFB;
2765 : F225;
2766 : 08DB;
2767 : FFC8;
2768 : 0372;
2769 : EEF8;
2770 : FB2C;
2771 : F6DB;
2772 : 0936;
2773 : 0614;
2774 : F4CF;
2775 : F89A;
2776 : EFDF;
2777 : F208;
2778 : 0CD2;
2779 : 0CC6;
2780 : 0B43;
2781 : 0A9C;
2782 : F1D3;
2783 : 05A9;
2784 : FBED;
2785 : 0B69;
2786 : 0146;
2787 : EABD;
2788 : F7B1;
2789 : F1D0;
2790 : 0426;
2791 : F445;
2792 : 1197;
2793 : 0505;
2794 : 1088;
2795 : 0C11;
2796 : F964;
2797 : 13E0;
2798 : EC2D;
2799 : 053C;
2800 : F21A;
2801 : FBC1;
2802 : 1445;
2803 : 028D;
2804 : 0FDE;
2805 : FD09;
2806 : FA81;
2807 : 0E04;
2808 : ECD3;
2809 : F3D2;
2810 : 0FC1;
2811 : F022;
2812 : F261;
2813 : F521;
2814 : F2C6;
2815 : FBD5;
2816 : E9A9;
2817 : F796;
2818 : 012C;
2819 : 03A0;
2820 : EE30;
2821 : EAB3;
2822 : FE2B;
2823 : FA5A;
2824 : 017C;
2825 : 099A;
2826 : F729;
2827 : F912;
2828 : FF19;
2829 : 0B3B;
2830 : 0B54;
2831 : EDFE;
2832 : F755;
2833 : 0A2C;
2834 : F4BB;
2835 : EF24;
2836 : FB1D;
2837 : 026E;
2838 : F9B4;
2839 : FE0D;
2840 : F46C;
2841 : FEDC;
2842 : 06FD;
2843 : ED79;
2844 : F0C4;
2845 : 14D3;
2846 : 0468;
2847 : F8C3;
2848 : F39E;
2849 : F034;
2850 : F740;
2851 : 0AC3;
2852 : 08AD;
2853 : 0492;
2854 : 0524;
2855 : 127D;
2856 : 0AD6;
2857 : F19B;
2858 : 0115;
2859 : EEBF;
2860 : 063B;
2861 : F4BE;
2862 : E644;
2863 : F017;
2864 : 05B9;
2865 : FBC1;
2866 : 0428;
2867 : EBCB;
2868 : 071B;
2869 : FCA9;
2870 : 1044;
2871 : F585;
2872 : 0DE8;
2873 : F272;
2874 : F46E;
2875 : F3B6;
2876 : EC10;
2877 : F248;
2878 : 03D3;
2879 : F917;
2880 : 0CE9;
2881 : 08A9;
2882 : 083A;
2883 : 05F6;
2884 : F383;
2885 : 0246;
2886 : 0C1A;
2887 : 0241;
2888 : 08E7;
2889 : F50E;
2890 : FC58;
2891 : FE9E;
2892 : F98B;
2893 : 0FBC;
2894 : 0AAD;
2895 : 09CC;
2896 : 0C34;
2897 : 09EF;
2898 : FAE0;
2899 : 09A9;
2900 : 0427;
2901 : 0497;
2902 : 071E;
2903 : 0099;
2904 : FC1A;
2905 : F371;
2906 : 0736;
2907 : EFA5;
2908 : 13E5;
2909 : 0626;
2910 : F9A5;
2911 : EBDE;
2912 : F501;
2913 : 067A;
2914 : 03EB;
2915 : FA59;
2916 : F144;
2917 : ED9A;
2918 : 0541;
2919 : 166B;
2920 : F8B5;
2921 : 0450;
2922 : 1219;
2923 : 05E1;
2924 : FB17;
2925 : 0003;
2926 : 0F3B;
2927 : 06BC;
2928 : 0E21;
2929 : 076A;
2930 : F726;
2931 : 0CEA;
2932 : 0269;
2933 : 110B;
2934 : FECB;
2935 : 0FA5;
2936 : F045;
2937 : EC66;
2938 : F96B;
2939 : 0947;
2940 : F1EE;
2941 : FD59;
2942 : F782;
2943 : FDC0;
2944 : 0A84;
2945 : 1031;
2946 : EC99;
2947 : 0C66;
2948 : 11B5;
2949 : F5DC;
2950 : 0605;
2951 : 0B29;
2952 : EFDC;
2953 : EEBA;
2954 : FBC6;
2955 : 03A4;
2956 : 0189;
2957 : F36C;
2958 : F7FB;
2959 : ED6A;
2960 : FC23;
2961 : FB60;
2962 : 044F;
2963 : 0E36;
2964 : 0597;
2965 : E9FF;
2966 : F2C8;
2967 : FD97;
2968 : F6D2;
2969 : 0DC5;
2970 : F89B;
2971 : 0287;
2972 : F311;
2973 : 06E0;
2974 : 0C20;
2975 : F017;
2976 : 0CDC;
2977 : 0F83;
2978 : 022A;
2979 : F4A8;
2980 : 0960;
2981 : 0F53;
2982 : F37F;
2983 : FC31;
2984 : 002D;
2985 : FDCD;
2986 : 07C6;
2987 : 0182;
2988 : 1698;
2989 : F900;
2990 : F4CA;
2991 : 0AAD;
2992 : 0EBE;
2993 : FC42;
2994 : 01BB;
2995 : 0E40;
2996 : 048D;
2997 : F081;
2998 : 0921;
2999 : F301;
3000 : 0CEE;
3001 : 10AB;
3002 : FE14;
3003 : FE6E;
3004 : 039E;
3005 : 01F0;
3006 : 0364;
3007 : 0E6F;
3008 : 1169;
3009 : FC6A;
3010 : ED52;
3011 : 114D;
3012 : 02D1;
3013 : FDC0;
3014 : 03B8;
3015 : F740;
3016 : 0BC2;
3017 : 112C;
3018 : 0C54;
3019 : 01CC;
3020 : 0630;
3021 : 1070;
3022 : 0F4F;
3023 : 049E;
3024 : 0B06;
3025 : F45F;
3026 : 0371;
3027 : F3F6;
3028 : 04AD;
3029 : 0DCC;
3030 : FEDC;
3031 : F7E4;
3032 : 0D79;
3033 : F5DB;
3034 : F855;
3035 : F161;
3036 : 0677;
3037 : 0FC3;
3038 : FA3F;
3039 : FBAE;
3040 : FE79;
3041 : F043;
3042 : 0148;
3043 : FA25;
3044 : FB20;
3045 : 010E;
3046 : F66D;
3047 : F9BC;
3048 : 0A6D;
3049 : F631;
3050 : FA1B;
3051 : EE0E;
3052 : 020E;
3053 : 056A;
3054 : ED2F;
3055 : FDE4;
3056 : 04E0;
3057 : FE1F;
3058 : 05E4;
3059 : 05E5;
3060 : 0980;
3061 : 0114;
3062 : 0251;
3063 : 0CCA;
3064 : 042D;
3065 : 0148;
3066 : 0843;
3067 : FDF7;
3068 : F0FA;
3069 : F351;
3070 : EEAF;
3071 : 0ED8;
3072 : EC7D;
3073 : 03A2;
3074 : 0B8E;
3075 : 0FE6;
3076 : 103D;
3077 : EDD8;
3078 : EF4B;
3079 : 06B2;
3080 : F0D7;
3081 : FD20;
3082 : 1020;
3083 : 0F1C;
3084 : 0F57;
3085 : 0D2D;
3086 : EF51;
3087 : F231;
3088 : FCA7;
3089 : 01DE;
3090 : EDEB;
3091 : 09F7;
3092 : F024;
3093 : F543;
3094 : F94C;
3095 : EE5C;
3096 : EDD2;
3097 : F984;
3098 : F616;
3099 : EA96;
3100 : 0B00;
3101 : 07A6;
3102 : F3F4;
3103 : F3DB;
3104 : FEBE;
3105 : 0484;
3106 : 07F1;
3107 : ED2D;
3108 : FF2D;
3109 : F4A5;
3110 : EF74;
3111 : 0F4A;
3112 : 0724;
3113 : 0020;
3114 : FF64;
3115 : F02B;
3116 : 0C22;
3117 : 0694;
3118 : 0369;
3119 : 0B9C;
3120 : F1DF;
3121 : FF5C;
3122 : F52A;
3123 : F749;
3124 : 052C;
3125 : FBE2;
3126 : 08B3;
3127 : F7F1;
3128 : 0F5C;
3129 : 11C6;
3130 : ED7C;
3131 : 0D76;
3132 : FF8D;
3133 : 007F;
3134 : 0830;
3135 : 043D;
3136 : F8FA;
3137 : 0D7A;
3138 : 05C1;
3139 : 0AEF;
3140 : FE94;
3141 : 0887;
3142 : 045B;
3143 : EF47;
3144 : FE20;
3145 : 0D8C;
3146 : ED6B;
3147 : EE3D;
3148 : EE62;
3149 : 153F;
3150 : F790;
3151 : F648;
3152 : FB47;
3153 : 0FA2;
3154 : F99E;
3155 : EE35;
3156 : 07F3;
3157 : 09BA;
3158 : F8C8;
3159 : 079A;
3160 : F821;
3161 : 04B3;
3162 : 0979;
3163 : F031;
3164 : EFA4;
3165 : F3D9;
3166 : F9F8;
3167 : 04E9;
3168 : FAE5;
3169 : 091A;
3170 : FD50;
3171 : F764;
3172 : 0EE8;
3173 : 10B6;
3174 : FA3F;
3175 : 10F1;
3176 : 11DC;
3177 : 0D4C;
3178 : 0906;
3179 : FDE2;
3180 : 0659;
3181 : 03DA;
3182 : F463;
3183 : 0E8A;
3184 : 09B6;
3185 : 0AB2;
3186 : 02B4;
3187 : 00E9;
3188 : 0198;
3189 : FE4E;
3190 : 0F2C;
3191 : 0E2D;
3192 : FA25;
3193 : 050E;
3194 : 054F;
3195 : EAAA;
3196 : 0ABB;
3197 : F319;
3198 : 09BF;
3199 : 0F7A;
3200 : 0EC3;
3201 : F5EF;
3202 : EFE1;
3203 : F96F;
3204 : 0C30;
3205 : FC7D;
3206 : 08F6;
3207 : 06A5;
3208 : F6B9;
3209 : F2D2;
3210 : FFC4;
3211 : FB3B;
3212 : F5E6;
3213 : EEE5;
3214 : FD20;
3215 : 0D64;
3216 : F906;
3217 : 0414;
3218 : F379;
3219 : 0F38;
3220 : FC4D;
3221 : 150F;
3222 : 04E4;
3223 : 079C;
3224 : 0123;
3225 : 1219;
3226 : F71D;
3227 : 0F81;
3228 : FE15;
3229 : F729;
3230 : 0AB6;
3231 : 0870;
3232 : 10BC;
3233 : F638;
3234 : FF59;
3235 : F7A3;
3236 : EE62;
3237 : FA8B;
3238 : 0A95;
3239 : 13A6;
3240 : EC5B;
3241 : EFBE;
3242 : 0D33;
3243 : 0CF6;
3244 : 095D;
3245 : F0D6;
3246 : 0345;
3247 : FB0B;
3248 : FAF8;
3249 : ED26;
3250 : 0273;
3251 : 0758;
3252 : EECE;
3253 : 13C2;
3254 : FF31;
3255 : F772;
3256 : F885;
3257 : FF94;
3258 : F4C6;
3259 : F5AD;
3260 : FE64;
3261 : F7CC;
3262 : 0CF9;
3263 : FC09;
3264 : 129A;
3265 : FA73;
3266 : EA49;
3267 : F93E;
3268 : 01BB;
3269 : ED25;
3270 : F57F;
3271 : 1124;
3272 : F0D3;
3273 : F80E;
3274 : FEC9;
3275 : 0B07;
3276 : F6C6;
3277 : F130;
3278 : 0DDD;
3279 : FDAA;
3280 : F036;
3281 : F700;
3282 : 01ED;
3283 : F4A9;
3284 : FAB0;
3285 : 0F42;
3286 : EE74;
3287 : 066A;
3288 : FC04;
3289 : 0131;
3290 : EE17;
3291 : ECC4;
3292 : 08DB;
3293 : 0EE5;
3294 : EB9D;
3295 : 0769;
3296 : F641;
3297 : F74E;
3298 : 1039;
3299 : 0CE9;
3300 : FAA0;
3301 : 03BF;
3302 : 0151;
3303 : FD1A;
3304 : FEBA;
3305 : F19F;
3306 : 07C7;
3307 : 00A0;
3308 : FD7F;
3309 : F563;
3310 : F646;
3311 : 05E7;
3312 : 12AF;
3313 : 1200;
3314 : F947;
3315 : EE8C;
3316 : 0F3D;
3317 : FBAE;
3318 : 04F5;
3319 : 1071;
3320 : F070;
3321 : EFD6;
3322 : FA38;
3323 : 1265;
3324 : FFF2;
3325 : EF34;
3326 : 10C9;
3327 : 09EF;
3328 : F71A;
3329 : F8DF;
3330 : 0601;
3331 : 003B;
3332 : F823;
3333 : F059;
3334 : F5B2;
3335 : FECB;
3336 : 0CF0;
3337 : FA23;
3338 : 0F2C;
3339 : EE42;
3340 : FE46;
3341 : FDD8;
3342 : FC85;
3343 : EC84;
3344 : EE8E;
3345 : F146;
3346 : ED90;
3347 : 004B;
3348 : 0C4A;
3349 : 0B3F;
3350 : 035D;
3351 : 0CF8;
3352 : F97A;
3353 : 08A5;
3354 : FCD0;
3355 : 113E;
3356 : F372;
3357 : FA78;
3358 : EF2E;
3359 : FFEB;
3360 : F980;
3361 : F41E;
3362 : 0B2F;
3363 : F72F;
3364 : EE62;
3365 : F13A;
3366 : 0112;
3367 : 0B10;
3368 : 0074;
3369 : 0A1F;
3370 : EEB9;
3371 : F8E0;
3372 : F565;
3373 : FB30;
3374 : F048;
3375 : F7DF;
3376 : 11CA;
3377 : F1AD;
3378 : F0EB;
3379 : 07A7;
3380 : F5FC;
3381 : 02EF;
3382 : 0828;
3383 : F70E;
3384 : 129A;
3385 : FC3B;
3386 : ED0C;
3387 : 1169;
3388 : 0A39;
3389 : 1240;
3390 : 0AC8;
3391 : ECFA;
3392 : F937;
3393 : F19D;
3394 : F30D;
3395 : 0496;
3396 : 0C93;
3397 : F641;
3398 : FAC0;
3399 : F7C5;
3400 : 0A1E;
3401 : F8F4;
3402 : 0BB6;
3403 : FF76;
3404 : 00BC;
3405 : F424;
3406 : F53F;
3407 : 0205;
3408 : 02D8;
3409 : 0521;
3410 : F437;
3411 : 0B20;
3412 : FE76;
3413 : ECBD;
3414 : 123F;
3415 : F26A;
3416 : 0E6B;
3417 : FC9C;
3418 : 0B15;
3419 : EECD;
3420 : 053F;
3421 : ED0C;
3422 : 0D5B;
3423 : 0128;
3424 : ED12;
3425 : 116E;
3426 : 1138;
3427 : ECF3;
3428 : 0687;
3429 : F816;
3430 : ECE6;
3431 : F69F;
3432 : FF39;
3433 : 102D;
3434 : FFBE;
3435 : 0806;
3436 : ED4C;
3437 : 067C;
3438 : ED57;
3439 : 0453;
3440 : 00A1;
3441 : 077E;
3442 : F8C4;
3443 : 1321;
3444 : 02B9;
3445 : F0BC;
3446 : 05FE;
3447 : 0AB5;
3448 : 0E81;
3449 : FF6A;
3450 : FEEE;
3451 : EE3D;
3452 : 0735;
3453 : F3B8;
3454 : FC3A;
3455 : 1044;
3456 : EFF6;
3457 : 02BE;
3458 : FF96;
3459 : 07A0;
3460 : FB20;
3461 : 0F99;
3462 : 09FA;
3463 : F3DD;
3464 : 0F66;
3465 : 1192;
3466 : FE81;
3467 : 118C;
3468 : 10E1;
3469 : FEFA;
3470 : FE56;
3471 : 0F77;
3472 : 0190;
3473 : 093F;
3474 : F71E;
3475 : F06F;
3476 : 0832;
3477 : 0FF4;
3478 : F03A;
3479 : 0F6D;
3480 : 0538;
3481 : FFFD;
3482 : 0BB5;
3483 : 07F5;
3484 : 0D40;
3485 : 0D0A;
3486 : F9B9;
3487 : 087D;
3488 : 0AFB;
3489 : EE35;
3490 : FA61;
3491 : 065F;
3492 : FD8F;
3493 : 035B;
3494 : F418;
3495 : ECBC;
3496 : F3F8;
3497 : EE02;
3498 : 1285;
3499 : F51A;
3500 : EFB4;
3501 : 0690;
3502 : FD36;
3503 : FB14;
3504 : F2BA;
3505 : 1243;
3506 : FC9B;
3507 : F3A6;
3508 : F48A;
3509 : 0810;
3510 : 0E99;
3511 : 099D;
3512 : 0992;
3513 : 0F1B;
3514 : FE77;
3515 : F217;
3516 : FADE;
3517 : FFC2;
3518 : EDD1;
3519 : 0FAD;
3520 : FE30;
3521 : EFF7;
3522 : 0592;
3523 : FA13;
3524 : EF25;
3525 : 0290;
3526 : 024B;
3527 : FF99;
3528 : FFE3;
3529 : F58C;
3530 : 0481;
3531 : FAFE;
3532 : 080C;
3533 : F60B;
3534 : FF32;
3535 : F0FA;
3536 : 01DC;
3537 : 0847;
3538 : FE6D;
3539 : 095F;
3540 : EF42;
3541 : 0279;
3542 : 068F;
3543 : 1030;
3544 : EF4E;
3545 : F50B;
3546 : EFBD;
3547 : F5F0;
3548 : F865;
3549 : FBEE;
3550 : FBFE;
3551 : 12A1;
3552 : F2E7;
3553 : 0C51;
3554 : 101A;
3555 : 0567;
3556 : FE91;
3557 : 0FB0;
3558 : 06E9;
3559 : ED90;
3560 : F0A3;
3561 : EE1F;
3562 : F490;
3563 : FA53;
3564 : EF7A;
3565 : 0F0E;
3566 : 0184;
3567 : 00BB;
3568 : 109D;
3569 : 0DB5;
3570 : FA46;
3571 : F7DC;
3572 : 1261;
3573 : 0CE0;
3574 : FFB7;
3575 : FAE4;
3576 : 016D;
3577 : F913;
3578 : 03BF;
3579 : EC9A;
3580 : FBD1;
3581 : 086C;
3582 : EDBD;
3583 : 070D;
3584 : F40C;
3585 : 05C9;
3586 : F72F;
3587 : 10D0;
3588 : FEEB;
3589 : F679;
3590 : 1251;
3591 : F2BB;
3592 : F799;
3593 : 0A77;
3594 : F99F;
3595 : F34C;
3596 : F70C;
3597 : 03EC;
3598 : FA4B;
3599 : 0574;
3600 : 0970;
3601 : 0059;
3602 : FC4B;
3603 : FAF8;
3604 : F1B6;
3605 : 0DC7;
3606 : F3F0;
3607 : 0F21;
3608 : 02A2;
3609 : 1019;
3610 : 0A7A;
3611 : 104C;
3612 : 0149;
3613 : FD5C;
3614 : FB80;
3615 : 0D1E;
3616 : FEAE;
3617 : 0F58;
3618 : EF14;
3619 : 0C4D;
3620 : 0E3B;
3621 : 0E7B;
3622 : 0D8E;
3623 : 0139;
3624 : 0FA0;
3625 : F2DB;
3626 : 1205;
3627 : 136A;
3628 : 1280;
3629 : 0567;
3630 : 07A6;
3631 : 03DF;
3632 : F005;
3633 : 0244;
3634 : 043D;
3635 : 0A46;
3636 : F6E7;
3637 : F590;
3638 : 0C24;
3639 : 0E93;
3640 : EE1D;
3641 : 0848;
3642 : F0C9;
3643 : FB23;
3644 : 086A;
3645 : 0E8B;
3646 : F78D;
3647 : 0AB3;
3648 : 1101;
3649 : 0A20;
3650 : ECB1;
3651 : 1193;
3652 : 0E29;
3653 : FF47;
3654 : F725;
3655 : FF42;
3656 : F329;
3657 : 0ABC;
3658 : FCEF;
3659 : 0731;
3660 : 0706;
3661 : F293;
3662 : 12BC;
3663 : 11B6;
3664 : 11DF;
3665 : EF03;
3666 : EC8D;
3667 : F5BF;
3668 : 11A8;
3669 : 0F78;
3670 : 11BD;
3671 : FA09;
3672 : 0E8C;
3673 : EE4E;
3674 : 1147;
3675 : 0F01;
3676 : 0406;
3677 : 0366;
3678 : 023D;
3679 : 05FF;
3680 : EFD7;
3681 : 07C9;
3682 : F112;
3683 : EFD7;
3684 : 0969;
3685 : FF6B;
3686 : F168;
3687 : ED51;
3688 : 1210;
3689 : 100F;
3690 : 04C2;
3691 : F37F;
3692 : FC4C;
3693 : 0727;
3694 : F88E;
3695 : FB24;
3696 : FFE0;
3697 : FE42;
3698 : FBC5;
3699 : 030D;
3700 : F2CF;
3701 : F632;
3702 : F967;
3703 : 013E;
3704 : 0AC2;
3705 : 0AF8;
3706 : 0B10;
3707 : F33F;
3708 : 0DE8;
3709 : 01E1;
3710 : F9EF;
3711 : 058B;
3712 : F820;
3713 : 06DA;
3714 : ECF1;
3715 : 0332;
3716 : 05A9;
3717 : 00C6;
3718 : 0270;
3719 : 1310;
3720 : 006D;
3721 : 0311;
3722 : FFA5;
3723 : 0D49;
3724 : F894;
3725 : F3EE;
3726 : F67A;
3727 : 04E7;
3728 : 132F;
3729 : FD16;
3730 : 10AC;
3731 : 0BD8;
3732 : 0D60;
3733 : 0831;
3734 : F6CA;
3735 : 0B49;
3736 : F146;
3737 : 0056;
3738 : 0C47;
3739 : 12AB;
3740 : FCFC;
3741 : 0147;
3742 : 05DA;
3743 : 106A;
3744 : 0A6B;
3745 : 0058;
3746 : FEC6;
3747 : EE76;
3748 : FD31;
3749 : FE56;
3750 : F2AF;
3751 : EFA5;
3752 : 1101;
3753 : 08A4;
3754 : EE2F;
3755 : 0126;
3756 : F958;
3757 : EF74;
3758 : 1270;
3759 : 063E;
3760 : 0B5E;
3761 : F1AB;
3762 : EE25;
3763 : 05CD;
3764 : F7EB;
3765 : 10B0;
3766 : 1241;
3767 : EFB4;
3768 : 0C77;
3769 : EFE5;
3770 : F56B;
3771 : EF20;
3772 : 02A4;
3773 : 03FE;
3774 : FBF8;
3775 : 1278;
3776 : ECEB;
3777 : F090;
3778 : 135E;
3779 : FB58;
3780 : EF6A;
3781 : 0855;
3782 : F63F;
3783 : 035B;
3784 : 0327;
3785 : 079B;
3786 : FE19;
3787 : 0AC5;
3788 : 0B06;
3789 : 11AA;
3790 : 0FE0;
3791 : 1004;
3792 : F6E2;
3793 : 08BF;
3794 : FCB1;
3795 : 0D7B;
3796 : 068F;
3797 : F08B;
3798 : 1102;
3799 : 051C;
3800 : FB78;
3801 : 0180;
3802 : F919;
3803 : EEE6;
3804 : F37D;
3805 : 12E8;
3806 : F464;
3807 : FE9B;
3808 : 0583;
3809 : 01A2;
3810 : 0AD2;
3811 : 06DD;
3812 : F60C;
3813 : 01E5;
3814 : 04B2;
3815 : FC46;
3816 : 05FB;
3817 : FE3F;
3818 : FFD5;
3819 : F882;
3820 : 0068;
3821 : 0011;
3822 : 09D5;
3823 : F776;
3824 : FA74;
3825 : F41E;
3826 : 07CC;
3827 : F294;
3828 : 0583;
3829 : 0A59;
3830 : F58E;
3831 : F14A;
3832 : FFC6;
3833 : ED50;
3834 : F643;
3835 : 11CF;
3836 : 0C69;
3837 : 0070;
3838 : F5A2;
3839 : FA0A;
3840 : 0F17;
3841 : 02D0;
3842 : 0C69;
3843 : FBB1;
3844 : ED53;
3845 : 0FCF;
3846 : 0CB3;
3847 : 111B;
3848 : 0056;
3849 : FADC;
3850 : FB17;
3851 : 123D;
3852 : 1445;
3853 : FD47;
3854 : 014F;
3855 : FA98;
3856 : FF26;
3857 : ED0D;
3858 : F017;
3859 : 12FB;
3860 : FFF3;
3861 : 10D3;
3862 : F3D5;
3863 : F32A;
3864 : 01E4;
3865 : 080D;
3866 : FD5C;
3867 : F116;
3868 : 001A;
3869 : F087;
3870 : F8E4;
3871 : 1352;
3872 : 1310;
3873 : F03E;
3874 : 0DBE;
3875 : EEB4;
3876 : EE56;
3877 : EF1D;
3878 : F79B;
3879 : 018A;
3880 : F524;
3881 : 00A9;
3882 : F9D8;
3883 : 1145;
3884 : F135;
3885 : 0743;
3886 : EF5A;
3887 : 0061;
3888 : F696;
3889 : 11BF;
3890 : FEFF;
3891 : FF61;
3892 : F208;
3893 : F46A;
3894 : FECD;
3895 : F310;
3896 : FE13;
3897 : FED0;
3898 : F846;
3899 : 11BD;
3900 : 0090;
3901 : FC57;
3902 : 08BF;
3903 : 0C90;
3904 : EE4E;
3905 : F2C5;
3906 : FDE3;
3907 : 06BC;
3908 : F6BF;
3909 : FB0F;
3910 : 06B4;
3911 : FBDA;
3912 : EF1E;
3913 : 0FB3;
3914 : F9D9;
3915 : 09A1;
3916 : 138F;
3917 : F56C;
3918 : F730;
3919 : F1CB;
3920 : 01C9;
3921 : FB8D;
3922 : F5CB;
3923 : FF3A;
3924 : 00DA;
3925 : 11FA;
3926 : 01DE;
3927 : 0284;
3928 : FA82;
3929 : 0415;
3930 : F3AC;
3931 : 0927;
3932 : EEEB;
3933 : 00CA;
3934 : 02A2;
3935 : 0D20;
3936 : 07B2;
3937 : 05D0;
3938 : F909;
3939 : ED63;
3940 : 0EB0;
3941 : 04AE;
3942 : 04F0;
3943 : 07E1;
3944 : 01E0;
3945 : FD8E;
3946 : 10EC;
3947 : 0E47;
3948 : 0A7A;
3949 : FBA3;
3950 : 0F09;
3951 : 0695;
3952 : F7FB;
3953 : ED2E;
3954 : FDFB;
3955 : 082B;
3956 : F141;
3957 : FF5D;
3958 : 0EE1;
3959 : 1022;
3960 : F479;
3961 : FC9E;
3962 : 0756;
3963 : 12B3;
3964 : 0F69;
3965 : 0543;
3966 : 0388;
3967 : 0EA2;
3968 : EDBC;
3969 : EF60;
3970 : 019E;
3971 : 0BC7;
3972 : FA7C;
3973 : 0DF5;
3974 : 09C6;
3975 : FB5B;
3976 : F333;
3977 : F36D;
3978 : FAE7;
3979 : FE49;
3980 : F075;
3981 : 0A08;
3982 : 1255;
3983 : EC42;
3984 : EF98;
3985 : 108A;
3986 : 1026;
3987 : 126C;
3988 : FF96;
3989 : 01E7;
3990 : EED0;
3991 : 0D68;
3992 : 1185;
3993 : FE47;
3994 : 0046;
3995 : F25B;
3996 : FBF9;
3997 : F8BB;
3998 : F79F;
3999 : F1F4;
4000 : FB65;
4001 : 08B7;
4002 : 0071;
4003 : 084F;
4004 : 0F9B;
4005 : ECFA;
4006 : 03FF;
4007 : 1391;
4008 : F697;
4009 : 0BD1;
4010 : 06F4;
4011 : 04F7;
4012 : F307;
4013 : 016E;
4014 : F7E7;
4015 : 1167;
4016 : F251;
4017 : FDB9;
4018 : 005A;
4019 : 0791;
4020 : F340;
4021 : EC2F;
4022 : FDFC;
4023 : 0412;
4024 : F7CA;
4025 : 0D55;
4026 : EE62;
4027 : F0EE;
4028 : F680;
4029 : FE47;
4030 : F282;
4031 : F7C1;
4032 : 0B92;
4033 : F6AC;
4034 : 04F0;
4035 : 0CC9;
4036 : FD72;
4037 : 0DE8;
4038 : 0BEE;
4039 : FCF3;
4040 : F0D0;
4041 : 0424;
4042 : EE7E;
4043 : FB05;
4044 : 0300;
4045 : 0166;
4046 : FCEA;
4047 : F3B4;
4048 : FFA6;
4049 : 01B1;
4050 : 05D7;
4051 : 0E2D;
4052 : F5EA;
4053 : FED9;
4054 : 08D9;
4055 : 0BE7;
4056 : F84E;
4057 : 010F;
4058 : FBC4;
4059 : F461;
4060 : FD71;
4061 : 112D;
4062 : 10B3;
4063 : EF16;
4064 : 144E;
4065 : 0D03;
4066 : 10ED;
4067 : 0297;
4068 : 002B;
4069 : 0F25;
4070 : F20E;
4071 : FCAE;
4072 : F610;
4073 : ECEC;
4074 : 11F1;
4075 : 1298;
4076 : FC2C;
4077 : 10A6;
4078 : 077A;
4079 : FA96;
4080 : F054;
4081 : F945;
4082 : 07A1;
4083 : 02E2;
4084 : 0659;
4085 : F263;
4086 : F830;
4087 : 06B5;
4088 : FF22;
4089 : EDCA;
4090 : FFA6;
4091 : FF39;
4092 : F112;
4093 : EC89;
4094 : 0741;
4095 : 0646;
4096 : FBC1;
4097 : 0054;
4098 : F6A4;
4099 : 0B46;
4100 : F99E;
4101 : FBCB;
4102 : 05C3;
4103 : F5F6;
4104 : FE16;
4105 : 0475;
4106 : 010E;
4107 : 0C25;
4108 : FAFC;
4109 : FA56;
4110 : F363;
4111 : FADC;
4112 : 134E;
4113 : FCA5;
4114 : 0A81;
4115 : 0F2A;
4116 : F26A;
4117 : F255;
4118 : FEB9;
4119 : 1177;
4120 : 0DB0;
4121 : 0CF4;
4122 : 1113;
4123 : 04D8;
4124 : 0E76;
4125 : 034E;
4126 : F45E;
4127 : F3B8;
4128 : 0080;
4129 : F1AD;
4130 : 136A;
4131 : 0142;
4132 : EF28;
4133 : F7CE;
4134 : 020F;
4135 : FB27;
4136 : FE3B;
4137 : FFD2;
4138 : F78E;
4139 : F080;
4140 : FD9A;
4141 : F849;
4142 : 0138;
4143 : 0D26;
4144 : 117F;
4145 : 07C9;
4146 : 04FB;
4147 : 0AC9;
4148 : FBAF;
4149 : 09C1;
4150 : EF0C;
4151 : F8D8;
4152 : FA09;
4153 : FEB1;
4154 : 0228;
4155 : EF9A;
4156 : 0414;
4157 : FE8B;
4158 : 0B2C;
4159 : 00AE;
4160 : 07CC;
4161 : 026C;
4162 : 10EE;
4163 : F958;
4164 : 0D58;
4165 : EB4F;
4166 : 0089;
4167 : 01AD;
4168 : F584;
4169 : EC9B;
4170 : ED93;
4171 : F798;
4172 : F5D1;
4173 : 0AFD;
4174 : F3FE;
4175 : 14C5;
4176 : F9A2;
4177 : FFE6;
4178 : 0423;
4179 : F8DE;
4180 : FF72;
4181 : 1576;
4182 : F55C;
4183 : F74F;
4184 : F3C7;
4185 : FA9A;
4186 : F6D9;
4187 : F0FF;
4188 : FBE5;
4189 : FF00;
4190 : 04F9;
4191 : F215;
4192 : 17E2;
4193 : 0288;
4194 : 08E3;
4195 : F589;
4196 : 0A13;
4197 : FC89;
4198 : FD71;
4199 : F548;
4200 : F1A7;
4201 : 0FAC;
4202 : 0B23;
4203 : 0A53;
4204 : F5C3;
4205 : F0A6;
4206 : F094;
4207 : F5A8;
4208 : 1156;
4209 : F2D9;
4210 : FDCC;
4211 : F1CB;
4212 : FF89;
4213 : F251;
4214 : EFE4;
4215 : 1415;
4216 : 0C9E;
4217 : FF90;
4218 : F473;
4219 : 0C5A;
4220 : 0E3A;
4221 : 0924;
4222 : F2DD;
4223 : FAC5;
4224 : 03C5;
4225 : 0813;
4226 : F1CB;
4227 : FE90;
4228 : FF39;
4229 : EDB5;
4230 : 059D;
4231 : 1488;
4232 : F3E0;
4233 : F4AD;
4234 : 01EF;
4235 : FCF4;
4236 : 0817;
4237 : 0FCC;
4238 : FA89;
4239 : F6F2;
4240 : FBAF;
4241 : F56B;
4242 : 0C76;
4243 : 053C;
4244 : 0BDA;
4245 : 0078;
4246 : 01F9;
4247 : FC70;
4248 : F926;
4249 : FADA;
4250 : FBDF;
4251 : E9A3;
4252 : F741;
4253 : F351;
4254 : EFD1;
4255 : 058D;
4256 : 07BA;
4257 : 00E4;
4258 : F50C;
4259 : F40E;
4260 : 0F97;
4261 : 0E69;
4262 : 0638;
4263 : F9FE;
4264 : 0A50;
4265 : 0E21;
4266 : FA96;
4267 : F3EF;
4268 : FD1F;
4269 : FC6A;
4270 : F578;
4271 : FECE;
4272 : 0D27;
4273 : FDF0;
4274 : 0DE2;
4275 : 0B07;
4276 : 0556;
4277 : 04C4;
4278 : 0EC4;
4279 : 00D7;
4280 : 146A;
4281 : 11D4;
4282 : FCD0;
4283 : F561;
4284 : 1090;
4285 : 0C3E;
4286 : ECC5;
4287 : 1033;
4288 : 068A;
4289 : 0AAF;
4290 : 02C1;
4291 : 0AF1;
4292 : FE78;
4293 : F3D8;
4294 : EEE6;
4295 : F102;
4296 : F36B;
4297 : 084E;
4298 : 0351;
4299 : FE25;
4300 : FCC3;
4301 : F186;
4302 : 009F;
4303 : ED35;
4304 : F58E;
4305 : FF47;
4306 : FED8;
4307 : 1004;
4308 : F97E;
4309 : 06E4;
4310 : EA16;
4311 : FDCB;
4312 : 10F0;
4313 : EC98;
4314 : ED5F;
4315 : 037C;
4316 : F5BD;
4317 : F343;
4318 : F96F;
4319 : 0430;
4320 : 087A;
4321 : F65A;
4322 : 17DC;
4323 : FE56;
4324 : 00E6;
4325 : 07EF;
4326 : E984;
4327 : F60E;
4328 : EDFF;
4329 : FBE6;
4330 : FBCF;
4331 : 0035;
4332 : F8C5;
4333 : EFE4;
4334 : F418;
4335 : 0547;
4336 : 0F51;
4337 : FBFA;
4338 : 0B12;
4339 : FA74;
4340 : 0984;
4341 : 01C0;
4342 : F355;
4343 : F48B;
4344 : 0B2C;
4345 : FFE6;
4346 : 0B5E;
4347 : 0E2C;
4348 : FBD3;
4349 : 08D8;
4350 : ECFB;
4351 : F625;
4352 : F6AF;
4353 : 06BA;
4354 : 0E44;
4355 : 0689;
4356 : 1170;
4357 : FDAA;
4358 : F6CE;
4359 : 0A47;
4360 : 0369;
4361 : 1061;
4362 : 074F;
4363 : F4EA;
4364 : FC61;
4365 : F38D;
4366 : FEB7;
4367 : F4A0;
4368 : 1199;
4369 : EE04;
4370 : 0DEA;
4371 : F824;
4372 : FC2D;
4373 : 07DF;
4374 : 0AB2;
4375 : ECD4;
4376 : 06CE;
4377 : F8D6;
4378 : 114A;
4379 : F76A;
4380 : FB81;
4381 : EBC0;
4382 : E906;
4383 : FB0E;
4384 : FEDA;
4385 : 06D5;
4386 : F4D4;
4387 : E8B1;
4388 : F7AD;
4389 : F812;
4390 : FB8E;
4391 : F76C;
4392 : 01BC;
4393 : 0663;
4394 : 13CC;
4395 : 0CA0;
4396 : 0B94;
4397 : 03C7;
4398 : 036B;
4399 : FA6C;
4400 : F78F;
4401 : FAA7;
4402 : FB63;
4403 : F8C6;
4404 : 0EDC;
4405 : 0610;
4406 : 107D;
4407 : FBF7;
4408 : 0146;
4409 : FB8C;
4410 : EE21;
4411 : 0CAB;
4412 : FF3C;
4413 : F6E6;
4414 : 0658;
4415 : 083E;
4416 : 11CF;
4417 : 0DEE;
4418 : F48D;
4419 : EE39;
4420 : 04F8;
4421 : 067C;
4422 : FF1C;
4423 : FD10;
4424 : ED75;
4425 : 09BC;
4426 : FA08;
4427 : 0D03;
4428 : F5AA;
4429 : 04B1;
4430 : 0269;
4431 : 1689;
4432 : 0861;
4433 : 080C;
4434 : 0F09;
4435 : 0EDE;
4436 : 02F4;
4437 : 049D;
4438 : E8B5;
4439 : 0214;
4440 : F189;
4441 : EDEB;
4442 : 1110;
4443 : 0C48;
4444 : FBED;
4445 : 0E15;
4446 : 050A;
4447 : F323;
4448 : 06CE;
4449 : F649;
4450 : F916;
4451 : 00D1;
4452 : F663;
4453 : FD38;
4454 : F217;
4455 : 09D8;
4456 : F4DD;
4457 : F5F4;
4458 : FFCC;
4459 : 0045;
4460 : F96E;
4461 : 0727;
4462 : E791;
4463 : 0309;
4464 : EDCD;
4465 : 0913;
4466 : F721;
4467 : 04B5;
4468 : 0A0D;
4469 : 15B5;
4470 : 086E;
4471 : EFC3;
4472 : FC90;
4473 : 0E22;
4474 : F8B0;
4475 : FC41;
4476 : 0A5B;
4477 : F77F;
4478 : F003;
4479 : 0215;
4480 : FCD5;
4481 : 0308;
4482 : 1193;
4483 : 07DC;
4484 : 0D68;
4485 : 029D;
4486 : FB7D;
4487 : 08B3;
4488 : 09BF;
4489 : 0972;
4490 : 0502;
4491 : 0D79;
4492 : EF3E;
4493 : 118B;
4494 : EFC1;
4495 : FFF2;
4496 : 0545;
4497 : F251;
4498 : 0365;
4499 : 09FD;
4500 : EFEC;
4501 : F334;
4502 : 0DD2;
4503 : F7E9;
4504 : 0FFC;
4505 : FD96;
4506 : F957;
4507 : 0330;
4508 : 1528;
4509 : F109;
4510 : ED19;
4511 : F8DD;
4512 : FFDD;
4513 : 0C70;
4514 : 09FB;
4515 : 0464;
4516 : EEFC;
4517 : 02A6;
4518 : 0DD8;
4519 : 144F;
4520 : EBE2;
4521 : F3D0;
4522 : FFA9;
4523 : 0582;
4524 : 133B;
4525 : F1CD;
4526 : 01D9;
4527 : F263;
4528 : FC79;
4529 : 1400;
4530 : FDCC;
4531 : F853;
4532 : FC3F;
4533 : 0ADC;
4534 : 0E0E;
4535 : 000A;
4536 : 0ED6;
4537 : 015C;
4538 : 004C;
4539 : EB67;
4540 : 0E99;
4541 : 1497;
4542 : EB02;
4543 : F78C;
4544 : ED6C;
4545 : F826;
4546 : F04C;
4547 : 07EC;
4548 : 04C4;
4549 : 0E32;
4550 : 026B;
4551 : 0AB7;
4552 : EF48;
4553 : F9B8;
4554 : FDAD;
4555 : 01D0;
4556 : F833;
4557 : 0455;
4558 : 0699;
4559 : 0E6D;
4560 : 0B9C;
4561 : FFB6;
4562 : 0F06;
4563 : FC69;
4564 : 0161;
4565 : 0665;
4566 : 0FC8;
4567 : FC8F;
4568 : 11BB;
4569 : 07C9;
4570 : 0A8E;
4571 : F3E7;
4572 : FBEA;
4573 : F758;
4574 : F2CC;
4575 : 0D1C;
4576 : 0851;
4577 : F79E;
4578 : 0F27;
4579 : EF7E;
4580 : 0641;
4581 : F1C9;
4582 : FC97;
4583 : FBAA;
4584 : FA65;
4585 : 0522;
4586 : FB6D;
4587 : 0C8A;
4588 : 1618;
4589 : 0555;
4590 : 051C;
4591 : 08DE;
4592 : EE31;
4593 : 0D08;
4594 : E9DC;
4595 : FF9B;
4596 : FC2B;
4597 : 1542;
4598 : F478;
4599 : 02A3;
4600 : 00FE;
4601 : F503;
4602 : FBB6;
4603 : F42E;
4604 : F117;
4605 : 00B1;
4606 : FF5D;
4607 : FC32;
4608 : FF0A;
4609 : 09D4;
4610 : F84C;
4611 : FF56;
4612 : 113D;
4613 : EBC2;
4614 : FD52;
4615 : FCD7;
4616 : EEF2;
4617 : 1058;
4618 : 08A9;
4619 : F636;
4620 : F021;
4621 : F7AE;
4622 : EC90;
4623 : FB6F;
4624 : F689;
4625 : F99A;
4626 : F06B;
4627 : 0F9D;
4628 : 10D4;
4629 : FC4E;
4630 : F101;
4631 : E93A;
4632 : EEE9;
4633 : FCAE;
4634 : 0104;
4635 : F484;
4636 : F0F9;
4637 : 0C5E;
4638 : 0538;
4639 : 09EF;
4640 : 0FA7;
4641 : EFB0;
4642 : 13D3;
4643 : F0EB;
4644 : 062D;
4645 : FFF0;
4646 : FF70;
4647 : F558;
4648 : 0563;
4649 : 12D6;
4650 : 088F;
4651 : F261;
4652 : 0BAC;
4653 : 0A14;
4654 : 09D5;
4655 : 06B7;
4656 : 0F07;
4657 : 124B;
4658 : F348;
4659 : FB04;
4660 : 0AFB;
4661 : 179E;
4662 : 0C5B;
4663 : 0231;
4664 : FD05;
4665 : FB17;
4666 : 0DB2;
4667 : 0280;
4668 : F764;
4669 : F3C0;
4670 : F60D;
4671 : 00A7;
4672 : EAA5;
4673 : 140E;
4674 : 0362;
4675 : EF62;
4676 : EFDC;
4677 : 022A;
4678 : 025D;
4679 : F64B;
4680 : F5A7;
4681 : 0021;
4682 : FF71;
4683 : F60F;
4684 : 0FC1;
4685 : F213;
4686 : F549;
4687 : FAB1;
4688 : F3B2;
4689 : 03A1;
4690 : FAA4;
4691 : F7C8;
4692 : 0122;
4693 : 118A;
4694 : F562;
4695 : F80E;
4696 : 0AA0;
4697 : 01AC;
4698 : 0178;
4699 : F820;
4700 : FE5D;
4701 : F705;
4702 : FC7E;
4703 : ED4A;
4704 : F15E;
4705 : 0727;
4706 : 05A1;
4707 : FC16;
4708 : FD50;
4709 : EF26;
4710 : F08E;
4711 : EEED;
4712 : 038D;
4713 : F13E;
4714 : 0EF1;
4715 : 00B6;
4716 : FDD8;
4717 : FAEB;
4718 : 0055;
4719 : 0ABA;
4720 : 010A;
4721 : 0DCE;
4722 : F9C3;
4723 : 01B3;
4724 : 0016;
4725 : 05D0;
4726 : F80C;
4727 : FBB0;
4728 : 0BD1;
4729 : F2D8;
4730 : EE1F;
4731 : 0740;
4732 : ED21;
4733 : FDBA;
4734 : 0D45;
4735 : 0262;
4736 : 03B4;
4737 : 0511;
4738 : 089B;
4739 : E9F4;
4740 : 12AB;
4741 : 0436;
4742 : FC71;
4743 : 087A;
4744 : F678;
4745 : 0C63;
4746 : F340;
4747 : 1085;
4748 : F1EE;
4749 : F67F;
4750 : 04A8;
4751 : F6FE;
4752 : 003F;
4753 : EFA4;
4754 : F774;
4755 : FD0D;
4756 : F42C;
4757 : 0C21;
4758 : F960;
4759 : F668;
4760 : FFA7;
4761 : F893;
4762 : 01A0;
4763 : 0A9A;
4764 : F3A9;
4765 : 0284;
4766 : F904;
4767 : EF0A;
4768 : F88A;
4769 : F45E;
4770 : 0135;
4771 : F416;
4772 : 0DA8;
4773 : F649;
4774 : 027E;
4775 : 0CB0;
4776 : FE37;
4777 : 029B;
4778 : EFDD;
4779 : 167F;
4780 : F5B4;
4781 : 0931;
4782 : ED73;
4783 : E9DE;
4784 : F7E3;
4785 : 04D4;
4786 : EFAA;
4787 : FA71;
4788 : F60F;
4789 : F883;
4790 : ECCD;
4791 : F8AD;
4792 : 0BB1;
4793 : 0C9C;
4794 : FC30;
4795 : 032C;
4796 : FC77;
4797 : 0E2B;
4798 : FE7D;
4799 : 13DD;
4800 : F370;
4801 : 164F;
4802 : 0725;
4803 : 0894;
4804 : 121F;
4805 : 0914;
4806 : F357;
4807 : 0437;
4808 : 116A;
4809 : EB35;
4810 : 1085;
4811 : ED90;
4812 : 15DE;
4813 : FCEF;
4814 : EB4C;
4815 : F790;
4816 : F972;
4817 : 073C;
4818 : EE7F;
4819 : EB99;
4820 : FBEC;
4821 : FFD1;
4822 : FFA4;
4823 : F9A5;
4824 : F466;
4825 : F6DD;
4826 : 13E8;
4827 : ED09;
4828 : EEFD;
4829 : F447;
4830 : 0032;
4831 : 02EE;
4832 : 1774;
4833 : EB21;
4834 : F082;
4835 : E9DB;
4836 : 04C4;
4837 : F496;
4838 : EB52;
4839 : 020D;
4840 : F9B5;
4841 : EEF1;
4842 : F9C4;
4843 : F51F;
4844 : 13D2;
4845 : E7ED;
4846 : FD7A;
4847 : 02E5;
4848 : 0C67;
4849 : FEFB;
4850 : 12DC;
4851 : 06F1;
4852 : 0F2B;
4853 : F27D;
4854 : FE06;
4855 : F44B;
4856 : F6B4;
4857 : 0A61;
4858 : FB65;
4859 : 0479;
4860 : 0C02;
4861 : F502;
4862 : F6D1;
4863 : F5CD;
4864 : F26A;
4865 : 0EFF;
4866 : F1B0;
4867 : 02E4;
4868 : 0C8E;
4869 : 0447;
4870 : 0BD2;
4871 : 0452;
4872 : F1E5;
4873 : 0715;
4874 : F779;
4875 : 0362;
4876 : 02AA;
4877 : FFF4;
4878 : 0C49;
4879 : 01F5;
4880 : FB9D;
4881 : F6FF;
4882 : F003;
4883 : F01F;
4884 : FFD1;
4885 : 0ACF;
4886 : 0CBA;
4887 : EAB5;
4888 : 0A43;
4889 : FBC7;
4890 : 0CE7;
4891 : 0AEF;
4892 : F5D1;
4893 : 0A7E;
4894 : F2B6;
4895 : F4F9;
4896 : FDC2;
4897 : 020F;
4898 : 0AEA;
4899 : EFC9;
4900 : F359;
4901 : 03F5;
4902 : 089E;
4903 : FF77;
4904 : 0857;
4905 : F22D;
4906 : 0B14;
4907 : 0BCD;
4908 : 152A;
4909 : 04F1;
4910 : F9B6;
4911 : 0B09;
4912 : 0A7C;
4913 : F5F9;
4914 : 0D02;
4915 : 09E3;
4916 : 0E1A;
4917 : 0C41;
4918 : FCA5;
4919 : FBFB;
4920 : F420;
4921 : 0C4C;
4922 : 0E7D;
4923 : 1228;
4924 : ED3D;
4925 : EE93;
4926 : EF0C;
4927 : F876;
4928 : 025A;
4929 : FFC2;
4930 : F421;
4931 : 03BC;
4932 : F874;
4933 : 10BA;
4934 : 0C4B;
4935 : 0FC1;
4936 : F985;
4937 : 1205;
4938 : FB3F;
4939 : FA40;
4940 : 09EE;
4941 : F622;
4942 : 06C2;
4943 : 02F5;
4944 : 0AB6;
4945 : 0340;
4946 : EE96;
4947 : FF25;
4948 : FA71;
4949 : F1C1;
4950 : FFC5;
4951 : 06E7;
4952 : 0D4E;
4953 : 0D68;
4954 : F1FC;
4955 : F0EC;
4956 : F0B5;
4957 : E92E;
4958 : EAA7;
4959 : F2BB;
4960 : 1882;
4961 : F899;
4962 : FDAE;
4963 : EF41;
4964 : F253;
4965 : 04DC;
4966 : FAF2;
4967 : FAE5;
4968 : FA6D;
4969 : 138E;
4970 : F453;
4971 : 1097;
4972 : 0F6A;
4973 : ECBE;
4974 : F3B7;
4975 : E9A8;
4976 : 0209;
4977 : F6C0;
4978 : 0FCB;
4979 : 0D29;
4980 : 09DA;
4981 : F56E;
4982 : 0852;
4983 : 0D99;
4984 : F214;
4985 : EE15;
4986 : 0AD1;
4987 : 05F9;
4988 : 06DD;
4989 : F655;
4990 : 01E5;
4991 : 077A;
4992 : F5AE;
4993 : 0037;
4994 : 07DF;
4995 : FC36;
4996 : 0175;
4997 : F127;
4998 : F314;
4999 : 1611;
5000 : 06A0;
5001 : 02DD;
5002 : 0201;
5003 : 0571;
5004 : FA89;
5005 : FF65;
5006 : FD2E;
5007 : 037C;
5008 : 1191;
5009 : 03EA;
5010 : F550;
5011 : 11C0;
5012 : FCC3;
5013 : F48B;
5014 : FAE6;
5015 : 0DCD;
5016 : 0564;
5017 : 0BA4;
5018 : 1332;
5019 : F6C4;
5020 : FA9C;
5021 : F855;
5022 : 1036;
5023 : FCC1;
5024 : 121D;
5025 : EF73;
5026 : 0F34;
5027 : 0352;
5028 : FF84;
5029 : 0713;
5030 : FE49;
5031 : 0D39;
5032 : 06BE;
5033 : F6DC;
5034 : 0337;
5035 : FE91;
5036 : F57A;
5037 : 018C;
5038 : 0C89;
5039 : 00B1;
5040 : FE43;
5041 : FCC4;
5042 : 1257;
5043 : 11EC;
5044 : F921;
5045 : 07C0;
5046 : 05C4;
5047 : 107E;
5048 : 0335;
5049 : FEA9;
5050 : FFC2;
5051 : 069D;
5052 : 03B6;
5053 : 030F;
5054 : 025B;
5055 : 04AF;
5056 : 07D9;
5057 : 1119;
5058 : 0466;
5059 : F529;
5060 : EDED;
5061 : 071B;
5062 : EE5B;
5063 : F5EF;
5064 : 00E2;
5065 : F388;
5066 : FEF1;
5067 : F66C;
5068 : FE48;
5069 : F0BE;
5070 : ECE7;
5071 : 0510;
5072 : 0AC5;
5073 : F3D8;
5074 : 02F6;
5075 : 01F7;
5076 : F952;
5077 : 1126;
5078 : ED38;
5079 : FA25;
5080 : 0FB2;
5081 : 06C5;
5082 : FEF6;
5083 : 07E4;
5084 : EF73;
5085 : F0F2;
5086 : 0793;
5087 : FEEB;
5088 : F3AC;
5089 : 11DC;
5090 : 0E4D;
5091 : F93B;
5092 : 0EF3;
5093 : 05EF;
5094 : F5B9;
5095 : 0DCF;
5096 : F857;
5097 : 07AD;
5098 : 10B3;
5099 : 0F4A;
5100 : F4BC;
5101 : 03DA;
5102 : 0D02;
5103 : 0BC8;
5104 : F61D;
5105 : 0200;
5106 : F5E6;
5107 : 07C8;
5108 : F930;
5109 : F5FD;
5110 : 0CEC;
5111 : EC30;
5112 : 03E9;
5113 : 1285;
5114 : EDE5;
5115 : 0BDA;
5116 : 0B4F;
5117 : 10CD;
5118 : FAE8;
5119 : F234;
5120 : 061E;
5121 : 03CB;
5122 : 10DC;
5123 : FE9E;
5124 : EF11;
5125 : F002;
5126 : 093D;
5127 : 1391;
5128 : F584;
5129 : F1DC;
5130 : F158;
5131 : 0838;
5132 : F775;
5133 : 11DE;
5134 : 05E6;
5135 : F0DF;
5136 : 0BB5;
5137 : 0CA0;
5138 : 0FF8;
5139 : 09F0;
5140 : F182;
5141 : FD54;
5142 : FBFE;
5143 : FB3F;
5144 : F9BF;
5145 : 0A4D;
5146 : 0AE5;
5147 : 032A;
5148 : 0DCA;
5149 : F0CC;
5150 : F3FE;
5151 : 08E2;
5152 : 04AF;
5153 : 0AE9;
5154 : 075D;
5155 : 0D78;
5156 : FF9F;
5157 : 01D3;
5158 : 0022;
5159 : 0258;
5160 : 00DC;
5161 : FD9C;
5162 : 06AF;
5163 : 0325;
5164 : 03A9;
5165 : 09E8;
5166 : EC98;
5167 : F2BD;
5168 : FA11;
5169 : F6E3;
5170 : 068D;
5171 : 075D;
5172 : EE43;
5173 : 11F2;
5174 : F0F8;
5175 : 028F;
5176 : 08E6;
5177 : 13C1;
5178 : 0055;
5179 : 0489;
5180 : 043F;
5181 : F0EB;
5182 : F467;
5183 : 088A;
5184 : 056B;
5185 : FB42;
5186 : F0C7;
5187 : F0D4;
5188 : FC9D;
5189 : FAFC;
5190 : 0B3E;
5191 : F4A6;
5192 : 0905;
5193 : 02BE;
5194 : FC84;
5195 : 0583;
5196 : 0350;
5197 : 0DCB;
5198 : 03FA;
5199 : 07C6;
5200 : FF97;
5201 : 0861;
5202 : 114C;
5203 : 0170;
5204 : 0467;
5205 : 050D;
5206 : 08D5;
5207 : FCE7;
5208 : 12C6;
5209 : 01D4;
5210 : 03A1;
5211 : 089C;
5212 : F600;
5213 : FE9F;
5214 : F0DF;
5215 : 0007;
5216 : 1180;
5217 : 04E4;
5218 : 0F32;
5219 : FC13;
5220 : F3B1;
5221 : 04BB;
5222 : F581;
5223 : 0940;
5224 : F510;
5225 : 0997;
5226 : EFF1;
5227 : FEB4;
5228 : F299;
5229 : FC39;
5230 : F7D1;
5231 : FB17;
5232 : F335;
5233 : 1086;
5234 : 10CB;
5235 : 0672;
5236 : 0BD0;
5237 : 0439;
5238 : EE47;
5239 : 0B38;
5240 : F7ED;
5241 : 10C3;
5242 : F3AE;
5243 : FBC4;
5244 : 0A39;
5245 : 1244;
5246 : 0C74;
5247 : FB48;
5248 : F28C;
5249 : FA12;
5250 : 0917;
5251 : 0518;
5252 : F7B1;
5253 : F6BE;
5254 : 08C6;
5255 : 0B6A;
5256 : F6F7;
5257 : FAB5;
5258 : 0072;
5259 : F3C9;
5260 : 0ACB;
5261 : F7C9;
5262 : EF86;
5263 : 058D;
5264 : 09DC;
5265 : 06AE;
5266 : 05F2;
5267 : F770;
5268 : 0A57;
5269 : 12D4;
5270 : 0A7F;
5271 : 095D;
5272 : F479;
5273 : 136C;
5274 : 12B4;
5275 : 0575;
5276 : 005F;
5277 : 031F;
5278 : EEDC;
5279 : 089C;
5280 : F246;
5281 : 0F56;
5282 : FB8E;
5283 : F040;
5284 : 0298;
5285 : EF26;
5286 : F3E5;
5287 : F4C2;
5288 : EE98;
5289 : F498;
5290 : 026C;
5291 : 1333;
5292 : FE86;
5293 : 0084;
5294 : F684;
5295 : ECF9;
5296 : F11F;
5297 : 0C74;
5298 : 0C56;
5299 : EFB4;
5300 : F3E5;
5301 : FEC0;
5302 : 11CC;
5303 : 0684;
5304 : 0D89;
5305 : 0982;
5306 : FC48;
5307 : 10DE;
5308 : EFB2;
5309 : 0291;
5310 : 0858;
5311 : F882;
5312 : 089D;
5313 : 10C0;
5314 : EC79;
5315 : 04C4;
5316 : EF6A;
5317 : EC74;
5318 : FAFB;
5319 : FD90;
5320 : 1364;
5321 : 0526;
5322 : FDAA;
5323 : F7B2;
5324 : FD59;
5325 : F739;
5326 : 0C6F;
5327 : FA0C;
5328 : 04B9;
5329 : 03B1;
5330 : F58B;
5331 : 0C95;
5332 : EDAF;
5333 : FE62;
5334 : 0D4C;
5335 : 036E;
5336 : 0B2D;
5337 : 0F2F;
5338 : 03B9;
5339 : 0CED;
5340 : FEB9;
5341 : 0280;
5342 : F95D;
5343 : 0027;
5344 : 01C7;
5345 : 0179;
5346 : 11B1;
5347 : F66A;
5348 : 01A8;
5349 : 1394;
5350 : 12F3;
5351 : 1375;
5352 : ED52;
5353 : FD42;
5354 : 136F;
5355 : 0697;
5356 : 01B0;
5357 : EE25;
5358 : 09F6;
5359 : 0698;
5360 : F9C4;
5361 : F84D;
5362 : FD88;
5363 : EF42;
5364 : FC68;
5365 : F4E1;
5366 : 07DA;
5367 : F6C2;
5368 : 0B2E;
5369 : F555;
5370 : F3C3;
5371 : 0FB8;
5372 : 0A8A;
5373 : F1B3;
5374 : F4CD;
5375 : 12F5;
5376 : F512;
5377 : FD24;
5378 : F593;
5379 : FDE3;
5380 : 0E27;
5381 : 0C9F;
5382 : F0B3;
5383 : F507;
5384 : FC20;
5385 : 017E;
5386 : FA83;
5387 : F284;
5388 : 1181;
5389 : 037E;
5390 : EEB1;
5391 : EF58;
5392 : F50F;
5393 : 0DEC;
5394 : 00B6;
5395 : 085B;
5396 : 0394;
5397 : 07C1;
5398 : 04E3;
5399 : 0A33;
5400 : EEBA;
5401 : FCCE;
5402 : 02AF;
5403 : 0A26;
5404 : 02A3;
5405 : F8F0;
5406 : FE1B;
5407 : 068E;
5408 : ED1A;
5409 : F31A;
5410 : 0B62;
5411 : 112A;
5412 : 0E39;
5413 : F251;
5414 : FF15;
5415 : 129A;
5416 : 11AF;
5417 : 08FC;
5418 : F150;
5419 : 0A59;
5420 : ED17;
5421 : F0F2;
5422 : FD99;
5423 : 05AB;
5424 : F514;
5425 : F468;
5426 : F847;
5427 : FF8A;
5428 : 0EE4;
5429 : 0CC2;
5430 : 0683;
5431 : F7BE;
5432 : 012C;
5433 : 09E7;
5434 : 1031;
5435 : F339;
5436 : F920;
5437 : FE02;
5438 : FA37;
5439 : 11A1;
5440 : ED64;
5441 : FB0A;
5442 : 0303;
5443 : 125D;
5444 : 0963;
5445 : 0AE6;
5446 : 0E13;
5447 : F360;
5448 : F9B5;
5449 : FFA9;
5450 : 0220;
5451 : 0310;
5452 : 122D;
5453 : 054D;
5454 : 07C3;
5455 : 06C6;
5456 : F27D;
5457 : 128C;
5458 : F5A3;
5459 : 02C3;
5460 : 094C;
5461 : 04A5;
5462 : 0D08;
5463 : F312;
5464 : F8EE;
5465 : 0473;
5466 : 0F5A;
5467 : FDB9;
5468 : 05DC;
5469 : 0726;
5470 : 012A;
5471 : 0B6B;
5472 : 02C0;
5473 : F7EF;
5474 : ED88;
5475 : F436;
5476 : F5D2;
5477 : 07F2;
5478 : 0494;
5479 : FFEF;
5480 : 0BE5;
5481 : 0345;
5482 : 02F1;
5483 : F023;
5484 : FAC0;
5485 : FD92;
5486 : ED89;
5487 : EF8B;
5488 : F37E;
5489 : 0E15;
5490 : EE2A;
5491 : 0B5C;
5492 : 0D63;
5493 : FAC5;
5494 : EE0D;
5495 : FF0D;
5496 : 05BA;
5497 : 036D;
5498 : 128F;
5499 : EDF7;
5500 : F114;
5501 : 021A;
5502 : 025D;
5503 : F02A;
5504 : F5DE;
5505 : F848;
5506 : EFA6;
5507 : 040B;
5508 : F77F;
5509 : F06F;
5510 : 0A2A;
5511 : 083C;
5512 : F1D6;
5513 : 07EE;
5514 : EE73;
5515 : FD49;
5516 : F1FC;
5517 : 0B16;
5518 : F55B;
5519 : F1B9;
5520 : EE16;
5521 : 055A;
5522 : 0786;
5523 : F4A9;
5524 : F64C;
5525 : 019D;
5526 : FD8F;
5527 : F44B;
5528 : 07B0;
5529 : 043B;
5530 : 14D1;
5531 : 0838;
5532 : F993;
5533 : F141;
5534 : ED33;
5535 : FC5F;
5536 : 080A;
5537 : EC6C;
5538 : F06B;
5539 : F4E6;
5540 : F15A;
5541 : 05D1;
5542 : F712;
5543 : F57F;
5544 : 0B45;
5545 : F56A;
5546 : F0CB;
5547 : F4FF;
5548 : F289;
5549 : 0C45;
5550 : 0DF4;
5551 : EEC0;
5552 : FF6F;
5553 : 00BD;
5554 : F9CD;
5555 : FA69;
5556 : 063C;
5557 : F403;
5558 : 04E9;
5559 : 039C;
5560 : 0E45;
5561 : 0DEB;
5562 : 0F3E;
5563 : FD2B;
5564 : 0CAC;
5565 : 1009;
5566 : 1074;
5567 : 0A45;
5568 : F3F2;
5569 : F6EA;
5570 : FB9D;
5571 : 0B2F;
5572 : 0A3B;
5573 : 1048;
5574 : 02BD;
5575 : FBB2;
5576 : 0F4E;
5577 : 11E3;
5578 : F88A;
5579 : F95B;
5580 : F9B7;
5581 : F774;
5582 : 0B1C;
5583 : FB3F;
5584 : 0BB9;
5585 : 017B;
5586 : 0A77;
5587 : F1BC;
5588 : F7E4;
5589 : FC3C;
5590 : 0DB0;
5591 : F977;
5592 : 0C91;
5593 : F6A7;
5594 : 03CC;
5595 : F1F8;
5596 : F281;
5597 : 04A9;
5598 : 0FC5;
5599 : 09BD;
5600 : FB25;
5601 : 0427;
5602 : EF66;
5603 : EF66;
5604 : FDA7;
5605 : 06E1;
5606 : F901;
5607 : F522;
5608 : EE49;
5609 : FDB3;
5610 : F05B;
5611 : 0B24;
5612 : 03F5;
5613 : 0838;
5614 : 0A22;
5615 : 05C3;
5616 : 0809;
5617 : 1282;
5618 : 0075;
5619 : F987;
5620 : 0949;
5621 : 0507;
5622 : 065F;
5623 : 018A;
5624 : 09E1;
5625 : 102D;
5626 : 0298;
5627 : F190;
5628 : 0836;
5629 : ECF9;
5630 : 0676;
5631 : 09CA;
5632 : 07EC;
5633 : 03F0;
5634 : F692;
5635 : F2FA;
5636 : 0766;
5637 : EF58;
5638 : FB4F;
5639 : EE84;
5640 : 0296;
5641 : 0ECE;
5642 : F31A;
5643 : 100E;
5644 : 05E4;
5645 : 046D;
5646 : 0C1A;
5647 : 1170;
5648 : 0804;
5649 : 10A0;
5650 : FBAF;
5651 : 01A1;
5652 : F000;
5653 : F926;
5654 : FE82;
5655 : 0F1E;
5656 : F87C;
5657 : F3A3;
5658 : 1387;
5659 : 031D;
5660 : F013;
5661 : 0B6F;
5662 : 03CB;
5663 : 0441;
5664 : F778;
5665 : FB16;
5666 : EDDA;
5667 : FEF5;
5668 : FB3A;
5669 : F1A0;
5670 : F89C;
5671 : 0A4F;
5672 : 0759;
5673 : 0A66;
5674 : EE75;
5675 : FA94;
5676 : F9EF;
5677 : FB89;
5678 : FE3C;
5679 : 0B23;
5680 : FE7E;
5681 : 02F4;
5682 : 0426;
5683 : FCF5;
5684 : F66A;
5685 : F16F;
5686 : 0D9C;
5687 : 0ABE;
5688 : 0FE3;
5689 : F9F3;
5690 : 0B61;
5691 : EDCA;
5692 : F4F1;
5693 : F3D0;
5694 : EFAD;
5695 : FEC8;
5696 : F55A;
5697 : 14A9;
5698 : FB92;
5699 : 07A0;
5700 : 123A;
5701 : 0ED1;
5702 : 0CF7;
5703 : 052B;
5704 : EFE7;
5705 : F7BA;
5706 : 1057;
5707 : FD8F;
5708 : F18E;
5709 : FBD0;
5710 : 06E4;
5711 : F531;
5712 : FAE0;
5713 : 00A3;
5714 : F614;
5715 : 044C;
5716 : FE76;
5717 : 09FA;
5718 : EF78;
5719 : 0B57;
5720 : F10B;
5721 : 0CEF;
5722 : F08A;
5723 : F41E;
5724 : F0C3;
5725 : 00C7;
5726 : 0182;
5727 : F32F;
5728 : F8A7;
5729 : 0021;
5730 : FDF0;
5731 : 0883;
5732 : F1B0;
5733 : F386;
5734 : 10E8;
5735 : 0119;
5736 : EB64;
5737 : EF35;
5738 : F229;
5739 : FD00;
5740 : F988;
5741 : EE40;
5742 : 0163;
5743 : 153D;
5744 : 114D;
5745 : F42C;
5746 : 0704;
5747 : FA8E;
5748 : 0DFB;
5749 : 0123;
5750 : 0952;
5751 : 0896;
5752 : 057F;
5753 : 047C;
5754 : F3EA;
5755 : F4F4;
5756 : F897;
5757 : FCF2;
5758 : F9FC;
5759 : 0F8F;
5760 : 0DE3;
5761 : 07D3;
5762 : 02B6;
5763 : 06B5;
5764 : EF90;
5765 : F51C;
5766 : 05D0;
5767 : EEF1;
5768 : 03A0;
5769 : 0298;
5770 : FCD1;
5771 : 121D;
5772 : 0516;
5773 : 029F;
5774 : FD1F;
5775 : F90F;
5776 : 1306;
5777 : 02E8;
5778 : F2FA;
5779 : FC08;
5780 : FA8D;
5781 : 1417;
5782 : EF1F;
5783 : F611;
5784 : FE34;
5785 : FCB1;
5786 : 0EAD;
5787 : F261;
5788 : 06AC;
5789 : EF5D;
5790 : 0FAF;
5791 : FAFD;
5792 : 1395;
5793 : F93F;
5794 : F58B;
5795 : 0581;
5796 : 0EE3;
5797 : 12E2;
5798 : 06AB;
5799 : FFBA;
5800 : FFD3;
5801 : FADE;
5802 : F433;
5803 : FEFF;
5804 : 1034;
5805 : F2CC;
5806 : F2E6;
5807 : F031;
5808 : ED27;
5809 : F7EE;
5810 : F895;
5811 : EEEE;
5812 : 0BA8;
5813 : F577;
5814 : 04A2;
5815 : 1149;
5816 : 0268;
5817 : 0CD9;
5818 : 05B8;
5819 : 0001;
5820 : F0EE;
5821 : 0B81;
5822 : 03A7;
5823 : 004E;
5824 : 0544;
5825 : 12B7;
5826 : FD49;
5827 : EF77;
5828 : FEB9;
5829 : F53F;
5830 : F791;
5831 : F0C7;
5832 : 0E44;
5833 : F4E3;
5834 : 0DED;
5835 : 06AF;
5836 : 0758;
5837 : 1358;
5838 : ED0C;
5839 : 0638;
5840 : F70D;
5841 : 0CFF;
5842 : EFF8;
5843 : 0DF3;
5844 : F60C;
5845 : 07B6;
5846 : 113A;
5847 : 0A6A;
5848 : 1219;
5849 : F4D2;
5850 : F08F;
5851 : FCD4;
5852 : 0CD9;
5853 : 01B3;
5854 : FBD1;
5855 : F94F;
5856 : 0840;
5857 : 1180;
5858 : 051A;
5859 : F2AA;
5860 : FF8C;
5861 : FCE0;
5862 : F21E;
5863 : 03A6;
5864 : EC8C;
5865 : F79F;
5866 : 0880;
5867 : 0112;
5868 : 1689;
5869 : 03A4;
5870 : 0022;
5871 : 0EB8;
5872 : FB00;
5873 : EF21;
5874 : ED20;
5875 : F93F;
5876 : 07CF;
5877 : 161F;
5878 : 0FF7;
5879 : FB13;
5880 : F18C;
5881 : 0631;
5882 : F163;
5883 : FD2B;
5884 : 0D18;
5885 : EC3F;
5886 : 0A52;
5887 : F466;
5888 : F43C;
5889 : 13F7;
5890 : F467;
5891 : 0C74;
5892 : 0DDF;
5893 : 0513;
5894 : FC7F;
5895 : F4D8;
5896 : 0622;
5897 : 0EB1;
5898 : FDAD;
5899 : ECB2;
5900 : F90A;
5901 : 0303;
5902 : 0897;
5903 : 07B9;
5904 : 1342;
5905 : 0404;
5906 : 07B9;
5907 : FCF7;
5908 : F254;
5909 : 050B;
5910 : 0F1F;
5911 : 0470;
5912 : 0B9E;
5913 : 0ED1;
5914 : 008D;
5915 : F2FC;
5916 : 0AFC;
5917 : FADE;
5918 : 0681;
5919 : 105D;
5920 : FBB9;
5921 : F68E;
5922 : 01A9;
5923 : F2C0;
5924 : 002D;
5925 : 0B1B;
5926 : 0716;
5927 : FCF6;
5928 : 0F24;
5929 : 0038;
5930 : 0DED;
5931 : F4A7;
5932 : FA84;
5933 : EBD7;
5934 : E89C;
5935 : F04C;
5936 : 03FC;
5937 : 059F;
5938 : EF95;
5939 : F807;
5940 : 0C76;
5941 : FBEE;
5942 : F2CC;
5943 : F226;
5944 : 0397;
5945 : 0617;
5946 : 0190;
5947 : 0CD6;
5948 : 01B6;
5949 : FC7F;
5950 : F124;
5951 : 040C;
5952 : F7BB;
5953 : 0D6C;
5954 : 0530;
5955 : FD2C;
5956 : EB22;
5957 : 0435;
5958 : FF26;
5959 : 0D61;
5960 : F774;
5961 : F159;
5962 : 057F;
5963 : 018B;
5964 : 007A;
5965 : F544;
5966 : EF8B;
5967 : 0DF4;
5968 : F57B;
5969 : 06BB;
5970 : 025B;
5971 : F2C2;
5972 : 0913;
5973 : 045C;
5974 : F0CB;
5975 : 0F09;
5976 : 12C9;
5977 : 0283;
5978 : 0083;
5979 : EE0A;
5980 : 00CA;
5981 : 087A;
5982 : E9FB;
5983 : 0A07;
5984 : F523;
5985 : EE48;
5986 : F990;
5987 : 07C3;
5988 : F8F3;
5989 : 0049;
5990 : 0EDA;
5991 : 1125;
5992 : F68C;
5993 : F9E3;
5994 : 02DB;
5995 : 08E7;
5996 : 032B;
5997 : 0EAA;
5998 : FBD9;
5999 : 0F1C;
6000 : F7BF;
6001 : ED22;
6002 : 003D;
6003 : FB80;
6004 : 01F6;
6005 : 07E1;
6006 : F9DA;
6007 : FDCD;
6008 : F5AA;
6009 : F37E;
6010 : 1081;
6011 : FBE2;
6012 : 1000;
6013 : F28A;
6014 : 0E70;
6015 : 0D97;
6016 : 0584;
6017 : 0900;
6018 : 0798;
6019 : 005A;
6020 : FADC;
6021 : 0349;
6022 : 0A29;
6023 : FF7F;
6024 : 073B;
6025 : 00A5;
6026 : ED39;
6027 : F992;
6028 : FBEA;
6029 : 0A09;
6030 : F993;
6031 : F2D0;
6032 : 1618;
6033 : 055F;
6034 : F882;
6035 : ED79;
6036 : F6DF;
6037 : 1064;
6038 : EC1F;
6039 : EF3A;
6040 : 1150;
6041 : 004F;
6042 : 06BB;
6043 : 05D7;
6044 : FF9F;
6045 : F989;
6046 : 0351;
6047 : 0F6A;
6048 : FE27;
6049 : 0DA3;
6050 : 122B;
6051 : 0990;
6052 : 0FE5;
6053 : F2C4;
6054 : 07C9;
6055 : 138F;
6056 : 0288;
6057 : F5B5;
6058 : 0567;
6059 : F460;
6060 : 00CE;
6061 : EA6D;
6062 : EE56;
6063 : 09FB;
6064 : F34C;
6065 : F64B;
6066 : F729;
6067 : 0917;
6068 : FB1D;
6069 : 091E;
6070 : FE6B;
6071 : EFF8;
6072 : EF40;
6073 : 0A04;
6074 : 088E;
6075 : F153;
6076 : 0539;
6077 : EC9B;
6078 : 11E7;
6079 : 10A7;
6080 : 0CA6;
6081 : 0492;
6082 : FE10;
6083 : 01D3;
6084 : 0F2F;
6085 : F159;
6086 : 0047;
6087 : F5F3;
6088 : 0AFD;
6089 : F932;
6090 : F333;
6091 : F80D;
6092 : F00E;
6093 : 11DF;
6094 : FE96;
6095 : F516;
6096 : F16E;
6097 : 0CA2;
6098 : F45C;
6099 : F2B5;
6100 : 15F2;
6101 : 0EDD;
6102 : 02BB;
6103 : 007E;
6104 : 0C8C;
6105 : FF99;
6106 : 07A2;
6107 : FD36;
6108 : F5AA;
6109 : EEBF;
6110 : FBFB;
6111 : F7DF;
6112 : 15C9;
6113 : F0C8;
6114 : 0F61;
6115 : 102B;
6116 : F472;
6117 : 0C72;
6118 : F33E;
6119 : 111D;
6120 : 0D1C;
6121 : F355;
6122 : 12E6;
6123 : F3C4;
6124 : 0140;
6125 : F928;
6126 : F674;
6127 : FE3A;
6128 : 08A4;
6129 : 10A6;
6130 : 0B53;
6131 : EBD1;
6132 : FDD4;
6133 : F6F5;
6134 : F741;
6135 : F085;
6136 : 0993;
6137 : 0CE3;
6138 : FA24;
6139 : FEE2;
6140 : 0E6E;
6141 : 0AC3;
6142 : FC49;
6143 : 11FB;
6144 : 00AE;
6145 : 000D;
6146 : 08CE;
6147 : 0D14;
6148 : 0B42;
6149 : F674;
6150 : F512;
6151 : 0F18;
6152 : FE63;
6153 : FC86;
6154 : F337;
6155 : FF28;
6156 : F8C4;
6157 : 0284;
6158 : EFD7;
6159 : EF62;
6160 : F1B7;
6161 : 022E;
6162 : FF49;
6163 : F3C0;
6164 : FDC4;
6165 : 059C;
6166 : ED3B;
6167 : F8AE;
6168 : 0D79;
6169 : 066E;
6170 : FCC8;
6171 : F677;
6172 : 024D;
6173 : 0D3C;
6174 : E76D;
6175 : F441;
6176 : F999;
6177 : F850;
6178 : F269;
6179 : 04B3;
6180 : FD47;
6181 : 0632;
6182 : FA75;
6183 : 07D8;
6184 : F586;
6185 : 0D1D;
6186 : FF06;
6187 : 0D3A;
6188 : FA14;
6189 : FFB9;
6190 : F655;
6191 : F593;
6192 : F8FE;
6193 : 0AA0;
6194 : E8CA;
6195 : 119F;
6196 : FC8F;
6197 : 00C9;
6198 : FC32;
6199 : FEE5;
6200 : 13BA;
6201 : 11AC;
6202 : FB40;
6203 : ED34;
6204 : 0C36;
6205 : 0E7D;
6206 : 04D2;
6207 : F8F7;
6208 : 07D1;
6209 : 1300;
6210 : F0E4;
6211 : EEF1;
6212 : EDC5;
6213 : E9FE;
6214 : 03D1;
6215 : 0F76;
6216 : 07FA;
6217 : F478;
6218 : FA02;
6219 : EE22;
6220 : FA49;
6221 : F7A5;
6222 : EE04;
6223 : 0CDD;
6224 : 042C;
6225 : 070C;
6226 : FA8D;
6227 : 119A;
6228 : 04F6;
6229 : 162A;
6230 : FB92;
6231 : EFF7;
6232 : F0AF;
6233 : 01D1;
6234 : 08F6;
6235 : FEC3;
6236 : 0E6E;
6237 : ED77;
6238 : 087F;
6239 : F926;
6240 : F5C7;
6241 : 0121;
6242 : F340;
6243 : 0817;
6244 : 0236;
6245 : F732;
6246 : 00FB;
6247 : 0E16;
6248 : 07B0;
6249 : F20F;
6250 : 0F4A;
6251 : EF11;
6252 : 01DB;
6253 : 0984;
6254 : E97E;
6255 : FEC0;
6256 : 0EA4;
6257 : 0A93;
6258 : FE81;
6259 : 04DF;
6260 : FC15;
6261 : 1560;
6262 : 1839;
6263 : 115E;
6264 : 0146;
6265 : FD48;
6266 : 02E4;
6267 : F638;
6268 : FBA5;
6269 : 0E72;
6270 : F89A;
6271 : 055E;
6272 : 0B6A;
6273 : 12D8;
6274 : 1220;
6275 : 0AE1;
6276 : F2E1;
6277 : 0299;
6278 : 0538;
6279 : 0D7C;
6280 : EF1E;
6281 : F349;
6282 : F072;
6283 : F8F3;
6284 : 031F;
6285 : 079A;
6286 : F63C;
6287 : F499;
6288 : 0B6A;
6289 : E9AF;
6290 : 089D;
6291 : EDCB;
6292 : 11F8;
6293 : 0C9D;
6294 : 1049;
6295 : F7D2;
6296 : 1199;
6297 : F4EF;
6298 : 0127;
6299 : 0770;
6300 : 05C9;
6301 : 04FA;
6302 : F0E9;
6303 : F075;
6304 : 1148;
6305 : EEFA;
6306 : EE24;
6307 : F3F6;
6308 : 0BD7;
6309 : FE3D;
6310 : 033E;
6311 : 146E;
6312 : FC51;
6313 : 0BA4;
6314 : 0F2F;
6315 : FE1F;
6316 : 101F;
6317 : EE7B;
6318 : F22A;
6319 : FB74;
6320 : EBB8;
6321 : 0ACA;
6322 : F12E;
6323 : 05BB;
6324 : F3EF;
6325 : 13BC;
6326 : F783;
6327 : 01B2;
6328 : 037A;
6329 : FE6B;
6330 : FC94;
6331 : F6FA;
6332 : EF86;
6333 : 09A3;
6334 : 1140;
6335 : F951;
6336 : 0A1E;
6337 : F1D1;
6338 : F7B1;
6339 : 1139;
6340 : F373;
6341 : F8D8;
6342 : FA9C;
6343 : 032A;
6344 : F0D3;
6345 : 0893;
6346 : 07AB;
6347 : ED22;
6348 : 13B3;
6349 : 0CB7;
6350 : 0842;
6351 : F3EC;
6352 : FC58;
6353 : 010C;
6354 : FF63;
6355 : F517;
6356 : FFD1;
6357 : F2E3;
6358 : F259;
6359 : F7C3;
6360 : 080C;
6361 : E9A2;
6362 : FBB6;
6363 : FE4C;
6364 : FAAC;
6365 : FFB4;
6366 : EFC1;
6367 : FD60;
6368 : 023D;
6369 : F2C1;
6370 : EEF9;
6371 : EF60;
6372 : 00A3;
6373 : F707;
6374 : FBEA;
6375 : FD56;
6376 : 0BBB;
6377 : FCEB;
6378 : FC33;
6379 : 0810;
6380 : 11F6;
6381 : EAA5;
6382 : E553;
6383 : 067B;
6384 : FF5E;
6385 : FAD7;
6386 : 055E;
6387 : F2AC;
6388 : 105D;
6389 : FD25;
6390 : 0B96;
6391 : EF11;
6392 : FE1F;
6393 : FD9F;
6394 : 0D81;
6395 : 0B39;
6396 : 0F4B;
6397 : F00D;
6398 : 0E6F;
6399 : FAE7;
6400 : 016A;
6401 : F110;
6402 : EF56;
6403 : 09DF;
6404 : FE80;
6405 : 0225;
6406 : 1099;
6407 : 048B;
6408 : 01DD;
6409 : FE01;
6410 : 0DA4;
6411 : 0436;
6412 : F490;
6413 : FD95;
6414 : 01B3;
6415 : 10B0;
6416 : 0882;
6417 : F630;
6418 : 028D;
6419 : F902;
6420 : F703;
6421 : FC0F;
6422 : 132C;
6423 : 0A41;
6424 : F5A9;
6425 : 0B1D;
6426 : 0EBA;
6427 : 0301;
6428 : 0C8E;
6429 : 0B0D;
6430 : FE66;
6431 : 0ECD;
6432 : 1604;
6433 : 1023;
6434 : 0726;
6435 : FDE2;
6436 : 09A5;
6437 : F6D4;
6438 : F937;
6439 : ECDD;
6440 : EDD8;
6441 : F40B;
6442 : FFBF;
6443 : 07F5;
6444 : 0E91;
6445 : FE73;
6446 : F423;
6447 : F82C;
6448 : F834;
6449 : 07B5;
6450 : 0882;
6451 : F480;
6452 : F70E;
6453 : F4F6;
6454 : 073E;
6455 : 0ADF;
6456 : FB6F;
6457 : 099F;
6458 : EAAB;
6459 : F79A;
6460 : 0F77;
6461 : EE49;
6462 : FC1A;
6463 : 0FF6;
6464 : 073E;
6465 : F646;
6466 : F41D;
6467 : 1045;
6468 : 09D8;
6469 : F3A0;
6470 : F5F6;
6471 : 12E5;
6472 : FED6;
6473 : 04D0;
6474 : 06B9;
6475 : EAC2;
6476 : F0B3;
6477 : 06B8;
6478 : EEF2;
6479 : FDB8;
6480 : FAF3;
6481 : 0B5D;
6482 : F2EE;
6483 : 094C;
6484 : 120B;
6485 : 0DEE;
6486 : FA2C;
6487 : F969;
6488 : 136A;
6489 : F12A;
6490 : 0DD0;
6491 : EB35;
6492 : F8CD;
6493 : 03F7;
6494 : F695;
6495 : 05B1;
6496 : 0640;
6497 : F40D;
6498 : 1273;
6499 : 02E2;
6500 : 070A;
6501 : EFBB;
6502 : F08C;
6503 : 08F4;
6504 : F643;
6505 : F9F8;
6506 : 110F;
6507 : 0C5A;
6508 : 0B33;
6509 : EED9;
6510 : 04CC;
6511 : EFA7;
6512 : F46C;
6513 : 1276;
6514 : 0CE8;
6515 : 0721;
6516 : ED6D;
6517 : 025B;
6518 : 0934;
6519 : EB56;
6520 : FF9D;
6521 : EE55;
6522 : F28D;
6523 : 1467;
6524 : 09B1;
6525 : 0B39;
6526 : 04C6;
6527 : F813;
6528 : F9C9;
6529 : FDCC;
6530 : 04DC;
6531 : 0E14;
6532 : 0E7E;
6533 : 02BD;
6534 : 0999;
6535 : F0D1;
6536 : EC53;
6537 : 01E8;
6538 : EA62;
6539 : F274;
6540 : 0AAF;
6541 : FEFE;
6542 : 041D;
6543 : EFD4;
6544 : 127E;
6545 : 0B9B;
6546 : F85F;
6547 : F621;
6548 : 1703;
6549 : 097E;
6550 : F87B;
6551 : F681;
6552 : F17C;
6553 : EC0E;
6554 : FB39;
6555 : EF8C;
6556 : FFE8;
6557 : 0A44;
6558 : 0001;
6559 : F75E;
6560 : F285;
6561 : 0840;
6562 : 02D2;
6563 : FAED;
6564 : 0E80;
6565 : 0000;
6566 : FEA7;
6567 : FE10;
6568 : 11CE;
6569 : EE63;
6570 : 063C;
6571 : F35F;
6572 : 0931;
6573 : 055A;
6574 : 044A;
6575 : 03DE;
6576 : 0556;
6577 : 10C4;
6578 : 14D9;
6579 : 1275;
6580 : FA7B;
6581 : F355;
6582 : F765;
6583 : 0A97;
6584 : 109B;
6585 : F13D;
6586 : 026C;
6587 : F903;
6588 : 0E99;
6589 : 1520;
6590 : F3D4;
6591 : FEB7;
6592 : F4CD;
6593 : 0F62;
6594 : 0CF7;
6595 : F637;
6596 : FE19;
6597 : FFEF;
6598 : 0498;
6599 : 083E;
6600 : 0889;
6601 : 0AC1;
6602 : 0312;
6603 : F11F;
6604 : 070D;
6605 : F637;
6606 : 09E8;
6607 : 143A;
6608 : 1129;
6609 : 06C4;
6610 : EF5D;
6611 : 095A;
6612 : FA7B;
6613 : 023F;
6614 : 07F8;
6615 : 08BB;
6616 : 05A4;
6617 : F961;
6618 : 10DC;
6619 : F072;
6620 : 0A53;
6621 : 12FF;
6622 : 002E;
6623 : 04A6;
6624 : 131D;
6625 : F94C;
6626 : 02AC;
6627 : E8D3;
6628 : F818;
6629 : 0B28;
6630 : 06FD;
6631 : 06E0;
6632 : 0E48;
6633 : 0AE7;
6634 : 0C7B;
6635 : F00C;
6636 : 0573;
6637 : 04AE;
6638 : F77B;
6639 : 042E;
6640 : 0746;
6641 : 1613;
6642 : 14B4;
6643 : 1273;
6644 : 0DC2;
6645 : 0E08;
6646 : 0349;
6647 : FBDB;
6648 : 0D29;
6649 : EF52;
6650 : F54E;
6651 : 04A4;
6652 : FAD6;
6653 : F960;
6654 : 0DF6;
6655 : 0CCC;
6656 : 0978;
6657 : 10BD;
6658 : F813;
6659 : FA32;
6660 : F207;
6661 : FBCD;
6662 : F56F;
6663 : 1483;
6664 : ED29;
6665 : 022F;
6666 : F1BB;
6667 : EF59;
6668 : 1451;
6669 : 005E;
6670 : EF9B;
6671 : FB8D;
6672 : 0E12;
6673 : F07C;
6674 : 067C;
6675 : F9A6;
6676 : 18E1;
6677 : F289;
6678 : FCA2;
6679 : F318;
6680 : FC14;
6681 : 035E;
6682 : ECE5;
6683 : FABE;
6684 : 097E;
6685 : F4F6;
6686 : F81B;
6687 : F6D9;
6688 : F46A;
6689 : F872;
6690 : 08C3;
6691 : ECB8;
6692 : 051B;
6693 : 0583;
6694 : EF07;
6695 : ECB4;
6696 : FA1A;
6697 : 0283;
6698 : FD6C;
6699 : FC89;
6700 : 04F1;
6701 : F3BA;
6702 : 0274;
6703 : FC8F;
6704 : EED0;
6705 : F1FB;
6706 : 053B;
6707 : F157;
6708 : F69B;
6709 : 0B8B;
6710 : 0251;
6711 : 0B1D;
6712 : 0702;
6713 : F873;
6714 : 0C10;
6715 : 0FCF;
6716 : 1481;
6717 : 0426;
6718 : FAA4;
6719 : 03B2;
6720 : 03F5;
6721 : 028D;
6722 : 01D3;
6723 : FF9B;
6724 : F789;
6725 : 070D;
6726 : 0A20;
6727 : 0621;
6728 : ED9F;
6729 : F2EF;
6730 : F861;
6731 : EBDD;
6732 : FB75;
6733 : FF60;
6734 : 1360;
6735 : 02A3;
6736 : 0F8A;
6737 : 04D1;
6738 : 09E7;
6739 : 047F;
6740 : FA5D;
6741 : 070A;
6742 : 0ED4;
6743 : 0B69;
6744 : 147B;
6745 : F3DC;
6746 : F3CA;
6747 : 036F;
6748 : 0F37;
6749 : F1BE;
6750 : 0EC6;
6751 : F991;
6752 : 1039;
6753 : 027C;
6754 : 07FF;
6755 : E864;
6756 : F7D6;
6757 : F35D;
6758 : 0C2B;
6759 : EBB2;
6760 : 0E53;
6761 : 0043;
6762 : 0BC7;
6763 : 08E2;
6764 : 147A;
6765 : ECD0;
6766 : 0352;
6767 : EA79;
6768 : F9B0;
6769 : F0F2;
6770 : 057C;
6771 : EEAD;
6772 : 0FB6;
6773 : FDFD;
6774 : F78D;
6775 : F77F;
6776 : 0A6F;
6777 : FC44;
6778 : F68E;
6779 : 0571;
6780 : F267;
6781 : 08E1;
6782 : FD3F;
6783 : 069F;
6784 : FD31;
6785 : 0D62;
6786 : 031E;
6787 : 00DF;
6788 : F0B2;
6789 : FE79;
6790 : 0A5A;
6791 : 0AC9;
6792 : FD5B;
6793 : FC3F;
6794 : 0F8A;
6795 : 0292;
6796 : F848;
6797 : ECA0;
6798 : 0381;
6799 : 1268;
6800 : 184F;
6801 : ED7C;
6802 : FCC8;
6803 : ECEB;
6804 : F93D;
6805 : ED6D;
6806 : FB83;
6807 : 0AEF;
6808 : 0D5F;
6809 : 02F1;
6810 : 03D6;
6811 : EDC9;
6812 : FF3C;
6813 : 0C57;
6814 : 0669;
6815 : FBCC;
6816 : 163A;
6817 : F12B;
6818 : F498;
6819 : F8B7;
6820 : 0E95;
6821 : 0EE2;
6822 : ECEA;
6823 : 1052;
6824 : EE6C;
6825 : F03D;
6826 : F886;
6827 : EC02;
6828 : 13D4;
6829 : FE9A;
6830 : 03D5;
6831 : F79D;
6832 : 0F6F;
6833 : EFCF;
6834 : F88D;
6835 : F09C;
6836 : FA34;
6837 : F026;
6838 : F1C6;
6839 : 1019;
6840 : 08E6;
6841 : EF6F;
6842 : 0251;
6843 : 03F7;
6844 : 0EC8;
6845 : 109D;
6846 : 04C4;
6847 : FC2A;
6848 : 018E;
6849 : F4FB;
6850 : 036D;
6851 : F5EF;
6852 : FD48;
6853 : 0520;
6854 : F8E3;
6855 : FCF1;
6856 : F0A6;
6857 : F694;
6858 : 0FE0;
6859 : 0F08;
6860 : 10BA;
6861 : F9D3;
6862 : F6A2;
6863 : FC9A;
6864 : FD05;
6865 : 05F9;
6866 : FB62;
6867 : F474;
6868 : 03C5;
6869 : FDF7;
6870 : FFA8;
6871 : 0253;
6872 : 0AE7;
6873 : 0093;
6874 : 07F0;
6875 : EFFA;
6876 : 08A1;
6877 : F67D;
6878 : ED10;
6879 : FC6C;
6880 : FF3E;
6881 : FA3E;
6882 : 0CF3;
6883 : F83E;
6884 : F272;
6885 : F55B;
6886 : F5F1;
6887 : 0EAE;
6888 : 064A;
6889 : 0A26;
6890 : 095A;
6891 : FDFF;
6892 : F8E7;
6893 : 0D06;
6894 : EEB3;
6895 : 0E94;
6896 : 0C56;
6897 : 0331;
6898 : 145A;
6899 : 0BFB;
6900 : F017;
6901 : ED84;
6902 : 02B6;
6903 : EFBA;
6904 : 0705;
6905 : 05DB;
6906 : F759;
6907 : 0F06;
6908 : 0A98;
6909 : F692;
6910 : 0D6A;
6911 : FF84;
6912 : FAA7;
6913 : 0686;
6914 : FA27;
6915 : EEBD;
6916 : 1687;
6917 : FB2B;
6918 : F665;
6919 : 0D00;
6920 : 0842;
6921 : 0C1B;
6922 : FC3C;
6923 : F8D2;
6924 : 0D50;
6925 : F508;
6926 : FFBE;
6927 : FF90;
6928 : 0D2F;
6929 : 102F;
6930 : 1225;
6931 : 0E44;
6932 : EE1E;
6933 : F36F;
6934 : ECD0;
6935 : F1A0;
6936 : 142C;
6937 : 07EA;
6938 : FF4C;
6939 : FE78;
6940 : FD56;
6941 : ED83;
6942 : E959;
6943 : 010F;
6944 : 1548;
6945 : F735;
6946 : 0D4E;
6947 : 06F9;
6948 : F018;
6949 : FA33;
6950 : 0B43;
6951 : FBFD;
6952 : E81C;
6953 : 1625;
6954 : 0405;
6955 : F2CC;
6956 : F393;
6957 : F673;
6958 : 0EBA;
6959 : F13C;
6960 : F833;
6961 : 0D04;
6962 : EF96;
6963 : FCD3;
6964 : F41D;
6965 : 1196;
6966 : 0A2A;
6967 : F3F3;
6968 : EE5A;
6969 : F670;
6970 : 05A7;
6971 : 066F;
6972 : 0785;
6973 : 03F9;
6974 : 110F;
6975 : F5E1;
6976 : FEDB;
6977 : FABF;
6978 : EEDC;
6979 : F9E0;
6980 : EF28;
6981 : 071A;
6982 : F17C;
6983 : 09B0;
6984 : EEE1;
6985 : F76C;
6986 : F7CB;
6987 : 121A;
6988 : 09DC;
6989 : 109B;
6990 : 0BBE;
6991 : F245;
6992 : F28F;
6993 : F265;
6994 : 0865;
6995 : 103F;
6996 : 03CF;
6997 : 02AC;
6998 : F7BC;
6999 : 0698;
7000 : 0ED6;
7001 : FED0;
7002 : F176;
7003 : 064F;
7004 : F90F;
7005 : 072D;
7006 : FEFC;
7007 : FA57;
7008 : 12F5;
7009 : F8D3;
7010 : 07C2;
7011 : 0CB8;
7012 : FFB8;
7013 : 056F;
7014 : 03E2;
7015 : FC31;
7016 : 0F2C;
7017 : 10D4;
7018 : 0C19;
7019 : ECBD;
7020 : F3F2;
7021 : 0FE3;
7022 : F65F;
7023 : 0696;
7024 : 0047;
7025 : F573;
7026 : F2A2;
7027 : 0ADF;
7028 : 099C;
7029 : 1240;
7030 : FB30;
7031 : F999;
7032 : F4F3;
7033 : 12B2;
7034 : 05A9;
7035 : EC0A;
7036 : EF7F;
7037 : 0C01;
7038 : EF2C;
7039 : EFCB;
7040 : F414;
7041 : 003F;
7042 : 05FC;
7043 : EEA9;
7044 : F319;
7045 : 0DE1;
7046 : FB96;
7047 : 1234;
7048 : FECC;
7049 : 0BEA;
7050 : F657;
7051 : 0779;
7052 : 0DB9;
7053 : F31D;
7054 : 0DD7;
7055 : 10F5;
7056 : 0F7F;
7057 : 10A9;
7058 : F722;
7059 : 105E;
7060 : 07E3;
7061 : FEBC;
7062 : F6E0;
7063 : EFB4;
7064 : 10F1;
7065 : FBDC;
7066 : EE22;
7067 : 1351;
7068 : 0BDC;
7069 : 119E;
7070 : FEA9;
7071 : 0AFD;
7072 : 0FBE;
7073 : 018F;
7074 : F92C;
7075 : 0B4E;
7076 : FE08;
7077 : EDA5;
7078 : FE34;
7079 : 07B5;
7080 : 1308;
7081 : FA16;
7082 : 0621;
7083 : EC6B;
7084 : ED13;
7085 : 0A20;
7086 : 0913;
7087 : 04DC;
7088 : 1262;
7089 : 0565;
7090 : F624;
7091 : EF82;
7092 : FB9C;
7093 : 0AAD;
7094 : 027F;
7095 : 0D2A;
7096 : EE46;
7097 : 0E94;
7098 : 0A8F;
7099 : EE23;
7100 : 04AB;
7101 : 0B78;
7102 : 00E1;
7103 : 09AD;
7104 : F1D6;
7105 : 0690;
7106 : F888;
7107 : 0590;
7108 : F439;
7109 : 08FB;
7110 : 11ED;
7111 : 0BA1;
7112 : EFB9;
7113 : 1363;
7114 : 0B08;
7115 : F3A4;
7116 : F205;
7117 : F07C;
7118 : FAAB;
7119 : F96A;
7120 : 0608;
7121 : 0943;
7122 : F73A;
7123 : EDB7;
7124 : 0F9F;
7125 : 12F5;
7126 : F3F0;
7127 : F859;
7128 : 061A;
7129 : F00A;
7130 : FF9B;
7131 : F60A;
7132 : 0C5C;
7133 : F839;
7134 : ED64;
7135 : 0011;
7136 : 055A;
7137 : FAD8;
7138 : FD00;
7139 : F9A0;
7140 : 0412;
7141 : FC06;
7142 : FA2D;
7143 : 0BB0;
7144 : F2A0;
7145 : 04B4;
7146 : 0615;
7147 : 00B3;
7148 : FE3D;
7149 : EFAF;
7150 : 0F03;
7151 : EF65;
7152 : FEAE;
7153 : 0D73;
7154 : 0DCC;
7155 : EF84;
7156 : FA43;
7157 : 11C3;
7158 : FA82;
7159 : F934;
7160 : F21F;
7161 : F592;
7162 : F069;
7163 : F51F;
7164 : F8B0;
7165 : F971;
7166 : 10A8;
7167 : EDE5;
7168 : F390;
7169 : F4F3;
7170 : 09C3;
7171 : F7DF;
7172 : 0B71;
7173 : 00AD;
7174 : FDC2;
7175 : 0326;
7176 : ED7D;
7177 : 01B1;
7178 : 0831;
7179 : F944;
7180 : 0163;
7181 : 08DE;
7182 : 0DE8;
7183 : 0EDC;
7184 : 0B82;
7185 : 0164;
7186 : F7B5;
7187 : FE9D;
7188 : 1360;
7189 : 09E7;
7190 : 09E4;
7191 : 048A;
7192 : 127D;
7193 : F428;
7194 : FDBE;
7195 : 077E;
7196 : 0959;
7197 : 01A1;
7198 : 0DD6;
7199 : F12B;
7200 : 1318;
7201 : 09FC;
7202 : ECDA;
7203 : 0C64;
7204 : F4F7;
7205 : F2A3;
7206 : FAEF;
7207 : F6FC;
7208 : 0284;
7209 : 07B6;
7210 : FCE4;
7211 : 07C7;
7212 : F0BA;
7213 : F443;
7214 : 0E57;
7215 : 1095;
7216 : 0478;
7217 : F2AF;
7218 : F6BA;
7219 : F607;
7220 : 0599;
7221 : 0F20;
7222 : 0D76;
7223 : F811;
7224 : 078C;
7225 : 0EAC;
7226 : F6E4;
7227 : 090D;
7228 : 0AA5;
7229 : EEA4;
7230 : 0E89;
7231 : 0EB2;
7232 : 035B;
7233 : FC9A;
7234 : ED8F;
7235 : F99B;
7236 : 11B9;
7237 : 004B;
7238 : ED2E;
7239 : 00AE;
7240 : 0C14;
7241 : 032F;
7242 : 0FC9;
7243 : 04A6;
7244 : 0D21;
7245 : 0F58;
7246 : ECFD;
7247 : 06F3;
7248 : 11FB;
7249 : 06AC;
7250 : 045A;
7251 : 1076;
7252 : FF78;
7253 : 0540;
7254 : 05B5;
7255 : EED0;
7256 : FA8C;
7257 : F6AA;
7258 : 0EFF;
7259 : F411;
7260 : FBC4;
7261 : 0608;
7262 : F637;
7263 : F34A;
7264 : 01DF;
7265 : F8D9;
7266 : 11F9;
7267 : F328;
7268 : FBDB;
7269 : F484;
7270 : 106A;
7271 : EFFC;
7272 : 0870;
7273 : 056C;
7274 : F3DA;
7275 : EE26;
7276 : F6F8;
7277 : F3CD;
7278 : FEC8;
7279 : F6B9;
7280 : 0D99;
7281 : F924;
7282 : 0E59;
7283 : 0989;
7284 : 02F4;
7285 : 06E4;
7286 : 0DCE;
7287 : 072E;
7288 : 0DD6;
7289 : 0635;
7290 : F70D;
7291 : ED22;
7292 : F9DB;
7293 : 04B6;
7294 : F8CD;
7295 : F461;
7296 : F83D;
7297 : EC2D;
7298 : 00DB;
7299 : F0A2;
7300 : EDE1;
7301 : 0041;
7302 : EFA7;
7303 : F6E8;
7304 : FD09;
7305 : FFA8;
7306 : 0F4A;
7307 : 08DF;
7308 : 0992;
7309 : 0755;
7310 : 02AC;
7311 : F2BB;
7312 : 0432;
7313 : F629;
7314 : F641;
7315 : F5AE;
7316 : 0038;
7317 : EFB0;
7318 : 087F;
7319 : 0FEA;
7320 : F032;
7321 : F7E4;
7322 : F37F;
7323 : FD62;
7324 : 1259;
7325 : FABD;
7326 : F847;
7327 : 07C4;
7328 : FE04;
7329 : F3C9;
7330 : 02BE;
7331 : 05A5;
7332 : F97A;
7333 : FD07;
7334 : FEC2;
7335 : EB9B;
7336 : 0158;
7337 : 0A7F;
7338 : FB14;
7339 : F625;
7340 : 0927;
7341 : 0413;
7342 : 1272;
7343 : 1083;
7344 : 12EB;
7345 : F715;
7346 : F85E;
7347 : F658;
7348 : F758;
7349 : F427;
7350 : F2B8;
7351 : 0F75;
7352 : FF28;
7353 : 07A0;
7354 : 0D71;
7355 : F695;
7356 : F62D;
7357 : F41A;
7358 : F48A;
7359 : 115B;
7360 : F77C;
7361 : F509;
7362 : 08ED;
7363 : 090B;
7364 : 0788;
7365 : 04A7;
7366 : 0BEF;
7367 : 082B;
7368 : F8DB;
7369 : EF4D;
7370 : FA04;
7371 : 0F3E;
7372 : 092F;
7373 : FA1A;
7374 : 0318;
7375 : FCBB;
7376 : 103C;
7377 : F0E9;
7378 : 01BC;
7379 : 0798;
7380 : F08C;
7381 : 0D54;
7382 : 035E;
7383 : 0FA0;
7384 : F073;
7385 : 02F6;
7386 : 09FB;
7387 : 0130;
7388 : 0D66;
7389 : 0C65;
7390 : 0759;
7391 : 04AC;
7392 : FFDF;
7393 : F0EE;
7394 : 0F8B;
7395 : 0B10;
7396 : F3F2;
7397 : 0DCD;
7398 : 0B45;
7399 : 1054;
7400 : FE4C;
7401 : 0AF5;
7402 : 01AF;
7403 : F0B3;
7404 : 0D87;
7405 : 01F5;
7406 : F12C;
7407 : F6C2;
7408 : 0E84;
7409 : 08DF;
7410 : EF74;
7411 : FF14;
7412 : F0B8;
7413 : F499;
7414 : 11FD;
7415 : F34B;
7416 : 0E10;
7417 : 0205;
7418 : F52A;
7419 : EE4C;
7420 : FEA8;
7421 : 0160;
7422 : FB89;
7423 : 07C3;
7424 : 0DFC;
7425 : 095C;
7426 : EF21;
7427 : F839;
7428 : F617;
7429 : FCC1;
7430 : 0350;
7431 : 163E;
7432 : 07B8;
7433 : 13DC;
7434 : 0D8E;
7435 : 1233;
7436 : F374;
7437 : 130C;
7438 : EF45;
7439 : F883;
7440 : 000B;
7441 : FF8A;
7442 : FFBD;
7443 : 0807;
7444 : 0DE1;
7445 : EBB4;
7446 : 0357;
7447 : F39E;
7448 : FE40;
7449 : F6E8;
7450 : F6C2;
7451 : 029F;
7452 : 1582;
7453 : F4C4;
7454 : 0F74;
7455 : 08C6;
7456 : 0695;
7457 : 0782;
7458 : 07F0;
7459 : F53D;
7460 : F9BC;
7461 : 056B;
7462 : FA64;
7463 : FB61;
7464 : FF43;
7465 : ECE6;
7466 : 15E3;
7467 : 01E9;
7468 : 1666;
7469 : F4BB;
7470 : FDBD;
7471 : FCED;
7472 : F597;
7473 : 00A4;
7474 : 061B;
7475 : 0B9D;
7476 : FD8C;
7477 : 0581;
7478 : 0C56;
7479 : EFA3;
7480 : FB8C;
7481 : 0213;
7482 : EA9C;
7483 : F786;
7484 : F23F;
7485 : 192F;
7486 : F54C;
7487 : 0B6E;
7488 : F3C1;
7489 : 0996;
7490 : F59C;
7491 : F988;
7492 : 0B29;
7493 : EBE1;
7494 : F3D8;
7495 : EFF2;
7496 : 0740;
7497 : FF5C;
7498 : 0D40;
7499 : F2AF;
7500 : F556;
7501 : 1118;
7502 : E7BE;
7503 : 09E6;
7504 : F5F3;
7505 : F41B;
7506 : FC87;
7507 : 0D02;
7508 : 0EF3;
7509 : 0806;
7510 : 0837;
7511 : ED66;
7512 : F02B;
7513 : 14EE;
7514 : FC17;
7515 : F21D;
7516 : 0AB9;
7517 : F89C;
7518 : 0C2A;
7519 : 0CB8;
7520 : F9B6;
7521 : FD45;
7522 : FC92;
7523 : F562;
7524 : EDBD;
7525 : 01B8;
7526 : 0B0A;
7527 : F5C9;
7528 : 0C3C;
7529 : 0B36;
7530 : 0CCB;
7531 : F750;
7532 : F2BF;
7533 : F5CE;
7534 : 0CD0;
7535 : F3F0;
7536 : 063F;
7537 : FE2A;
7538 : 0CB4;
7539 : 0603;
7540 : 031D;
7541 : 14A3;
7542 : 0FE1;
7543 : FB94;
7544 : FA7B;
7545 : F29E;
7546 : F7C1;
7547 : F926;
7548 : FEFC;
7549 : F6C5;
7550 : 01F6;
7551 : F6A0;
7552 : 01D7;
7553 : 1891;
7554 : ED90;
7555 : FCE1;
7556 : EE8D;
7557 : 11D0;
7558 : 0993;
7559 : FFE3;
7560 : 058B;
7561 : EC9C;
7562 : FA6E;
7563 : 00E0;
7564 : EC94;
7565 : FD06;
7566 : 0CC3;
7567 : 0A0A;
7568 : 0214;
7569 : 11F9;
7570 : F54D;
7571 : 0894;
7572 : FCD4;
7573 : 0986;
7574 : FA4B;
7575 : 0740;
7576 : F1C7;
7577 : 0D7F;
7578 : F66D;
7579 : 08B0;
7580 : 07D5;
7581 : 09B1;
7582 : 0507;
7583 : F1B9;
7584 : F9B2;
7585 : 0C36;
7586 : 0823;
7587 : 0B89;
7588 : 0B3F;
7589 : 1344;
7590 : 001F;
7591 : 0397;
7592 : 0109;
7593 : F637;
7594 : F005;
7595 : EFD5;
7596 : 015C;
7597 : F776;
7598 : 0952;
7599 : F23D;
7600 : FC56;
7601 : F06F;
7602 : FCF4;
7603 : F0B6;
7604 : F16D;
7605 : FCD6;
7606 : FA61;
7607 : F829;
7608 : 058C;
7609 : 0CDC;
7610 : 0412;
7611 : F4E9;
7612 : 0E98;
7613 : F495;
7614 : 113F;
7615 : 0B8B;
7616 : FAA4;
7617 : 0B7B;
7618 : F0AB;
7619 : F711;
7620 : FFF7;
7621 : 0C3E;
7622 : EEEB;
7623 : 12C5;
7624 : EF0C;
7625 : EE6C;
7626 : 04CA;
7627 : 0426;
7628 : FF6A;
7629 : 0B43;
7630 : 00D7;
7631 : 01D1;
7632 : 0755;
7633 : FE68;
7634 : 12A5;
7635 : 0C64;
7636 : ED2F;
7637 : F7F1;
7638 : EFD8;
7639 : 0851;
7640 : 126B;
7641 : F151;
7642 : F162;
7643 : FBB8;
7644 : ECF1;
7645 : F985;
7646 : 0836;
7647 : 0E80;
7648 : FD2F;
7649 : F3E2;
7650 : ECE4;
7651 : 091F;
7652 : 0BC0;
7653 : 0D10;
7654 : 01E2;
7655 : 0F3F;
7656 : E94B;
7657 : 0DDE;
7658 : 0085;
7659 : EFA3;
7660 : 0BED;
7661 : F32E;
7662 : 0FA1;
7663 : F46E;
7664 : F5A7;
7665 : 0FAC;
7666 : 0F4F;
7667 : 031D;
7668 : 05C3;
7669 : 0AD8;
7670 : F29E;
7671 : 07FC;
7672 : 1188;
7673 : 0B7A;
7674 : F71C;
7675 : 077E;
7676 : FAF8;
7677 : 02D3;
7678 : FBCE;
7679 : F07E;
7680 : 0F00;
7681 : F7DA;
7682 : FFC3;
7683 : 02D8;
7684 : E9F1;
7685 : F73E;
7686 : 130F;
7687 : 0552;
7688 : EC67;
7689 : 0A90;
7690 : F0D5;
7691 : 10C7;
7692 : F814;
7693 : 05EC;
7694 : F1DF;
7695 : EFDB;
7696 : F490;
7697 : FF7A;
7698 : FC34;
7699 : 0483;
7700 : 07AB;
7701 : 081E;
7702 : FEE2;
7703 : 004E;
7704 : FCAB;
7705 : F358;
7706 : 0F08;
7707 : F609;
7708 : 07EB;
7709 : 0719;
7710 : F625;
7711 : 10AB;
7712 : 0EA7;
7713 : 1566;
7714 : FDE2;
7715 : FB93;
7716 : F23A;
7717 : EF82;
7718 : EE68;
7719 : 04CD;
7720 : FAF0;
7721 : FA8E;
7722 : 120E;
7723 : FC08;
7724 : F52D;
7725 : 0AA0;
7726 : F506;
7727 : 00ED;
7728 : 0435;
7729 : 0AA4;
7730 : 1528;
7731 : FCC8;
7732 : F294;
7733 : 1038;
7734 : F6F8;
7735 : F5E5;
7736 : 0D43;
7737 : ECFD;
7738 : 0AC9;
7739 : 0C1A;
7740 : F33A;
7741 : F328;
7742 : 121C;
7743 : EFF3;
7744 : 08C0;
7745 : 0B5B;
7746 : 09BC;
7747 : 03EC;
7748 : F453;
7749 : F099;
7750 : 0E42;
7751 : 021F;
7752 : FE06;
7753 : 039C;
7754 : 0CB4;
7755 : 03C4;
7756 : 1041;
7757 : 07F3;
7758 : FC17;
7759 : 019C;
7760 : FE11;
7761 : FD4E;
7762 : FDCC;
7763 : FE01;
7764 : FFA5;
7765 : F987;
7766 : F0A6;
7767 : F682;
7768 : 0B45;
7769 : F784;
7770 : F21E;
7771 : FC65;
7772 : 0DCF;
7773 : 110C;
7774 : FD20;
7775 : 07EA;
7776 : FD59;
7777 : 0003;
7778 : FD1D;
7779 : 0F1E;
7780 : 0273;
7781 : FFE7;
7782 : 0E25;
7783 : 05BB;
7784 : 0647;
7785 : 07C1;
7786 : 000F;
7787 : 0CCA;
7788 : 00D0;
7789 : E946;
7790 : F054;
7791 : 033A;
7792 : 098E;
7793 : FC4A;
7794 : FE13;
7795 : 0FEA;
7796 : FB30;
7797 : 0B57;
7798 : FE49;
7799 : F24B;
7800 : F681;
7801 : 06BC;
7802 : 0798;
7803 : F7C0;
7804 : FB34;
7805 : 0276;
7806 : 11A6;
7807 : FEA4;
7808 : FB5E;
7809 : FA66;
7810 : FD08;
7811 : 0BAC;
7812 : 058E;
7813 : EF4C;
7814 : F72F;
7815 : F3F0;
7816 : 0256;
7817 : 0B1B;
7818 : 0697;
7819 : F925;
7820 : 0467;
7821 : 0246;
7822 : F17B;
7823 : 0D50;
7824 : 0F1D;
7825 : EF32;
7826 : 0F89;
7827 : 09B0;
7828 : EF1E;
7829 : 134E;
7830 : F0AA;
7831 : 0C0C;
7832 : 00D5;
7833 : F8EF;
7834 : 0616;
7835 : 0A3D;
7836 : F4DF;
7837 : 0B53;
7838 : F575;
7839 : 0D6C;
7840 : 1662;
7841 : 1689;
7842 : 0BE4;
7843 : FBB2;
7844 : F33E;
7845 : F6ED;
7846 : F1CA;
7847 : F53B;
7848 : ECEB;
7849 : FE56;
7850 : FC57;
7851 : 01DC;
7852 : 0D5A;
7853 : 080F;
7854 : 0BC7;
7855 : FD04;
7856 : EEEE;
7857 : 0CC2;
7858 : 08F1;
7859 : F038;
7860 : 09C2;
7861 : 0DFC;
7862 : 0E4B;
7863 : F2D2;
7864 : 088E;
7865 : F50B;
7866 : 02FE;
7867 : 0DBE;
7868 : FCD7;
7869 : E8D6;
7870 : FD8C;
7871 : 1128;
7872 : 0BD1;
7873 : F7F4;
7874 : 0927;
7875 : EE1F;
7876 : 073C;
7877 : 0D1B;
7878 : 0626;
7879 : F115;
7880 : 052E;
7881 : FF24;
7882 : E8D5;
7883 : F271;
7884 : 082E;
7885 : F6F1;
7886 : F681;
7887 : 093F;
7888 : 08B4;
7889 : FE97;
7890 : F1C2;
7891 : EFEB;
7892 : 110A;
7893 : F94C;
7894 : FC37;
7895 : 0C99;
7896 : F345;
7897 : 0980;
7898 : F4E0;
7899 : 0049;
7900 : 03C4;
7901 : 0B12;
7902 : FCDA;
7903 : 116F;
7904 : 0A84;
7905 : FC40;
7906 : F358;
7907 : FE30;
7908 : EC3F;
7909 : F813;
7910 : 0A10;
7911 : 00C6;
7912 : FA9A;
7913 : F4CE;
7914 : FA7B;
7915 : 00C5;
7916 : F692;
7917 : E6C8;
7918 : 0271;
7919 : FFBC;
7920 : ED7F;
7921 : 0854;
7922 : FC88;
7923 : 0782;
7924 : F5B5;
7925 : 1364;
7926 : 003B;
7927 : 06F4;
7928 : FFEC;
7929 : FEC3;
7930 : FBC4;
7931 : 0069;
7932 : 0DED;
7933 : EEB3;
7934 : F000;
7935 : F746;
7936 : 06A0;
7937 : 10AD;
7938 : 0C8B;
7939 : 0420;
7940 : 0220;
7941 : 100B;
7942 : F4E5;
7943 : 0543;
7944 : FEBC;
7945 : F787;
7946 : E99F;
7947 : 0802;
7948 : F46B;
7949 : F820;
7950 : F97B;
7951 : FD11;
7952 : F589;
7953 : F92A;
7954 : ED24;
7955 : 09D8;
7956 : F3B8;
7957 : FD7A;
7958 : 0468;
7959 : 0F99;
7960 : 0375;
7961 : F536;
7962 : 01F3;
7963 : F255;
7964 : F5D9;
7965 : FE3B;
7966 : E85C;
7967 : F85A;
7968 : 1304;
7969 : 05C5;
7970 : F2A2;
7971 : F117;
7972 : 03C1;
7973 : FFF3;
7974 : 039B;
7975 : 1182;
7976 : 037D;
7977 : 0AF1;
7978 : FADB;
7979 : FA93;
7980 : F643;
7981 : F8FF;
7982 : 068B;
7983 : 01D2;
7984 : F552;
7985 : 04C7;
7986 : F6E9;
7987 : ED13;
7988 : 0246;
7989 : 1003;
7990 : 0234;
7991 : FE57;
7992 : 08D7;
7993 : EFA6;
7994 : F096;
7995 : F3EA;
7996 : 0A99;
7997 : F76E;
7998 : EC28;
7999 : F869;
8000 : 0496;
8001 : 0440;
8002 : 0C33;
8003 : F95B;
8004 : 0B25;
8005 : 0CA8;
8006 : 094D;
8007 : 0C2D;
8008 : 01F9;
8009 : 129C;
8010 : F6BF;
8011 : 0DDA;
8012 : F85A;
8013 : 0455;
8014 : FF8A;
8015 : 11F2;
8016 : 010B;
8017 : F0F8;
8018 : 0E10;
8019 : F969;
8020 : 1012;
8021 : FA42;
8022 : F68E;
8023 : EEAB;
8024 : F824;
8025 : F65A;
8026 : F839;
8027 : F193;
8028 : 0584;
8029 : 0AE0;
8030 : FA30;
8031 : FD3F;
8032 : F259;
8033 : 0A43;
8034 : FAE3;
8035 : 1418;
8036 : 0F20;
8037 : F327;
8038 : F06D;
8039 : 002A;
8040 : F57A;
8041 : 0417;
8042 : 0EDF;
8043 : 08F7;
8044 : 09FA;
8045 : F5A2;
8046 : FD8F;
8047 : F85C;
8048 : FFBB;
8049 : F3D9;
8050 : FEC4;
8051 : 0370;
8052 : F6F6;
8053 : F79A;
8054 : F492;
8055 : 0302;
8056 : F626;
8057 : 0F52;
8058 : F655;
8059 : EDEA;
8060 : F3AC;
8061 : 11BC;
8062 : FD07;
8063 : F85A;
8064 : 0A51;
8065 : F4D8;
8066 : 0FC1;
8067 : 06BE;
8068 : 05C9;
8069 : F326;
8070 : 12EA;
8071 : FD6D;
8072 : 0E01;
8073 : 1140;
8074 : 0087;
8075 : 0009;
8076 : 05CC;
8077 : F0AA;
8078 : F9EB;
8079 : 04D2;
8080 : 0984;
8081 : 002C;
8082 : F5A5;
8083 : 046D;
8084 : FF8C;
8085 : 0954;
8086 : 0297;
8087 : 1250;
8088 : EEF8;
8089 : F675;
8090 : 0BD8;
8091 : 0154;
8092 : F31B;
8093 : 0AAA;
8094 : F3AA;
8095 : F48A;
8096 : 1251;
8097 : 1093;
8098 : 1135;
8099 : 05C9;
8100 : FD0D;
8101 : 0E29;
8102 : 00D5;
8103 : 06A1;
8104 : FB1B;
8105 : EE4A;
8106 : 0484;
8107 : 066B;
8108 : F4C2;
8109 : 0195;
8110 : EC81;
8111 : F0E0;
8112 : F4D0;
8113 : 0432;
8114 : F1A1;
8115 : 10E9;
8116 : EEAC;
8117 : FF4F;
8118 : 0987;
8119 : 0E61;
8120 : FAE1;
8121 : 0DEF;
8122 : 00DD;
8123 : F95D;
8124 : F44F;
8125 : 03DC;
8126 : F6BD;
8127 : 1289;
8128 : F0F1;
8129 : FA34;
8130 : 0A99;
8131 : F41D;
8132 : F9CA;
8133 : 02AC;
8134 : FF3A;
8135 : F6E5;
8136 : 009E;
8137 : 0B47;
8138 : F005;
8139 : 029E;
8140 : 062D;
8141 : 0DE2;
8142 : F70B;
8143 : 0C7F;
8144 : FC17;
8145 : 08B5;
8146 : F80B;
8147 : 0CB9;
8148 : F2AD;
8149 : 1417;
8150 : 0450;
8151 : 0601;
8152 : 03E6;
8153 : F49A;
8154 : 05F7;
8155 : F033;
8156 : 0F57;
8157 : F683;
8158 : E9A0;
8159 : 00B0;
8160 : FCB8;
8161 : 11A0;
8162 : 03B2;
8163 : 06FA;
8164 : 048F;
8165 : F213;
8166 : 1153;
8167 : 10BF;
8168 : 10EE;
8169 : 0F54;
8170 : F523;
8171 : 0F53;
8172 : FE76;
8173 : 04AD;
8174 : 05D8;
8175 : F27C;
8176 : 1318;
8177 : 03CB;
8178 : EF91;
8179 : FFCB;
8180 : FB45;
8181 : 0323;
8182 : 012F;
8183 : 011E;
8184 : 11D8;
8185 : 02B5;
8186 : 0353;
8187 : F75B;
8188 : 0F92;
8189 : F5D9;
8190 : 100A;
8191 : 00F4;
8192 : F214;
8193 : 1072;
8194 : F698;
8195 : 03C7;
8196 : F50E;
8197 : FF3D;
8198 : 0C73;
8199 : 0120;
8200 : EF58;
8201 : FE70;
8202 : FAF7;
8203 : EC78;
8204 : ECB8;
8205 : 05E6;
8206 : 139C;
8207 : EFFC;
8208 : 0A56;
8209 : EE26;
8210 : ED22;
8211 : FB76;
8212 : F3E6;
8213 : 020B;
8214 : F420;
8215 : F5F6;
8216 : 031D;
8217 : 13BD;
8218 : 06A9;
8219 : FB1D;
8220 : 07B4;
8221 : 07DA;
8222 : F907;
8223 : F719;
8224 : 11B5;
8225 : 0D6A;
8226 : 09FE;
8227 : 04F6;
8228 : FBD3;
8229 : 10C3;
8230 : 0902;
8231 : 0802;
8232 : 042B;
8233 : F59F;
8234 : 0086;
8235 : 013D;
8236 : FFC7;
8237 : 0548;
8238 : F157;
8239 : 032A;
8240 : EC91;
8241 : 00D2;
8242 : EF6C;
8243 : 0941;
8244 : 0896;
8245 : F564;
8246 : 103C;
8247 : EFD2;
8248 : F019;
8249 : F125;
8250 : F866;
8251 : 01CE;
8252 : F740;
8253 : F5CB;
8254 : F6C4;
8255 : 113E;
8256 : 0FF2;
8257 : F807;
8258 : 024E;
8259 : 09F9;
8260 : FFA4;
8261 : F0A6;
8262 : 1006;
8263 : 00B8;
8264 : 0CA2;
8265 : F6ED;
8266 : 0F69;
8267 : EFEC;
8268 : 098F;
8269 : FBB8;
8270 : F418;
8271 : 0FED;
8272 : 04C4;
8273 : 06A8;
8274 : F571;
8275 : 0A46;
8276 : 0A21;
8277 : 010D;
8278 : 0C9B;
8279 : 04F9;
8280 : 1085;
8281 : F0F4;
8282 : 1297;
8283 : F932;
8284 : FBA4;
8285 : F23E;
8286 : F0CA;
8287 : EA5B;
8288 : FE4B;
8289 : 1239;
8290 : 02A4;
8291 : F568;
8292 : F334;
8293 : F200;
8294 : 0D57;
8295 : 06C3;
8296 : F9DE;
8297 : F652;
8298 : 00AE;
8299 : FD34;
8300 : 02A2;
8301 : F86C;
8302 : 09BC;
8303 : F56A;
8304 : 05A9;
8305 : 0AD2;
8306 : F9E7;
8307 : 0E55;
8308 : F84C;
8309 : 1249;
8310 : 0833;
8311 : FBEA;
8312 : 0E22;
8313 : 0347;
8314 : 1509;
8315 : 1032;
8316 : 046F;
8317 : 096E;
8318 : F206;
8319 : F5FD;
8320 : 0825;
8321 : 0772;
8322 : 073D;
8323 : F27F;
8324 : 099A;
8325 : FCBE;
8326 : FBC4;
8327 : F1A1;
8328 : FB8F;
8329 : 0CB6;
8330 : 01E3;
8331 : 0A0C;
8332 : F7E1;
8333 : FA5C;
8334 : 0344;
8335 : F3D3;
8336 : 1320;
8337 : F75D;
8338 : 1005;
8339 : 0A72;
8340 : FFFF;
8341 : 04E3;
8342 : 0B21;
8343 : FC31;
8344 : 131D;
8345 : FF6C;
8346 : 0C1D;
8347 : 0907;
8348 : F565;
8349 : FC9A;
8350 : F702;
8351 : F8C5;
8352 : F8ED;
8353 : FB21;
8354 : 0346;
8355 : F75A;
8356 : FFD5;
8357 : 1347;
8358 : 0A3F;
8359 : 0277;
8360 : F1F2;
8361 : F1C7;
8362 : 0A99;
8363 : 0E27;
8364 : FF82;
8365 : F494;
8366 : F4CD;
8367 : F797;
8368 : 095E;
8369 : 03F8;
8370 : F174;
8371 : 0ED4;
8372 : 0399;
8373 : 026B;
8374 : 0767;
8375 : 05F8;
8376 : FB2D;
8377 : F829;
8378 : 1256;
8379 : 0552;
8380 : 12B4;
8381 : FB18;
8382 : F117;
8383 : 09F9;
8384 : F824;
8385 : FE3E;
8386 : F9A3;
8387 : 081C;
8388 : F4F9;
8389 : EF92;
8390 : 058A;
8391 : 1487;
8392 : 0F68;
8393 : FFF6;
8394 : 0824;
8395 : F64C;
8396 : 0E9C;
8397 : 08B9;
8398 : F758;
8399 : 0CDF;
8400 : 00FB;
8401 : 13DC;
8402 : EAE7;
8403 : 0D98;
8404 : F621;
8405 : 05BE;
8406 : FBD4;
8407 : F718;
8408 : F764;
8409 : EF53;
8410 : 0140;
8411 : FD9D;
8412 : 0105;
8413 : F8E9;
8414 : 0F79;
8415 : 08FE;
8416 : 0E3E;
8417 : F0E9;
8418 : 1191;
8419 : F1EA;
8420 : F4BE;
8421 : FAED;
8422 : 0B3B;
8423 : F95C;
8424 : EFEE;
8425 : F29D;
8426 : EF2D;
8427 : 071E;
8428 : FB76;
8429 : EA21;
8430 : F620;
8431 : 08A1;
8432 : F093;
8433 : FCF9;
8434 : 0A25;
8435 : F85F;
8436 : EC3A;
8437 : 1200;
8438 : FFD8;
8439 : 0C88;
8440 : F986;
8441 : 07F0;
8442 : EC05;
8443 : 01C5;
8444 : 0DB9;
8445 : F668;
8446 : 0A58;
8447 : 068C;
8448 : F34F;
8449 : F84A;
8450 : EC57;
8451 : 0D3D;
8452 : 1427;
8453 : 0AED;
8454 : F10D;
8455 : 0ED6;
8456 : 0C02;
8457 : FA6A;
8458 : F561;
8459 : 0912;
8460 : 055E;
8461 : 0678;
8462 : 0E13;
8463 : F7F9;
8464 : FCF9;
8465 : 0FF3;
8466 : E9B2;
8467 : F246;
8468 : F612;
8469 : 09E1;
8470 : 0D37;
8471 : 04D3;
8472 : 002D;
8473 : FA9C;
8474 : FC76;
8475 : F827;
8476 : FF97;
8477 : 108B;
8478 : FFE0;
8479 : 0079;
8480 : 091F;
8481 : F858;
8482 : 022A;
8483 : EDB8;
8484 : 0903;
8485 : F793;
8486 : 02CF;
8487 : 0D4B;
8488 : 0840;
8489 : FB88;
8490 : EF11;
8491 : FDDD;
8492 : 16FF;
8493 : 0038;
8494 : F98A;
8495 : F138;
8496 : F2AD;
8497 : F837;
8498 : 0B08;
8499 : 010C;
8500 : F7FF;
8501 : F206;
8502 : F9EC;
8503 : 05E3;
8504 : 0E0D;
8505 : F575;
8506 : F664;
8507 : 0E20;
8508 : 175E;
8509 : FD78;
8510 : FC0E;
8511 : F062;
8512 : 0532;
8513 : 0F41;
8514 : 0A04;
8515 : 02CB;
8516 : 0C2E;
8517 : EE59;
8518 : 0A6E;
8519 : 104B;
8520 : FFBD;
8521 : E622;
8522 : 00AC;
8523 : 0595;
8524 : 02AB;
8525 : EEE2;
8526 : F69E;
8527 : F350;
8528 : FB0D;
8529 : 0209;
8530 : 00B9;
8531 : EC83;
8532 : F70A;
8533 : F67A;
8534 : 0FD4;
8535 : F326;
8536 : F56B;
8537 : F801;
8538 : F13A;
8539 : F026;
8540 : 0B2D;
8541 : 0283;
8542 : F6B7;
8543 : FE28;
8544 : FCAF;
8545 : F26F;
8546 : FBAF;
8547 : 0BF3;
8548 : 0333;
8549 : 116E;
8550 : 0144;
8551 : 0B64;
8552 : F1EA;
8553 : F6F0;
8554 : EBDA;
8555 : 0B6C;
8556 : FDF0;
8557 : 074B;
8558 : 0B2F;
8559 : F518;
8560 : 0600;
8561 : 06BD;
8562 : FB7B;
8563 : 0B32;
8564 : 0212;
8565 : 0E63;
8566 : 03B2;
8567 : 19CB;
8568 : FE25;
8569 : 0D93;
8570 : F01C;
8571 : FDDE;
8572 : FDF8;
8573 : 0F16;
8574 : 04E4;
8575 : 13D1;
8576 : FF3F;
8577 : 0042;
8578 : FC74;
8579 : 0789;
8580 : 0F4A;
8581 : F7FB;
8582 : 0D16;
8583 : FA38;
8584 : 0229;
8585 : EFBE;
8586 : 0893;
8587 : F16B;
8588 : 03A9;
8589 : FB6B;
8590 : 079B;
8591 : F6B0;
8592 : 0117;
8593 : 117B;
8594 : EDB0;
8595 : EF8A;
8596 : F27B;
8597 : FF56;
8598 : 0B37;
8599 : ED83;
8600 : 16D1;
8601 : 0F41;
8602 : 1221;
8603 : F7CC;
8604 : F96D;
8605 : 0A4F;
8606 : F675;
8607 : F268;
8608 : 04D5;
8609 : 0DA2;
8610 : EC77;
8611 : F12E;
8612 : EE9B;
8613 : F2DF;
8614 : FB90;
8615 : F504;
8616 : 0A53;
8617 : FBCC;
8618 : EDD6;
8619 : ED38;
8620 : 10CB;
8621 : 00DD;
8622 : 0DB6;
8623 : F58D;
8624 : 0084;
8625 : ED19;
8626 : 17BF;
8627 : 076B;
8628 : F3F0;
8629 : 0A39;
8630 : EA88;
8631 : 05FC;
8632 : FA0D;
8633 : 07FE;
8634 : 0959;
8635 : 007D;
8636 : 1603;
8637 : 077A;
8638 : 0233;
8639 : 1264;
8640 : 06AA;
8641 : 0097;
8642 : FBA1;
8643 : F936;
8644 : 12F1;
8645 : 0648;
8646 : 022D;
8647 : 00D7;
8648 : F47C;
8649 : F384;
8650 : F141;
8651 : ED63;
8652 : EF4D;
8653 : 07EB;
8654 : F370;
8655 : F8FB;
8656 : 18E0;
8657 : 0F2B;
8658 : F0F6;
8659 : 089F;
8660 : F33F;
8661 : F8B0;
8662 : F50F;
8663 : 0B03;
8664 : 01E9;
8665 : FBA6;
8666 : 0F86;
8667 : 0A63;
8668 : FA4F;
8669 : 066F;
8670 : 0EA4;
8671 : FA20;
8672 : 097F;
8673 : 0AEB;
8674 : 08CD;
8675 : 0836;
8676 : ED02;
8677 : F8C0;
8678 : FAE3;
8679 : F7C1;
8680 : FEF4;
8681 : EB76;
8682 : 09A3;
8683 : 029D;
8684 : F6DF;
8685 : F151;
8686 : FF93;
8687 : EAC5;
8688 : F3D0;
8689 : F713;
8690 : 0191;
8691 : FF01;
8692 : F8E3;
8693 : F3EA;
8694 : 0481;
8695 : FD0D;
8696 : ED53;
8697 : F165;
8698 : F2B4;
8699 : 0BEA;
8700 : FCF6;
8701 : FFFD;
8702 : 0701;
8703 : 0064;
8704 : 003D;
8705 : F1A0;
8706 : F2DB;
8707 : 0563;
8708 : 0484;
8709 : F326;
8710 : EA65;
8711 : FE1D;
8712 : F5AF;
8713 : 096C;
8714 : 0CBE;
8715 : FA26;
8716 : 0EC2;
8717 : 08C1;
8718 : 164B;
8719 : 0E91;
8720 : 14F0;
8721 : 02DF;
8722 : EC2F;
8723 : FD41;
8724 : 07FE;
8725 : F929;
8726 : 1173;
8727 : 1012;
8728 : 0635;
8729 : F06E;
8730 : 01CE;
8731 : 04B0;
8732 : 0785;
8733 : 07FC;
8734 : FE52;
8735 : 1204;
8736 : 01CB;
8737 : EE39;
8738 : EC32;
8739 : 0962;
8740 : FC10;
8741 : EDE1;
8742 : F1B6;
8743 : 0A27;
8744 : 0797;
8745 : 0798;
8746 : EB2F;
8747 : 05AA;
8748 : 0F09;
8749 : E8FF;
8750 : 0DF6;
8751 : 0100;
8752 : F8AE;
8753 : ED33;
8754 : 0DFC;
8755 : F5EC;
8756 : F7E0;
8757 : 08C5;
8758 : 0462;
8759 : F5D2;
8760 : F648;
8761 : 105B;
8762 : 0B79;
8763 : FD2E;
8764 : ED24;
8765 : 0A36;
8766 : 0B2D;
8767 : 0F0A;
8768 : 0B05;
8769 : 01AF;
8770 : 0E01;
8771 : FD9B;
8772 : 116C;
8773 : 0311;
8774 : FBE9;
8775 : FEF0;
8776 : F090;
8777 : 0FA8;
8778 : F50C;
8779 : 1022;
8780 : F7F9;
8781 : 0065;
8782 : 0135;
8783 : 0039;
8784 : FD98;
8785 : F395;
8786 : F822;
8787 : ECD2;
8788 : FDDB;
8789 : FB56;
8790 : 0ED8;
8791 : F16B;
8792 : FF5F;
8793 : F153;
8794 : F0EE;
8795 : EF7E;
8796 : 07EF;
8797 : 0D71;
8798 : 0E85;
8799 : F140;
8800 : FD11;
8801 : 05F0;
8802 : 0EB1;
8803 : EF55;
8804 : 0E93;
8805 : 0182;
8806 : FC5F;
8807 : 0C8C;
8808 : F5DC;
8809 : FA87;
8810 : 01EB;
8811 : FF56;
8812 : F74A;
8813 : 0975;
8814 : F8FD;
8815 : E954;
8816 : FCCD;
8817 : 0108;
8818 : 105A;
8819 : 0CF9;
8820 : F31F;
8821 : 07F8;
8822 : EE7F;
8823 : FE6B;
8824 : F71E;
8825 : 01F7;
8826 : F399;
8827 : 0C87;
8828 : F978;
8829 : F439;
8830 : F09D;
8831 : F3D6;
8832 : F116;
8833 : FE03;
8834 : F392;
8835 : 10A1;
8836 : 1187;
8837 : 0E42;
8838 : 0BE4;
8839 : 13B6;
8840 : 0CA2;
8841 : F169;
8842 : F4A5;
8843 : 039C;
8844 : 0D1B;
8845 : FA28;
8846 : 136E;
8847 : F3EC;
8848 : F809;
8849 : FCC9;
8850 : F648;
8851 : EF12;
8852 : EF49;
8853 : 08F8;
8854 : F9B4;
8855 : FC04;
8856 : 096C;
8857 : 0AB7;
8858 : EEB9;
8859 : F2DC;
8860 : EEDE;
8861 : F0F7;
8862 : 0116;
8863 : 0164;
8864 : 0F0E;
8865 : EE5B;
8866 : 0C86;
8867 : F3B9;
8868 : F533;
8869 : F7BE;
8870 : F52C;
8871 : 0F3B;
8872 : 0D5F;
8873 : FA6E;
8874 : 0565;
8875 : 0BDA;
8876 : 0C7D;
8877 : FF0F;
8878 : F111;
8879 : 0D5F;
8880 : FE6E;
8881 : EFDD;
8882 : F69D;
8883 : F962;
8884 : FF7B;
8885 : 0D00;
8886 : 0B0C;
8887 : F37A;
8888 : 010D;
8889 : F2CE;
8890 : F370;
8891 : 0926;
8892 : 11CF;
8893 : 0EFF;
8894 : F82B;
8895 : F572;
8896 : F340;
8897 : 0384;
8898 : 1263;
8899 : F26D;
8900 : FBA7;
8901 : 0A24;
8902 : 0012;
8903 : 0AF7;
8904 : EF17;
8905 : F575;
8906 : 0E38;
8907 : F890;
8908 : 0E5B;
8909 : F1FC;
8910 : 0039;
8911 : FD62;
8912 : 02F6;
8913 : 0106;
8914 : 03F7;
8915 : F23A;
8916 : 0067;
8917 : 0843;
8918 : FCC0;
8919 : F47A;
8920 : FA9D;
8921 : F0E2;
8922 : FB8A;
8923 : F7D3;
8924 : 032A;
8925 : 0034;
8926 : F5E2;
8927 : 1154;
8928 : 0554;
8929 : 0044;
8930 : F3C6;
8931 : 0BFF;
8932 : F3FC;
8933 : 10F8;
8934 : 0FD3;
8935 : 0272;
8936 : 0155;
8937 : 1282;
8938 : 0274;
8939 : 0F65;
8940 : FFD0;
8941 : 07EC;
8942 : 0468;
8943 : F1C6;
8944 : F58A;
8945 : F646;
8946 : 09E3;
8947 : FC48;
8948 : 018B;
8949 : 0F0A;
8950 : F18E;
8951 : EF7A;
8952 : F11B;
8953 : F657;
8954 : EDF4;
8955 : F9E4;
8956 : 0777;
8957 : 0673;
8958 : FBC8;
8959 : 0042;
8960 : F946;
8961 : 0DCE;
8962 : 0684;
8963 : FBC8;
8964 : 0026;
8965 : 02C0;
8966 : 0DB1;
8967 : EF73;
8968 : 090E;
8969 : F626;
8970 : 08F2;
8971 : F895;
8972 : 1092;
8973 : EF0D;
8974 : F00A;
8975 : 0BB6;
8976 : FA96;
8977 : FB53;
8978 : F570;
8979 : EED1;
8980 : 0FA0;
8981 : 0586;
8982 : F8B1;
8983 : F0B9;
8984 : 00B3;
8985 : EF04;
8986 : 0873;
8987 : FA7C;
8988 : 036B;
8989 : FADC;
8990 : F0A4;
8991 : 07D5;
8992 : F79F;
8993 : FE1A;
8994 : 00DC;
8995 : F77F;
8996 : F166;
8997 : 0858;
8998 : 10AA;
8999 : 138B;
9000 : F6A8;
9001 : 0CC8;
9002 : F2C2;
9003 : 10DD;
9004 : FD28;
9005 : F296;
9006 : 0D8D;
9007 : FA15;
9008 : FABB;
9009 : FC1B;
9010 : F39D;
9011 : 05FC;
9012 : 09B1;
9013 : F03B;
9014 : F010;
9015 : ECC7;
9016 : 01BF;
9017 : F3BC;
9018 : FA33;
9019 : FFDB;
9020 : 089C;
9021 : 0BBE;
9022 : ED89;
9023 : F496;
9024 : 12AD;
9025 : FB4C;
9026 : F288;
9027 : 1336;
9028 : F85F;
9029 : F496;
9030 : 0D40;
9031 : FE32;
9032 : FF20;
9033 : 01B4;
9034 : EC98;
9035 : 06E7;
9036 : F087;
9037 : 1258;
9038 : 121F;
9039 : EFD8;
9040 : F739;
9041 : 09E2;
9042 : 124B;
9043 : 125C;
9044 : FDB8;
9045 : F6A0;
9046 : F128;
9047 : 027C;
9048 : 104E;
9049 : F9A6;
9050 : 12DC;
9051 : FA68;
9052 : EE5C;
9053 : EDEB;
9054 : 06BD;
9055 : 0537;
9056 : F4C7;
9057 : 05CA;
9058 : FD02;
9059 : F348;
9060 : 0AAB;
9061 : EF5D;
9062 : 05DE;
9063 : 0D07;
9064 : 122A;
9065 : 11D6;
9066 : 0F32;
9067 : 1323;
9068 : 0488;
9069 : 0494;
9070 : 054D;
9071 : EFCD;
9072 : F840;
9073 : EDB7;
9074 : 07B8;
9075 : ECE4;
9076 : FEBC;
9077 : 09FF;
9078 : F4F1;
9079 : F7FF;
9080 : EF8D;
9081 : 0DCA;
9082 : 0C17;
9083 : 12A8;
9084 : 0AF1;
9085 : 075D;
9086 : 0E1D;
9087 : 009A;
9088 : F85E;
9089 : FF4D;
9090 : 03A4;
9091 : 0E1A;
9092 : 0C08;
9093 : 1077;
9094 : 1104;
9095 : 056B;
9096 : F2BE;
9097 : F5BB;
9098 : 07AB;
9099 : F397;
9100 : 06FD;
9101 : 00BE;
9102 : 03B9;
9103 : 0FA5;
9104 : 08DA;
9105 : 0AF1;
9106 : 062A;
9107 : F136;
9108 : FA4D;
9109 : 0D9D;
9110 : 0823;
9111 : F37F;
9112 : 0DF6;
9113 : 09AA;
9114 : F65E;
9115 : F38D;
9116 : F4A2;
9117 : 02EB;
9118 : 0938;
9119 : FD4D;
9120 : F50E;
9121 : FA35;
9122 : 0143;
9123 : 0DEA;
9124 : 01B5;
9125 : F607;
9126 : 09E4;
9127 : 00D9;
9128 : 0BD8;
9129 : F9A9;
9130 : F0DE;
9131 : F8FB;
9132 : 02F2;
9133 : 063E;
9134 : 0CE0;
9135 : 04C9;
9136 : 124A;
9137 : FFA1;
9138 : 08D5;
9139 : ED98;
9140 : F6A2;
9141 : 0A19;
9142 : FECA;
9143 : F106;
9144 : FE59;
9145 : 12D7;
9146 : EC92;
9147 : FCD9;
9148 : 0A62;
9149 : 07D7;
9150 : ED08;
9151 : F162;
9152 : 11AA;
9153 : 169D;
9154 : F82E;
9155 : 0FEB;
9156 : FB2D;
9157 : F4FE;
9158 : 0818;
9159 : 091A;
9160 : 0BBD;
9161 : 0F4A;
9162 : 030E;
9163 : EED3;
9164 : F81D;
9165 : 0654;
9166 : 06A6;
9167 : 0226;
9168 : 0A8F;
9169 : F5B7;
9170 : 0666;
9171 : 099D;
9172 : 0A31;
9173 : FD98;
9174 : 0600;
9175 : 0C82;
9176 : 1031;
9177 : FB33;
9178 : F2A8;
9179 : F969;
9180 : FB01;
9181 : 07FA;
9182 : 0F85;
9183 : 0A59;
9184 : F7F9;
9185 : FB8C;
9186 : 02A7;
9187 : F52F;
9188 : 03D7;
9189 : F6E0;
9190 : 06AC;
9191 : 00F7;
9192 : FBC7;
9193 : 10EC;
9194 : F0A8;
9195 : 0F36;
9196 : EAF2;
9197 : 058B;
9198 : 0E58;
9199 : FF9A;
9200 : EC13;
9201 : EE89;
9202 : 04DF;
9203 : E8A6;
9204 : FFA6;
9205 : 0EAF;
9206 : EEA9;
9207 : 10EC;
9208 : 0657;
9209 : 054D;
9210 : 07D8;
9211 : 099F;
9212 : F54B;
9213 : F4EF;
9214 : FF60;
9215 : F3D3;
9216 : 03BE;
9217 : F926;
9218 : F95E;
9219 : 103D;
9220 : F81A;
9221 : EEC4;
9222 : FFC7;
9223 : 09B9;
9224 : 0EE9;
9225 : 0CE1;
9226 : 0447;
9227 : F570;
9228 : EB61;
9229 : F38E;
9230 : F56F;
9231 : FFC5;
9232 : EFE3;
9233 : 0917;
9234 : EECB;
9235 : 1148;
9236 : EA46;
9237 : 01A3;
9238 : F886;
9239 : EB2E;
9240 : FEF5;
9241 : F7C7;
9242 : 11D9;
9243 : F2B7;
9244 : 0634;
9245 : EC92;
9246 : F67F;
9247 : F1A7;
9248 : F52D;
9249 : 06D2;
9250 : F5D0;
9251 : F045;
9252 : FB42;
9253 : FDC1;
9254 : F692;
9255 : 00B2;
9256 : 065F;
9257 : 12B7;
9258 : EA63;
9259 : FE31;
9260 : F8D2;
9261 : FFE8;
9262 : F1EE;
9263 : 0C58;
9264 : F828;
9265 : 11E0;
9266 : FAD4;
9267 : F8FC;
9268 : 110A;
9269 : 0964;
9270 : 0FB5;
9271 : 11C5;
9272 : 0491;
9273 : F36F;
9274 : F069;
9275 : FFC9;
9276 : 05E8;
9277 : FE11;
9278 : ECD2;
9279 : FAB6;
9280 : FC1E;
9281 : F898;
9282 : FDA8;
9283 : F143;
9284 : 0A22;
9285 : F407;
9286 : FB2C;
9287 : 083F;
9288 : 00DE;
9289 : 05B1;
9290 : EAFD;
9291 : FDFB;
9292 : FFB3;
9293 : 0838;
9294 : E7E0;
9295 : FB12;
9296 : FA08;
9297 : 06B1;
9298 : 01AB;
9299 : EAEC;
9300 : F686;
9301 : F768;
9302 : 0925;
9303 : 0C05;
9304 : 0E36;
9305 : F60E;
9306 : ED2A;
9307 : EF8C;
9308 : 032E;
9309 : 0DFE;
9310 : FF56;
9311 : 05F1;
9312 : 0348;
9313 : F4C5;
9314 : F57F;
9315 : 0A1A;
9316 : EFD6;
9317 : F2D0;
9318 : 154C;
9319 : 0024;
9320 : EB18;
9321 : F0FD;
9322 : 0EBA;
9323 : E629;
9324 : F79B;
9325 : F5A8;
9326 : 1165;
9327 : F19C;
9328 : E9B4;
9329 : 0940;
9330 : E7DD;
9331 : E6A3;
9332 : F1B9;
9333 : FEB1;
9334 : F50F;
9335 : FE2E;
9336 : F27E;
9337 : F07C;
9338 : 0A47;
9339 : 0A5A;
9340 : F2B3;
9341 : F8CC;
9342 : F902;
9343 : FBE6;
9344 : FD5D;
9345 : 0588;
9346 : F824;
9347 : F9A5;
9348 : 090A;
9349 : 01E5;
9350 : 12C7;
9351 : 0041;
9352 : FCC1;
9353 : 0918;
9354 : 00F5;
9355 : EC3F;
9356 : 003F;
9357 : 059F;
9358 : FD69;
9359 : EE9B;
9360 : EF70;
9361 : 0251;
9362 : FF48;
9363 : F833;
9364 : F1FA;
9365 : FA8E;
9366 : 09F9;
9367 : F58E;
9368 : F738;
9369 : 09D2;
9370 : F39C;
9371 : 06D4;
9372 : 14E3;
9373 : F4FC;
9374 : FA8D;
9375 : FB50;
9376 : FF5A;
9377 : FF09;
9378 : 0485;
9379 : F494;
9380 : 077F;
9381 : F6D6;
9382 : 0D1C;
9383 : 073A;
9384 : EF9B;
9385 : F8E5;
9386 : EEB4;
9387 : 030D;
9388 : F947;
9389 : F5CB;
9390 : FD0D;
9391 : F50E;
9392 : F5F9;
9393 : 010C;
9394 : F20F;
9395 : FC57;
9396 : FEA6;
9397 : 08E6;
9398 : 005B;
9399 : EEB0;
9400 : F785;
9401 : F18C;
9402 : FB47;
9403 : 095C;
9404 : F07B;
9405 : 059D;
9406 : 0C2F;
9407 : F425;
9408 : 0A50;
9409 : FD45;
9410 : FCC0;
9411 : 02E0;
9412 : FDE4;
9413 : 00C4;
9414 : F4A5;
9415 : F395;
9416 : EAFA;
9417 : F622;
9418 : FF16;
9419 : F16B;
9420 : FACE;
9421 : 021D;
9422 : F927;
9423 : F678;
9424 : FCCF;
9425 : F540;
9426 : 0136;
9427 : F346;
9428 : F3D4;
9429 : F55B;
9430 : F2C5;
9431 : F368;
9432 : 0ED4;
9433 : F9BE;
9434 : F591;
9435 : 05E7;
9436 : 0E92;
9437 : FB5D;
9438 : FDE3;
9439 : ED52;
9440 : 0980;
9441 : 0068;
9442 : 03DE;
9443 : FC48;
9444 : 0A3A;
9445 : 0AE3;
9446 : FF77;
9447 : 09E7;
9448 : FDF9;
9449 : F784;
9450 : 0258;
9451 : F077;
9452 : 061F;
9453 : FBF1;
9454 : 057D;
9455 : F9B7;
9456 : 0F16;
9457 : 05B6;
9458 : FD72;
9459 : 0042;
9460 : FFB7;
9461 : F360;
9462 : FCC5;
9463 : 0ECB;
9464 : F437;
9465 : F88E;
9466 : 09CC;
9467 : E6E4;
9468 : 0FC3;
9469 : 1074;
9470 : F7E9;
9471 : EAD8;
9472 : 0FDF;
9473 : FCEF;
9474 : EFED;
9475 : 0CAC;
9476 : FB24;
9477 : 1625;
9478 : 0A52;
9479 : 038C;
9480 : EAF4;
9481 : F22E;
9482 : EFA6;
9483 : 0B5D;
9484 : EC84;
9485 : F687;
9486 : F645;
9487 : F045;
9488 : EF01;
9489 : 072C;
9490 : FEBE;
9491 : EEB0;
9492 : 0AEA;
9493 : FA0A;
9494 : 035F;
9495 : FD09;
9496 : 0FD0;
9497 : F842;
9498 : F64F;
9499 : FDF7;
9500 : 04DA;
9501 : 017A;
9502 : FB3D;
9503 : 1122;
9504 : FFBD;
9505 : 0B9E;
9506 : 04E1;
9507 : F90E;
9508 : F805;
9509 : FFEC;
9510 : 10F4;
9511 : F698;
9512 : F3BF;
9513 : F396;
9514 : 10AC;
9515 : 09E8;
9516 : 05E4;
9517 : 0604;
9518 : F8C9;
9519 : F88B;
9520 : 065F;
9521 : 1320;
9522 : F911;
9523 : F08E;
9524 : FE97;
9525 : 0BF9;
9526 : 0FEE;
9527 : 06C4;
9528 : 054C;
9529 : F99C;
9530 : 04FB;
9531 : 02E6;
9532 : 0765;
9533 : 014B;
9534 : F0C6;
9535 : 0693;
9536 : 065A;
9537 : 1599;
9538 : 085F;
9539 : F946;
9540 : EC65;
9541 : 08AA;
9542 : F785;
9543 : FA25;
9544 : 0642;
9545 : 0F9C;
9546 : F5DA;
9547 : FD2E;
9548 : F7D7;
9549 : 0F19;
9550 : 026E;
9551 : FAA1;
9552 : 13E7;
9553 : 10ED;
9554 : 01D7;
9555 : 08B7;
9556 : 0E3F;
9557 : F665;
9558 : F85C;
9559 : 0966;
9560 : FE4F;
9561 : F50A;
9562 : 0046;
9563 : 0B90;
9564 : F750;
9565 : 02F8;
9566 : EDEC;
9567 : 0E75;
9568 : FAB4;
9569 : F157;
9570 : FE4B;
9571 : 0DCC;
9572 : F59F;
9573 : 00DE;
9574 : EFB9;
9575 : FD7E;
9576 : F64F;
9577 : FEB7;
9578 : 1396;
9579 : 04BD;
9580 : F461;
9581 : EF79;
9582 : F4D4;
9583 : F9C2;
9584 : 0B72;
9585 : 05B8;
9586 : 0032;
9587 : F5CB;
9588 : FD7E;
9589 : 0156;
9590 : 03E6;
9591 : 0430;
9592 : 07CA;
9593 : 026B;
9594 : 03E9;
9595 : 0491;
9596 : F383;
9597 : 02BC;
9598 : 0483;
9599 : F76F;
9600 : F5A7;
9601 : F2E5;
9602 : EC75;
9603 : 09E9;
9604 : 0D72;
9605 : FE28;
9606 : 1094;
9607 : 033E;
9608 : FE3D;
9609 : 0E0E;
9610 : 06D5;
9611 : 0BD1;
9612 : F92D;
9613 : FDD7;
9614 : 0C07;
9615 : EDDE;
9616 : FB76;
9617 : FB22;
9618 : FBE0;
9619 : 0EDE;
9620 : F91E;
9621 : 047F;
9622 : FDF1;
9623 : F541;
9624 : EE9E;
9625 : F14B;
9626 : 05BB;
9627 : F9ED;
9628 : 12AE;
9629 : 0556;
9630 : 043A;
9631 : 01F2;
9632 : F4BA;
9633 : F9DA;
9634 : F7D5;
9635 : FF02;
9636 : F4D2;
9637 : F1F2;
9638 : F590;
9639 : 0F30;
9640 : EFC7;
9641 : 0CAF;
9642 : FEFF;
9643 : FDBE;
9644 : FF51;
9645 : FB2B;
9646 : EDA1;
9647 : 079C;
9648 : F169;
9649 : FAD9;
9650 : F018;
9651 : 0291;
9652 : FE0C;
9653 : 060B;
9654 : FA8B;
9655 : 071A;
9656 : 093D;
9657 : F52D;
9658 : 09EA;
9659 : 0C0F;
9660 : F880;
9661 : 0051;
9662 : FAC2;
9663 : 05E9;
9664 : F4E1;
9665 : FC34;
9666 : F6CD;
9667 : 0FB2;
9668 : F07E;
9669 : FEDC;
9670 : FB4D;
9671 : FB0E;
9672 : 0DAF;
9673 : F735;
9674 : FD59;
9675 : 0548;
9676 : 01B9;
9677 : 0BE3;
9678 : 0B4F;
9679 : F0C3;
9680 : EDDE;
9681 : FD96;
9682 : 1019;
9683 : 0581;
9684 : 0ED4;
9685 : 0BE1;
9686 : 144C;
9687 : 1065;
9688 : F380;
9689 : 0072;
9690 : 0391;
9691 : F30E;
9692 : F729;
9693 : 0340;
9694 : F2A9;
9695 : 0022;
9696 : 1491;
9697 : F1B1;
9698 : EFB8;
9699 : 0EB7;
9700 : ED43;
9701 : 0D82;
9702 : 101B;
9703 : 1743;
9704 : 0134;
9705 : 0812;
9706 : 0985;
9707 : 136C;
9708 : F0B7;
9709 : 09F6;
9710 : F774;
9711 : FC13;
9712 : F2FA;
9713 : 0CD9;
9714 : 0D7C;
9715 : 0D61;
9716 : 0E14;
9717 : 0822;
9718 : 06D2;
9719 : 0A5E;
9720 : 086B;
9721 : 12FA;
9722 : FFCF;
9723 : 0042;
9724 : 0621;
9725 : F3B1;
9726 : F7F2;
9727 : F804;
9728 : 10F7;
9729 : 0ECA;
9730 : F4AB;
9731 : F6B2;
9732 : ECB6;
9733 : F5F5;
9734 : 0A46;
9735 : 0D84;
9736 : 0FE3;
9737 : F4FF;
9738 : F83B;
9739 : F79B;
9740 : 0F77;
9741 : F7C7;
9742 : 01B8;
9743 : F5CF;
9744 : 0C3A;
9745 : 0A5B;
9746 : 0EF6;
9747 : 0C82;
9748 : EA56;
9749 : 0FE3;
9750 : 0FD4;
9751 : F960;
9752 : 0E36;
9753 : 0747;
9754 : F453;
9755 : 0478;
9756 : F73D;
9757 : 0B03;
9758 : 01A0;
9759 : 0DB1;
9760 : 0891;
9761 : 0F87;
9762 : 0C93;
9763 : 08C8;
9764 : F22D;
9765 : FB8F;
9766 : 053C;
9767 : 11B6;
9768 : F70F;
9769 : F32A;
9770 : F381;
9771 : F754;
9772 : EF96;
9773 : 0AF0;
9774 : 0184;
9775 : FD5D;
9776 : F5C6;
9777 : FE1A;
9778 : FB32;
9779 : 03C0;
9780 : F807;
9781 : 137F;
9782 : 0BED;
9783 : 0B7B;
9784 : 12C5;
9785 : FE1D;
9786 : 0FEF;
9787 : F641;
9788 : 1234;
9789 : 020A;
9790 : 0555;
9791 : 00F5;
9792 : FCBC;
9793 : F1B7;
9794 : 0EEC;
9795 : 142B;
9796 : FCA3;
9797 : 0B15;
9798 : 038C;
9799 : FF27;
9800 : 0299;
9801 : 0120;
9802 : EC37;
9803 : 0C37;
9804 : FAC4;
9805 : F7CD;
9806 : EBAC;
9807 : F906;
9808 : 0D42;
9809 : 03DA;
9810 : F165;
9811 : FC82;
9812 : F1A2;
9813 : FA9B;
9814 : 05FD;
9815 : F248;
9816 : 06B1;
9817 : E638;
9818 : F99D;
9819 : EF8D;
9820 : 0FC2;
9821 : 07B2;
9822 : F526;
9823 : F384;
9824 : 05B6;
9825 : F2D7;
9826 : 1039;
9827 : FECC;
9828 : 0561;
9829 : 10E9;
9830 : F435;
9831 : 02EC;
9832 : F43B;
9833 : 0E1C;
9834 : 1166;
9835 : 021C;
9836 : ED77;
9837 : F32B;
9838 : F01F;
9839 : FB9F;
9840 : F79C;
9841 : F469;
9842 : 057E;
9843 : FF95;
9844 : 0700;
9845 : F4C0;
9846 : 105C;
9847 : F539;
9848 : 0BEF;
9849 : ED51;
9850 : 0F56;
9851 : 04EC;
9852 : 0C2F;
9853 : F41D;
9854 : F82F;
9855 : 0CED;
9856 : 074B;
9857 : F34A;
9858 : ECD5;
9859 : 02EB;
9860 : 018B;
9861 : EFF2;
9862 : 07A6;
9863 : FD90;
9864 : 0676;
9865 : F5EF;
9866 : EC2B;
9867 : 1095;
9868 : F74F;
9869 : F3E5;
9870 : F308;
9871 : 1298;
9872 : 0A17;
9873 : FBE2;
9874 : F0C7;
9875 : ED31;
9876 : EC85;
9877 : 1330;
9878 : F7E7;
9879 : F038;
9880 : 05EF;
9881 : F0C7;
9882 : F72C;
9883 : 0994;
9884 : F3D3;
9885 : 05AE;
9886 : FDF7;
9887 : 0F7B;
9888 : 0723;
9889 : 05FE;
9890 : 027D;
9891 : FFB8;
9892 : 10FD;
9893 : 0C8A;
9894 : F563;
9895 : FD56;
9896 : 0BB7;
9897 : F65E;
9898 : F599;
9899 : 1620;
9900 : F05F;
9901 : 01C9;
9902 : 077C;
9903 : 0D7C;
9904 : F88E;
9905 : 10A5;
9906 : 1159;
9907 : F039;
9908 : 0BB9;
9909 : F49C;
9910 : 155F;
9911 : F8B0;
9912 : F416;
9913 : 0C33;
9914 : FD59;
9915 : F466;
9916 : F633;
9917 : 1045;
9918 : FCDA;
9919 : EFC9;
9920 : FF61;
9921 : 02DF;
9922 : 0367;
9923 : FC37;
9924 : FEE2;
9925 : 0228;
9926 : 03D7;
9927 : F8EB;
9928 : 0EEB;
9929 : 0AEA;
9930 : FF99;
9931 : FDDE;
9932 : EE14;
9933 : F266;
9934 : 0FE9;
9935 : F5C7;
9936 : 075B;
9937 : 0A3C;
9938 : F30E;
9939 : 0F41;
9940 : FA75;
9941 : 004E;
9942 : 093E;
9943 : 06AB;
9944 : 03EF;
9945 : ED94;
9946 : 025E;
9947 : FDEA;
9948 : 06BA;
9949 : F5CC;
9950 : FA8C;
9951 : 0ABD;
9952 : FE72;
9953 : F9D2;
9954 : 0F4E;
9955 : EF2E;
9956 : 0EDC;
9957 : FB26;
9958 : 0659;
9959 : F835;
9960 : 0AF5;
9961 : F07B;
9962 : 115F;
9963 : F2FF;
9964 : 10BC;
9965 : FBB1;
9966 : EE87;
9967 : 0D0F;
9968 : 12B3;
9969 : 0812;
9970 : 142F;
9971 : 044B;
9972 : FCD0;
9973 : 0E0F;
9974 : 114B;
9975 : 0511;
9976 : FC6F;
9977 : F83F;
9978 : F809;
9979 : F58E;
9980 : FA28;
9981 : 0C52;
9982 : 0D6F;
9983 : 02F0;
9984 : FEF8;
9985 : 03FF;
9986 : 1027;
9987 : F46C;
9988 : 16CE;
9989 : FDA2;
9990 : FF0E;
9991 : 104E;
9992 : 0803;
9993 : EDB5;
9994 : F615;
9995 : FC19;
9996 : FCB6;
9997 : 0AD4;
9998 : F23C;
9999 : F934;
10000 : F655;
10001 : FE93;
10002 : 0F8B;
10003 : F839;
10004 : 0377;
10005 : F747;
10006 : 05F2;
10007 : F67E;
10008 : 0555;
10009 : F41B;
10010 : 13D9;
10011 : 08BD;
10012 : F1C3;
10013 : F3FB;
10014 : F0BE;
10015 : EB11;
10016 : FD62;
10017 : F50F;
10018 : ED0F;
10019 : F0A9;
10020 : F87D;
10021 : 0321;
10022 : FC48;
10023 : 14E2;
10024 : F367;
10025 : FB04;
10026 : 013D;
10027 : F9D6;
10028 : FC5C;
10029 : 0516;
10030 : F564;
10031 : 079A;
10032 : 0FA1;
10033 : 0065;
10034 : F3BC;
10035 : FF59;
10036 : 023F;
10037 : 1418;
10038 : 14B7;
10039 : EDF4;
10040 : FC6C;
10041 : 0A63;
10042 : FC84;
10043 : FF18;
10044 : F092;
10045 : F221;
10046 : 016C;
10047 : 00B7;
10048 : F95E;
10049 : 04D6;
10050 : F184;
10051 : F8F5;
10052 : 03F8;
10053 : ED4F;
10054 : 128D;
10055 : 080C;
10056 : 112F;
10057 : 038C;
10058 : 08DF;
10059 : 0C19;
10060 : F460;
10061 : F212;
10062 : F90A;
10063 : 062D;
10064 : FE0A;
10065 : 0241;
10066 : FB89;
10067 : FD6D;
10068 : F586;
10069 : 0967;
10070 : 138E;
10071 : F82A;
10072 : 0786;
10073 : 0747;
10074 : 1179;
10075 : F7A0;
10076 : 14FA;
10077 : 0A08;
10078 : F67F;
10079 : 0BF6;
10080 : 08A9;
10081 : F5A3;
10082 : F8DC;
10083 : FC46;
10084 : 054A;
10085 : 08EE;
10086 : 0052;
10087 : 0421;
10088 : EE6B;
10089 : 044F;
10090 : FEF0;
10091 : 0925;
10092 : 11F2;
10093 : 0C00;
10094 : FE25;
10095 : 02DD;
10096 : FE21;
10097 : F83B;
10098 : 0A79;
10099 : F3D9;
10100 : F3BE;
10101 : 086F;
10102 : 1206;
10103 : FCCF;
10104 : FF8E;
10105 : F0B6;
10106 : F30F;
10107 : FF94;
10108 : 0C5A;
10109 : 0B44;
10110 : 074F;
10111 : 114F;
10112 : F46B;
10113 : FC2B;
10114 : 008E;
10115 : 0AB4;
10116 : 1A83;
10117 : 0A13;
10118 : F73F;
10119 : 04E3;
10120 : F610;
10121 : 0182;
10122 : F2A1;
10123 : 08A1;
10124 : 1015;
10125 : F254;
10126 : F016;
10127 : 0F71;
10128 : 0C89;
10129 : 194A;
10130 : 1092;
10131 : 0FE6;
10132 : 0B12;
10133 : 04F2;
10134 : 09D3;
10135 : 00AA;
10136 : 1415;
10137 : F8B6;
10138 : F3F3;
10139 : EC3E;
10140 : F78F;
10141 : F3F6;
10142 : F59E;
10143 : 00D8;
10144 : 0622;
10145 : EEBF;
10146 : FF3C;
10147 : 0A5B;
10148 : F36D;
10149 : 0225;
10150 : 0B78;
10151 : 12C3;
10152 : F132;
10153 : 00FA;
10154 : F8A1;
10155 : FCC3;
10156 : FFEF;
10157 : EEA3;
10158 : 0C62;
10159 : 0C0A;
10160 : 0B26;
10161 : 00BE;
10162 : 1051;
10163 : F064;
10164 : FD18;
10165 : FF84;
10166 : 07E8;
10167 : EF77;
10168 : F42C;
10169 : FB33;
10170 : FFF5;
10171 : 02D1;
10172 : F21B;
10173 : EDD6;
10174 : FB56;
10175 : EFDA;
10176 : E956;
10177 : F0A3;
10178 : 05FF;
10179 : 06DD;
10180 : 0211;
10181 : F825;
10182 : FF15;
10183 : 07FC;
10184 : 10B7;
10185 : FD72;
10186 : 0E2C;
10187 : FA36;
10188 : 12A8;
10189 : 130B;
10190 : 0458;
10191 : FECD;
10192 : FB1C;
10193 : F6D9;
10194 : F71D;
10195 : F9E6;
10196 : F4CE;
10197 : 12AD;
10198 : 0607;
10199 : 13C0;
10200 : 070B;
10201 : FED2;
10202 : FA6A;
10203 : 0C54;
10204 : FF96;
10205 : F791;
10206 : 04D3;
10207 : FD5B;
10208 : FE0F;
10209 : FEE2;
10210 : 0993;
10211 : 077E;
10212 : F16B;
10213 : EF31;
10214 : F7DE;
10215 : F841;
10216 : 057F;
10217 : F370;
10218 : 0BA6;
10219 : F88B;
10220 : 0149;
10221 : F088;
10222 : F607;
10223 : 0596;
10224 : 0700;
10225 : 1302;
10226 : 0A30;
10227 : 0B20;
10228 : 01A3;
10229 : F0FA;
10230 : EDD3;
10231 : 0B1D;
10232 : F7A0;
10233 : F17E;
10234 : 03D7;
10235 : 14AC;
10236 : 0656;
10237 : 093A;
10238 : 1169;
10239 : FBBC;
10240 : FC5E;
10241 : EFEA;
10242 : F705;
10243 : 0BDC;
10244 : 129A;
10245 : FBEA;
10246 : 0328;
10247 : 10BE;
10248 : FE2E;
10249 : EC7F;
10250 : F426;
10251 : F354;
10252 : 087C;
10253 : F76A;
10254 : FD0B;
10255 : F602;
10256 : 002A;
10257 : 0B1A;
10258 : 0E84;
10259 : F0FF;
10260 : 0383;
10261 : 059C;
10262 : F742;
10263 : 0878;
10264 : 00CC;
10265 : F527;
10266 : 09D5;
10267 : 0143;
10268 : F903;
10269 : EC68;
10270 : 008C;
10271 : FAEF;
10272 : 00AE;
10273 : 032D;
10274 : EF06;
10275 : 010E;
10276 : 098B;
10277 : 0C3F;
10278 : 00DB;
10279 : 02AE;
10280 : F890;
10281 : F00D;
10282 : F617;
10283 : FAE3;
10284 : 05FA;
10285 : 1108;
10286 : 01D9;
10287 : F591;
10288 : 0A44;
10289 : F0D2;
10290 : 0F9F;
10291 : 0C76;
10292 : FB41;
10293 : 0C0D;
10294 : F644;
10295 : F3C7;
10296 : F2F3;
10297 : F381;
10298 : 0841;
10299 : 0828;
10300 : 00EA;
10301 : FFD6;
10302 : F523;
10303 : 1096;
10304 : E628;
10305 : 0600;
10306 : F3AA;
10307 : 026E;
10308 : FAC5;
10309 : F260;
10310 : 0A24;
10311 : 0220;
10312 : EFFA;
10313 : 02EA;
10314 : FB93;
10315 : 08DC;
10316 : 11B8;
10317 : F9B8;
10318 : 0DA2;
10319 : 006F;
10320 : F43C;
10321 : 0322;
10322 : FC38;
10323 : FCAB;
10324 : F4A9;
10325 : FB75;
10326 : EF9D;
10327 : F3F7;
10328 : 0CA6;
10329 : 0E06;
10330 : F599;
10331 : E6CC;
10332 : FC83;
10333 : 029C;
10334 : 132D;
10335 : EF08;
10336 : F39C;
10337 : 067F;
10338 : 0C7F;
10339 : EB5A;
10340 : 0666;
10341 : 0150;
10342 : 105B;
10343 : F6D1;
10344 : 080C;
10345 : 0AC3;
10346 : F277;
10347 : F7C7;
10348 : 1209;
10349 : FFF1;
10350 : EEB4;
10351 : FD30;
10352 : 11C3;
10353 : 0D9B;
10354 : FA80;
10355 : 02B5;
10356 : 1109;
10357 : FF6A;
10358 : F92C;
10359 : 0B2A;
10360 : 04C9;
10361 : 0527;
10362 : F542;
10363 : F094;
10364 : F83A;
10365 : 0B35;
10366 : 0A19;
10367 : 1385;
10368 : F226;
10369 : 0505;
10370 : EAF7;
10371 : 0338;
10372 : 112E;
10373 : 0689;
10374 : 08ED;
10375 : 0138;
10376 : 0023;
10377 : FEA5;
10378 : 07F1;
10379 : 0889;
10380 : F126;
10381 : FE18;
10382 : F97F;
10383 : ED75;
10384 : 0DFB;
10385 : F3EC;
10386 : 0859;
10387 : 0C9E;
10388 : F257;
10389 : F328;
10390 : FE45;
10391 : 06F0;
10392 : 0CA8;
10393 : 0381;
10394 : 0D02;
10395 : E99F;
10396 : F36F;
10397 : 06B8;
10398 : 0985;
10399 : F815;
10400 : F7CA;
10401 : F9E5;
10402 : 0440;
10403 : 0B3C;
10404 : 0D95;
10405 : EE72;
10406 : F40E;
10407 : FD3F;
10408 : 0721;
10409 : 0DA5;
10410 : 02C4;
10411 : 022E;
10412 : FDBD;
10413 : 0A79;
10414 : FD25;
10415 : 0B48;
10416 : F152;
10417 : 0DF3;
10418 : 04A8;
10419 : FFC2;
10420 : 08F8;
10421 : 0BB3;
10422 : FD5F;
10423 : FD80;
10424 : F3B4;
10425 : FB5D;
10426 : 058C;
10427 : F6BE;
10428 : 08AA;
10429 : 07C6;
10430 : F2DB;
10431 : F452;
10432 : F903;
10433 : 0797;
10434 : 04CD;
10435 : E68E;
10436 : 04C2;
10437 : F3FB;
10438 : F294;
10439 : 1372;
10440 : F229;
10441 : EC38;
10442 : 00FA;
10443 : F4D7;
10444 : 0F2C;
10445 : FD84;
10446 : FFD4;
10447 : F77F;
10448 : 04B3;
10449 : FA9C;
10450 : 0605;
10451 : F68D;
10452 : F363;
10453 : 0A0E;
10454 : FF5C;
10455 : F527;
10456 : F825;
10457 : 102E;
10458 : 0AB1;
10459 : FCB6;
10460 : ED24;
10461 : EEFE;
10462 : 065C;
10463 : 069B;
10464 : F6A0;
10465 : 0E4D;
10466 : FEDA;
10467 : EF5E;
10468 : 01C9;
10469 : 00F1;
10470 : 084E;
10471 : 0AB8;
10472 : 0DDB;
10473 : 12D1;
10474 : 0269;
10475 : FEBA;
10476 : F54E;
10477 : 0D19;
10478 : F5F4;
10479 : 01FA;
10480 : FDDC;
10481 : 0101;
10482 : 0722;
10483 : 0FF9;
10484 : 117B;
10485 : EB81;
10486 : EE72;
10487 : F5B9;
10488 : 034A;
10489 : 0F7D;
10490 : 059D;
10491 : 13BF;
10492 : EF3A;
10493 : 104A;
10494 : F185;
10495 : 0983;
10496 : 043F;
10497 : 092B;
10498 : FAE0;
10499 : FCAE;
10500 : 1278;
10501 : 0D94;
10502 : EDD4;
10503 : FE47;
10504 : F26A;
10505 : 0C32;
10506 : F825;
10507 : 063E;
10508 : 04A8;
10509 : F29A;
10510 : F23C;
10511 : 08DC;
10512 : FB20;
10513 : EE1B;
10514 : FD10;
10515 : FBF5;
10516 : 0B1A;
10517 : FC35;
10518 : EDF1;
10519 : 1516;
10520 : 08C0;
10521 : F0EC;
10522 : 01A5;
10523 : FB14;
10524 : 0210;
10525 : FC62;
10526 : 0CA0;
10527 : F7B4;
10528 : F2DB;
10529 : F5BC;
10530 : 0E03;
10531 : EF47;
10532 : F218;
10533 : F913;
10534 : ED5E;
10535 : 0841;
10536 : 0B18;
10537 : FBDE;
10538 : 0D32;
10539 : 0415;
10540 : FE0D;
10541 : EBB4;
10542 : 06E4;
10543 : 0093;
10544 : 06F9;
10545 : F852;
10546 : 024F;
10547 : 052A;
10548 : FA46;
10549 : F645;
10550 : FA4B;
10551 : 0513;
10552 : EEA6;
10553 : F22C;
10554 : 0D93;
10555 : 02F9;
10556 : EDC8;
10557 : 1626;
10558 : F34E;
10559 : F28D;
10560 : FA83;
10561 : 12E2;
10562 : 0D6F;
10563 : 0E19;
10564 : 0459;
10565 : EFD1;
10566 : F1A1;
10567 : ED84;
10568 : ED79;
10569 : EBDD;
10570 : EB50;
10571 : FD94;
10572 : 0135;
10573 : F9BD;
10574 : 005C;
10575 : 09D6;
10576 : 0D92;
10577 : 0DEB;
10578 : 133F;
10579 : FDD7;
10580 : F787;
10581 : 038D;
10582 : F84E;
10583 : 0D8C;
10584 : FC49;
10585 : 1329;
10586 : 0C90;
10587 : FCB6;
10588 : 0CE5;
10589 : F438;
10590 : 071C;
10591 : 000E;
10592 : 014A;
10593 : FBFF;
10594 : 1156;
10595 : EAB9;
10596 : 0DD9;
10597 : 0DFD;
10598 : F979;
10599 : 08FF;
10600 : F7DB;
10601 : F602;
10602 : 0803;
10603 : FE83;
10604 : 0B03;
10605 : FFBC;
10606 : 1181;
10607 : 0803;
10608 : 0C32;
10609 : EE58;
10610 : 00BA;
10611 : 1416;
10612 : 03A9;
10613 : F5A7;
10614 : F2BF;
10615 : FD84;
10616 : F736;
10617 : FE04;
10618 : FD2A;
10619 : FECB;
10620 : 0457;
10621 : 0188;
10622 : 06A6;
10623 : 0D2A;
10624 : 013D;
10625 : 15E5;
10626 : EFBE;
10627 : 10A1;
10628 : 008C;
10629 : 11F2;
10630 : 0514;
10631 : 057A;
10632 : F47E;
10633 : FD64;
10634 : FB49;
10635 : FBD7;
10636 : FDBC;
10637 : F57E;
10638 : F78C;
10639 : 0D7B;
10640 : 17F5;
10641 : F468;
10642 : 147B;
10643 : EE4D;
10644 : F199;
10645 : F279;
10646 : 0C0A;
10647 : 060F;
10648 : 014A;
10649 : 02DD;
10650 : 15E4;
10651 : FEAC;
10652 : FCD1;
10653 : 0969;
10654 : 0BCE;
10655 : FAB5;
10656 : 1269;
10657 : 0FD5;
10658 : F3DC;
10659 : 0571;
10660 : F411;
10661 : F12C;
10662 : F59F;
10663 : FDDE;
10664 : 0E0C;
10665 : 12D4;
10666 : 0427;
10667 : 0FBD;
10668 : EF3C;
10669 : F857;
10670 : 0556;
10671 : 0B00;
10672 : 08AF;
10673 : F516;
10674 : FF18;
10675 : 1337;
10676 : FFC2;
10677 : EFA0;
10678 : F6E0;
10679 : 0584;
10680 : 0BD0;
10681 : F5BC;
10682 : 09BE;
10683 : 120F;
10684 : 11C4;
10685 : 13D7;
10686 : 00D3;
10687 : 0910;
10688 : 0C28;
10689 : FE94;
10690 : 05C5;
10691 : F990;
10692 : 0A94;
10693 : F021;
10694 : EF48;
10695 : FB0B;
10696 : EF08;
10697 : F3E6;
10698 : 0748;
10699 : F8CA;
10700 : F792;
10701 : 054F;
10702 : F398;
10703 : F9FB;
10704 : 0E14;
10705 : F86F;
10706 : FC0A;
10707 : FD63;
10708 : 02E6;
10709 : F8EE;
10710 : 0A64;
10711 : 04DD;
10712 : FD4F;
10713 : F4AC;
10714 : FC14;
10715 : 0132;
10716 : 03F9;
10717 : FD10;
10718 : 00D4;
10719 : FE80;
10720 : 1179;
10721 : 093D;
10722 : 0318;
10723 : ED0A;
10724 : 0BF2;
10725 : FF5E;
10726 : ED7A;
10727 : F241;
10728 : 022B;
10729 : FED9;
10730 : 0986;
10731 : 0FC9;
10732 : ECA3;
10733 : F91C;
10734 : 11C9;
10735 : 0460;
10736 : 0654;
10737 : F50F;
10738 : 0991;
10739 : F513;
10740 : F7D4;
10741 : F63C;
10742 : 1024;
10743 : 11E7;
10744 : 0437;
10745 : ED25;
10746 : F65A;
10747 : F043;
10748 : 016A;
10749 : 0A04;
10750 : ED22;
10751 : 043E;
10752 : EDD4;
10753 : EE93;
10754 : EECD;
10755 : 0FB5;
10756 : 0337;
10757 : EFB0;
10758 : 0896;
10759 : 020B;
10760 : 0B89;
10761 : F7E2;
10762 : F166;
10763 : 0545;
10764 : EF22;
10765 : 0A95;
10766 : 04CD;
10767 : 09D2;
10768 : F743;
10769 : FA32;
10770 : F088;
10771 : 0286;
10772 : F89E;
10773 : F958;
10774 : F6D6;
10775 : ED5B;
10776 : FC87;
10777 : 0A72;
10778 : 0BE4;
10779 : 04D4;
10780 : FEAF;
10781 : 061C;
10782 : 1047;
10783 : F763;
10784 : FFF9;
10785 : 0133;
10786 : 0B3A;
10787 : FCEB;
10788 : F598;
10789 : F292;
10790 : F92E;
10791 : 12FB;
10792 : F88B;
10793 : F9E9;
10794 : F2D9;
10795 : 0C63;
10796 : 0DDF;
10797 : 00D9;
10798 : ED98;
10799 : F6C3;
10800 : 0963;
10801 : 0856;
10802 : 0736;
10803 : 00A0;
10804 : 0C10;
10805 : 05D2;
10806 : 071A;
10807 : FF48;
10808 : EEFA;
10809 : 06C9;
10810 : 0EEB;
10811 : 1381;
10812 : F458;
10813 : ECB2;
10814 : 08B0;
10815 : 0BFD;
10816 : ED94;
10817 : F2C6;
10818 : F032;
10819 : F09C;
10820 : EE0C;
10821 : F031;
10822 : 0404;
10823 : 0FC9;
10824 : 1147;
10825 : ED58;
10826 : FCCC;
10827 : FFCB;
10828 : EE31;
10829 : 06F4;
10830 : 08A6;
10831 : EF17;
10832 : F6AB;
10833 : 0F50;
10834 : F2B3;
10835 : 0E65;
10836 : 1370;
10837 : F19B;
10838 : FB16;
10839 : F6EF;
10840 : 0EF9;
10841 : FE71;
10842 : 0011;
10843 : F960;
10844 : FB21;
10845 : FA7E;
10846 : 0F05;
10847 : F192;
10848 : EF0F;
10849 : FACF;
10850 : FBFD;
10851 : F1F4;
10852 : 03A2;
10853 : 1282;
10854 : F317;
10855 : F9DC;
10856 : EF1C;
10857 : F787;
10858 : 01C9;
10859 : 1346;
10860 : F31C;
10861 : FE07;
10862 : F550;
10863 : 06C5;
10864 : 0B67;
10865 : 0331;
10866 : 0B38;
10867 : F814;
10868 : 070E;
10869 : 077B;
10870 : FB26;
10871 : 090C;
10872 : 02A2;
10873 : 07E2;
10874 : EC8F;
10875 : EDC2;
10876 : FF07;
10877 : F804;
10878 : F862;
10879 : F989;
10880 : F2C4;
10881 : 049E;
10882 : F7B2;
10883 : 0AD5;
10884 : FD20;
10885 : 0877;
10886 : 07C4;
10887 : FB10;
10888 : 029D;
10889 : FF9E;
10890 : 0C9A;
10891 : F8D4;
10892 : 080F;
10893 : F01B;
10894 : EFF4;
10895 : F987;
10896 : F876;
10897 : 114C;
10898 : FAD4;
10899 : 0B02;
10900 : FBB2;
10901 : F979;
10902 : 11E0;
10903 : 0600;
10904 : 0C8F;
10905 : FE47;
10906 : F79C;
10907 : 073E;
10908 : FE6F;
10909 : 0183;
10910 : 0F3B;
10911 : F82A;
10912 : 0786;
10913 : 109E;
10914 : 0B99;
10915 : F664;
10916 : F7EA;
10917 : 0FE5;
10918 : 0D9F;
10919 : FF83;
10920 : 1510;
10921 : 08B5;
10922 : FDE2;
10923 : 040C;
10924 : 091B;
10925 : 00B8;
10926 : F4E6;
10927 : F7CB;
10928 : 0716;
10929 : 12A7;
10930 : 1544;
10931 : F6D9;
10932 : EF35;
10933 : F0EA;
10934 : 0E6A;
10935 : 1105;
10936 : F6C6;
10937 : 00C1;
10938 : 026B;
10939 : 04E8;
10940 : 03EC;
10941 : 0A5E;
10942 : 002C;
10943 : EB27;
10944 : 1850;
10945 : 00C1;
10946 : 0D3D;
10947 : EE5F;
10948 : F4ED;
10949 : 078B;
10950 : FDEF;
10951 : F854;
10952 : EBD5;
10953 : F4D8;
10954 : F1B8;
10955 : 03F6;
10956 : 0808;
10957 : FB23;
10958 : 087B;
10959 : FFB6;
10960 : F33A;
10961 : 0D75;
10962 : 0DF1;
10963 : 0938;
10964 : 0408;
10965 : 03F1;
10966 : FC0C;
10967 : EB1D;
10968 : 0764;
10969 : 0169;
10970 : FD0E;
10971 : F8A0;
10972 : F739;
10973 : F4A8;
10974 : 0F2D;
10975 : 1278;
10976 : EF6D;
10977 : 052B;
10978 : F5C3;
10979 : FA0E;
10980 : F54C;
10981 : FE5E;
10982 : 1485;
10983 : 144D;
10984 : F3AA;
10985 : F41C;
10986 : F936;
10987 : 04F9;
10988 : 0E48;
10989 : 0AD7;
10990 : F2A6;
10991 : 0E56;
10992 : EB7C;
10993 : F7DD;
10994 : F2DE;
10995 : FDFF;
10996 : EEA5;
10997 : F3D4;
10998 : EC14;
10999 : FCBB;
11000 : EBF2;
11001 : 0972;
11002 : FDA7;
11003 : 0EDD;
11004 : 05E8;
11005 : F1AA;
11006 : F04C;
11007 : EB91;
11008 : 1686;
11009 : F39B;
11010 : F77B;
11011 : 0DA1;
11012 : FBB7;
11013 : FBE1;
11014 : 14B5;
11015 : F73F;
11016 : 0B35;
11017 : FFAD;
11018 : 1233;
11019 : 105E;
11020 : 0588;
11021 : 07EA;
11022 : F547;
11023 : 030F;
11024 : FD82;
11025 : 078D;
11026 : 07BA;
11027 : 020E;
11028 : F865;
11029 : FBB8;
11030 : FB23;
11031 : EFC8;
11032 : 115D;
11033 : F586;
11034 : FDF2;
11035 : 0A62;
11036 : 18D3;
11037 : 0D92;
11038 : F691;
11039 : F1B9;
11040 : 0416;
11041 : 054B;
11042 : EB61;
11043 : F27D;
11044 : FC33;
11045 : 0601;
11046 : 161D;
11047 : F4DD;
11048 : FDA9;
11049 : F448;
11050 : FA75;
11051 : F26A;
11052 : ECC9;
11053 : F4B8;
11054 : F45C;
11055 : F3CC;
11056 : 0BA3;
11057 : 08A3;
11058 : F02D;
11059 : F218;
11060 : 1176;
11061 : 0932;
11062 : FC28;
11063 : FBAE;
11064 : F359;
11065 : 024D;
11066 : FBAE;
11067 : 03FE;
11068 : EF43;
11069 : 0A09;
11070 : 014F;
11071 : 03FE;
11072 : F8B0;
11073 : 03B1;
11074 : F4D2;
11075 : 0EFE;
11076 : EB0A;
11077 : 0C28;
11078 : 025C;
11079 : F1D3;
11080 : F40E;
11081 : 0A24;
11082 : 06AE;
11083 : FB9B;
11084 : 0937;
11085 : EE70;
11086 : F570;
11087 : F3B7;
11088 : FFD7;
11089 : FBBE;
11090 : 0F78;
11091 : 0860;
11092 : 0910;
11093 : 08AF;
11094 : 0C19;
11095 : 02A7;
11096 : FC48;
11097 : 028C;
11098 : 0AD7;
11099 : EF87;
11100 : F51B;
11101 : 10C7;
11102 : 0BE4;
11103 : 00F7;
11104 : 08EF;
11105 : FDB7;
11106 : FA35;
11107 : 0BA6;
11108 : 0498;
11109 : FC3F;
11110 : 0DD5;
11111 : F25A;
11112 : 08DF;
11113 : 0C05;
11114 : FCD2;
11115 : 0B23;
11116 : 0413;
11117 : F7D6;
11118 : 061A;
11119 : FE35;
11120 : ED2F;
11121 : 002A;
11122 : F9FF;
11123 : FD38;
11124 : F081;
11125 : F574;
11126 : 0805;
11127 : 1165;
11128 : F319;
11129 : 0730;
11130 : FA43;
11131 : F86F;
11132 : F09D;
11133 : 0A0C;
11134 : 0D2D;
11135 : FD6E;
11136 : 01AE;
11137 : 15A1;
11138 : 14B9;
11139 : F3A0;
11140 : 04A8;
11141 : 11FA;
11142 : FCFA;
11143 : 0177;
11144 : F63E;
11145 : FCE7;
11146 : FCAF;
11147 : 07C3;
11148 : 0B6B;
11149 : 0E11;
11150 : F125;
11151 : 0C77;
11152 : FBDB;
11153 : 0FA6;
11154 : F57C;
11155 : FFD8;
11156 : EE6B;
11157 : 01A4;
11158 : F6ED;
11159 : 11E0;
11160 : EE0C;
11161 : F934;
11162 : 0996;
11163 : EC36;
11164 : FD65;
11165 : FE47;
11166 : F9D9;
11167 : 11A5;
11168 : 00DF;
11169 : 13B0;
11170 : F0B3;
11171 : 150D;
11172 : 0751;
11173 : 0B73;
11174 : F3BA;
11175 : 0328;
11176 : 0441;
11177 : 1241;
11178 : F261;
11179 : 0495;
11180 : 0269;
11181 : F883;
11182 : EFC9;
11183 : 0C5A;
11184 : 05A9;
11185 : 0BFB;
11186 : F207;
11187 : F92E;
11188 : EE77;
11189 : 1531;
11190 : FFBC;
11191 : EE12;
11192 : 05C8;
11193 : 0C69;
11194 : 05B7;
11195 : FBEA;
11196 : 0050;
11197 : F56B;
11198 : 0C04;
11199 : 0CAD;
11200 : F785;
11201 : F40E;
11202 : 0553;
11203 : FDE6;
11204 : F020;
11205 : 0A87;
11206 : 0CBD;
11207 : FAC5;
11208 : EAC0;
11209 : 059D;
11210 : F64F;
11211 : F280;
11212 : FFC7;
11213 : 0E39;
11214 : FE72;
11215 : EC42;
11216 : FC73;
11217 : 090A;
11218 : F3E1;
11219 : F9FE;
11220 : ED10;
11221 : F45B;
11222 : 0C62;
11223 : F177;
11224 : 006E;
11225 : F12B;
11226 : 0283;
11227 : 0CEF;
11228 : FB56;
11229 : F414;
11230 : FABC;
11231 : F561;
11232 : F1E2;
11233 : F175;
11234 : 0B1E;
11235 : 0AED;
11236 : EDE0;
11237 : 0846;
11238 : 1136;
11239 : 1390;
11240 : ECBD;
11241 : FB00;
11242 : 0715;
11243 : EF57;
11244 : F7EA;
11245 : F67E;
11246 : 0128;
11247 : 09F2;
11248 : 0EA0;
11249 : 0651;
11250 : 013C;
11251 : 0E41;
11252 : EDDD;
11253 : 0557;
11254 : FD45;
11255 : FDD5;
11256 : F72F;
11257 : F936;
11258 : FF64;
11259 : FB6A;
11260 : 031C;
11261 : 0F4F;
11262 : 0269;
11263 : FEE1;
11264 : 148A;
11265 : 001D;
11266 : F3C4;
11267 : ECA9;
11268 : FA0F;
11269 : F48F;
11270 : 0466;
11271 : F436;
11272 : EE60;
11273 : EBB2;
11274 : F32B;
11275 : 10BD;
11276 : 055F;
11277 : 0D32;
11278 : EDB5;
11279 : F56C;
11280 : F891;
11281 : 00E2;
11282 : 02D0;
11283 : F461;
11284 : 0B48;
11285 : F9EE;
11286 : F553;
11287 : 0168;
11288 : 0D51;
11289 : F142;
11290 : 0E38;
11291 : F091;
11292 : 17F2;
11293 : EB68;
11294 : 0861;
11295 : 02A3;
11296 : 0050;
11297 : F361;
11298 : F6B2;
11299 : 1272;
11300 : F63A;
11301 : 0B75;
11302 : 051D;
11303 : F13F;
11304 : FA4E;
11305 : 06C1;
11306 : FEB3;
11307 : F998;
11308 : F034;
11309 : F32F;
11310 : 121A;
11311 : F649;
11312 : 049D;
11313 : FE5D;
11314 : 12BE;
11315 : 0FDA;
11316 : EFD9;
11317 : 1470;
11318 : FBC9;
11319 : 0ACE;
11320 : 08DF;
11321 : FB80;
11322 : F3ED;
11323 : ECD1;
11324 : 00CC;
11325 : F710;
11326 : 00AF;
11327 : FC48;
11328 : 0952;
11329 : F873;
11330 : F7DC;
11331 : 062F;
11332 : F162;
11333 : 0D38;
11334 : 0890;
11335 : 0863;
11336 : FE57;
11337 : 032C;
11338 : 0056;
11339 : FEAA;
11340 : 0BFC;
11341 : FF89;
11342 : 05DD;
11343 : 0684;
11344 : 0970;
11345 : FD31;
11346 : F8DC;
11347 : 028F;
11348 : 0EBB;
11349 : 1814;
11350 : EF3C;
11351 : FBEB;
11352 : 0680;
11353 : EA12;
11354 : F03F;
11355 : 0581;
11356 : 0712;
11357 : F709;
11358 : F798;
11359 : F48B;
11360 : F43F;
11361 : F32D;
11362 : EFA9;
11363 : 06C7;
11364 : 082F;
11365 : 05E5;
11366 : 0166;
11367 : F4F6;
11368 : ECB1;
11369 : FC5F;
11370 : 0278;
11371 : 1046;
11372 : ED67;
11373 : F47B;
11374 : EE99;
11375 : E982;
11376 : 01FB;
11377 : 0431;
11378 : 07E7;
11379 : 0752;
11380 : F1A9;
11381 : FB5D;
11382 : 094E;
11383 : F712;
11384 : F45C;
11385 : F3A6;
11386 : 05BD;
11387 : 135A;
11388 : F8BD;
11389 : 01DC;
11390 : F4CA;
11391 : F64A;
11392 : 097D;
11393 : 0169;
11394 : 0405;
11395 : EEF7;
11396 : 0930;
11397 : FE28;
11398 : EE3A;
11399 : 05B9;
11400 : F5BA;
11401 : 057D;
11402 : 0C16;
11403 : FF66;
11404 : F53B;
11405 : FB14;
11406 : 0A3C;
11407 : 0B63;
11408 : 12FC;
11409 : F3B9;
11410 : 024E;
11411 : FB72;
11412 : 0F2C;
11413 : F6BB;
11414 : F250;
11415 : 083F;
11416 : F603;
11417 : EA8E;
11418 : 09CB;
11419 : 0D53;
11420 : 024A;
11421 : 0588;
11422 : F967;
11423 : F64C;
11424 : FDAC;
11425 : 0221;
11426 : F786;
11427 : 05E9;
11428 : 02BE;
11429 : FB1A;
11430 : 057E;
11431 : FADB;
11432 : 09C4;
11433 : 037E;
11434 : F70D;
11435 : FF7B;
11436 : F36D;
11437 : 078B;
11438 : 0445;
11439 : FF95;
11440 : 079D;
11441 : 0533;
11442 : 0D15;
11443 : F85D;
11444 : 008D;
11445 : 072B;
11446 : F08E;
11447 : 10C0;
11448 : 0C51;
11449 : FE4D;
11450 : 0E90;
11451 : FBAE;
11452 : 050F;
11453 : FCD6;
11454 : F38E;
11455 : FAA4;
11456 : F819;
11457 : 0A5B;
11458 : 0E3E;
11459 : F979;
11460 : 0427;
11461 : FD8D;
11462 : 0786;
11463 : F746;
11464 : F5AF;
11465 : ECB4;
11466 : F358;
11467 : F10F;
11468 : F07A;
11469 : 0F54;
11470 : F536;
11471 : ED96;
11472 : 120D;
11473 : 041E;
11474 : 1224;
11475 : F64F;
11476 : 0483;
11477 : 02B4;
11478 : 0AFC;
11479 : FAE5;
11480 : F648;
11481 : 0035;
11482 : 0949;
11483 : F9B3;
11484 : 10F8;
11485 : FBF9;
11486 : 1266;
11487 : 004A;
11488 : 09DF;
11489 : 1225;
11490 : 1203;
11491 : 1208;
11492 : F8C3;
11493 : 0F40;
11494 : 07B6;
11495 : F66C;
11496 : 0BB2;
11497 : 08B7;
11498 : F7D7;
11499 : FC6E;
11500 : 0AD6;
11501 : F305;
11502 : 00EB;
11503 : 0D0E;
11504 : F1BD;
11505 : FC77;
11506 : FAD2;
11507 : 01E6;
11508 : 0FE1;
11509 : 0F40;
11510 : 0BDD;
11511 : FC5E;
11512 : EF92;
11513 : 04B4;
11514 : 0BE1;
11515 : F1C9;
11516 : 0EF3;
11517 : FA30;
11518 : 0FC5;
11519 : 08C6;
11520 : 00AB;
11521 : 08D6;
11522 : 11E3;
11523 : 0E21;
11524 : F78E;
11525 : EE4D;
11526 : 0128;
11527 : 0DB9;
11528 : 0D00;
11529 : 0543;
11530 : 0F86;
11531 : 03FA;
11532 : 0725;
11533 : EC61;
11534 : EF84;
11535 : EA27;
11536 : 0B46;
11537 : FC5A;
11538 : F50D;
11539 : 04F7;
11540 : F3B6;
11541 : 086A;
11542 : F870;
11543 : ECE6;
11544 : 0329;
11545 : F16F;
11546 : ECBA;
11547 : F369;
11548 : F9AF;
11549 : EE89;
11550 : F5F1;
11551 : 0A41;
11552 : 0208;
11553 : 080D;
11554 : F663;
11555 : F050;
11556 : F473;
11557 : 0211;
11558 : F6D5;
11559 : 076E;
11560 : 0949;
11561 : 01AF;
11562 : 0668;
11563 : FDCE;
11564 : 0736;
11565 : 0341;
11566 : 1052;
11567 : F5FA;
11568 : 093E;
11569 : 03B3;
11570 : 0166;
11571 : 099A;
11572 : 0D87;
11573 : 0225;
11574 : 0666;
11575 : 1256;
11576 : 0DBB;
11577 : F3A5;
11578 : F3A0;
11579 : 0B2A;
11580 : 08C5;
11581 : FCE2;
11582 : 0368;
11583 : F803;
11584 : FEC3;
11585 : 0389;
11586 : 0769;
11587 : 0829;
11588 : FFA8;
11589 : 084E;
11590 : 1441;
11591 : F204;
11592 : 0EFB;
11593 : 0416;
11594 : 0671;
11595 : 056E;
11596 : F8C7;
11597 : F7B7;
11598 : 0888;
11599 : 09D0;
11600 : F8D2;
11601 : F46B;
11602 : 042F;
11603 : EEEA;
11604 : 00FE;
11605 : F293;
11606 : 052B;
11607 : 03E5;
11608 : 1046;
11609 : 0B98;
11610 : F263;
11611 : F53D;
11612 : 08B3;
11613 : EE53;
11614 : 0575;
11615 : FFCF;
11616 : 0FCC;
11617 : 087B;
11618 : 0651;
11619 : 1201;
11620 : 035D;
11621 : 07D0;
11622 : FF7B;
11623 : F653;
11624 : 0F32;
11625 : 0AB5;
11626 : 00BA;
11627 : 0523;
11628 : F03F;
11629 : F7FE;
11630 : F397;
11631 : 1320;
11632 : FA64;
11633 : 034B;
11634 : FA65;
11635 : F213;
11636 : F3DD;
11637 : 050B;
11638 : F912;
11639 : 0513;
11640 : 0E3F;
11641 : FC5D;
11642 : 0722;
11643 : F758;
11644 : 100C;
11645 : FA75;
11646 : FCF8;
11647 : 04CA;
11648 : 094F;
11649 : F26A;
11650 : EF76;
11651 : 0F6D;
11652 : 011D;
11653 : 0270;
11654 : EFC5;
11655 : FFFC;
11656 : ECEC;
11657 : 0AD0;
11658 : F5FD;
11659 : 10D4;
11660 : 0DA5;
11661 : 09F0;
11662 : F2AF;
11663 : 0726;
11664 : F263;
11665 : 0218;
11666 : 07C8;
11667 : 102D;
11668 : 04E4;
11669 : 0733;
11670 : 0593;
11671 : 0DF7;
11672 : F472;
11673 : E7C9;
11674 : 1565;
11675 : 1157;
11676 : 0A8B;
11677 : 0855;
11678 : FC24;
11679 : FEDE;
11680 : ED54;
11681 : 088F;
11682 : 056B;
11683 : 0C00;
11684 : F04F;
11685 : 080B;
11686 : 0C31;
11687 : 1513;
11688 : EC03;
11689 : F202;
11690 : F128;
11691 : 096B;
11692 : 0C31;
11693 : ED22;
11694 : F56E;
11695 : 0D70;
11696 : 049E;
11697 : 0DE0;
11698 : F905;
11699 : EF7D;
11700 : FD2D;
11701 : F337;
11702 : 039E;
11703 : 13F7;
11704 : F42F;
11705 : 1068;
11706 : F341;
11707 : FE10;
11708 : F123;
11709 : F283;
11710 : 0C53;
11711 : 0C30;
11712 : FECB;
11713 : 0232;
11714 : FE10;
11715 : F93E;
11716 : 0654;
11717 : F1C9;
11718 : F745;
11719 : FC10;
11720 : 01DE;
11721 : FE42;
11722 : 0FDE;
11723 : FCF2;
11724 : F088;
11725 : 01FA;
11726 : F9B3;
11727 : F52B;
11728 : 0D6D;
11729 : E676;
11730 : F97F;
11731 : 13B2;
11732 : F264;
11733 : FE24;
11734 : 1299;
11735 : 0EB8;
11736 : F149;
11737 : 041D;
11738 : FB2E;
11739 : F835;
11740 : FC93;
11741 : FFD7;
11742 : 08FF;
11743 : 10C2;
11744 : F07C;
11745 : 0BD3;
11746 : 0E04;
11747 : 08B5;
11748 : FD82;
11749 : 07F4;
11750 : 00D5;
11751 : 0687;
11752 : F63A;
11753 : EF63;
11754 : F9BD;
11755 : 0B5B;
11756 : 074D;
11757 : F107;
11758 : F36F;
11759 : 1332;
11760 : 0135;
11761 : EFAA;
11762 : 00CD;
11763 : 0854;
11764 : F164;
11765 : FC22;
11766 : 01FE;
11767 : EE6C;
11768 : F4F2;
11769 : FF7E;
11770 : F0E6;
11771 : 081D;
11772 : FAC1;
11773 : 00A6;
11774 : F8C4;
11775 : 027B;
11776 : EF6C;
11777 : 0608;
11778 : 106F;
11779 : 0F73;
11780 : 0BBC;
11781 : 0BC7;
11782 : 0DCB;
11783 : 06F5;
11784 : F18B;
11785 : 053F;
11786 : 0066;
11787 : 0961;
11788 : F9BE;
11789 : 0275;
11790 : F072;
11791 : 0660;
11792 : F9F8;
11793 : 0230;
11794 : EECF;
11795 : F103;
11796 : 0C6D;
11797 : 0CD8;
11798 : 0C2E;
11799 : F67D;
11800 : EAE0;
11801 : 054B;
11802 : 01FB;
11803 : 1449;
11804 : 0282;
11805 : EE9B;
11806 : 01B7;
11807 : FF41;
11808 : F5AE;
11809 : EDE8;
11810 : FE3A;
11811 : F66C;
11812 : F728;
11813 : FF4E;
11814 : FC5D;
11815 : 054B;
11816 : EF47;
11817 : 065D;
11818 : 08A3;
11819 : 025C;
11820 : 0A46;
11821 : 0F0D;
11822 : 097D;
11823 : FC7B;
11824 : F659;
11825 : F4CF;
11826 : 0968;
11827 : 01D2;
11828 : 0E26;
11829 : 086E;
11830 : F662;
11831 : FCA9;
11832 : FCCB;
11833 : 0F55;
11834 : 0EBB;
11835 : F4C9;
11836 : F785;
11837 : EF81;
11838 : 0D6A;
11839 : FFF1;
11840 : 0072;
11841 : F09F;
11842 : F42B;
11843 : 13FC;
11844 : 0C9E;
11845 : 0547;
11846 : 0333;
11847 : 082E;
11848 : 099B;
11849 : 0BEA;
11850 : 107B;
11851 : 0E6E;
11852 : EE5B;
11853 : 0C15;
11854 : 03E9;
11855 : EEED;
11856 : F0AE;
11857 : 1280;
11858 : 0722;
11859 : 05F4;
11860 : 0EC6;
11861 : FAB2;
11862 : 05FF;
11863 : 03FA;
11864 : F682;
11865 : EFE7;
11866 : F01F;
11867 : 1468;
11868 : F7B5;
11869 : FEDC;
11870 : F0BD;
11871 : F17B;
11872 : FB0E;
11873 : F5E7;
11874 : 0239;
11875 : F03C;
11876 : 05D7;
11877 : FDD8;
11878 : F9B2;
11879 : F90D;
11880 : EFA5;
11881 : 02C1;
11882 : FC6E;
11883 : 0A07;
11884 : FD3E;
11885 : FBD3;
11886 : F26B;
11887 : 05C1;
11888 : 0FB9;
11889 : FBE9;
11890 : 0701;
11891 : 066A;
11892 : 0209;
11893 : FA29;
11894 : 15CC;
11895 : FE3D;
11896 : 09D0;
11897 : FCEC;
11898 : 07CA;
11899 : 1547;
11900 : 117D;
11901 : 0642;
11902 : 0B61;
11903 : F71B;
11904 : 060F;
11905 : 01CD;
11906 : FBAA;
11907 : 0254;
11908 : F7C8;
11909 : F1C7;
11910 : 050C;
11911 : 0F91;
11912 : F5FC;
11913 : 0779;
11914 : F809;
11915 : EDFE;
11916 : 01A6;
11917 : F4EC;
11918 : F811;
11919 : 001A;
11920 : 0A8E;
11921 : 0BAC;
11922 : 051D;
11923 : 0C9C;
11924 : EAB0;
11925 : 062A;
11926 : 0636;
11927 : 10AF;
11928 : EABC;
11929 : FC0C;
11930 : F9B7;
11931 : 02D4;
11932 : FD1B;
11933 : 024F;
11934 : 134D;
11935 : 06CF;
11936 : FEAA;
11937 : 11FA;
11938 : 10AD;
11939 : FC63;
11940 : 03FD;
11941 : EFC6;
11942 : FF5D;
11943 : 19BE;
11944 : F2BD;
11945 : F828;
11946 : EE43;
11947 : F8F1;
11948 : 0C5E;
11949 : 0B6C;
11950 : 10CA;
11951 : F0E9;
11952 : EE94;
11953 : 01EA;
11954 : 006E;
11955 : 0722;
11956 : 0EBC;
11957 : 09BF;
11958 : 0EA9;
11959 : F306;
11960 : 0BA6;
11961 : 10F7;
11962 : 02F1;
11963 : F10E;
11964 : F09E;
11965 : FE80;
11966 : ECE8;
11967 : FD9A;
11968 : F036;
11969 : 04D6;
11970 : 0535;
11971 : F287;
11972 : 0D42;
11973 : 0BC1;
11974 : 0785;
11975 : FC38;
11976 : 0806;
11977 : FE90;
11978 : F8DC;
11979 : 0C6C;
11980 : F8F0;
11981 : F074;
11982 : 085B;
11983 : F91F;
11984 : 1056;
11985 : 0A3E;
11986 : 0320;
11987 : 0C37;
11988 : F27A;
11989 : F3BD;
11990 : F83A;
11991 : 0A27;
11992 : 0552;
11993 : 012A;
11994 : F0F3;
11995 : FEA7;
11996 : F28C;
11997 : FE0C;
11998 : 0A45;
11999 : F001;
12000 : F6FA;
12001 : 011D;
12002 : 06C2;
12003 : F6B0;
12004 : 1067;
12005 : 100C;
12006 : 0E1A;
12007 : 1631;
12008 : 09AB;
12009 : F163;
12010 : F77D;
12011 : EAFE;
12012 : 0C01;
12013 : 152D;
12014 : 106D;
12015 : 0A6F;
12016 : 06AC;
12017 : F01A;
12018 : 0AFC;
12019 : EE7B;
12020 : F0CA;
12021 : 094B;
12022 : 0FD3;
12023 : F5DA;
12024 : 0997;
12025 : FB65;
12026 : F91F;
12027 : F016;
12028 : 004A;
12029 : F476;
12030 : 0A20;
12031 : F8E7;
12032 : F653;
12033 : F6D4;
12034 : F0A6;
12035 : F9DA;
12036 : EC04;
12037 : FF9F;
12038 : 014D;
12039 : F85F;
12040 : ED25;
12041 : F4E3;
12042 : F9BA;
12043 : F7C6;
12044 : F0E7;
12045 : 0735;
12046 : EFA9;
12047 : F694;
12048 : 075D;
12049 : 100D;
12050 : F248;
12051 : EC76;
12052 : FFAC;
12053 : 0F73;
12054 : FE4F;
12055 : 0CE9;
12056 : 0C85;
12057 : 0B7A;
12058 : 008D;
12059 : 01C5;
12060 : F94C;
12061 : 08FF;
12062 : F584;
12063 : 074D;
12064 : FBD2;
12065 : FBF1;
12066 : EB28;
12067 : F019;
12068 : 13F8;
12069 : 0023;
12070 : F4A0;
12071 : 12BC;
12072 : 0468;
12073 : 0FF8;
12074 : 08DE;
12075 : 11A9;
12076 : FAEB;
12077 : 0AE0;
12078 : F889;
12079 : EE12;
12080 : EF6D;
12081 : 0BBE;
12082 : FE03;
12083 : 0573;
12084 : F526;
12085 : F6E2;
12086 : 0DAF;
12087 : 086B;
12088 : F069;
12089 : F176;
12090 : F19B;
12091 : 07DC;
12092 : 036E;
12093 : 0263;
12094 : 0A48;
12095 : 1178;
12096 : FA3E;
12097 : 0FA8;
12098 : 0F5E;
12099 : F530;
12100 : 04A4;
12101 : F033;
12102 : F7D2;
12103 : 0EB5;
12104 : 083F;
12105 : 0880;
12106 : 1363;
12107 : F9FD;
12108 : 0C35;
12109 : FC9E;
12110 : FBFB;
12111 : E93D;
12112 : FBE6;
12113 : F9BD;
12114 : F75E;
12115 : 0FF4;
12116 : F819;
12117 : 089A;
12118 : 10B4;
12119 : 14F1;
12120 : 0386;
12121 : 062C;
12122 : 0097;
12123 : EFD3;
12124 : F629;
12125 : 0E01;
12126 : 09F8;
12127 : F166;
12128 : 06DA;
12129 : FC1F;
12130 : EE14;
12131 : 0107;
12132 : 0113;
12133 : 1015;
12134 : FAF6;
12135 : FF50;
12136 : 125F;
12137 : F76E;
12138 : F703;
12139 : F971;
12140 : 095B;
12141 : F935;
12142 : F74E;
12143 : F549;
12144 : FC40;
12145 : 008A;
12146 : 1033;
12147 : 0614;
12148 : EFCB;
12149 : FCB7;
12150 : F491;
12151 : 0975;
12152 : EDBA;
12153 : F9BA;
12154 : F8F6;
12155 : 0ED9;
12156 : F6F0;
12157 : FC39;
12158 : F759;
12159 : FC52;
12160 : 034A;
12161 : F935;
12162 : 0936;
12163 : 094C;
12164 : FC7A;
12165 : 04D5;
12166 : FC3F;
12167 : 109A;
12168 : 0558;
12169 : F447;
12170 : FB47;
12171 : FF9A;
12172 : 01CB;
12173 : FE8D;
12174 : 0E28;
12175 : 0EDE;
12176 : 0DC1;
12177 : F940;
12178 : FB1F;
12179 : 0D2E;
12180 : 0E1D;
12181 : 1339;
12182 : F806;
12183 : 034C;
12184 : 0A63;
12185 : 0075;
12186 : FEBA;
12187 : F31D;
12188 : FD43;
12189 : EAC6;
12190 : 0808;
12191 : 0CFD;
12192 : 0677;
12193 : EC1A;
12194 : FE5F;
12195 : F0E5;
12196 : 0EB3;
12197 : FD78;
12198 : 02E3;
12199 : 0682;
12200 : F0AF;
12201 : 0D3F;
12202 : 0F05;
12203 : FB62;
12204 : F1CC;
12205 : 0542;
12206 : F902;
12207 : 0263;
12208 : F5B2;
12209 : 0A49;
12210 : 1640;
12211 : 1752;
12212 : F3FD;
12213 : ED4A;
12214 : 0B0F;
12215 : FC61;
12216 : 09F3;
12217 : FAF6;
12218 : FEDC;
12219 : F833;
12220 : 082E;
12221 : 0BDB;
12222 : 06EA;
12223 : F8D0;
12224 : FB4A;
12225 : 0EC2;
12226 : 0907;
12227 : 0106;
12228 : 07EB;
12229 : 03B3;
12230 : FA66;
12231 : F322;
12232 : F655;
12233 : FCC0;
12234 : 002A;
12235 : FAC4;
12236 : 009C;
12237 : 0457;
12238 : F320;
12239 : 0364;
12240 : FC39;
12241 : 094F;
12242 : 045D;
12243 : FC30;
12244 : FB15;
12245 : 02B3;
12246 : 0536;
12247 : FE79;
12248 : 0943;
12249 : F66F;
12250 : FBBC;
12251 : 0443;
12252 : F9C8;
12253 : 0902;
12254 : F215;
12255 : EEC7;
12256 : 03DC;
12257 : E9B7;
12258 : 0106;
12259 : F932;
12260 : 1458;
12261 : F7C7;
12262 : 0D7E;
12263 : F673;
12264 : 07C3;
12265 : 00B7;
12266 : F19A;
12267 : EF90;
12268 : E7A4;
12269 : 080B;
12270 : 0A81;
12271 : 09D5;
12272 : F5C1;
12273 : 0A16;
12274 : 0B2C;
12275 : 092F;
12276 : FF92;
12277 : 06DD;
12278 : F881;
12279 : 05BB;
12280 : 029C;
12281 : EC23;
12282 : 15C0;
12283 : 018D;
12284 : 099A;
12285 : F4B8;
12286 : 00E1;
12287 : F2B5;
12288 : F109;
12289 : F114;
12290 : F08C;
12291 : F213;
12292 : 0D1E;
12293 : EF32;
12294 : 0634;
12295 : F188;
12296 : 00DD;
12297 : 08C6;
12298 : 004A;
12299 : 0E3E;
12300 : 01DE;
12301 : 18D3;
12302 : 0278;
12303 : FB7F;
12304 : 1136;
12305 : F924;
12306 : 063C;
12307 : 018A;
12308 : 0627;
12309 : 0CBD;
12310 : 1172;
12311 : FBB1;
12312 : 06B7;
12313 : 11EE;
12314 : 03F2;
12315 : EABA;
12316 : FEB3;
12317 : 054C;
12318 : FD21;
12319 : 00FE;
12320 : F43E;
12321 : 0418;
12322 : 090E;
12323 : 03B7;
12324 : F628;
12325 : F56C;
12326 : EC20;
12327 : 0E2A;
12328 : EFF5;
12329 : 0062;
12330 : F50E;
12331 : 078A;
12332 : EB81;
12333 : 0076;
12334 : EEAF;
12335 : FFB7;
12336 : 04FE;
12337 : ED50;
12338 : 15BC;
12339 : F359;
12340 : F1E3;
12341 : F023;
12342 : 0B7D;
12343 : 0E1D;
12344 : 085A;
12345 : F7CA;
12346 : 0768;
12347 : 0451;
12348 : 0D29;
12349 : 0190;
12350 : 1087;
12351 : F7FF;
12352 : F406;
12353 : 02AF;
12354 : F946;
12355 : 0827;
12356 : 06B4;
12357 : FD02;
12358 : F91F;
12359 : F950;
12360 : 0AF4;
12361 : 096B;
12362 : 02A2;
12363 : 1015;
12364 : F7BB;
12365 : F9ED;
12366 : 0577;
12367 : 0359;
12368 : 1444;
12369 : FD57;
12370 : 0FB5;
12371 : FA98;
12372 : EE9D;
12373 : F9D0;
12374 : F4DD;
12375 : 0369;
12376 : 0EF9;
12377 : 0B5B;
12378 : F85B;
12379 : F16C;
12380 : 0099;
12381 : 0537;
12382 : 0AFF;
12383 : EF3A;
12384 : FC8B;
12385 : FD2C;
12386 : FBDD;
12387 : 08E4;
12388 : 0C5D;
12389 : 021B;
12390 : 01E7;
12391 : 0C44;
12392 : FA08;
12393 : 0F25;
12394 : 0397;
12395 : 02A9;
12396 : EF1C;
12397 : F6C6;
12398 : FF1B;
12399 : 0C74;
12400 : 0E5C;
12401 : F99B;
12402 : 0FA3;
12403 : 0795;
12404 : FF57;
12405 : 066A;
12406 : 0339;
12407 : 07CD;
12408 : 0047;
12409 : F9B4;
12410 : 179E;
12411 : EECE;
12412 : FF5A;
12413 : 0161;
12414 : FEF2;
12415 : 0517;
12416 : 0C2D;
12417 : F699;
12418 : 0B25;
12419 : 0953;
12420 : FF9A;
12421 : F4C4;
12422 : EEBD;
12423 : F69F;
12424 : 0730;
12425 : F862;
12426 : 000D;
12427 : 07F7;
12428 : 0AFB;
12429 : 01DA;
12430 : 11EA;
12431 : ED9B;
12432 : 094D;
12433 : 16F0;
12434 : 0BAA;
12435 : 0837;
12436 : 1404;
12437 : 0B91;
12438 : 0135;
12439 : F96D;
12440 : 0A2F;
12441 : F148;
12442 : 05C5;
12443 : F0C7;
12444 : 0BCA;
12445 : ED0E;
12446 : EE24;
12447 : 004F;
12448 : 06C4;
12449 : FC9B;
12450 : F5BB;
12451 : F82E;
12452 : ED3C;
12453 : 07E2;
12454 : ED8B;
12455 : EE9F;
12456 : 0DCB;
12457 : 0107;
12458 : 0FCC;
12459 : F5D5;
12460 : FF00;
12461 : 0D93;
12462 : 1299;
12463 : EF48;
12464 : FF74;
12465 : FCD7;
12466 : 0C64;
12467 : 0D37;
12468 : F5EB;
12469 : 0584;
12470 : 046B;
12471 : 04A3;
12472 : 0192;
12473 : 04A3;
12474 : F4F1;
12475 : F95F;
12476 : 134C;
12477 : 054A;
12478 : 10D9;
12479 : 08A9;
12480 : 0220;
12481 : 0EFE;
12482 : EE03;
12483 : 10A1;
12484 : 1142;
12485 : 098A;
12486 : 08DB;
12487 : EFF2;
12488 : 0AED;
12489 : EE3D;
12490 : FA50;
12491 : 09D6;
12492 : 0FF6;
12493 : 0491;
12494 : F9EA;
12495 : 017D;
12496 : 0E18;
12497 : 0679;
12498 : 0536;
12499 : 0230;
12500 : 121E;
12501 : 0871;
12502 : 128F;
12503 : F9CF;
12504 : EFAF;
12505 : F090;
12506 : F189;
12507 : F61C;
12508 : F8BC;
12509 : 0549;
12510 : F725;
12511 : 0E00;
12512 : 009C;
12513 : EEE8;
12514 : FBDA;
12515 : 122D;
12516 : FA95;
12517 : 0731;
12518 : F372;
12519 : FB90;
12520 : FC37;
12521 : F95F;
12522 : F403;
12523 : FDC3;
12524 : 0579;
12525 : F769;
12526 : 057D;
12527 : F6B1;
12528 : 10D1;
12529 : 0E5F;
12530 : 0302;
12531 : F699;
12532 : 0B03;
12533 : FEC3;
12534 : EEBE;
12535 : 014F;
12536 : FD54;
12537 : F5D4;
12538 : F5C1;
12539 : 0B54;
12540 : 0621;
12541 : F73E;
12542 : EE93;
12543 : FBD5;
12544 : 0475;
12545 : F0C3;
12546 : F101;
12547 : 0284;
12548 : FCE0;
12549 : 0673;
12550 : 0E46;
12551 : 0674;
12552 : 052C;
12553 : FB31;
12554 : F52E;
12555 : 0A65;
12556 : FAC6;
12557 : 0E4A;
12558 : 03AE;
12559 : F058;
12560 : 11CD;
12561 : 12C9;
12562 : 0598;
12563 : 0A66;
12564 : FABA;
12565 : 116F;
12566 : 06C3;
12567 : F8B9;
12568 : 097E;
12569 : FBE1;
12570 : F24D;
12571 : 09FB;
12572 : 09BD;
12573 : F5D4;
12574 : 0D93;
12575 : FC18;
12576 : F394;
12577 : 1019;
12578 : 081D;
12579 : 0D6B;
12580 : EE23;
12581 : 0725;
12582 : F5CC;
12583 : EDAD;
12584 : F275;
12585 : 03F6;
12586 : 0E6A;
12587 : 0896;
12588 : 0596;
12589 : 0021;
12590 : F474;
12591 : 06FB;
12592 : F431;
12593 : 07AF;
12594 : 107D;
12595 : FB2E;
12596 : EE85;
12597 : EC8E;
12598 : F2F1;
12599 : F598;
12600 : 099D;
12601 : F955;
12602 : FF7E;
12603 : 0D6C;
12604 : 09CD;
12605 : EF6C;
12606 : F374;
12607 : 1388;
12608 : 0622;
12609 : F66F;
12610 : 056F;
12611 : 1122;
12612 : 10B9;
12613 : FEA8;
12614 : 09A6;
12615 : 003D;
12616 : 07E9;
12617 : 0BBE;
12618 : F02A;
12619 : 0A37;
12620 : EF2C;
12621 : 017E;
12622 : FB28;
12623 : 10E2;
12624 : FB90;
12625 : F489;
12626 : FCEC;
12627 : 0B51;
12628 : 0BCF;
12629 : F7CB;
12630 : 095D;
12631 : 0181;
12632 : 0789;
12633 : FED1;
12634 : EEC8;
12635 : 076C;
12636 : F146;
12637 : FBB7;
12638 : 0DF7;
12639 : F128;
12640 : FE5E;
12641 : 0C32;
12642 : 05A1;
12643 : F193;
12644 : 1071;
12645 : EDC6;
12646 : FF22;
12647 : 0EBB;
12648 : 0EA7;
12649 : F502;
12650 : F63E;
12651 : FEED;
12652 : 00AA;
12653 : 0F9C;
12654 : 06C4;
12655 : 0484;
12656 : FEDC;
12657 : F04C;
12658 : EDC3;
12659 : 0D77;
12660 : F10A;
12661 : 0543;
12662 : F71A;
12663 : F064;
12664 : 099D;
12665 : F4AE;
12666 : F84D;
12667 : F81E;
12668 : FF68;
12669 : F237;
12670 : F718;
12671 : 1330;
12672 : 0F5B;
12673 : 0AA1;
12674 : 1301;
12675 : FA7E;
12676 : EA28;
12677 : F7C8;
12678 : FF10;
12679 : F96D;
12680 : 161B;
12681 : F298;
12682 : F836;
12683 : 0670;
12684 : 0DAF;
12685 : FC95;
12686 : 0FD8;
12687 : 0A98;
12688 : F49A;
12689 : FEA0;
12690 : 0A9A;
12691 : F23F;
12692 : 0CCB;
12693 : 045E;
12694 : FFF6;
12695 : 1575;
12696 : 0F22;
12697 : 07F1;
12698 : F3E8;
12699 : F642;
12700 : FD47;
12701 : 0876;
12702 : 077E;
12703 : F0B1;
12704 : F036;
12705 : 07A5;
12706 : F31B;
12707 : 186F;
12708 : FC02;
12709 : 0467;
12710 : 13E2;
12711 : 039E;
12712 : F8F6;
12713 : 11E3;
12714 : EDE6;
12715 : FCB7;
12716 : 1218;
12717 : FBD0;
12718 : FE9A;
12719 : F193;
12720 : F3A2;
12721 : 037F;
12722 : F25D;
12723 : 0368;
12724 : 03BE;
12725 : F1E5;
12726 : F55C;
12727 : F5B6;
12728 : FB8F;
12729 : F17B;
12730 : 0BAA;
12731 : 072A;
12732 : F5B8;
12733 : 0EFA;
12734 : 0B58;
12735 : 04B2;
12736 : FFCB;
12737 : 09EE;
12738 : F5FF;
12739 : 043B;
12740 : EAF1;
12741 : 0A15;
12742 : 1191;
12743 : 0F89;
12744 : 0706;
12745 : 047D;
12746 : F303;
12747 : FCC1;
12748 : F5B6;
12749 : 1731;
12750 : EAFB;
12751 : 11AC;
12752 : 0C34;
12753 : 008D;
12754 : EE2A;
12755 : F7BE;
12756 : 096D;
12757 : F50E;
12758 : 026C;
12759 : 0C13;
12760 : 0CF1;
12761 : 0D7F;
12762 : F881;
12763 : FA77;
12764 : 0BAD;
12765 : 037A;
12766 : F466;
12767 : 0555;
12768 : FC1B;
12769 : F745;
12770 : F262;
12771 : 0E86;
12772 : F67A;
12773 : F5A6;
12774 : 09C4;
12775 : 0188;
12776 : F17B;
12777 : 11B5;
12778 : 006F;
12779 : 0D8B;
12780 : 0A40;
12781 : F58D;
12782 : F741;
12783 : 052A;
12784 : FDC0;
12785 : 0A7C;
12786 : F3C3;
12787 : E8F1;
12788 : F643;
12789 : F6BD;
12790 : F588;
12791 : 0AD8;
12792 : FB48;
12793 : 02EB;
12794 : ED60;
12795 : F0A0;
12796 : 038B;
12797 : FA58;
12798 : 0EC6;
12799 : F078;
12800 : F871;
12801 : F8B5;
12802 : 07AA;
12803 : F6E3;
12804 : 0553;
12805 : 0BFE;
12806 : F438;
12807 : 1115;
12808 : 09C1;
12809 : 0203;
12810 : F816;
12811 : FDC7;
12812 : F64E;
12813 : 0623;
12814 : 0942;
12815 : 0DFB;
12816 : 1036;
12817 : 002D;
12818 : 0956;
12819 : EE45;
12820 : F8CF;
12821 : 0D2E;
12822 : F888;
12823 : F54E;
12824 : F949;
12825 : 0EF6;
12826 : 0DC5;
12827 : 0A0F;
12828 : 0AA3;
12829 : 0B9E;
12830 : 0A86;
12831 : F7D6;
12832 : 0D8F;
12833 : 13D5;
12834 : 0843;
12835 : F398;
12836 : EF22;
12837 : F3F7;
12838 : 0159;
12839 : 1348;
12840 : 0DAD;
12841 : 05D5;
12842 : 04C8;
12843 : 0BFE;
12844 : 0F27;
12845 : E881;
12846 : 0C4C;
12847 : 0021;
12848 : FE9F;
12849 : F669;
12850 : F76B;
12851 : ED2D;
12852 : F493;
12853 : FCBC;
12854 : 01EE;
12855 : 0E94;
12856 : 014F;
12857 : F0FC;
12858 : EAB4;
12859 : EBC9;
12860 : F05D;
12861 : F73A;
12862 : F24D;
12863 : 06C0;
12864 : 0E0F;
12865 : 02FE;
12866 : 07C8;
12867 : FE50;
12868 : FFE8;
12869 : EC42;
12870 : 08CA;
12871 : F14B;
12872 : 00BA;
12873 : 03E9;
12874 : EE9C;
12875 : 04D6;
12876 : F4B5;
12877 : 0485;
12878 : 0CB3;
12879 : FCC0;
12880 : 09D7;
12881 : 0CB0;
12882 : 0F72;
12883 : 01F1;
12884 : 15A8;
12885 : 08BB;
12886 : 0FFF;
12887 : F017;
12888 : F381;
12889 : FDD4;
12890 : 0472;
12891 : EE14;
12892 : 0F8A;
12893 : F18B;
12894 : ED26;
12895 : F16A;
12896 : FA77;
12897 : 1773;
12898 : ED1F;
12899 : 1471;
12900 : FCCF;
12901 : 13D7;
12902 : 0FF3;
12903 : 085B;
12904 : EE59;
12905 : 1173;
12906 : 0A06;
12907 : F080;
12908 : FA35;
12909 : F8A7;
12910 : 010E;
12911 : 076C;
12912 : 0CA9;
12913 : 1398;
12914 : F8B9;
12915 : 0305;
12916 : F152;
12917 : 0547;
12918 : FEA0;
12919 : 11AE;
12920 : 1102;
12921 : 088B;
12922 : F12E;
12923 : 07F2;
12924 : FABA;
12925 : FF19;
12926 : FD91;
12927 : FC3C;
12928 : 1179;
12929 : F7A8;
12930 : 12BE;
12931 : 0B4F;
12932 : FFEF;
12933 : 13DE;
12934 : 009B;
12935 : 0412;
12936 : 100E;
12937 : 0A71;
12938 : 0FE3;
12939 : FC86;
12940 : 1217;
12941 : FDDC;
12942 : FB04;
12943 : 01F2;
12944 : EFF0;
12945 : FC55;
12946 : 001F;
12947 : F2C5;
12948 : FE6D;
12949 : 0F6F;
12950 : 0265;
12951 : F715;
12952 : FD17;
12953 : F6D0;
12954 : 101F;
12955 : EF85;
12956 : 1011;
12957 : F86B;
12958 : F66E;
12959 : EBFA;
12960 : 1171;
12961 : F266;
12962 : EF64;
12963 : 0EFE;
12964 : 0A90;
12965 : FB97;
12966 : 09DB;
12967 : FDE2;
12968 : F553;
12969 : 0412;
12970 : F95A;
12971 : 06BB;
12972 : 06B8;
12973 : 062D;
12974 : FAFE;
12975 : FC23;
12976 : F8BA;
12977 : 100E;
12978 : FC68;
12979 : F98A;
12980 : FEA8;
12981 : 02E8;
12982 : F85F;
12983 : 09C1;
12984 : 03F7;
12985 : 0B30;
12986 : F5DA;
12987 : 0D13;
12988 : 063E;
12989 : 0E41;
12990 : EB0C;
12991 : 04F7;
12992 : FD4A;
12993 : F297;
12994 : 101F;
12995 : 0291;
12996 : 0CA7;
12997 : 00E1;
12998 : F274;
12999 : 066C;
13000 : 0BF5;
13001 : FFE7;
13002 : 0155;
13003 : F2CD;
13004 : 0EA1;
13005 : 0BC9;
13006 : 0493;
13007 : 05DF;
13008 : F85D;
13009 : 141C;
13010 : 04A8;
13011 : F938;
13012 : 0288;
13013 : F5C5;
13014 : 134D;
13015 : 062C;
13016 : 00AA;
13017 : 04D0;
13018 : FBA0;
13019 : FFF2;
13020 : 0279;
13021 : FD3C;
13022 : F8BB;
13023 : 1178;
13024 : 1222;
13025 : F7D4;
13026 : F67F;
13027 : FBAF;
13028 : EB54;
13029 : 06C8;
13030 : F52B;
13031 : 0694;
13032 : 0316;
13033 : 126E;
13034 : FB85;
13035 : F9AB;
13036 : F883;
13037 : EB3C;
13038 : F83D;
13039 : 0001;
13040 : 05F8;
13041 : F519;
13042 : 0D56;
13043 : EF98;
13044 : EDFF;
13045 : 05CB;
13046 : F6A0;
13047 : EF17;
13048 : F6FA;
13049 : ECB8;
13050 : 0844;
13051 : 092E;
13052 : 0F59;
13053 : 09AC;
13054 : 0F04;
13055 : FFD6;
13056 : 1826;
13057 : FB48;
13058 : 0CF8;
13059 : FBDC;
13060 : EE66;
13061 : 0772;
13062 : FAE9;
13063 : 06FD;
13064 : 0944;
13065 : 130C;
13066 : F078;
13067 : 0DAA;
13068 : ECD2;
13069 : 0EB7;
13070 : 0789;
13071 : EF62;
13072 : 0721;
13073 : 0235;
13074 : FFA1;
13075 : 02D2;
13076 : FFB6;
13077 : 10C6;
13078 : FA5A;
13079 : FD9F;
13080 : FCA6;
13081 : 0FAB;
13082 : ECCD;
13083 : 0360;
13084 : FE33;
13085 : EAB3;
13086 : FD14;
13087 : EB6D;
13088 : 10DD;
13089 : 0307;
13090 : 0592;
13091 : 0BDC;
13092 : 0BC7;
13093 : 0DB9;
13094 : 147C;
13095 : 134B;
13096 : 0846;
13097 : 0A95;
13098 : 00F7;
13099 : 0FB0;
13100 : 0C2F;
13101 : 0499;
13102 : 1165;
13103 : 01B6;
13104 : 079E;
13105 : F45F;
13106 : FA2C;
13107 : 043B;
13108 : EC3E;
13109 : 00A0;
13110 : 0629;
13111 : EBE3;
13112 : 03DE;
13113 : 1268;
13114 : 00A5;
13115 : F51B;
13116 : F201;
13117 : F779;
13118 : 015A;
13119 : F626;
13120 : FADB;
13121 : F30C;
13122 : FE21;
13123 : 0788;
13124 : 088B;
13125 : 0B8C;
13126 : 0118;
13127 : EA7B;
13128 : EEFD;
13129 : F12E;
13130 : F03D;
13131 : FE7E;
13132 : 10C6;
13133 : F822;
13134 : 0845;
13135 : F282;
13136 : FA6C;
13137 : FE7F;
13138 : F366;
13139 : 03B1;
13140 : F66C;
13141 : FFB8;
13142 : FF3C;
13143 : F542;
13144 : FF92;
13145 : EEB3;
13146 : FA69;
13147 : EC6F;
13148 : F995;
13149 : EA20;
13150 : F5CD;
13151 : 076C;
13152 : EF1E;
13153 : 0E11;
13154 : 0511;
13155 : F291;
13156 : 01E4;
13157 : F22C;
13158 : 039A;
13159 : 012B;
13160 : F6B4;
13161 : 0E50;
13162 : 0BD5;
13163 : FCDC;
13164 : FDCD;
13165 : F921;
13166 : F780;
13167 : 04EB;
13168 : EBE4;
13169 : 1302;
13170 : F1DD;
13171 : 0492;
13172 : 0628;
13173 : FCF7;
13174 : 032C;
13175 : 0957;
13176 : 07A0;
13177 : F855;
13178 : 048D;
13179 : F2D8;
13180 : 06EC;
13181 : 0E90;
13182 : 0184;
13183 : 0F56;
13184 : 0C8D;
13185 : FC1E;
13186 : 1069;
13187 : 0B09;
13188 : EF75;
13189 : 0FD8;
13190 : 1047;
13191 : 0014;
13192 : F3E0;
13193 : FF8A;
13194 : F6F2;
13195 : 10DB;
13196 : 0AA2;
13197 : 09C1;
13198 : 044C;
13199 : EC50;
13200 : EEB6;
13201 : FE06;
13202 : FB0E;
13203 : 077B;
13204 : 028B;
13205 : F980;
13206 : 0608;
13207 : 02D9;
13208 : F297;
13209 : F357;
13210 : 0934;
13211 : E6D4;
13212 : 074C;
13213 : ED68;
13214 : F870;
13215 : F7C2;
13216 : F162;
13217 : 097C;
13218 : F0BD;
13219 : F1BD;
13220 : FDA2;
13221 : 00F8;
13222 : FAC5;
13223 : 0BB2;
13224 : EDAA;
13225 : F279;
13226 : F747;
13227 : 00AE;
13228 : 0889;
13229 : FF60;
13230 : F39C;
13231 : 0AA3;
13232 : 02F5;
13233 : FFD5;
13234 : 02C5;
13235 : FA56;
13236 : FB62;
13237 : 0932;
13238 : FE00;
13239 : FC2B;
13240 : 058D;
13241 : 0793;
13242 : 0B5E;
13243 : 1023;
13244 : EB68;
13245 : 05A4;
13246 : FB03;
13247 : 02C5;
13248 : FF0F;
13249 : 0573;
13250 : F888;
13251 : 0FF2;
13252 : EC63;
13253 : 10AD;
13254 : 0AF3;
13255 : 0729;
13256 : F76A;
13257 : 0ACF;
13258 : F584;
13259 : 0C7E;
13260 : EF1F;
13261 : FEB3;
13262 : 0A69;
13263 : EF4E;
13264 : 0A14;
13265 : FC72;
13266 : 1046;
13267 : 02D0;
13268 : FD0A;
13269 : 0C67;
13270 : 08DE;
13271 : 129D;
13272 : 0A09;
13273 : EF4D;
13274 : 0EBD;
13275 : 0815;
13276 : 0611;
13277 : 11B9;
13278 : F572;
13279 : 0CE5;
13280 : 1154;
13281 : F339;
13282 : 0806;
13283 : FE59;
13284 : F92A;
13285 : EECA;
13286 : F793;
13287 : FEF9;
13288 : 1117;
13289 : 046B;
13290 : 0EC5;
13291 : 0CE9;
13292 : F53C;
13293 : 0D5E;
13294 : FA29;
13295 : 0FDC;
13296 : F7D9;
13297 : FD85;
13298 : 0A57;
13299 : 0C7F;
13300 : 083E;
13301 : F393;
13302 : F3D0;
13303 : 0F58;
13304 : F096;
13305 : 033A;
13306 : FF1A;
13307 : FCE7;
13308 : 0790;
13309 : 0993;
13310 : 01CF;
13311 : 036D;
13312 : F955;
13313 : 0379;
13314 : F546;
13315 : 011D;
13316 : 0CBC;
13317 : FD2F;
13318 : FBD8;
13319 : FD24;
13320 : 0619;
13321 : FF09;
13322 : EB72;
13323 : 0EDE;
13324 : F431;
13325 : F707;
13326 : 08CE;
13327 : 0790;
13328 : F439;
13329 : FB23;
13330 : 08C9;
13331 : 0D9A;
13332 : 0DA9;
13333 : FD69;
13334 : 1549;
13335 : 0534;
13336 : 064A;
13337 : FD14;
13338 : 00F7;
13339 : F61D;
13340 : 0CC4;
13341 : EEF9;
13342 : 0112;
13343 : 0CFB;
13344 : F173;
13345 : 0118;
13346 : 0552;
13347 : 0AB5;
13348 : F9A3;
13349 : 09F2;
13350 : 096C;
13351 : 0F72;
13352 : FED8;
13353 : F3B6;
13354 : 04F1;
13355 : F4FA;
13356 : 11B8;
13357 : 117C;
13358 : FD27;
13359 : F995;
13360 : 104E;
13361 : 0566;
13362 : FC31;
13363 : 0162;
13364 : F754;
13365 : 0BA0;
13366 : 0116;
13367 : FE0B;
13368 : 09AA;
13369 : FC5C;
13370 : 120E;
13371 : F1CD;
13372 : 04AE;
13373 : F5F2;
13374 : 10EE;
13375 : 13CF;
13376 : F0F7;
13377 : FE76;
13378 : F450;
13379 : F3C1;
13380 : 0611;
13381 : F743;
13382 : 0E04;
13383 : F77C;
13384 : 0F1F;
13385 : F2F2;
13386 : 10C6;
13387 : F5EB;
13388 : 0878;
13389 : F5AB;
13390 : 086B;
13391 : 0C31;
13392 : 11AB;
13393 : F795;
13394 : F5A9;
13395 : 0696;
13396 : 0CFE;
13397 : EFFC;
13398 : FEF5;
13399 : 03A4;
13400 : EB83;
13401 : EBF1;
13402 : 0226;
13403 : F877;
13404 : FA07;
13405 : F487;
13406 : F0BC;
13407 : 11FA;
13408 : 0B7F;
13409 : 0E63;
13410 : 0FEF;
13411 : 0B9B;
13412 : 00F7;
13413 : 0921;
13414 : 108B;
13415 : 0B39;
13416 : F041;
13417 : FFC4;
13418 : 0BAF;
13419 : FBF1;
13420 : F482;
13421 : 0753;
13422 : 0985;
13423 : F6E3;
13424 : F820;
13425 : 0529;
13426 : 0FE7;
13427 : 0CE9;
13428 : 059C;
13429 : 120A;
13430 : F27C;
13431 : ED67;
13432 : 09E9;
13433 : F273;
13434 : 03FC;
13435 : F8E4;
13436 : FC3E;
13437 : 1535;
13438 : 00A9;
13439 : 0DCB;
13440 : 117A;
13441 : 0375;
13442 : F71E;
13443 : 13A4;
13444 : FCA8;
13445 : FD51;
13446 : 1074;
13447 : 1092;
13448 : FEF7;
13449 : F475;
13450 : FB21;
13451 : F7F6;
13452 : F5A4;
13453 : F347;
13454 : F2A5;
13455 : 0D43;
13456 : 064D;
13457 : EEA4;
13458 : EFC3;
13459 : 1000;
13460 : F2AC;
13461 : F9C5;
13462 : FE74;
13463 : 018D;
13464 : FF09;
13465 : FF5A;
13466 : 074C;
13467 : F12A;
13468 : 00DC;
13469 : F83D;
13470 : F1D9;
13471 : F6D5;
13472 : F84D;
13473 : 0F26;
13474 : 02BF;
13475 : 07A9;
13476 : 0DF3;
13477 : FC01;
13478 : 00CC;
13479 : 0CBA;
13480 : F081;
13481 : FEC3;
13482 : 0763;
13483 : F4E4;
13484 : F9E4;
13485 : 0661;
13486 : 1383;
13487 : F165;
13488 : F1E8;
13489 : F214;
13490 : F288;
13491 : FDCD;
13492 : ECE3;
13493 : 05A1;
13494 : F8E1;
13495 : 090E;
13496 : FB47;
13497 : F874;
13498 : 142F;
13499 : 059D;
13500 : F9C6;
13501 : F240;
13502 : FB48;
13503 : 0B60;
13504 : 0924;
13505 : 10A7;
13506 : FB66;
13507 : F124;
13508 : F160;
13509 : FDE7;
13510 : F6CA;
13511 : 06EA;
13512 : F61D;
13513 : 0568;
13514 : 0057;
13515 : 0246;
13516 : F24B;
13517 : FB70;
13518 : 00F5;
13519 : 0F46;
13520 : 049D;
13521 : 0956;
13522 : F4C7;
13523 : F5EF;
13524 : FCD6;
13525 : F612;
13526 : F4FC;
13527 : 1197;
13528 : 0D96;
13529 : F80D;
13530 : 0A84;
13531 : 01B4;
13532 : 0288;
13533 : 0DAD;
13534 : 09E6;
13535 : 0833;
13536 : FCDD;
13537 : F7C2;
13538 : EC1A;
13539 : 1730;
13540 : 0C72;
13541 : FE8A;
13542 : 0D25;
13543 : 1B08;
13544 : F6AC;
13545 : EFFC;
13546 : 0A26;
13547 : ECE2;
13548 : 0217;
13549 : 09FD;
13550 : 0409;
13551 : 0ADA;
13552 : FCE0;
13553 : 0C9C;
13554 : F734;
13555 : F3EB;
13556 : F17A;
13557 : 0A42;
13558 : 1210;
13559 : ECFD;
13560 : 07BD;
13561 : 0732;
13562 : 0D45;
13563 : 0199;
13564 : 10EE;
13565 : FE8C;
13566 : EB50;
13567 : FFD6;
13568 : 08EF;
13569 : 0072;
13570 : 1204;
13571 : F8B1;
13572 : 0AD9;
13573 : 11AA;
13574 : 08F1;
13575 : F043;
13576 : EFCE;
13577 : EF02;
13578 : F9E8;
13579 : FEF9;
13580 : FBB1;
13581 : FF0D;
13582 : F498;
13583 : 1077;
13584 : 0484;
13585 : 0056;
13586 : F92D;
13587 : F0F1;
13588 : EFDF;
13589 : FCEF;
13590 : 1212;
13591 : 0E44;
13592 : 06E6;
13593 : 084F;
13594 : 0C7E;
13595 : 0EF6;
13596 : F500;
13597 : F854;
13598 : 0E21;
13599 : 087B;
13600 : FA02;
13601 : 0D03;
13602 : EC83;
13603 : 0C3A;
13604 : 0BD9;
13605 : 0DAB;
13606 : F3C7;
13607 : 1710;
13608 : 02F8;
13609 : 017D;
13610 : ECF5;
13611 : 0162;
13612 : FD9D;
13613 : FA6A;
13614 : 105C;
13615 : 12C4;
13616 : F91A;
13617 : 14C9;
13618 : F522;
13619 : EFD6;
13620 : F0CA;
13621 : 0FD9;
13622 : FB0A;
13623 : EABA;
13624 : 0F6C;
13625 : 01F9;
13626 : 0CE1;
13627 : 0B7F;
13628 : 10DE;
13629 : FD12;
13630 : ECEB;
13631 : F5C7;
13632 : 0EAD;
13633 : F400;
13634 : 05D4;
13635 : 0664;
13636 : FD78;
13637 : 07CF;
13638 : FA44;
13639 : FFDB;
13640 : F110;
13641 : F87A;
13642 : 140A;
13643 : 06B1;
13644 : 0526;
13645 : EE49;
13646 : FE2E;
13647 : 0C37;
13648 : 0DBC;
13649 : FE43;
13650 : 0091;
13651 : 1009;
13652 : F3E9;
13653 : FEAD;
13654 : F488;
13655 : 0F1E;
13656 : 04FB;
13657 : 0F61;
13658 : 0A24;
13659 : F242;
13660 : F355;
13661 : F81C;
13662 : FFF6;
13663 : 0751;
13664 : F5D6;
13665 : F647;
13666 : FA5A;
13667 : 03D1;
13668 : F55A;
13669 : EBD5;
13670 : F395;
13671 : 0DD3;
13672 : 06C7;
13673 : EB27;
13674 : FC2E;
13675 : 01D8;
13676 : EA7F;
13677 : 0728;
13678 : 0838;
13679 : F3B4;
13680 : ED30;
13681 : F45E;
13682 : FA95;
13683 : FF6C;
13684 : 040C;
13685 : 054B;
13686 : 15DA;
13687 : F890;
13688 : 0974;
13689 : 0817;
13690 : 0E41;
13691 : 1072;
13692 : 01A6;
13693 : FA5E;
13694 : EC5A;
13695 : 0208;
13696 : 0A34;
13697 : F01C;
13698 : 0CCF;
13699 : F344;
13700 : 1328;
13701 : FC36;
13702 : 0381;
13703 : F0F8;
13704 : F7E0;
13705 : F93F;
13706 : 0751;
13707 : 06DB;
13708 : 0319;
13709 : EDE6;
13710 : F763;
13711 : FA09;
13712 : FF0D;
13713 : F98B;
13714 : 0616;
13715 : 047E;
13716 : 0562;
13717 : F805;
13718 : 0240;
13719 : FF48;
13720 : 05BD;
13721 : F6CF;
13722 : ED14;
13723 : 133A;
13724 : 0D05;
13725 : F29D;
13726 : 126D;
13727 : 035C;
13728 : F9E8;
13729 : 10FB;
13730 : F244;
13731 : ED30;
13732 : 0FF3;
13733 : F0A3;
13734 : F297;
13735 : 006A;
13736 : F3A0;
13737 : 0AC8;
13738 : 0D69;
13739 : 069F;
13740 : 09A8;
13741 : F71B;
13742 : F47F;
13743 : 03E6;
13744 : F16A;
13745 : 0F63;
13746 : EFD1;
13747 : 084A;
13748 : 0FFC;
13749 : 036D;
13750 : F425;
13751 : ED50;
13752 : 0795;
13753 : F385;
13754 : 11C4;
13755 : 0FBD;
13756 : 0292;
13757 : 021D;
13758 : F2F6;
13759 : 0F73;
13760 : 0E4D;
13761 : FB8F;
13762 : FE45;
13763 : F849;
13764 : 0855;
13765 : 101E;
13766 : 104A;
13767 : F721;
13768 : FECE;
13769 : FB3C;
13770 : 066B;
13771 : F459;
13772 : FC9D;
13773 : 00B7;
13774 : FC54;
13775 : EFBC;
13776 : EDE4;
13777 : F7B5;
13778 : 0502;
13779 : F712;
13780 : 081A;
13781 : 05CF;
13782 : F8BF;
13783 : F603;
13784 : 07EA;
13785 : 0823;
13786 : 0051;
13787 : 117F;
13788 : F6F2;
13789 : 0935;
13790 : 0F59;
13791 : F284;
13792 : F2C3;
13793 : FACE;
13794 : FF95;
13795 : F6A1;
13796 : 0BE4;
13797 : EB98;
13798 : F7F2;
13799 : F896;
13800 : EEB5;
13801 : 0B29;
13802 : 0A8F;
13803 : 0C58;
13804 : E8C4;
13805 : 16A8;
13806 : 0B2F;
13807 : F18E;
13808 : 025C;
13809 : EF4E;
13810 : 1277;
13811 : 0FA9;
13812 : F5A8;
13813 : FF12;
13814 : 0A93;
13815 : 095D;
13816 : FDD4;
13817 : FFB3;
13818 : 0DB8;
13819 : 0A88;
13820 : 050F;
13821 : F8E8;
13822 : 0841;
13823 : F554;
13824 : F700;
13825 : EEBA;
13826 : F7F7;
13827 : 0C82;
13828 : 069F;
13829 : F3DA;
13830 : F93E;
13831 : 0054;
13832 : 0868;
13833 : 05B9;
13834 : F678;
13835 : 0F24;
13836 : 0D88;
13837 : F6ED;
13838 : F47E;
13839 : EB56;
13840 : FD78;
13841 : 1261;
13842 : EF44;
13843 : 0650;
13844 : ED07;
13845 : FCC2;
13846 : F72C;
13847 : 0743;
13848 : 03EE;
13849 : 0E26;
13850 : F1F2;
13851 : FF4D;
13852 : 045B;
13853 : 108A;
13854 : 0FA4;
13855 : 04A9;
13856 : 0D48;
13857 : 01E9;
13858 : 0878;
13859 : F67C;
13860 : 08FF;
13861 : 0549;
13862 : 0A0E;
13863 : 17AB;
13864 : 0A6D;
13865 : EDB4;
13866 : F70B;
13867 : FF2C;
13868 : 0ABA;
13869 : 1295;
13870 : 15BD;
13871 : F4AB;
13872 : F164;
13873 : EFCD;
13874 : 0D1F;
13875 : 0492;
13876 : FD0D;
13877 : 0043;
13878 : 085A;
13879 : 128F;
13880 : F350;
13881 : 0FC4;
13882 : FBB6;
13883 : 08DA;
13884 : 0729;
13885 : F8E6;
13886 : 0BF1;
13887 : ED29;
13888 : 0C5D;
13889 : F6C2;
13890 : F3C9;
13891 : F496;
13892 : 1197;
13893 : 0436;
13894 : 0C5B;
13895 : 09ED;
13896 : FF02;
13897 : 07A7;
13898 : F86D;
13899 : 1210;
13900 : F177;
13901 : F156;
13902 : 1410;
13903 : F536;
13904 : 0C97;
13905 : 0CA0;
13906 : 113D;
13907 : 0931;
13908 : F4E3;
13909 : FCB9;
13910 : F5F8;
13911 : FA61;
13912 : 00B5;
13913 : 0047;
13914 : FD0B;
13915 : 0908;
13916 : EE2A;
13917 : 0739;
13918 : 0BC4;
13919 : EDFE;
13920 : FB0C;
13921 : 10A9;
13922 : 01B5;
13923 : 00B5;
13924 : F5DB;
13925 : 0213;
13926 : 10B7;
13927 : F9BD;
13928 : F486;
13929 : 0DCA;
13930 : F004;
13931 : 0D64;
13932 : FF08;
13933 : F8D8;
13934 : F6F5;
13935 : 1086;
13936 : F5AE;
13937 : EFF8;
13938 : FF23;
13939 : 089D;
13940 : FE3E;
13941 : EF11;
13942 : 12C1;
13943 : 0B3C;
13944 : 0AB5;
13945 : F6E1;
13946 : F979;
13947 : FEC9;
13948 : 06AF;
13949 : EE17;
13950 : F3A5;
13951 : EB81;
13952 : 00FE;
13953 : FF0E;
13954 : FCE4;
13955 : EE10;
13956 : 05B7;
13957 : 0AC8;
13958 : EAE4;
13959 : F988;
13960 : 0A99;
13961 : ED56;
13962 : F3FA;
13963 : F28D;
13964 : 04F5;
13965 : FC00;
13966 : 05DB;
13967 : FC7C;
13968 : F64B;
13969 : 0D9A;
13970 : FE1D;
13971 : 0E95;
13972 : 046C;
13973 : 06EC;
13974 : 02C8;
13975 : FF98;
13976 : F0A7;
13977 : 0B36;
13978 : F4FF;
13979 : FB18;
13980 : F2FF;
13981 : F4D6;
13982 : 0445;
13983 : 0E44;
13984 : F932;
13985 : F32C;
13986 : 1093;
13987 : FC35;
13988 : F7E8;
13989 : 093B;
13990 : 008F;
13991 : F8E4;
13992 : EF9D;
13993 : FEC1;
13994 : 123A;
13995 : 1287;
13996 : E56A;
13997 : 0164;
13998 : 01FA;
13999 : F762;
14000 : 121F;
14001 : FFEF;
14002 : 0A60;
14003 : FF14;
14004 : FA1C;
14005 : F6D4;
14006 : F7A0;
14007 : ECD5;
14008 : FC64;
14009 : FA79;
14010 : 14B2;
14011 : 0800;
14012 : 0E6B;
14013 : 034A;
14014 : 07EC;
14015 : 0206;
14016 : E5C1;
14017 : F5DE;
14018 : F517;
14019 : 000E;
14020 : 0ECB;
14021 : F10F;
14022 : F16E;
14023 : 0BA9;
14024 : 0416;
14025 : FD61;
14026 : 00DF;
14027 : ECAD;
14028 : F077;
14029 : 1079;
14030 : 0DCD;
14031 : 0C76;
14032 : F916;
14033 : 1567;
14034 : 1175;
14035 : FBCE;
14036 : 03DB;
14037 : 0065;
14038 : 1404;
14039 : 160A;
14040 : 0163;
14041 : 0FD0;
14042 : 0B64;
14043 : 0B4F;
14044 : F55D;
14045 : 082A;
14046 : 0F02;
14047 : 102B;
14048 : 09D8;
14049 : 11DA;
14050 : 0841;
14051 : EED4;
14052 : 0311;
14053 : 0D41;
14054 : FB13;
14055 : 0FEF;
14056 : 125F;
14057 : 0875;
14058 : 0FF2;
14059 : 0008;
14060 : FB7C;
14061 : F16B;
14062 : FC57;
14063 : F0F7;
14064 : FE96;
14065 : FED3;
14066 : FC11;
14067 : FB9D;
14068 : EED5;
14069 : EE05;
14070 : F3DB;
14071 : 0D36;
14072 : 1179;
14073 : FBA0;
14074 : 0C5A;
14075 : 14F0;
14076 : ECF3;
14077 : 10C1;
14078 : 0539;
14079 : F1E8;
14080 : 0BF8;
14081 : F8CF;
14082 : 0170;
14083 : 020A;
14084 : 0C35;
14085 : 0F5E;
14086 : FD38;
14087 : 0DA2;
14088 : 0527;
14089 : 02DB;
14090 : F196;
14091 : 0175;
14092 : EC1E;
14093 : F0CD;
14094 : 1329;
14095 : 0FFD;
14096 : F9A4;
14097 : FF79;
14098 : 079F;
14099 : 0A50;
14100 : F7CD;
14101 : 046B;
14102 : F4AA;
14103 : F70C;
14104 : EDFE;
14105 : FBF4;
14106 : F994;
14107 : F19A;
14108 : FAAD;
14109 : F762;
14110 : E885;
14111 : F82C;
14112 : 0D8A;
14113 : 0112;
14114 : 05D8;
14115 : FBC5;
14116 : F8F0;
14117 : FBB1;
14118 : 083F;
14119 : F4BC;
14120 : 0DAB;
14121 : FB52;
14122 : F4C2;
14123 : 0346;
14124 : 08CF;
14125 : FBD4;
14126 : 0735;
14127 : EAB2;
14128 : FA3C;
14129 : F3EC;
14130 : 07C1;
14131 : 0E46;
14132 : FC39;
14133 : 0C91;
14134 : FC27;
14135 : 1041;
14136 : 0004;
14137 : 0658;
14138 : 1003;
14139 : 08DF;
14140 : EE8D;
14141 : 00CF;
14142 : F08C;
14143 : F487;
14144 : F089;
14145 : F2CF;
14146 : F3F3;
14147 : 0960;
14148 : 07C6;
14149 : 0C7F;
14150 : F681;
14151 : EE6A;
14152 : FD6C;
14153 : F1BE;
14154 : FA65;
14155 : 077D;
14156 : F0BC;
14157 : 0210;
14158 : 1083;
14159 : FDF0;
14160 : 0D6B;
14161 : 0C3A;
14162 : 048A;
14163 : 09D7;
14164 : FEBE;
14165 : FBFB;
14166 : FC9C;
14167 : F3F6;
14168 : 0A1F;
14169 : F735;
14170 : F9F7;
14171 : F992;
14172 : F239;
14173 : F1A9;
14174 : EE62;
14175 : F780;
14176 : 08F0;
14177 : EA8E;
14178 : F4C0;
14179 : E82E;
14180 : 1527;
14181 : 0468;
14182 : 0295;
14183 : 00ED;
14184 : 137B;
14185 : FD1F;
14186 : EF14;
14187 : 0A55;
14188 : FB51;
14189 : 0AAE;
14190 : EAC3;
14191 : EDA6;
14192 : F761;
14193 : F93E;
14194 : 0708;
14195 : FBE4;
14196 : F886;
14197 : EA43;
14198 : 0131;
14199 : 1257;
14200 : F303;
14201 : 0E82;
14202 : FDE7;
14203 : FD80;
14204 : 0092;
14205 : 07FA;
14206 : EF59;
14207 : 10E1;
14208 : 0354;
14209 : F200;
14210 : EE4D;
14211 : 0412;
14212 : F24C;
14213 : FF4E;
14214 : 0CA7;
14215 : 0CB9;
14216 : 136D;
14217 : 075B;
14218 : EB25;
14219 : 12AA;
14220 : EDAF;
14221 : F55B;
14222 : 1259;
14223 : F444;
14224 : F52A;
14225 : 030C;
14226 : F826;
14227 : 03A0;
14228 : F3C4;
14229 : 131C;
14230 : 1116;
14231 : 0B8A;
14232 : 1009;
14233 : 142C;
14234 : 08F2;
14235 : FEB1;
14236 : EC1A;
14237 : EFBC;
14238 : 02E6;
14239 : F37C;
14240 : 070B;
14241 : 0600;
14242 : 02A5;
14243 : 04EE;
14244 : 0A1B;
14245 : F3AD;
14246 : 03A4;
14247 : FD37;
14248 : F6F7;
14249 : EDF9;
14250 : 04F8;
14251 : F586;
14252 : 0728;
14253 : 0C5C;
14254 : F6AB;
14255 : F353;
14256 : FE8C;
14257 : F373;
14258 : 01FA;
14259 : FE5A;
14260 : EC5D;
14261 : 08EF;
14262 : 0566;
14263 : EE59;
14264 : 1357;
14265 : ED37;
14266 : F8E7;
14267 : 087C;
14268 : 00C7;
14269 : 0C78;
14270 : FAAE;
14271 : 0F2C;
14272 : EFA8;
14273 : 0A03;
14274 : 04D5;
14275 : 0642;
14276 : F5EF;
14277 : 0698;
14278 : F869;
14279 : F387;
14280 : 09B4;
14281 : 0460;
14282 : 114F;
14283 : 134A;
14284 : 13E6;
14285 : EDD9;
14286 : 0932;
14287 : FE91;
14288 : F53F;
14289 : 1258;
14290 : F187;
14291 : FD8F;
14292 : FF72;
14293 : 018F;
14294 : EDE9;
14295 : 059B;
14296 : F9F1;
14297 : F38B;
14298 : F891;
14299 : 0ADC;
14300 : 1196;
14301 : FADC;
14302 : FEF3;
14303 : 0A7C;
14304 : FEA1;
14305 : 026F;
14306 : EDBA;
14307 : 05D2;
14308 : EEAA;
14309 : 0A0A;
14310 : 0FFD;
14311 : 0AB8;
14312 : 0D1D;
14313 : FACF;
14314 : 04B6;
14315 : F75D;
14316 : F7C3;
14317 : 08C1;
14318 : EC93;
14319 : 017A;
14320 : 0159;
14321 : F777;
14322 : FE21;
14323 : 10EC;
14324 : 0C13;
14325 : 095B;
14326 : 0082;
14327 : 0427;
14328 : F332;
14329 : 0FDA;
14330 : F2ED;
14331 : 02D1;
14332 : 099E;
14333 : 1186;
14334 : F952;
14335 : 0553;
14336 : 0DEF;
14337 : 10AC;
14338 : 0F44;
14339 : F96F;
14340 : 0252;
14341 : FEC3;
14342 : 0406;
14343 : F889;
14344 : F2BA;
14345 : 11C2;
14346 : EE3B;
14347 : EC09;
14348 : F323;
14349 : 0249;
14350 : 1373;
14351 : F5FD;
14352 : FAB7;
14353 : 0D09;
14354 : 0159;
14355 : FBF2;
14356 : 0743;
14357 : FCC6;
14358 : 13FF;
14359 : 0749;
14360 : F8B9;
14361 : F4AF;
14362 : 0218;
14363 : FC46;
14364 : F315;
14365 : 0CD9;
14366 : FD51;
14367 : F969;
14368 : 01A8;
14369 : EE55;
14370 : 1164;
14371 : 0CF7;
14372 : 0739;
14373 : 0E12;
14374 : FA16;
14375 : 029D;
14376 : F382;
14377 : 0BDA;
14378 : 12DA;
14379 : F34B;
14380 : F8AB;
14381 : 0892;
14382 : 0D18;
14383 : F1C1;
14384 : 01F8;
14385 : F326;
14386 : 07B1;
14387 : F3A0;
14388 : 0C29;
14389 : 0687;
14390 : 07ED;
14391 : 0468;
14392 : 12B8;
14393 : 0E37;
14394 : 0928;
14395 : F36A;
14396 : EC8A;
14397 : 0CC4;
14398 : 00E2;
14399 : F100;
14400 : F150;
14401 : F11D;
14402 : FBC6;
14403 : 0631;
14404 : F280;
14405 : 1238;
14406 : F550;
14407 : 0D0E;
14408 : 0B33;
14409 : 09F1;
14410 : FC86;
14411 : 03BA;
14412 : 11CE;
14413 : F05A;
14414 : EEF6;
14415 : 0F0A;
14416 : F866;
14417 : F4A5;
14418 : F2EC;
14419 : F834;
14420 : FA12;
14421 : FE16;
14422 : F549;
14423 : 0836;
14424 : F8F7;
14425 : FAA6;
14426 : F7DC;
14427 : F163;
14428 : EB5D;
14429 : F3F3;
14430 : 0C43;
14431 : 0AE8;
14432 : 05C7;
14433 : 0FCE;
14434 : 13E7;
14435 : 07FB;
14436 : 1149;
14437 : 0529;
14438 : F60C;
14439 : 0E5E;
14440 : F9F7;
14441 : F895;
14442 : FF89;
14443 : 07DF;
14444 : 0CA9;
14445 : 1331;
14446 : F7D9;
14447 : 0C16;
14448 : 0E03;
14449 : 051E;
14450 : F64D;
14451 : F4D5;
14452 : 062C;
14453 : FE97;
14454 : F696;
14455 : 0B4A;
14456 : 03C0;
14457 : 03C6;
14458 : F49F;
14459 : 0BF8;
14460 : 0809;
14461 : 1289;
14462 : 10B2;
14463 : FD5A;
14464 : 0E84;
14465 : 0FA1;
14466 : 04DB;
14467 : F0C4;
14468 : 0F4D;
14469 : 0E2B;
14470 : F7B4;
14471 : 0BDE;
14472 : 1183;
14473 : 05FD;
14474 : F21E;
14475 : 06CA;
14476 : F8C0;
14477 : 1187;
14478 : EE75;
14479 : 01A3;
14480 : 0CAB;
14481 : 144B;
14482 : F950;
14483 : EECD;
14484 : 014C;
14485 : 1420;
14486 : 0B3E;
14487 : FD8E;
14488 : 0F0D;
14489 : 0F88;
14490 : EEEE;
14491 : 0BAF;
14492 : 01DB;
14493 : F533;
14494 : 04F7;
14495 : FF73;
14496 : 0A5B;
14497 : EC73;
14498 : F160;
14499 : 0E2E;
14500 : F974;
14501 : 08B4;
14502 : FE45;
14503 : FEED;
14504 : EF41;
14505 : FA0A;
14506 : EECE;
14507 : ECA1;
14508 : FFA3;
14509 : 082A;
14510 : EF42;
14511 : 08C7;
14512 : FAE7;
14513 : 085F;
14514 : F32C;
14515 : F216;
14516 : FD99;
14517 : F99E;
14518 : 0778;
14519 : FA60;
14520 : F8C3;
14521 : FD5D;
14522 : 03FB;
14523 : F747;
14524 : F0E9;
14525 : EC75;
14526 : 0ACE;
14527 : ED4A;
14528 : 174B;
14529 : F675;
14530 : 17DB;
14531 : 065E;
14532 : 0A97;
14533 : F19E;
14534 : ED6B;
14535 : 0C18;
14536 : F66F;
14537 : 12E6;
14538 : 16FD;
14539 : F9FE;
14540 : EEDB;
14541 : 0B04;
14542 : ECA6;
14543 : F479;
14544 : 0352;
14545 : 0DF5;
14546 : F0D8;
14547 : 0EE0;
14548 : F2E3;
14549 : 1274;
14550 : 05CB;
14551 : 09C7;
14552 : FC26;
14553 : FD04;
14554 : 1356;
14555 : 058E;
14556 : F432;
14557 : F6FA;
14558 : F22B;
14559 : 0AA1;
14560 : 0A4A;
14561 : 07BD;
14562 : FFA5;
14563 : 05C1;
14564 : F411;
14565 : FA88;
14566 : 08F7;
14567 : EF83;
14568 : 0F2C;
14569 : 0387;
14570 : EEEA;
14571 : 03BC;
14572 : F9F4;
14573 : 023D;
14574 : 0338;
14575 : EF13;
14576 : EC6E;
14577 : 0E09;
14578 : 02A4;
14579 : F638;
14580 : EE99;
14581 : F924;
14582 : 04D6;
14583 : 0B05;
14584 : 1028;
14585 : 0D2C;
14586 : EDFE;
14587 : F32F;
14588 : FDFA;
14589 : 07A4;
14590 : F236;
14591 : F0CB;
14592 : FAE8;
14593 : 146C;
14594 : 14A3;
14595 : FEDF;
14596 : 021A;
14597 : FD04;
14598 : 013E;
14599 : 0A3B;
14600 : F605;
14601 : 15DB;
14602 : FFC6;
14603 : 097B;
14604 : 08B3;
14605 : 126A;
14606 : 0669;
14607 : FB74;
14608 : FD43;
14609 : 00FB;
14610 : FDF5;
14611 : F9CB;
14612 : FEAA;
14613 : 0E6B;
14614 : 0B7B;
14615 : 016E;
14616 : ED53;
14617 : 0C57;
14618 : ED42;
14619 : F413;
14620 : FCB3;
14621 : FB00;
14622 : 0449;
14623 : FCD8;
14624 : F3EE;
14625 : 0EB0;
14626 : 0DEB;
14627 : 0675;
14628 : 0381;
14629 : 1021;
14630 : FDA3;
14631 : F24D;
14632 : 0D1A;
14633 : F814;
14634 : 0655;
14635 : F1A2;
14636 : 0C2E;
14637 : 0DB5;
14638 : FA55;
14639 : 032B;
14640 : EDDF;
14641 : 07E6;
14642 : ECE5;
14643 : 0557;
14644 : 083F;
14645 : 1347;
14646 : F4AE;
14647 : F2B7;
14648 : 0231;
14649 : 0ACA;
14650 : FF5A;
14651 : FAE3;
14652 : 09D3;
14653 : 0FC6;
14654 : FA1C;
14655 : 0194;
14656 : 12CB;
14657 : 04B3;
14658 : 01F0;
14659 : F5DA;
14660 : 0049;
14661 : F1D1;
14662 : 09AD;
14663 : F07D;
14664 : 0607;
14665 : 10AF;
14666 : FCF1;
14667 : 11D1;
14668 : EF24;
14669 : FB05;
14670 : 09D8;
14671 : 0D6A;
14672 : F85C;
14673 : 06BF;
14674 : 0750;
14675 : 0D2B;
14676 : 0C2C;
14677 : EE62;
14678 : F752;
14679 : 0917;
14680 : F0D8;
14681 : F673;
14682 : EDD3;
14683 : F1FA;
14684 : 0DF1;
14685 : EBA4;
14686 : FBEA;
14687 : 0095;
14688 : F2E6;
14689 : F63E;
14690 : 04F2;
14691 : F31B;
14692 : E7EA;
14693 : F975;
14694 : 096D;
14695 : FF3C;
14696 : FDC3;
14697 : 029D;
14698 : FD18;
14699 : EF10;
14700 : 06EE;
14701 : ED70;
14702 : 0C76;
14703 : F99D;
14704 : 04C2;
14705 : F707;
14706 : EE63;
14707 : F9C7;
14708 : F946;
14709 : F3CF;
14710 : FFCA;
14711 : F589;
14712 : 072B;
14713 : 02A9;
14714 : FA39;
14715 : 08F2;
14716 : F611;
14717 : FC62;
14718 : F81F;
14719 : F65F;
14720 : F8FB;
14721 : 136B;
14722 : 03ED;
14723 : F379;
14724 : 0EE8;
14725 : EDB3;
14726 : F4B1;
14727 : F6EE;
14728 : EE23;
14729 : 1404;
14730 : 0EE5;
14731 : 10F4;
14732 : F39C;
14733 : 1157;
14734 : 02EC;
14735 : FEB8;
14736 : 11E2;
14737 : 12D3;
14738 : FC9C;
14739 : F160;
14740 : 0333;
14741 : F0AE;
14742 : 0236;
14743 : EF76;
14744 : F339;
14745 : F5DF;
14746 : F02D;
14747 : 0745;
14748 : 0DAB;
14749 : 0B1F;
14750 : 0DF5;
14751 : F2E4;
14752 : 1097;
14753 : FB16;
14754 : EBE3;
14755 : 0AF2;
14756 : 07CA;
14757 : F39B;
14758 : FB3A;
14759 : 07F6;
14760 : 0D8B;
14761 : FA3F;
14762 : 033B;
14763 : F3B8;
14764 : 0808;
14765 : 0ACE;
14766 : 0CF5;
14767 : F8AF;
14768 : 08C1;
14769 : FE7C;
14770 : FC58;
14771 : 02C8;
14772 : 0465;
14773 : 0A33;
14774 : FB2A;
14775 : F6D1;
14776 : 0B08;
14777 : F1D6;
14778 : FC3B;
14779 : F74A;
14780 : 12DA;
14781 : 0B88;
14782 : 0571;
14783 : FDDC;
14784 : F645;
14785 : F9EA;
14786 : 17C2;
14787 : FFF5;
14788 : 0338;
14789 : 0D03;
14790 : F6F4;
14791 : F65D;
14792 : FBF1;
14793 : 0156;
14794 : 07B2;
14795 : F9E8;
14796 : 0567;
14797 : 0BD5;
14798 : EC84;
14799 : F716;
14800 : 071A;
14801 : 0D52;
14802 : F89E;
14803 : F0E9;
14804 : 0050;
14805 : 084B;
14806 : F7DC;
14807 : 0E29;
14808 : FC5B;
14809 : 11BE;
14810 : 0A2C;
14811 : EC28;
14812 : 029F;
14813 : F3D2;
14814 : EBF3;
14815 : 00F0;
14816 : F0FC;
14817 : F7D4;
14818 : 0968;
14819 : 10AB;
14820 : F9C0;
14821 : EE87;
14822 : 02D0;
14823 : 0B0F;
14824 : 0B91;
14825 : EAB0;
14826 : F018;
14827 : F656;
14828 : F88A;
14829 : FF99;
14830 : FC33;
14831 : 0B11;
14832 : 02F3;
14833 : 0560;
14834 : 064F;
14835 : FE37;
14836 : 0226;
14837 : F714;
14838 : F290;
14839 : FB11;
14840 : 0667;
14841 : EE67;
14842 : 0408;
14843 : EB5D;
14844 : F2C0;
14845 : 0104;
14846 : F0BF;
14847 : FAF8;
14848 : F5E1;
14849 : 0D2D;
14850 : 0ED7;
14851 : 08CD;
14852 : FFFF;
14853 : 0D5C;
14854 : F33D;
14855 : 0C8D;
14856 : 0230;
14857 : 0C0A;
14858 : 0940;
14859 : F091;
14860 : FE92;
14861 : F288;
14862 : 020A;
14863 : F36B;
14864 : FC97;
14865 : F967;
14866 : FDE5;
14867 : 095A;
14868 : 0057;
14869 : 024B;
14870 : F7D5;
14871 : 0FE4;
14872 : FAAF;
14873 : 1132;
14874 : FB67;
14875 : EFD3;
14876 : 041B;
14877 : FDFB;
14878 : F25A;
14879 : F499;
14880 : 01C4;
14881 : 0165;
14882 : F690;
14883 : FA62;
14884 : FA1A;
14885 : 095E;
14886 : FC00;
14887 : EFE8;
14888 : EE2D;
14889 : 0E57;
14890 : F7DE;
14891 : 059F;
14892 : FBBD;
14893 : F1E2;
14894 : FC96;
14895 : 0509;
14896 : EFDA;
14897 : 08EA;
14898 : 07F1;
14899 : 0237;
14900 : 06EC;
14901 : FBD4;
14902 : FE8D;
14903 : EE47;
14904 : 02AB;
14905 : EF44;
14906 : 0D04;
14907 : EFCB;
14908 : FC0C;
14909 : F1CD;
14910 : EF1C;
14911 : FB37;
14912 : 0584;
14913 : F779;
14914 : 17D7;
14915 : 0B2C;
14916 : F0AB;
14917 : F035;
14918 : 0409;
14919 : F584;
14920 : 09E4;
14921 : EC14;
14922 : F672;
14923 : 017C;
14924 : F37E;
14925 : 0D71;
14926 : 089E;
14927 : 0E4F;
14928 : F024;
14929 : FAA8;
14930 : 0B83;
14931 : FCD9;
14932 : 0DF9;
14933 : F344;
14934 : F9E0;
14935 : FD94;
14936 : F094;
14937 : 0857;
14938 : FA17;
14939 : F27D;
14940 : F636;
14941 : ED79;
14942 : 1102;
14943 : 0025;
14944 : 043C;
14945 : 03B4;
14946 : 0BC7;
14947 : 0621;
14948 : F3EA;
14949 : 1179;
14950 : 03E8;
14951 : FC7B;
14952 : EC3D;
14953 : F5EF;
14954 : F7B2;
14955 : 01F5;
14956 : EE25;
14957 : 0E12;
14958 : FDAC;
14959 : FC41;
14960 : 05CD;
14961 : F066;
14962 : 0D27;
14963 : 03CE;
14964 : FF46;
14965 : F5A9;
14966 : 0C74;
14967 : F2F2;
14968 : 0190;
14969 : F7EF;
14970 : 0070;
14971 : F45A;
14972 : EF4D;
14973 : F58C;
14974 : FE65;
14975 : F3BC;
14976 : F254;
14977 : F68C;
14978 : 14D0;
14979 : 0E11;
14980 : 0596;
14981 : FE66;
14982 : F9B3;
14983 : 0E7C;
14984 : FC50;
14985 : EEE0;
14986 : 0AF9;
14987 : F8F5;
14988 : FECD;
14989 : F255;
14990 : 0787;
14991 : 0C8C;
14992 : F4D4;
14993 : F417;
14994 : EBFB;
14995 : 05B1;
14996 : FFC6;
14997 : FE0C;
14998 : FF78;
14999 : F111;
15000 : F6BD;
15001 : FEE0;
15002 : ED72;
15003 : F62B;
15004 : 0529;
15005 : 04F4;
15006 : 0E09;
15007 : 0AC7;
15008 : 0557;
15009 : 0480;
15010 : F935;
15011 : 08AB;
15012 : FF26;
15013 : FFAB;
15014 : EE41;
15015 : 0DF2;
15016 : EC05;
15017 : 007C;
15018 : F1AE;
15019 : 124A;
15020 : 05FD;
15021 : F674;
15022 : 0108;
15023 : 0626;
15024 : F321;
15025 : 0D63;
15026 : 12E2;
15027 : FDBE;
15028 : 0946;
15029 : 0C81;
15030 : F0A1;
15031 : F59D;
15032 : EBB2;
15033 : F126;
15034 : EFFC;
15035 : FD94;
15036 : 0BD1;
15037 : 085F;
15038 : FDDB;
15039 : 11F6;
15040 : F258;
15041 : F549;
15042 : 1253;
15043 : F388;
15044 : 11E7;
15045 : F867;
15046 : EEEE;
15047 : F0A5;
15048 : 0A88;
15049 : F826;
15050 : F601;
15051 : FEE9;
15052 : FE42;
15053 : FEDF;
15054 : 07CA;
15055 : F9F2;
15056 : FA8C;
15057 : 06F2;
15058 : 0E8A;
15059 : FB13;
15060 : F46E;
15061 : 0152;
15062 : 0DAE;
15063 : FE03;
15064 : F617;
15065 : F58C;
15066 : EC48;
15067 : FCAC;
15068 : FF20;
15069 : FCDD;
15070 : F3BB;
15071 : F584;
15072 : 0EBC;
15073 : ED84;
15074 : F49C;
15075 : 1023;
15076 : 073A;
15077 : 0F98;
15078 : 030F;
15079 : 0CCF;
15080 : 0B84;
15081 : 0DA9;
15082 : FE6B;
15083 : F289;
15084 : F17F;
15085 : F08C;
15086 : 0CED;
15087 : E8BD;
15088 : FEE0;
15089 : 05A9;
15090 : 0A51;
15091 : 0558;
15092 : 07ED;
15093 : 0573;
15094 : 11A1;
15095 : 058B;
15096 : FBC4;
15097 : F72A;
15098 : F0BD;
15099 : FB58;
15100 : FEC5;
15101 : 0CF2;
15102 : F5DE;
15103 : F0AF;
15104 : F976;
15105 : F729;
15106 : 101B;
15107 : EE44;
15108 : EE3F;
15109 : EEDB;
15110 : 0A79;
15111 : EC1F;
15112 : 0158;
15113 : F93C;
15114 : 0EAD;
15115 : F00C;
15116 : 1013;
15117 : F9AF;
15118 : 05D0;
15119 : F719;
15120 : 07CA;
15121 : 0B3F;
15122 : F530;
15123 : EE96;
15124 : FF1E;
15125 : 098C;
15126 : 0BF1;
15127 : F8D7;
15128 : EA1B;
15129 : ECF7;
15130 : 0DA9;
15131 : 0CF9;
15132 : F7D6;
15133 : 10F3;
15134 : F02A;
15135 : 0FBD;
15136 : F5D3;
15137 : F788;
15138 : EDB3;
15139 : 0EFA;
15140 : EEA9;
15141 : 02BD;
15142 : F82F;
15143 : F597;
15144 : 0B75;
15145 : 0B06;
15146 : FA93;
15147 : 101A;
15148 : EFD3;
15149 : FECE;
15150 : FE4C;
15151 : 0149;
15152 : 054B;
15153 : 112A;
15154 : 0F37;
15155 : FEDC;
15156 : F029;
15157 : 1218;
15158 : F817;
15159 : 10B8;
15160 : ED54;
15161 : 0DEB;
15162 : 0CE8;
15163 : FBE5;
15164 : F09E;
15165 : F618;
15166 : FDE1;
15167 : 0C17;
15168 : FD57;
15169 : F4AB;
15170 : FD3A;
15171 : EED4;
15172 : F2D7;
15173 : 08BE;
15174 : 0049;
15175 : F8BD;
15176 : F266;
15177 : 01D8;
15178 : 0891;
15179 : F7FD;
15180 : 0C7C;
15181 : F1B3;
15182 : F83A;
15183 : F6BC;
15184 : F19B;
15185 : E8F1;
15186 : 1371;
15187 : F8C3;
15188 : FB6B;
15189 : 0B69;
15190 : F438;
15191 : 0581;
15192 : 0243;
15193 : EAC7;
15194 : 147D;
15195 : 07E9;
15196 : 00AA;
15197 : 0FC2;
15198 : E89E;
15199 : 0CFA;
15200 : 00D2;
15201 : FD9A;
15202 : ED3F;
15203 : 035B;
15204 : F884;
15205 : 1035;
15206 : EEE6;
15207 : FE20;
15208 : 0093;
15209 : 04C6;
15210 : 0DFD;
15211 : 0508;
15212 : 063A;
15213 : F98C;
15214 : F0D1;
15215 : EDCC;
15216 : 01F1;
15217 : 0D71;
15218 : 0667;
15219 : 0317;
15220 : 0419;
15221 : 116F;
15222 : FBA6;
15223 : 026F;
15224 : F5F0;
15225 : 0259;
15226 : 00B8;
15227 : F1CD;
15228 : 0A68;
15229 : 0B8E;
15230 : 1102;
15231 : F5DF;
15232 : 0951;
15233 : F01D;
15234 : 105A;
15235 : 0C89;
15236 : F68C;
15237 : 05F2;
15238 : FA48;
15239 : 0E1E;
15240 : F4D6;
15241 : FEA6;
15242 : 11D9;
15243 : FCBC;
15244 : F1AD;
15245 : 0886;
15246 : F229;
15247 : F731;
15248 : F797;
15249 : 0888;
15250 : F215;
15251 : 1179;
15252 : FC90;
15253 : F03B;
15254 : 06EA;
15255 : FC08;
15256 : EC68;
15257 : FEC4;
15258 : 015F;
15259 : FB11;
15260 : F7B0;
15261 : 096D;
15262 : E8A2;
15263 : 03CE;
15264 : F23D;
15265 : F99F;
15266 : EE48;
15267 : 0767;
15268 : 0F6D;
15269 : F5CF;
15270 : 066C;
15271 : FBE1;
15272 : FC98;
15273 : FFEF;
15274 : F203;
15275 : 0D50;
15276 : F4A2;
15277 : FC50;
15278 : F094;
15279 : 0AEC;
15280 : 0945;
15281 : 10CA;
15282 : 0D40;
15283 : 0E94;
15284 : 054E;
15285 : 1497;
15286 : 0043;
15287 : 0958;
15288 : F822;
15289 : EE22;
15290 : F010;
15291 : 0B35;
15292 : 0E77;
15293 : F8AA;
15294 : 0116;
15295 : 02D7;
15296 : FE8C;
15297 : F84A;
15298 : 0143;
15299 : 0E02;
15300 : 0474;
15301 : F131;
15302 : 0A8B;
15303 : 0FD3;
15304 : 060B;
15305 : 0843;
15306 : F406;
15307 : 05ED;
15308 : 0AF7;
15309 : F3C4;
15310 : F49A;
15311 : FDF5;
15312 : FFE6;
15313 : 0545;
15314 : 0E1E;
15315 : FA5D;
15316 : F354;
15317 : F541;
15318 : 0DAA;
15319 : F12D;
15320 : 0A33;
15321 : F669;
15322 : FC0D;
15323 : 0E1E;
15324 : 1282;
15325 : F0E8;
15326 : EB41;
15327 : 0D91;
15328 : FA99;
15329 : 0CC7;
15330 : 10A5;
15331 : FC19;
15332 : 0EC4;
15333 : 0BA3;
15334 : FC99;
15335 : 121B;
15336 : FCD3;
15337 : F4FC;
15338 : 05C6;
15339 : 02DE;
15340 : EEA2;
15341 : 16FF;
15342 : F88F;
15343 : 0BCA;
15344 : F356;
15345 : 0E9E;
15346 : 0F54;
15347 : 1136;
15348 : 0584;
15349 : 01E8;
15350 : 100B;
15351 : 0D0B;
15352 : 0455;
15353 : 0CCF;
15354 : 12EF;
15355 : 0D3F;
15356 : F86C;
15357 : FB8A;
15358 : F0DD;
15359 : 0BBC;
15360 : 1248;
15361 : F838;
15362 : 0EB5;
15363 : 0685;
15364 : 062B;
15365 : F42D;
15366 : 1191;
15367 : 04ED;
15368 : F20A;
15369 : F829;
15370 : 14DA;
15371 : FB96;
15372 : 0BAC;
15373 : F082;
15374 : F5FE;
15375 : 0827;
15376 : 1302;
15377 : FA74;
15378 : 0A7A;
15379 : 0364;
15380 : EB0A;
15381 : F669;
15382 : F0F2;
15383 : 12C2;
15384 : 108D;
15385 : 1607;
15386 : FAAA;
15387 : F8AD;
15388 : EFEF;
15389 : F628;
15390 : F362;
15391 : F782;
15392 : 0CF0;
15393 : F3B4;
15394 : 0F3F;
15395 : F4CE;
15396 : 0F4B;
15397 : FB12;
15398 : 154F;
15399 : F334;
15400 : F207;
15401 : 098F;
15402 : EEEC;
15403 : 014C;
15404 : ECE7;
15405 : 04B6;
15406 : 06DC;
15407 : 0989;
15408 : 0192;
15409 : 0C64;
15410 : EE71;
15411 : EED5;
15412 : FD79;
15413 : 0CB4;
15414 : FCA4;
15415 : F097;
15416 : FD7F;
15417 : EB71;
15418 : FC5A;
15419 : F368;
15420 : 0BEE;
15421 : 0B87;
15422 : F066;
15423 : F6D3;
15424 : 080F;
15425 : FD9F;
15426 : 08C1;
15427 : FBE7;
15428 : EF30;
15429 : ED7A;
15430 : 0F10;
15431 : EBCB;
15432 : F02C;
15433 : F799;
15434 : 07D9;
15435 : 12B4;
15436 : F7F5;
15437 : 0C16;
15438 : EF85;
15439 : F72B;
15440 : EF8D;
15441 : 066C;
15442 : 046D;
15443 : 05EA;
15444 : ED14;
15445 : 0E0E;
15446 : F3FD;
15447 : 0C62;
15448 : FF44;
15449 : FBB8;
15450 : ED88;
15451 : F69D;
15452 : 0DCC;
15453 : FE21;
15454 : 0181;
15455 : 0F8D;
15456 : FE0B;
15457 : 0A37;
15458 : 0FA8;
15459 : 121E;
15460 : 0231;
15461 : FD34;
15462 : 0088;
15463 : F8E0;
15464 : 0FE7;
15465 : 0AFD;
15466 : EDE7;
15467 : F83B;
15468 : EE26;
15469 : F796;
15470 : F1C9;
15471 : F5FF;
15472 : FB71;
15473 : 0592;
15474 : FDCC;
15475 : 0651;
15476 : 0B4D;
15477 : EFAD;
15478 : FAA1;
15479 : F134;
15480 : FDD3;
15481 : 0099;
15482 : 0152;
15483 : 075F;
15484 : EF2F;
15485 : 0460;
15486 : FFF2;
15487 : 0F84;
15488 : 0714;
15489 : 1406;
15490 : 034E;
15491 : FD9A;
15492 : FA4A;
15493 : F49F;
15494 : 0C1F;
15495 : 0B03;
15496 : 0CBA;
15497 : 0BCA;
15498 : 0E42;
15499 : F940;
15500 : F29B;
15501 : 0FE1;
15502 : 02B1;
15503 : FCD0;
15504 : 0AF2;
15505 : 1FB4;
15506 : 04A2;
15507 : 00F0;
15508 : F82F;
15509 : 0D4B;
15510 : 0148;
15511 : 1040;
15512 : EDBE;
15513 : 0763;
15514 : 0DB4;
15515 : 062B;
15516 : 0651;
15517 : EFB6;
15518 : F29E;
15519 : 0DF7;
15520 : 00DA;
15521 : F92B;
15522 : F084;
15523 : 0DDA;
15524 : 056C;
15525 : F273;
15526 : 1625;
15527 : 047F;
15528 : 0FE5;
15529 : 08F7;
15530 : EE40;
15531 : F598;
15532 : E8A5;
15533 : 17A4;
15534 : 13EA;
15535 : F8AD;
15536 : 04FC;
15537 : 0C2B;
15538 : 0FC5;
15539 : FF4A;
15540 : EB33;
15541 : 1015;
15542 : FC19;
15543 : 0A3E;
15544 : 0981;
15545 : 02D3;
15546 : 1009;
15547 : F0E8;
15548 : EEEA;
15549 : F7B5;
15550 : F99D;
15551 : F7CF;
15552 : 1185;
15553 : 01F8;
15554 : 0570;
15555 : F059;
15556 : 0D59;
15557 : 0507;
15558 : 10EF;
15559 : EF4C;
15560 : F1A8;
15561 : FB46;
15562 : 0132;
15563 : 0094;
15564 : 05C6;
15565 : ED76;
15566 : 05C7;
15567 : FABF;
15568 : F45F;
15569 : 178C;
15570 : 01FC;
15571 : 0CBB;
15572 : F0DA;
15573 : F98A;
15574 : 1039;
15575 : 0CE2;
15576 : 079E;
15577 : 133C;
15578 : 0B91;
15579 : F595;
15580 : 06F6;
15581 : FF87;
15582 : 00E3;
15583 : 030E;
15584 : 0B47;
15585 : 0167;
15586 : FE8E;
15587 : F161;
15588 : F4D5;
15589 : ED9A;
15590 : 027D;
15591 : FB66;
15592 : FDF4;
15593 : F5A7;
15594 : F998;
15595 : 10B5;
15596 : E89B;
15597 : FD86;
15598 : 036C;
15599 : F655;
15600 : 06AE;
15601 : 1394;
15602 : 096D;
15603 : 0975;
15604 : FCBA;
15605 : 0094;
15606 : 0859;
15607 : 09B2;
15608 : 0B6A;
15609 : 0600;
15610 : 08FB;
15611 : 054F;
15612 : FFE7;
15613 : FA52;
15614 : EF94;
15615 : EA8C;
15616 : EC32;
15617 : 0F73;
15618 : 04C4;
15619 : 11F3;
15620 : EB0F;
15621 : 1043;
15622 : EC16;
15623 : FBA0;
15624 : 0879;
15625 : E7D4;
15626 : 1164;
15627 : EDBC;
15628 : 0D27;
15629 : 0FBB;
15630 : 0FC1;
15631 : FE20;
15632 : 097B;
15633 : 0C05;
15634 : 0F33;
15635 : EDC9;
15636 : E9CA;
15637 : FAAD;
15638 : 1426;
15639 : 0608;
15640 : FC3D;
15641 : FD08;
15642 : 09FC;
15643 : 1117;
15644 : ECF0;
15645 : FBAA;
15646 : 0D80;
15647 : F271;
15648 : 0C16;
15649 : 05FC;
15650 : FB77;
15651 : F13C;
15652 : 0A84;
15653 : EF57;
15654 : 13DE;
15655 : 125E;
15656 : FB3F;
15657 : FDF3;
15658 : F02C;
15659 : 1035;
15660 : FF04;
15661 : FF78;
15662 : F291;
15663 : FA29;
15664 : FD65;
15665 : 0BC9;
15666 : F40C;
15667 : F6C0;
15668 : 0904;
15669 : F9A2;
15670 : 14CD;
15671 : F511;
15672 : 071F;
15673 : F865;
15674 : 08F7;
15675 : 0E94;
15676 : FD57;
15677 : 01E3;
15678 : F378;
15679 : 05EC;
15680 : ECFA;
15681 : 0658;
15682 : 0E95;
15683 : 10AF;
15684 : FED1;
15685 : FE57;
15686 : 0A77;
15687 : 0373;
15688 : 000D;
15689 : E634;
15690 : 06C5;
15691 : FCCB;
15692 : F901;
15693 : FA2F;
15694 : F8D8;
15695 : 0992;
15696 : FBA4;
15697 : FDE1;
15698 : F10C;
15699 : EDCC;
15700 : 0B18;
15701 : 06EE;
15702 : 150F;
15703 : F586;
15704 : F80F;
15705 : 12B0;
15706 : 09D3;
15707 : F16D;
15708 : FF48;
15709 : 0498;
15710 : FB11;
15711 : 0B99;
15712 : ECD3;
15713 : F462;
15714 : 02F9;
15715 : F305;
15716 : 10ED;
15717 : 028E;
15718 : 0786;
15719 : 12A4;
15720 : FAF2;
15721 : F085;
15722 : F9EA;
15723 : 04FF;
15724 : FDD2;
15725 : 0000;
15726 : FDB7;
15727 : F629;
15728 : F420;
15729 : 03A0;
15730 : 0157;
15731 : 0F5F;
15732 : F87C;
15733 : 0595;
15734 : 026D;
15735 : 06B5;
15736 : 0872;
15737 : F119;
15738 : 0660;
15739 : 01D2;
15740 : 06EC;
15741 : FE6A;
15742 : 0F0A;
15743 : 0994;
15744 : 05D2;
15745 : F2B7;
15746 : 087D;
15747 : 0736;
15748 : 099B;
15749 : EBD7;
15750 : ECDF;
15751 : 02DA;
15752 : F8D6;
15753 : F63C;
15754 : FF27;
15755 : F51F;
15756 : F56E;
15757 : 1535;
15758 : 0571;
15759 : 0C68;
15760 : 1343;
15761 : 0B3C;
15762 : F255;
15763 : F760;
15764 : ECB3;
15765 : 0F59;
15766 : 0ABF;
15767 : F75E;
15768 : 0B1A;
15769 : 097D;
15770 : 053C;
15771 : F548;
15772 : FF37;
15773 : F028;
15774 : F7D2;
15775 : 1130;
15776 : 0993;
15777 : 0E9F;
15778 : 03F7;
15779 : F5B2;
15780 : FDF4;
15781 : F571;
15782 : FC73;
15783 : 0064;
15784 : 0B42;
15785 : 01A9;
15786 : 0F3D;
15787 : 02F3;
15788 : E9F0;
15789 : 0E83;
15790 : 1299;
15791 : FDEF;
15792 : 08B6;
15793 : 0841;
15794 : FC87;
15795 : F6CE;
15796 : 1166;
15797 : 06AF;
15798 : 0AEF;
15799 : 10E6;
15800 : F67C;
15801 : F15A;
15802 : 11CC;
15803 : F9D6;
15804 : FF8E;
15805 : 0727;
15806 : 0891;
15807 : FB88;
15808 : EC40;
15809 : EEDD;
15810 : 0B63;
15811 : EE32;
15812 : FC25;
15813 : 01AA;
15814 : FEB7;
15815 : 01DF;
15816 : 0BE6;
15817 : F2F5;
15818 : 09C1;
15819 : FAEF;
15820 : 0868;
15821 : FE30;
15822 : F722;
15823 : 0675;
15824 : 04B9;
15825 : F7DC;
15826 : F2E9;
15827 : FE4B;
15828 : 0F80;
15829 : 0028;
15830 : FA23;
15831 : FFA7;
15832 : FE27;
15833 : FAF6;
15834 : 0817;
15835 : FFDB;
15836 : F92E;
15837 : 14EE;
15838 : 075E;
15839 : EEA1;
15840 : FFE4;
15841 : 0723;
15842 : 0DD5;
15843 : EC39;
15844 : 1594;
15845 : F1A4;
15846 : F67D;
15847 : FC3B;
15848 : FAFC;
15849 : F6C9;
15850 : F95A;
15851 : F6DB;
15852 : 061B;
15853 : 13D0;
15854 : EDDE;
15855 : 06F2;
15856 : 0A57;
15857 : 0025;
15858 : 0EBA;
15859 : 0B14;
15860 : 0790;
15861 : E502;
15862 : FC39;
15863 : 02CD;
15864 : EA68;
15865 : ED13;
15866 : 166C;
15867 : 084A;
15868 : FD6B;
15869 : FA5B;
15870 : F4CE;
15871 : 0B6F;
15872 : EE90;
15873 : 0913;
15874 : F1B9;
15875 : FE9B;
15876 : 033D;
15877 : F3D2;
15878 : 0641;
15879 : 075E;
15880 : EFD9;
15881 : EF1A;
15882 : F031;
15883 : ECA1;
15884 : EEA2;
15885 : F99B;
15886 : F75E;
15887 : 0DC4;
15888 : 1436;
15889 : 13A7;
15890 : F9DF;
15891 : FA4C;
15892 : EB78;
15893 : F84B;
15894 : 143D;
15895 : 0BCE;
15896 : 0CED;
15897 : 0615;
15898 : FAEC;
15899 : F30B;
15900 : EB1F;
15901 : 13E2;
15902 : F0B4;
15903 : 0863;
15904 : FB2F;
15905 : F674;
15906 : F5FD;
15907 : E805;
15908 : FB3D;
15909 : 0429;
15910 : F4F4;
15911 : FBE3;
15912 : 1436;
15913 : FEE9;
15914 : FE40;
15915 : F9B4;
15916 : FC70;
15917 : 066D;
15918 : 0250;
15919 : EE50;
15920 : 15E7;
15921 : 0804;
15922 : 0255;
15923 : 085C;
15924 : FDEE;
15925 : F976;
15926 : F3EF;
15927 : F691;
15928 : EF67;
15929 : EEE0;
15930 : 09B4;
15931 : F694;
15932 : EE0F;
15933 : 096B;
15934 : 061A;
15935 : 03AB;
15936 : EDCC;
15937 : 03E3;
15938 : EDAB;
15939 : E961;
15940 : 0336;
15941 : FD93;
15942 : EDD8;
15943 : F2E3;
15944 : F3B2;
15945 : FC22;
15946 : 0517;
15947 : FED4;
15948 : 0510;
15949 : 032F;
15950 : 0DCD;
15951 : F1A4;
15952 : 0EB3;
15953 : F77A;
15954 : 1750;
15955 : 04F8;
15956 : F9D9;
15957 : 100C;
15958 : FF68;
15959 : 15B9;
15960 : 0ED4;
15961 : 00BE;
15962 : FAAD;
15963 : F58F;
15964 : 0F6E;
15965 : FDB4;
15966 : F94F;
15967 : 07FB;
15968 : F4DB;
15969 : 0B02;
15970 : 0E94;
15971 : 05E2;
15972 : 00A2;
15973 : 11D8;
15974 : E994;
15975 : 02C7;
15976 : F62A;
15977 : F05D;
15978 : F68C;
15979 : 0FC7;
15980 : EA25;
15981 : 09ED;
15982 : F4E6;
15983 : EDD0;
15984 : 0C17;
15985 : EB33;
15986 : 10B2;
15987 : 0D6A;
15988 : 0042;
15989 : F39D;
15990 : F4BC;
15991 : 0471;
15992 : 060C;
15993 : FFD8;
15994 : 0AFE;
15995 : 019E;
15996 : 0395;
15997 : FE22;
15998 : F1F1;
15999 : FD73;
16000 : EAAD;
16001 : EAFF;
16002 : 0F87;
16003 : 0A80;
16004 : F371;
16005 : F19C;
16006 : EE48;
16007 : 0D1D;
16008 : 10EC;
16009 : F80F;
16010 : FAC1;
16011 : F95E;
16012 : 0B72;
16013 : F887;
16014 : FEDC;
16015 : 0EE1;
16016 : FA78;
16017 : 17D5;
16018 : 17FD;
16019 : F1EE;
16020 : FB45;
16021 : FA78;
16022 : F243;
16023 : 0CFB;
16024 : F5E9;
16025 : FE37;
16026 : 0389;
16027 : 01F2;
16028 : 0284;
16029 : F3CD;
16030 : F48D;
16031 : 0086;
16032 : F87A;
16033 : ED82;
16034 : FFBA;
16035 : F915;
16036 : 10C7;
16037 : 068E;
16038 : 04F6;
16039 : F51D;
16040 : 1038;
16041 : FE33;
16042 : EC55;
16043 : F9C1;
16044 : FAAB;
16045 : 0862;
16046 : EDD5;
16047 : FC46;
16048 : FB84;
16049 : 0907;
16050 : 0EC4;
16051 : FDDF;
16052 : 05E2;
16053 : F364;
16054 : F0CB;
16055 : F3B0;
16056 : 080F;
16057 : 0EFA;
16058 : 0BFB;
16059 : 0109;
16060 : 04BF;
16061 : FED1;
16062 : FFAF;
16063 : 07AE;
16064 : 05C0;
16065 : 0570;
16066 : ED89;
16067 : ED9E;
16068 : F7FA;
16069 : F137;
16070 : F9A9;
16071 : FF7B;
16072 : F85B;
16073 : 0BAC;
16074 : EE5B;
16075 : F7C7;
16076 : 01AC;
16077 : FD9D;
16078 : 0176;
16079 : 064E;
16080 : F280;
16081 : F1DE;
16082 : 01BD;
16083 : FAE6;
16084 : F143;
16085 : 1613;
16086 : EDF3;
16087 : 0D3D;
16088 : ECB0;
16089 : 1003;
16090 : 136E;
16091 : 004C;
16092 : F1E5;
16093 : 1180;
16094 : 04A6;
16095 : F51C;
16096 : EDCB;
16097 : F68D;
16098 : 0CC1;
16099 : 09B8;
16100 : 0DE2;
16101 : 0B7D;
16102 : 0A10;
16103 : FDAA;
16104 : F68B;
16105 : 0A18;
16106 : 129A;
16107 : ECA8;
16108 : 0AF9;
16109 : F0B7;
16110 : EE8F;
16111 : EE0A;
16112 : 0F73;
16113 : 0903;
16114 : FD30;
16115 : 0650;
16116 : F86D;
16117 : 0344;
16118 : F478;
16119 : F813;
16120 : 0E64;
16121 : EDBF;
16122 : 0EC3;
16123 : 044A;
16124 : 0930;
16125 : F2EE;
16126 : F145;
16127 : FC8C;
16128 : F50F;
16129 : 03F9;
16130 : 02FF;
16131 : F7D7;
16132 : EFE3;
16133 : FA0F;
16134 : F892;
16135 : 0868;
16136 : FA80;
16137 : FC83;
16138 : 13A0;
16139 : F525;
16140 : 140A;
16141 : FB21;
16142 : F184;
16143 : 0436;
16144 : FC02;
16145 : EE73;
16146 : F282;
16147 : F2D3;
16148 : FDFF;
16149 : 0B8D;
16150 : 0431;
16151 : 0849;
16152 : 0008;
16153 : 00E3;
16154 : 0D51;
16155 : F165;
16156 : 0AF8;
16157 : FBF2;
16158 : F588;
16159 : FD14;
16160 : FE18;
16161 : 0993;
16162 : 14B0;
16163 : 0DC2;
16164 : 0DA3;
16165 : FBAC;
16166 : 0033;
16167 : 00F2;
16168 : 0396;
16169 : 0363;
16170 : 09ED;
16171 : 130D;
16172 : 0C01;
16173 : 1241;
16174 : ECBE;
16175 : FE71;
16176 : F351;
16177 : 11E7;
16178 : 09C5;
16179 : 0CEF;
16180 : 00D4;
16181 : FED5;
16182 : 0A97;
16183 : FE5A;
16184 : F209;
16185 : 065A;
16186 : 01A5;
16187 : F27F;
16188 : 0593;
16189 : F8D5;
16190 : 0D26;
16191 : EEEE;
16192 : F274;
16193 : 12B7;
16194 : F278;
16195 : F7C5;
16196 : F211;
16197 : 0643;
16198 : 0662;
16199 : EB99;
16200 : F824;
16201 : 0F01;
16202 : 03A6;
16203 : FACD;
16204 : F199;
16205 : FF3E;
16206 : 1353;
16207 : F8A0;
16208 : FB27;
16209 : F81C;
16210 : 061E;
16211 : 0316;
16212 : EE65;
16213 : 0D4E;
16214 : 12F2;
16215 : 109F;
16216 : 0B66;
16217 : 0715;
16218 : 09D8;
16219 : F031;
16220 : F19C;
16221 : 0ABB;
16222 : F567;
16223 : FD56;
16224 : FFED;
16225 : 0928;
16226 : 07B9;
16227 : 07D5;
16228 : 1038;
16229 : 0A37;
16230 : F465;
16231 : 0F06;
16232 : 0143;
16233 : 0BDD;
16234 : F66E;
16235 : FCE5;
16236 : 0904;
16237 : 0FC4;
16238 : FEC1;
16239 : FC23;
16240 : F3BF;
16241 : 0AE5;
16242 : F540;
16243 : FCB8;
16244 : 0149;
16245 : 05A1;
16246 : F0A6;
16247 : 08D9;
16248 : F0FB;
16249 : FC68;
16250 : 0EE8;
16251 : 10AD;
16252 : F6E2;
16253 : F772;
16254 : 0758;
16255 : FC8D;
16256 : 1344;
16257 : 0D17;
16258 : 01A9;
16259 : F069;
16260 : 03A9;
16261 : FED3;
16262 : 0A0E;
16263 : 03DF;
16264 : F446;
16265 : EAA6;
16266 : 0E58;
16267 : F6FD;
16268 : FC2F;
16269 : FC73;
16270 : F224;
16271 : 03F8;
16272 : EF73;
16273 : 0642;
16274 : F71A;
16275 : F5CD;
16276 : 08B8;
16277 : F519;
16278 : 0AE0;
16279 : F8E8;
16280 : 0971;
16281 : F8D8;
16282 : 1101;
16283 : 106B;
16284 : 03A1;
16285 : 106F;
16286 : 1140;
16287 : 0A2D;
16288 : 06B9;
16289 : FBB5;
16290 : 0C91;
16291 : 079F;
16292 : 0C86;
16293 : FA37;
16294 : 1461;
16295 : FBF4;
16296 : F445;
16297 : ED2C;
16298 : 0DEF;
16299 : F6CE;
16300 : F814;
16301 : 0652;
16302 : 0192;
16303 : FB33;
16304 : F66C;
16305 : 0D3C;
16306 : EE60;
16307 : FC94;
16308 : 098E;
16309 : 0D05;
16310 : EDC1;
16311 : 0D52;
16312 : FAF7;
16313 : EC29;
16314 : FC3C;
16315 : 0DF1;
16316 : 1288;
16317 : FB6E;
16318 : F25B;
16319 : F9E3;
16320 : 1AB2;
16321 : F3E2;
16322 : F400;
16323 : EEDC;
16324 : 1356;
16325 : 0716;
16326 : 018A;
16327 : 0E59;
16328 : 06D3;
16329 : 0544;
16330 : FAA6;
16331 : 0767;
16332 : FC4A;
16333 : F682;
16334 : 0B8D;
16335 : F90E;
16336 : 0A2F;
16337 : 0AE4;
16338 : EE64;
16339 : EC56;
16340 : 0A54;
16341 : 0376;
16342 : F671;
16343 : 059D;
16344 : 0489;
16345 : F631;
16346 : 13DF;
16347 : FCB9;
16348 : 11B5;
16349 : 073D;
16350 : F308;
16351 : F584;
16352 : FB9F;
16353 : FDCE;
16354 : FD63;
16355 : 0B4C;
16356 : E939;
16357 : F586;
16358 : 10F8;
16359 : 0A8D;
16360 : FC5E;
16361 : 06C3;
16362 : F36F;
16363 : 1215;
16364 : 07B5;
16365 : FA47;
16366 : 0199;
16367 : 02F5;
16368 : 11F4;
16369 : F1BB;
16370 : 065A;
16371 : ED96;
16372 : 11FA;
16373 : F225;
16374 : FBA4;
16375 : 07D3;
16376 : F339;
16377 : 01BD;
16378 : FDA2;
16379 : F12E;
16380 : 030B;
16381 : FEAA;
16382 : 105A;
16383 : F2D4;
16384 : F948;
16385 : 0CF6;
16386 : 05D9;
16387 : F4D0;
16388 : FB07;
16389 : F861;
16390 : 00A9;
16391 : F006;
16392 : 05DB;
16393 : FA14;
16394 : 0D9A;
16395 : FABF;
16396 : 0DDA;
16397 : 01F0;
16398 : EF86;
16399 : FFFC;
16400 : F18B;
16401 : F5AE;
16402 : F534;
16403 : 02CE;
16404 : FC90;
16405 : 05BC;
16406 : 0013;
16407 : 0A9E;
16408 : 046C;
16409 : EDED;
16410 : 0E88;
16411 : 1047;
16412 : 096C;
16413 : 00BE;
16414 : FBC3;
16415 : F242;
16416 : 0548;
16417 : 14CB;
16418 : 0B0C;
16419 : F2C7;
16420 : 0445;
16421 : FA68;
16422 : F82E;
16423 : F5CC;
16424 : 072E;
16425 : 05DC;
16426 : F9C8;
16427 : EF35;
16428 : 0FB6;
16429 : EFFB;
16430 : ED7F;
16431 : F50C;
16432 : EFA3;
16433 : F64A;
16434 : 0697;
16435 : FA1D;
16436 : 04EA;
16437 : 0776;
16438 : 08CF;
16439 : 0063;
16440 : F002;
16441 : 085F;
16442 : EEDA;
16443 : EA6C;
16444 : EDA5;
16445 : 0E9A;
16446 : 008D;
16447 : FC62;
16448 : 003A;
16449 : 0B7C;
16450 : 187C;
16451 : 046E;
16452 : 01FB;
16453 : F80D;
16454 : EC6B;
16455 : EB83;
16456 : F9C3;
16457 : 0F6F;
16458 : 0778;
16459 : 0239;
16460 : 0034;
16461 : 0C2A;
16462 : F808;
16463 : 02D5;
16464 : 0151;
16465 : FDA9;
16466 : F480;
16467 : 0BA9;
16468 : F991;
16469 : FF3E;
16470 : F5D4;
16471 : FF15;
16472 : F1F0;
16473 : ECAA;
16474 : EDC2;
16475 : 0A86;
16476 : EF9A;
16477 : EF0D;
16478 : F606;
16479 : 0053;
16480 : F60D;
16481 : F514;
16482 : EE9D;
16483 : F217;
16484 : EEF7;
16485 : 01FA;
16486 : 13D9;
16487 : 0D46;
16488 : 0FAB;
16489 : 05FC;
16490 : F0B7;
16491 : 0763;
16492 : EF23;
16493 : 00E2;
16494 : F156;
16495 : F771;
16496 : 05FE;
16497 : 1346;
16498 : F60B;
16499 : 005D;
16500 : 04DC;
16501 : 0A9E;
16502 : 1119;
16503 : FE3F;
16504 : FA50;
16505 : 0F9D;
16506 : F4EE;
16507 : 0BEE;
16508 : 03D4;
16509 : 024D;
16510 : 0000;
16511 : EAA7;
16512 : FF2B;
16513 : 10E4;
16514 : 16D6;
16515 : 1562;
16516 : F0DE;
16517 : F8EB;
16518 : FAC0;
16519 : 0750;
16520 : 0BF4;
16521 : 10E2;
16522 : FE4E;
16523 : 0B0B;
16524 : FA64;
16525 : 0D4A;
16526 : 0BC8;
16527 : 0931;
16528 : 0196;
16529 : 04A4;
16530 : 0CEC;
16531 : EC03;
16532 : 0F8D;
16533 : 0CC0;
16534 : 0DF2;
16535 : FEF4;
16536 : F7D8;
16537 : 089D;
16538 : 03CE;
16539 : F55B;
16540 : 0D09;
16541 : ECEC;
16542 : F418;
16543 : F14F;
16544 : 0E4A;
16545 : 1102;
16546 : ECE0;
16547 : FB8B;
16548 : FD9B;
16549 : F7D5;
16550 : FE19;
16551 : F9D5;
16552 : 041E;
16553 : 095B;
16554 : 08BA;
16555 : FBC7;
16556 : FDEF;
16557 : 046C;
16558 : 0C98;
16559 : 0F4A;
16560 : F3E3;
16561 : 118F;
16562 : F7F0;
16563 : 004D;
16564 : 099A;
16565 : 1311;
16566 : 0AB9;
16567 : 10A5;
16568 : 0860;
16569 : 1057;
16570 : EAEA;
16571 : 0F27;
16572 : F83E;
16573 : F62A;
16574 : F9FB;
16575 : EDBD;
16576 : 13FF;
16577 : 0D65;
16578 : 0D79;
16579 : FB12;
16580 : 12A6;
16581 : F4E5;
16582 : 06DB;
16583 : E982;
16584 : 0A5E;
16585 : FC27;
16586 : 040A;
16587 : F717;
16588 : 0ECA;
16589 : 12BD;
16590 : FAC4;
16591 : 0161;
16592 : F2F3;
16593 : 0166;
16594 : F502;
16595 : F628;
16596 : ED9D;
16597 : F89A;
16598 : 0692;
16599 : FC19;
16600 : 00D4;
16601 : F755;
16602 : FA63;
16603 : EEE5;
16604 : F4E6;
16605 : F542;
16606 : 0FA7;
16607 : 0807;
16608 : FA9E;
16609 : F05C;
16610 : 0119;
16611 : 0673;
16612 : EF5C;
16613 : F34E;
16614 : EFEE;
16615 : 02D3;
16616 : 1044;
16617 : 115E;
16618 : FC31;
16619 : FB7E;
16620 : F22C;
16621 : F086;
16622 : F521;
16623 : F127;
16624 : FEF4;
16625 : FCAF;
16626 : 015A;
16627 : 1350;
16628 : F21A;
16629 : F939;
16630 : F0F2;
16631 : 11A8;
16632 : F8F0;
16633 : 0054;
16634 : 0792;
16635 : 0FD3;
16636 : 1014;
16637 : FB20;
16638 : F0BD;
16639 : 0170;
16640 : F4B6;
16641 : 11CB;
16642 : 0064;
16643 : 0E28;
16644 : 0F20;
16645 : F754;
16646 : 10AF;
16647 : 0177;
16648 : F200;
16649 : EEC2;
16650 : 11C6;
16651 : FAEA;
16652 : F5F2;
16653 : F8D3;
16654 : 0D52;
16655 : F97E;
16656 : F857;
16657 : 02C0;
16658 : F9BB;
16659 : F59B;
16660 : 020B;
16661 : F33D;
16662 : FC81;
16663 : 1128;
16664 : F9E5;
16665 : 10F8;
16666 : ED4B;
16667 : FA6B;
16668 : 1035;
16669 : 0D0D;
16670 : F6EB;
16671 : F77F;
16672 : F254;
16673 : FA98;
16674 : 1124;
16675 : FA79;
16676 : 028E;
16677 : 0F5C;
16678 : 0EE9;
16679 : 01F7;
16680 : FFCE;
16681 : 0DCF;
16682 : 10A1;
16683 : F99A;
16684 : F5E7;
16685 : EEB7;
16686 : 0D7D;
16687 : F229;
16688 : 10CB;
16689 : 0D79;
16690 : 0DD6;
16691 : 1B76;
16692 : 00F1;
16693 : FA3B;
16694 : F51E;
16695 : ECFB;
16696 : FE7B;
16697 : EEFF;
16698 : 052F;
16699 : EEBC;
16700 : 1134;
16701 : 020E;
16702 : F472;
16703 : FCD2;
16704 : FDD8;
16705 : 0C53;
16706 : 0155;
16707 : F581;
16708 : F0F0;
16709 : 04E1;
16710 : F285;
16711 : F5DD;
16712 : F909;
16713 : 0081;
16714 : 019B;
16715 : 0A17;
16716 : 062C;
16717 : FDA3;
16718 : F939;
16719 : FC9C;
16720 : F5CE;
16721 : FA9E;
16722 : 0CDC;
16723 : 0D6D;
16724 : 0513;
16725 : F8C3;
16726 : 0D49;
16727 : 04B3;
16728 : F741;
16729 : 01F3;
16730 : F50A;
16731 : EAE9;
16732 : 0887;
16733 : F4AD;
16734 : F081;
16735 : F47A;
16736 : F54E;
16737 : F42F;
16738 : F07B;
16739 : FD02;
16740 : 09F6;
16741 : 0E51;
16742 : FE75;
16743 : F75E;
16744 : 022F;
16745 : 0FF3;
16746 : 115F;
16747 : F5A2;
16748 : 0A11;
16749 : F5B8;
16750 : 0DC2;
16751 : F8FF;
16752 : 0B57;
16753 : F419;
16754 : F270;
16755 : 0AE0;
16756 : 0A6B;
16757 : 01B0;
16758 : FF36;
16759 : F3B5;
16760 : F826;
16761 : F949;
16762 : F968;
16763 : 0645;
16764 : 017D;
16765 : FF99;
16766 : 076D;
16767 : 026D;
16768 : F30B;
16769 : 085B;
16770 : F5F8;
16771 : FAF0;
16772 : EEFB;
16773 : FC46;
16774 : EFA0;
16775 : 0DEA;
16776 : 06F2;
16777 : 01DD;
16778 : 11A3;
16779 : F1B3;
16780 : 05F6;
16781 : 1152;
16782 : 1124;
16783 : F94B;
16784 : 054D;
16785 : EE31;
16786 : F0D1;
16787 : 05B8;
16788 : F9B4;
16789 : 0C00;
16790 : 05B5;
16791 : 032E;
16792 : F5CB;
16793 : FAE6;
16794 : 0276;
16795 : 0B37;
16796 : EF3D;
16797 : EBB6;
16798 : 0164;
16799 : 0CF2;
16800 : 0A11;
16801 : FB34;
16802 : FF28;
16803 : 0588;
16804 : 0638;
16805 : 052E;
16806 : 07BB;
16807 : 0F92;
16808 : 0E0E;
16809 : 0C1C;
16810 : F808;
16811 : 0076;
16812 : 03E5;
16813 : 04C7;
16814 : FA04;
16815 : 1202;
16816 : 0133;
16817 : 0062;
16818 : F48D;
16819 : 0657;
16820 : F979;
16821 : F2E8;
16822 : FFDD;
16823 : F421;
16824 : F7E8;
16825 : F609;
16826 : 10DC;
16827 : FE78;
16828 : 017C;
16829 : FFA7;
16830 : F6EC;
16831 : 032E;
16832 : EFEF;
16833 : F69D;
16834 : FBA4;
16835 : 08BD;
16836 : 038B;
16837 : F9FE;
16838 : F180;
16839 : FCF8;
16840 : 0912;
16841 : F6C0;
16842 : 005B;
16843 : 0E7B;
16844 : F17F;
16845 : FEDD;
16846 : F5C1;
16847 : F027;
16848 : 05B4;
16849 : F85B;
16850 : ECE5;
16851 : 0F8C;
16852 : EEFB;
16853 : 08F0;
16854 : 0481;
16855 : FC64;
16856 : FAC0;
16857 : F9FB;
16858 : FCDD;
16859 : 0BF0;
16860 : FAA5;
16861 : 0E96;
16862 : FA9C;
16863 : 0121;
16864 : 1155;
16865 : EF6D;
16866 : 054F;
16867 : 090E;
16868 : 0DF8;
16869 : 06F5;
16870 : F42E;
16871 : 086C;
16872 : F157;
16873 : 0533;
16874 : 018A;
16875 : 0E63;
16876 : 0949;
16877 : 0BC5;
16878 : F42C;
16879 : 0A8A;
16880 : F449;
16881 : 1018;
16882 : 0B5A;
16883 : 037A;
16884 : F1DD;
16885 : F82C;
16886 : 0359;
16887 : F8D6;
16888 : F00F;
16889 : EFE8;
16890 : 0A6C;
16891 : 0715;
16892 : 0929;
16893 : F8B9;
16894 : F964;
16895 : ED97;
16896 : 08B1;
16897 : 03CB;
16898 : F2CE;
16899 : 0764;
16900 : 077B;
16901 : FA46;
16902 : 0B07;
16903 : 0781;
16904 : 130C;
16905 : F46C;
16906 : F652;
16907 : 0AC3;
16908 : 0B32;
16909 : 001C;
16910 : ECB9;
16911 : EC95;
16912 : 0D97;
16913 : 050B;
16914 : 1177;
16915 : 0A4F;
16916 : 00ED;
16917 : F95D;
16918 : 04E0;
16919 : F479;
16920 : 01D0;
16921 : 0693;
16922 : EEE2;
16923 : 0EBA;
16924 : 020B;
16925 : EEBD;
16926 : 0CB9;
16927 : F16B;
16928 : 121F;
16929 : EF47;
16930 : F354;
16931 : 0AB3;
16932 : 0DE5;
16933 : 0812;
16934 : FADC;
16935 : 0A14;
16936 : 0462;
16937 : 0583;
16938 : FD1D;
16939 : F60F;
16940 : 0043;
16941 : 098C;
16942 : F3A4;
16943 : 08B1;
16944 : F076;
16945 : ED14;
16946 : F2D2;
16947 : 0B8A;
16948 : FC69;
16949 : F31D;
16950 : 0889;
16951 : 0C50;
16952 : 0508;
16953 : EFB3;
16954 : F62E;
16955 : 012E;
16956 : 07E4;
16957 : FFFF;
16958 : FF6B;
16959 : F662;
16960 : F051;
16961 : F863;
16962 : 0201;
16963 : 08EC;
16964 : F4C2;
16965 : FD0F;
16966 : 0AD6;
16967 : F0B9;
16968 : 0C4E;
16969 : 0094;
16970 : FBD9;
16971 : FFAF;
16972 : 0AF8;
16973 : FC98;
16974 : 037B;
16975 : 0B33;
16976 : 0832;
16977 : F42C;
16978 : 03D9;
16979 : FFEE;
16980 : 044F;
16981 : FF2E;
16982 : 1722;
16983 : F725;
16984 : EC90;
16985 : 025E;
16986 : 0B58;
16987 : 10A3;
16988 : F8F6;
16989 : EC79;
16990 : 02DD;
16991 : F07F;
16992 : F819;
16993 : 070B;
16994 : EE22;
16995 : 0A04;
16996 : FE47;
16997 : 0D7A;
16998 : 01A5;
16999 : F5FA;
17000 : 0841;
17001 : FD2D;
17002 : F65D;
17003 : EFA6;
17004 : 01E5;
17005 : 148F;
17006 : FEC6;
17007 : FF81;
17008 : 0949;
17009 : F148;
17010 : 00EE;
17011 : 0BE8;
17012 : F67B;
17013 : 00FA;
17014 : 0201;
17015 : 0761;
17016 : F564;
17017 : 05D7;
17018 : F446;
17019 : F85A;
17020 : F5AE;
17021 : FB34;
17022 : F7AD;
17023 : 0A7C;
17024 : F242;
17025 : F4ED;
17026 : 1507;
17027 : 0737;
17028 : F702;
17029 : FFDA;
17030 : 01A3;
17031 : 0C73;
17032 : 013F;
17033 : 0FA3;
17034 : 07F0;
17035 : ED73;
17036 : 05CA;
17037 : 05FE;
17038 : 05DE;
17039 : F415;
17040 : F6F7;
17041 : FE65;
17042 : EF95;
17043 : EF40;
17044 : FB40;
17045 : FA37;
17046 : 0F20;
17047 : EBDB;
17048 : 0C56;
17049 : F833;
17050 : 0A63;
17051 : FF9D;
17052 : F64A;
17053 : F0D3;
17054 : 0209;
17055 : 0508;
17056 : F793;
17057 : 01D0;
17058 : F715;
17059 : 04E7;
17060 : EFD6;
17061 : ED9D;
17062 : FD5C;
17063 : FF6E;
17064 : FF89;
17065 : EF5C;
17066 : 0BCD;
17067 : F5F6;
17068 : 1178;
17069 : 02C0;
17070 : EC01;
17071 : F760;
17072 : 08E0;
17073 : EF3D;
17074 : 062B;
17075 : EDCA;
17076 : 0797;
17077 : 12EC;
17078 : 01B8;
17079 : 0BC9;
17080 : 0970;
17081 : 0402;
17082 : 0DAE;
17083 : 004C;
17084 : 0688;
17085 : FB05;
17086 : EF74;
17087 : ED6F;
17088 : 0D4F;
17089 : F405;
17090 : 0EB4;
17091 : 110B;
17092 : F1AB;
17093 : EED5;
17094 : 06F5;
17095 : 05DD;
17096 : 120E;
17097 : 0B97;
17098 : FAD9;
17099 : F8A7;
17100 : EE85;
17101 : 0A56;
17102 : F3DF;
17103 : FB72;
17104 : 1271;
17105 : F301;
17106 : 104F;
17107 : F79D;
17108 : 10D0;
17109 : F2D1;
17110 : F988;
17111 : F327;
17112 : EFC3;
17113 : 1409;
17114 : F17D;
17115 : F765;
17116 : 08A4;
17117 : 118F;
17118 : 077D;
17119 : 0EED;
17120 : 0C47;
17121 : F31E;
17122 : F2E4;
17123 : 0A22;
17124 : F1BA;
17125 : ED6C;
17126 : F927;
17127 : 0351;
17128 : 0791;
17129 : FF84;
17130 : 0747;
17131 : EDE2;
17132 : FE89;
17133 : 0C32;
17134 : EE06;
17135 : 0F2B;
17136 : F676;
17137 : 040C;
17138 : EA5A;
17139 : FF60;
17140 : 0F43;
17141 : F9FC;
17142 : F7C2;
17143 : F6CC;
17144 : FC35;
17145 : EFBE;
17146 : F9F0;
17147 : 088F;
17148 : F940;
17149 : F290;
17150 : F9D2;
17151 : EB00;
17152 : 0373;
17153 : F438;
17154 : F617;
17155 : FAF3;
17156 : F6B2;
17157 : EC6B;
17158 : F633;
17159 : 03A6;
17160 : 1387;
17161 : 0E21;
17162 : F07D;
17163 : 0BEF;
17164 : FE5A;
17165 : F7F9;
17166 : 045F;
17167 : 0880;
17168 : 0120;
17169 : 1254;
17170 : 0D74;
17171 : F2A1;
17172 : ED80;
17173 : F149;
17174 : F59D;
17175 : 06E0;
17176 : ED5C;
17177 : 1918;
17178 : 0A09;
17179 : 04F3;
17180 : 00C1;
17181 : F8E4;
17182 : 0113;
17183 : F6D7;
17184 : EE12;
17185 : F964;
17186 : EF2B;
17187 : 0DB4;
17188 : 07EB;
17189 : F8E2;
17190 : 03EE;
17191 : 0263;
17192 : 0300;
17193 : 071C;
17194 : 10B8;
17195 : 0833;
17196 : F3BD;
17197 : F623;
17198 : FC3A;
17199 : 0F6B;
17200 : 105D;
17201 : FF3E;
17202 : E913;
17203 : 13B9;
17204 : 0164;
17205 : 1130;
17206 : 0E18;
17207 : EC02;
17208 : 0689;
17209 : FA15;
17210 : F1CB;
17211 : 0A9A;
17212 : FEE6;
17213 : F56D;
17214 : ED47;
17215 : ED64;
17216 : 0678;
17217 : 0507;
17218 : 1187;
17219 : 068E;
17220 : F093;
17221 : F055;
17222 : 0FD5;
17223 : F836;
17224 : FDF0;
17225 : FD3C;
17226 : F162;
17227 : F6E4;
17228 : F9DF;
17229 : F347;
17230 : F14E;
17231 : 1045;
17232 : 0969;
17233 : 0966;
17234 : F3CD;
17235 : 0BA5;
17236 : 0AE8;
17237 : FB7E;
17238 : F9A5;
17239 : F040;
17240 : 11A4;
17241 : 078F;
17242 : F0CA;
17243 : EE27;
17244 : FE19;
17245 : 0E2F;
17246 : FE2C;
17247 : FBDC;
17248 : F0D5;
17249 : 0146;
17250 : F2D8;
17251 : 07DD;
17252 : F938;
17253 : F189;
17254 : 01B5;
17255 : 0B47;
17256 : F0B5;
17257 : 0735;
17258 : 05A4;
17259 : FD49;
17260 : FC48;
17261 : 11E9;
17262 : 15F3;
17263 : 022E;
17264 : 0904;
17265 : 0E20;
17266 : 0B78;
17267 : F941;
17268 : F159;
17269 : 02C2;
17270 : F0E6;
17271 : F014;
17272 : 09BE;
17273 : 0879;
17274 : 000F;
17275 : 0038;
17276 : 0696;
17277 : F92E;
17278 : 0DF5;
17279 : 0698;
17280 : 08EA;
17281 : 074B;
17282 : 1519;
17283 : 0DC5;
17284 : EF9C;
17285 : F623;
17286 : F74D;
17287 : 065E;
17288 : F1C2;
17289 : EEAB;
17290 : 0B5A;
17291 : F656;
17292 : 1066;
17293 : F2D3;
17294 : 0012;
17295 : 085B;
17296 : F592;
17297 : 05A1;
17298 : F921;
17299 : F925;
17300 : EB8C;
17301 : FEF1;
17302 : 0705;
17303 : F1C5;
17304 : 08C2;
17305 : 12A4;
17306 : 06FB;
17307 : 0121;
17308 : 1220;
17309 : F874;
17310 : 1297;
17311 : F1CB;
17312 : 0445;
17313 : 1198;
17314 : 10C8;
17315 : 0025;
17316 : F851;
17317 : F883;
17318 : F8DD;
17319 : 045C;
17320 : 03ED;
17321 : 118E;
17322 : 0565;
17323 : F366;
17324 : FD61;
17325 : 01EE;
17326 : 0A3A;
17327 : 0EFB;
17328 : 0B7A;
17329 : 0EED;
17330 : EB8E;
17331 : 0FB6;
17332 : 06EE;
17333 : FBD8;
17334 : 0C15;
17335 : 119A;
17336 : F39D;
17337 : EF34;
17338 : FA9B;
17339 : FABE;
17340 : 0BAC;
17341 : FF10;
17342 : 0975;
17343 : FF0C;
17344 : 02A1;
17345 : F6D3;
17346 : 0E82;
17347 : F47B;
17348 : F49F;
17349 : F804;
17350 : F87A;
17351 : 062C;
17352 : 0BBF;
17353 : 0C38;
17354 : FA4D;
17355 : 1267;
17356 : EFB5;
17357 : 0838;
17358 : F5F7;
17359 : 0F6D;
17360 : 0695;
17361 : FBB7;
17362 : 07B0;
17363 : FBD0;
17364 : F9ED;
17365 : F9A1;
17366 : 04FA;
17367 : FD28;
17368 : FCB0;
17369 : FCE8;
17370 : 08C1;
17371 : 11DD;
17372 : F241;
17373 : 07C6;
17374 : 039C;
17375 : 053E;
17376 : FBBF;
17377 : 0024;
17378 : F27F;
17379 : 0EEB;
17380 : FB36;
17381 : F850;
17382 : FCA8;
17383 : 188B;
17384 : 0AA4;
17385 : 024F;
17386 : EFF9;
17387 : FDEE;
17388 : EF68;
17389 : 0AE1;
17390 : 007E;
17391 : 0BA5;
17392 : 1325;
17393 : FD31;
17394 : FAD7;
17395 : 11C7;
17396 : 0D3D;
17397 : F4A7;
17398 : 134F;
17399 : 0504;
17400 : F443;
17401 : EF76;
17402 : F3EB;
17403 : 0F3A;
17404 : F3CD;
17405 : F0EC;
17406 : 0CCB;
17407 : F3E4;
17408 : 0E36;
17409 : 0DE6;
17410 : 0C9A;
17411 : FEDF;
17412 : F76D;
17413 : 0ADA;
17414 : 0AD5;
17415 : 0B34;
17416 : 0939;
17417 : 02D3;
17418 : FA78;
17419 : 0CA6;
17420 : ED39;
17421 : 09D1;
17422 : 1303;
17423 : 05A8;
17424 : F7F9;
17425 : 0099;
17426 : 0D37;
17427 : 0E10;
17428 : 090E;
17429 : 17BB;
17430 : F74F;
17431 : EE23;
17432 : F1DE;
17433 : 1439;
17434 : F8E5;
17435 : F4D1;
17436 : 0495;
17437 : 092E;
17438 : F67D;
17439 : F4DD;
17440 : F80D;
17441 : FFF6;
17442 : FB0D;
17443 : 00BA;
17444 : 0145;
17445 : FBEA;
17446 : 0792;
17447 : 0A41;
17448 : 0A94;
17449 : F0D1;
17450 : F3D4;
17451 : 0EA8;
17452 : FC97;
17453 : 0116;
17454 : 0E66;
17455 : FDBE;
17456 : 0F2F;
17457 : F7F9;
17458 : 0C44;
17459 : FDBF;
17460 : F5B1;
17461 : F0EB;
17462 : FC84;
17463 : 0DC3;
17464 : 0CBC;
17465 : 0C4D;
17466 : EB97;
17467 : F86F;
17468 : F23D;
17469 : FEE6;
17470 : 1171;
17471 : F33A;
17472 : 0B55;
17473 : F78E;
17474 : 0692;
17475 : EE44;
17476 : 085C;
17477 : FB73;
17478 : F503;
17479 : FF63;
17480 : FE59;
17481 : F087;
17482 : F256;
17483 : EFCC;
17484 : F1E0;
17485 : 05E0;
17486 : 01AA;
17487 : 012F;
17488 : FC47;
17489 : F638;
17490 : F5F7;
17491 : F671;
17492 : 0124;
17493 : FAC5;
17494 : F6D7;
17495 : FB9C;
17496 : 08E8;
17497 : 031C;
17498 : F23C;
17499 : F966;
17500 : F1B1;
17501 : 0504;
17502 : F342;
17503 : 0918;
17504 : 0409;
17505 : F578;
17506 : 0CAA;
17507 : F143;
17508 : 04CC;
17509 : 0305;
17510 : 0117;
17511 : 0F5B;
17512 : 00F6;
17513 : F076;
17514 : FEB8;
17515 : F06B;
17516 : FEDA;
17517 : 1411;
17518 : 1038;
17519 : 0E1A;
17520 : 0072;
17521 : FE4B;
17522 : 0656;
17523 : 05B2;
17524 : F795;
17525 : FD33;
17526 : F705;
17527 : 10EA;
17528 : 013B;
17529 : F656;
17530 : F6FC;
17531 : FB6D;
17532 : FAF1;
17533 : 0FAA;
17534 : FCF9;
17535 : F868;
17536 : 04EC;
17537 : 1033;
17538 : 02DC;
17539 : FF5D;
17540 : F317;
17541 : 10A7;
17542 : 098C;
17543 : 0180;
17544 : EDEF;
17545 : FAB8;
17546 : 0F97;
17547 : FBEE;
17548 : FE10;
17549 : 07AC;
17550 : F6E5;
17551 : 02CD;
17552 : F3FD;
17553 : F3AD;
17554 : 0CFF;
17555 : FBEE;
17556 : 0B34;
17557 : 10BD;
17558 : EFAE;
17559 : FACB;
17560 : F041;
17561 : 0C5E;
17562 : FE2C;
17563 : 0356;
17564 : 09A9;
17565 : 058E;
17566 : F2E7;
17567 : 11E9;
17568 : 0B01;
17569 : FAEC;
17570 : EAFB;
17571 : 0015;
17572 : 0518;
17573 : 022C;
17574 : 0966;
17575 : F50D;
17576 : 01AA;
17577 : 075E;
17578 : 1120;
17579 : F6EA;
17580 : E8AB;
17581 : 0622;
17582 : F114;
17583 : 1022;
17584 : 0EE1;
17585 : 1035;
17586 : FF1C;
17587 : 1498;
17588 : EAB7;
17589 : ECFD;
17590 : 0EA4;
17591 : 0532;
17592 : 0B94;
17593 : F6FB;
17594 : F273;
17595 : FAD1;
17596 : 01C2;
17597 : F859;
17598 : 0FCF;
17599 : 0B40;
17600 : F80A;
17601 : F093;
17602 : 04C5;
17603 : 11A2;
17604 : 05E4;
17605 : FC23;
17606 : 0EF2;
17607 : F126;
17608 : 1281;
17609 : F4BF;
17610 : F1CB;
17611 : 070F;
17612 : F1CF;
17613 : 0CF7;
17614 : 069E;
17615 : 00F6;
17616 : 006E;
17617 : 06C1;
17618 : 07B6;
17619 : FB25;
17620 : 0341;
17621 : 0186;
17622 : 0D44;
17623 : F4BF;
17624 : FAA5;
17625 : FA29;
17626 : F282;
17627 : F9A1;
17628 : FBD7;
17629 : 0A0A;
17630 : EB78;
17631 : 0C9E;
17632 : F9DC;
17633 : 052C;
17634 : 0862;
17635 : FBDF;
17636 : 188A;
17637 : 07EA;
17638 : FDA4;
17639 : FF89;
17640 : 0453;
17641 : 0EFB;
17642 : 04B4;
17643 : 0D62;
17644 : 0956;
17645 : FF74;
17646 : FD44;
17647 : 0048;
17648 : 1C13;
17649 : F7FC;
17650 : 0A3E;
17651 : 18C7;
17652 : F379;
17653 : E59F;
17654 : 146C;
17655 : F744;
17656 : 0389;
17657 : F999;
17658 : EC24;
17659 : EE92;
17660 : F7CE;
17661 : 0F88;
17662 : 11C7;
17663 : 0636;
17664 : E6C5;
17665 : FED8;
17666 : DFA1;
17667 : F435;
17668 : 14EE;
17669 : FC4D;
17670 : EFA9;
17671 : F30E;
17672 : 07D6;
17673 : E9B2;
17674 : E7F4;
17675 : 04BC;
17676 : 04EE;
17677 : 02BC;
17678 : F72C;
17679 : 14EE;
17680 : FCD8;
17681 : 0698;
17682 : 091F;
17683 : 055E;
17684 : 028A;
17685 : FAF7;
17686 : 126C;
17687 : FEFF;
17688 : FBCA;
17689 : 00CE;
17690 : FC3A;
17691 : F118;
17692 : 0045;
17693 : 1AD8;
17694 : FF81;
17695 : 0565;
17696 : F8A3;
17697 : 0822;
17698 : EC3A;
17699 : 03A0;
17700 : 1426;
17701 : F1A3;
17702 : FC5A;
17703 : F689;
17704 : F9C8;
17705 : 03E8;
17706 : 103D;
17707 : FA2F;
17708 : F95D;
17709 : 0ED2;
17710 : F203;
17711 : 0294;
17712 : 064F;
17713 : EEC4;
17714 : EFFA;
17715 : 16F6;
17716 : F250;
17717 : FB9D;
17718 : 0CE4;
17719 : 07DE;
17720 : F8E9;
17721 : EBE5;
17722 : 05F0;
17723 : FDB6;
17724 : 0943;
17725 : FF84;
17726 : FFC2;
17727 : 0041;
17728 : 0D02;
17729 : ECB5;
17730 : 033C;
17731 : FAB1;
17732 : F2B3;
17733 : F5D2;
17734 : EF79;
17735 : E88F;
17736 : 0B00;
17737 : FB15;
17738 : 0151;
17739 : F2DE;
17740 : 0804;
17741 : F7BA;
17742 : 1457;
17743 : F11C;
17744 : 0663;
17745 : F5CD;
17746 : F904;
17747 : F0E6;
17748 : 08DE;
17749 : 021A;
17750 : 051A;
17751 : F772;
17752 : F8F7;
17753 : 039C;
17754 : 125E;
17755 : 0A75;
17756 : 09DC;
17757 : 108B;
17758 : 0DF4;
17759 : 01D3;
17760 : 084F;
17761 : ECE1;
17762 : FB07;
17763 : FEC2;
17764 : 14AB;
17765 : 0204;
17766 : E633;
17767 : FDDC;
17768 : EDE0;
17769 : FD83;
17770 : 101A;
17771 : F26D;
17772 : EF11;
17773 : FE1D;
17774 : E654;
17775 : 0C43;
17776 : 1A4A;
17777 : EE0F;
17778 : F072;
17779 : 14B6;
17780 : F1A8;
17781 : EB73;
17782 : EEB3;
17783 : F39B;
17784 : F13D;
17785 : 0E58;
17786 : 02D9;
17787 : F326;
17788 : 05BA;
17789 : F607;
17790 : 0D8A;
17791 : 1313;
17792 : 03F4;
17793 : 0824;
17794 : EF9B;
17795 : 0E39;
17796 : 016E;
17797 : 0BAB;
17798 : 03E9;
17799 : 0C78;
17800 : 0379;
17801 : F6AF;
17802 : 01EA;
17803 : F59E;
17804 : FC10;
17805 : F4AC;
17806 : 0B39;
17807 : F8C5;
17808 : 166B;
17809 : F3F2;
17810 : 1277;
17811 : FC20;
17812 : 068D;
17813 : FD3A;
17814 : 11FC;
17815 : 1490;
17816 : 06DF;
17817 : F096;
17818 : FFAA;
17819 : F572;
17820 : 091E;
17821 : 0894;
17822 : 0955;
17823 : FE9F;
17824 : F560;
17825 : F6C4;
17826 : 0C38;
17827 : FD92;
17828 : 032C;
17829 : FF06;
17830 : F3CE;
17831 : E9DF;
17832 : 0BB6;
17833 : 00A7;
17834 : F1E7;
17835 : 06CD;
17836 : ED1F;
17837 : FD9A;
17838 : F31E;
17839 : 1208;
17840 : 0F0F;
17841 : 0FB3;
17842 : 0885;
17843 : 1294;
17844 : F098;
17845 : 0622;
17846 : 08C8;
17847 : 0EB6;
17848 : EF2F;
17849 : 0226;
17850 : E9CA;
17851 : F1EA;
17852 : FBCC;
17853 : F709;
17854 : F80E;
17855 : 12A4;
17856 : FFE8;
17857 : 1029;
17858 : 1309;
17859 : 02FD;
17860 : FB5C;
17861 : 1317;
17862 : F518;
17863 : FD3B;
17864 : 12E1;
17865 : 0B76;
17866 : 1477;
17867 : 03F6;
17868 : 1167;
17869 : F2DB;
17870 : F58D;
17871 : 0F82;
17872 : 0314;
17873 : 0C91;
17874 : 0E9C;
17875 : 1151;
17876 : EED1;
17877 : EBED;
17878 : F4A4;
17879 : F376;
17880 : 0489;
17881 : FCCD;
17882 : F23A;
17883 : F5C1;
17884 : FCB0;
17885 : EFC3;
17886 : 0712;
17887 : F03D;
17888 : EFE2;
17889 : 065A;
17890 : 1321;
17891 : FAF1;
17892 : 0599;
17893 : F345;
17894 : F839;
17895 : F9B3;
17896 : 0211;
17897 : FAE2;
17898 : 063A;
17899 : F465;
17900 : 0070;
17901 : F512;
17902 : F8A5;
17903 : E9B6;
17904 : 0626;
17905 : 05BC;
17906 : F960;
17907 : F53A;
17908 : EE9A;
17909 : 0F92;
17910 : 0A82;
17911 : 0AD9;
17912 : 0642;
17913 : FB4E;
17914 : FFF1;
17915 : 07D6;
17916 : 06C5;
17917 : 05BE;
17918 : FB8D;
17919 : 0F04;
17920 : 01E9;
17921 : FA98;
17922 : 0E4F;
17923 : 0691;
17924 : FAFE;
17925 : 06DC;
17926 : 0A8C;
17927 : 0CF7;
17928 : ECE1;
17929 : F445;
17930 : 1103;
17931 : FBF0;
17932 : 0EBD;
17933 : 012A;
17934 : F2A4;
17935 : FB1E;
17936 : 0FD3;
17937 : 0071;
17938 : F0FE;
17939 : 0D4D;
17940 : 0C79;
17941 : 0EE7;
17942 : 0BDB;
17943 : F268;
17944 : F5F2;
17945 : FB49;
17946 : 1136;
17947 : 0F46;
17948 : FCCC;
17949 : EE82;
17950 : 0856;
17951 : FED3;
17952 : 0EA9;
17953 : 0DE1;
17954 : 0B50;
17955 : 048A;
17956 : FFD7;
17957 : FA82;
17958 : 060D;
17959 : 1308;
17960 : FD6C;
17961 : 1190;
17962 : 0335;
17963 : F0F0;
17964 : F322;
17965 : 11D1;
17966 : F366;
17967 : 0ECC;
17968 : F256;
17969 : 0863;
17970 : 067F;
17971 : FFEA;
17972 : 08C0;
17973 : 0EF8;
17974 : FA1A;
17975 : EFB5;
17976 : FDBA;
17977 : 047A;
17978 : 08FC;
17979 : 0A0F;
17980 : FF79;
17981 : 0911;
17982 : F47D;
17983 : 0B88;
17984 : 07BE;
17985 : F383;
17986 : 1232;
17987 : FB44;
17988 : 036A;
17989 : 06A3;
17990 : F473;
17991 : F5C9;
17992 : FA9C;
17993 : FD59;
17994 : FFA0;
17995 : F57C;
17996 : F403;
17997 : F239;
17998 : 075C;
17999 : F94F;
18000 : 107A;
18001 : 10DD;
18002 : F995;
18003 : F0FA;
18004 : F9E3;
18005 : 0D42;
18006 : 1045;
18007 : 0C02;
18008 : 1225;
18009 : FE82;
18010 : EF1B;
18011 : F47F;
18012 : 036D;
18013 : 09BF;
18014 : F433;
18015 : F2BB;
18016 : 0BD1;
18017 : 0ED7;
18018 : 08B7;
18019 : 0587;
18020 : 0628;
18021 : FF76;
18022 : FA6D;
18023 : F66A;
18024 : EEDD;
18025 : 0B01;
18026 : EFCF;
18027 : 0854;
18028 : F92F;
18029 : F787;
18030 : F94E;
18031 : EC91;
18032 : 1174;
18033 : 071D;
18034 : 0186;
18035 : 1435;
18036 : F32F;
18037 : FE8F;
18038 : F6E1;
18039 : 0EF6;
18040 : EA1B;
18041 : F3C3;
18042 : EC84;
18043 : FAF4;
18044 : 12F4;
18045 : 02DF;
18046 : F208;
18047 : 0FD2;
18048 : 10AE;
18049 : 1020;
18050 : F0C8;
18051 : 1574;
18052 : EDE5;
18053 : 0817;
18054 : 0571;
18055 : E8CD;
18056 : F97E;
18057 : 04B2;
18058 : 0367;
18059 : 0942;
18060 : 0BD5;
18061 : FE33;
18062 : FFE5;
18063 : FE3B;
18064 : EBBF;
18065 : FCE6;
18066 : F72A;
18067 : EB61;
18068 : FED4;
18069 : 0B91;
18070 : F514;
18071 : FF97;
18072 : FB4D;
18073 : F390;
18074 : F3F8;
18075 : 0C3E;
18076 : 0020;
18077 : EAF0;
18078 : 0436;
18079 : 085E;
18080 : F25A;
18081 : 0B5B;
18082 : F4F8;
18083 : F877;
18084 : 0A25;
18085 : FE8F;
18086 : 0848;
18087 : 0EAD;
18088 : 0DB8;
18089 : F983;
18090 : FA26;
18091 : 04B1;
18092 : FD40;
18093 : 0DF0;
18094 : FADA;
18095 : EB14;
18096 : 09AA;
18097 : 057F;
18098 : 05B1;
18099 : 1115;
18100 : 0A4F;
18101 : 0A46;
18102 : F106;
18103 : 0A0A;
18104 : 0C0A;
18105 : FB0A;
18106 : EEDB;
18107 : FCC4;
18108 : FF18;
18109 : EEDE;
18110 : ECB2;
18111 : EFAE;
18112 : FF51;
18113 : 1618;
18114 : F5DD;
18115 : F84B;
18116 : 030F;
18117 : F08E;
18118 : 0E98;
18119 : E8A9;
18120 : 07BF;
18121 : F481;
18122 : F80C;
18123 : 0443;
18124 : FDF3;
18125 : F598;
18126 : 08D1;
18127 : 0E05;
18128 : FCEF;
18129 : 0521;
18130 : F354;
18131 : F85C;
18132 : 0483;
18133 : F24D;
18134 : F19B;
18135 : F58C;
18136 : ED59;
18137 : 0682;
18138 : 0F89;
18139 : 0A5E;
18140 : 1124;
18141 : 03D8;
18142 : FF02;
18143 : 03DE;
18144 : 1327;
18145 : 04FC;
18146 : F0AD;
18147 : 1023;
18148 : FFDF;
18149 : 06D3;
18150 : F5E3;
18151 : F09B;
18152 : 008F;
18153 : F138;
18154 : 0617;
18155 : FC4A;
18156 : 0715;
18157 : EF08;
18158 : EC8B;
18159 : 0284;
18160 : 050C;
18161 : F064;
18162 : F7BB;
18163 : 096E;
18164 : EB92;
18165 : 050B;
18166 : ED88;
18167 : 09DD;
18168 : FF4C;
18169 : EEAD;
18170 : EB1E;
18171 : F16C;
18172 : F2FF;
18173 : 0089;
18174 : F954;
18175 : 0D4D;
18176 : 0352;
18177 : 0E42;
18178 : F65F;
18179 : 064E;
18180 : 0C1D;
18181 : 0BE7;
18182 : 00D7;
18183 : EC1B;
18184 : 127C;
18185 : 0F35;
18186 : F9CC;
18187 : 007A;
18188 : 0B80;
18189 : F71B;
18190 : EE32;
18191 : EED4;
18192 : FEC0;
18193 : 09B1;
18194 : FB19;
18195 : 01BF;
18196 : 051C;
18197 : FC5D;
18198 : 0418;
18199 : FEF7;
18200 : F991;
18201 : FFE1;
18202 : FAFF;
18203 : F2BB;
18204 : F479;
18205 : F96B;
18206 : F81D;
18207 : 0180;
18208 : FE0E;
18209 : 0972;
18210 : 1327;
18211 : FDF8;
18212 : 05D5;
18213 : 034F;
18214 : 0BC9;
18215 : 046E;
18216 : FCCA;
18217 : 08A5;
18218 : 1503;
18219 : 0F76;
18220 : FE87;
18221 : 041C;
18222 : 0543;
18223 : 094E;
18224 : F121;
18225 : FF27;
18226 : F48F;
18227 : F203;
18228 : 0D74;
18229 : F7B8;
18230 : 1229;
18231 : 090B;
18232 : F43E;
18233 : 0DC2;
18234 : 0A2A;
18235 : F111;
18236 : F4C1;
18237 : 1099;
18238 : F425;
18239 : FDAC;
18240 : 0601;
18241 : F176;
18242 : 1377;
18243 : 12C9;
18244 : FB3F;
18245 : 0D73;
18246 : EB53;
18247 : 02F3;
18248 : FDF0;
18249 : 0046;
18250 : 0B78;
18251 : F8CB;
18252 : 0521;
18253 : F1E9;
18254 : 0653;
18255 : FF5C;
18256 : 05F2;
18257 : 0A08;
18258 : 07CD;
18259 : 0AC9;
18260 : F597;
18261 : F950;
18262 : FF4A;
18263 : F263;
18264 : 0922;
18265 : 105D;
18266 : F5C0;
18267 : 0A39;
18268 : 0460;
18269 : 0D40;
18270 : FB2E;
18271 : F93E;
18272 : F1DF;
18273 : F265;
18274 : 1016;
18275 : 0297;
18276 : 0187;
18277 : F3E6;
18278 : FB86;
18279 : F0DC;
18280 : F951;
18281 : 0DC7;
18282 : 0C4D;
18283 : FFD2;
18284 : FEFB;
18285 : F0F8;
18286 : FCC4;
18287 : FAF4;
18288 : FB71;
18289 : F515;
18290 : F9C6;
18291 : 03C2;
18292 : 0057;
18293 : 0501;
18294 : FF1C;
18295 : 0C17;
18296 : 04CF;
18297 : EC3B;
18298 : 0875;
18299 : F389;
18300 : 0D5C;
18301 : ECC1;
18302 : 0D1A;
18303 : E916;
18304 : 0855;
18305 : F339;
18306 : FD88;
18307 : 0281;
18308 : F9BF;
18309 : 09D8;
18310 : EE5B;
18311 : EDB9;
18312 : F288;
18313 : EF27;
18314 : 13DD;
18315 : EE7B;
18316 : EFC4;
18317 : FB21;
18318 : F60D;
18319 : EA2A;
18320 : FAAF;
18321 : FA90;
18322 : 11FD;
18323 : ECA2;
18324 : 00A0;
18325 : F8B8;
18326 : 09D1;
18327 : F56D;
18328 : ED18;
18329 : F75E;
18330 : F08A;
18331 : 0F35;
18332 : 0A4B;
18333 : EE24;
18334 : 01D1;
18335 : FFFD;
18336 : 00DA;
18337 : F81B;
18338 : F878;
18339 : 0CF7;
18340 : FDB5;
18341 : F29C;
18342 : FCEC;
18343 : F03A;
18344 : 08C5;
18345 : F963;
18346 : FDA5;
18347 : 100B;
18348 : 0725;
18349 : FFC5;
18350 : 03E2;
18351 : FCD5;
18352 : F80C;
18353 : F441;
18354 : 03F7;
18355 : 0213;
18356 : F04C;
18357 : 0104;
18358 : 033E;
18359 : 0931;
18360 : 0A2E;
18361 : F54A;
18362 : 10F2;
18363 : EDF0;
18364 : 02CE;
18365 : 0CF3;
18366 : EE7A;
18367 : EF0C;
18368 : 0340;
18369 : F5CA;
18370 : F7E9;
18371 : 061D;
18372 : 133B;
18373 : 0CAD;
18374 : FA2E;
18375 : 04C2;
18376 : F20D;
18377 : F8C0;
18378 : 05F8;
18379 : 08A7;
18380 : ED9A;
18381 : F478;
18382 : FD8A;
18383 : EECD;
18384 : FEE8;
18385 : 0262;
18386 : 10AF;
18387 : F221;
18388 : 0112;
18389 : 030D;
18390 : 1507;
18391 : F546;
18392 : F422;
18393 : 0A6C;
18394 : 0449;
18395 : F4E9;
18396 : 0382;
18397 : 0B9F;
18398 : 1240;
18399 : F575;
18400 : 03DE;
18401 : ECD2;
18402 : 0842;
18403 : F669;
18404 : F954;
18405 : 0389;
18406 : FA9E;
18407 : F652;
18408 : 0FDA;
18409 : EAC0;
18410 : 07FE;
18411 : F21A;
18412 : F976;
18413 : EEBB;
18414 : F626;
18415 : FCB8;
18416 : 0DD9;
18417 : F90A;
18418 : 0027;
18419 : 0A23;
18420 : F235;
18421 : 0738;
18422 : F63C;
18423 : 119F;
18424 : F1C5;
18425 : FA96;
18426 : 0E76;
18427 : F4C7;
18428 : 0492;
18429 : FACD;
18430 : FF96;
18431 : 0B93;
18432 : EF38;
18433 : 0013;
18434 : EFC4;
18435 : F8D5;
18436 : F9BE;
18437 : 020D;
18438 : F48A;
18439 : 0A9F;
18440 : 02B5;
18441 : FC02;
18442 : 0098;
18443 : FED5;
18444 : 08BA;
18445 : F1A0;
18446 : 0B9C;
18447 : 07E9;
18448 : FD8A;
18449 : FFDF;
18450 : 0568;
18451 : F45A;
18452 : FE31;
18453 : 0ED7;
18454 : FA8F;
18455 : 01B8;
18456 : EB44;
18457 : F28A;
18458 : 0724;
18459 : F4F2;
18460 : EAC8;
18461 : 0A46;
18462 : F457;
18463 : EE2A;
18464 : FBE9;
18465 : FDA4;
18466 : 0032;
18467 : 0683;
18468 : F6CF;
18469 : F545;
18470 : F4D0;
18471 : F1D7;
18472 : F8E6;
18473 : 0B3F;
18474 : F54C;
18475 : 0254;
18476 : 0C54;
18477 : FF42;
18478 : 14E0;
18479 : F14E;
18480 : 0165;
18481 : 054B;
18482 : 1102;
18483 : 05EE;
18484 : EE7A;
18485 : FA85;
18486 : FB99;
18487 : F1B5;
18488 : FDF0;
18489 : F64D;
18490 : F2F1;
18491 : F334;
18492 : FACA;
18493 : F013;
18494 : 08D9;
18495 : F4A8;
18496 : 04EA;
18497 : F1DD;
18498 : FFE3;
18499 : EF3D;
18500 : 06C7;
18501 : F729;
18502 : F65B;
18503 : FCE0;
18504 : F1F5;
18505 : 0185;
18506 : 04B1;
18507 : 0092;
18508 : 0297;
18509 : 02D5;
18510 : FBB8;
18511 : F5B9;
18512 : F748;
18513 : 067D;
18514 : F1A4;
18515 : FEA4;
18516 : 09CF;
18517 : 060B;
18518 : 15CB;
18519 : 0CAA;
18520 : EBD1;
18521 : EE9D;
18522 : 12FC;
18523 : 07F3;
18524 : E561;
18525 : 01F5;
18526 : 096B;
18527 : 047F;
18528 : 0451;
18529 : 039E;
18530 : F1BA;
18531 : 0A19;
18532 : 0388;
18533 : ED5A;
18534 : F578;
18535 : 0ADD;
18536 : 001F;
18537 : 109C;
18538 : 0BBF;
18539 : F3A1;
18540 : FEAF;
18541 : F00C;
18542 : F8B9;
18543 : F11E;
18544 : F31E;
18545 : FE50;
18546 : F2B0;
18547 : F587;
18548 : EE1D;
18549 : ECDE;
18550 : 02E7;
18551 : F6BE;
18552 : 02AC;
18553 : F6E3;
18554 : FBE0;
18555 : FBC2;
18556 : FB98;
18557 : 0856;
18558 : F3F4;
18559 : 0896;
18560 : F292;
18561 : FB36;
18562 : F8BC;
18563 : 01FE;
18564 : 08AC;
18565 : 0774;
18566 : FB84;
18567 : 0B64;
18568 : FD17;
18569 : F0E1;
18570 : 0FF0;
18571 : 09CF;
18572 : 004A;
18573 : FE69;
18574 : 0ED8;
18575 : FC86;
18576 : 04B1;
18577 : FD9E;
18578 : EECC;
18579 : F150;
18580 : EC50;
18581 : FDD4;
18582 : F3E3;
18583 : EF18;
18584 : F4E9;
18585 : EE25;
18586 : 041C;
18587 : 0009;
18588 : 0338;
18589 : 0603;
18590 : 01F0;
18591 : F4E7;
18592 : F4D4;
18593 : 113A;
18594 : EB98;
18595 : F962;
18596 : 0E60;
18597 : 018B;
18598 : 116A;
18599 : EBA0;
18600 : FA2E;
18601 : 039E;
18602 : EE51;
18603 : 10AF;
18604 : 020A;
18605 : 03CC;
18606 : 0009;
18607 : 0E52;
18608 : 023B;
18609 : F103;
18610 : 08AE;
18611 : 1764;
18612 : 0E6F;
18613 : 058B;
18614 : ED81;
18615 : 0863;
18616 : 0451;
18617 : EA96;
18618 : FB12;
18619 : EA7D;
18620 : F631;
18621 : F829;
18622 : F1AE;
18623 : 06FA;
18624 : F88E;
18625 : EE90;
18626 : F1F5;
18627 : F51B;
18628 : 067E;
18629 : FBF5;
18630 : FF20;
18631 : 0993;
18632 : 11B1;
18633 : F4A6;
18634 : 16F2;
18635 : 1178;
18636 : 0C41;
18637 : 07D7;
18638 : 094F;
18639 : EC4D;
18640 : 0D4F;
18641 : FE50;
18642 : 048A;
18643 : F46A;
18644 : F244;
18645 : ED01;
18646 : FF40;
18647 : 0FAE;
18648 : F7A6;
18649 : F97E;
18650 : 0019;
18651 : F862;
18652 : F010;
18653 : 0440;
18654 : 0D4D;
18655 : EC66;
18656 : FA61;
18657 : FB69;
18658 : FB51;
18659 : 108F;
18660 : 029F;
18661 : F609;
18662 : FF64;
18663 : FA7D;
18664 : F1F9;
18665 : FC82;
18666 : 0557;
18667 : FFCB;
18668 : 03A0;
18669 : F5A7;
18670 : 0198;
18671 : 0444;
18672 : F6D9;
18673 : F810;
18674 : 096C;
18675 : 11E3;
18676 : F06D;
18677 : F9AE;
18678 : F47F;
18679 : EBC5;
18680 : F16A;
18681 : 076C;
18682 : F79A;
18683 : 0652;
18684 : F4FC;
18685 : F6B1;
18686 : FEC0;
18687 : 0A1D;
18688 : 0D58;
18689 : 0C62;
18690 : FBDA;
18691 : 053B;
18692 : F190;
18693 : FE7F;
18694 : FEC0;
18695 : FFE0;
18696 : 06B5;
18697 : 08F9;
18698 : 11A1;
18699 : FEE5;
18700 : F5EA;
18701 : EF2C;
18702 : F9FA;
18703 : 0949;
18704 : 0A5B;
18705 : F0D3;
18706 : 0A2A;
18707 : 07D4;
18708 : F3A9;
18709 : FD74;
18710 : F85C;
18711 : EEF8;
18712 : 0327;
18713 : F68A;
18714 : 0FBC;
18715 : F7F7;
18716 : FD66;
18717 : FB45;
18718 : EBE8;
18719 : F9B6;
18720 : 0585;
18721 : 0667;
18722 : FB33;
18723 : EDF3;
18724 : FF1B;
18725 : 05DC;
18726 : F3D3;
18727 : 02D3;
18728 : 1758;
18729 : F163;
18730 : 0F2D;
18731 : EF11;
18732 : 0641;
18733 : 0641;
18734 : 0DD4;
18735 : 05FC;
18736 : FC8D;
18737 : FF01;
18738 : 0310;
18739 : FEE8;
18740 : 0006;
18741 : EF29;
18742 : F71E;
18743 : FE4A;
18744 : 056D;
18745 : F193;
18746 : 122F;
18747 : 0132;
18748 : F829;
18749 : F375;
18750 : F86B;
18751 : F661;
18752 : 0706;
18753 : FC51;
18754 : 03F7;
18755 : ECE2;
18756 : 07F6;
18757 : 0B95;
18758 : 0FB4;
18759 : F2E6;
18760 : 03B2;
18761 : 0825;
18762 : 143B;
18763 : FAE0;
18764 : 1268;
18765 : F924;
18766 : E799;
18767 : 102E;
18768 : 02E7;
18769 : F329;
18770 : F16B;
18771 : 0FF5;
18772 : FD8E;
18773 : EC3F;
18774 : 1696;
18775 : FCBF;
18776 : 05D3;
18777 : 02F5;
18778 : 0D8B;
18779 : EFBF;
18780 : 087B;
18781 : 12B9;
18782 : E7F9;
18783 : 0D76;
18784 : FAAE;
18785 : 0CB8;
18786 : 0FB3;
18787 : F5DC;
18788 : F642;
18789 : EFE6;
18790 : 0958;
18791 : EB0C;
18792 : 01F2;
18793 : 1171;
18794 : FD94;
18795 : 0B9F;
18796 : F300;
18797 : 1247;
18798 : F1DA;
18799 : 08AD;
18800 : F591;
18801 : EDBE;
18802 : FCC2;
18803 : 0427;
18804 : FE3D;
18805 : 09A9;
18806 : 0C51;
18807 : 0AED;
18808 : F4EB;
18809 : F776;
18810 : 1074;
18811 : 053B;
18812 : FD3E;
18813 : 0E4C;
18814 : FDBF;
18815 : 00BB;
18816 : FBDD;
18817 : F728;
18818 : 1332;
18819 : F950;
18820 : 0C08;
18821 : FB7C;
18822 : 124D;
18823 : F636;
18824 : F797;
18825 : 1C35;
18826 : 06EE;
18827 : EFAA;
18828 : 0BEE;
18829 : 08C9;
18830 : 091E;
18831 : FD0E;
18832 : F348;
18833 : F769;
18834 : F640;
18835 : EC69;
18836 : 100E;
18837 : FEEE;
18838 : 0FC7;
18839 : F797;
18840 : FBA6;
18841 : 1933;
18842 : 0072;
18843 : 058A;
18844 : 06E6;
18845 : 09E1;
18846 : E5DC;
18847 : EBEE;
18848 : 076A;
18849 : 0E9E;
18850 : 1021;
18851 : 0916;
18852 : F144;
18853 : 05CF;
18854 : 0A00;
18855 : F9D3;
18856 : 0670;
18857 : 061D;
18858 : FA8C;
18859 : F0DC;
18860 : 02B9;
18861 : F36F;
18862 : 021A;
18863 : 074B;
18864 : F6B1;
18865 : FC7F;
18866 : 026A;
18867 : F36A;
18868 : 0016;
18869 : 11E3;
18870 : ECD9;
18871 : F66C;
18872 : ECE3;
18873 : 0901;
18874 : 044D;
18875 : 03BF;
18876 : 05B0;
18877 : FEEE;
18878 : F0A6;
18879 : 0CDE;
18880 : 120F;
18881 : FFEE;
18882 : FB26;
18883 : 157D;
18884 : 0272;
18885 : 01EE;
18886 : F3F1;
18887 : FD30;
18888 : 0FE5;
18889 : 09EF;
18890 : 1057;
18891 : FF10;
18892 : F578;
18893 : EEE3;
18894 : FB78;
18895 : 09A0;
18896 : 13EB;
18897 : F8BD;
18898 : FDA0;
18899 : FE59;
18900 : 00A1;
18901 : F476;
18902 : FEB8;
18903 : FC17;
18904 : 038C;
18905 : 0870;
18906 : F9D6;
18907 : F42B;
18908 : FCC1;
18909 : F3B3;
18910 : 041B;
18911 : 0619;
18912 : F064;
18913 : F347;
18914 : F4A1;
18915 : 0E68;
18916 : EBA5;
18917 : EF08;
18918 : F5DE;
18919 : ED0C;
18920 : FD92;
18921 : EF5A;
18922 : 1466;
18923 : F278;
18924 : 0E53;
18925 : 0F92;
18926 : F123;
18927 : F16B;
18928 : 0D5E;
18929 : 118A;
18930 : F2D3;
18931 : 07EC;
18932 : F7F3;
18933 : FFDB;
18934 : 0959;
18935 : 0C4C;
18936 : FEB5;
18937 : 06C9;
18938 : 0F28;
18939 : 0004;
18940 : FD18;
18941 : 1321;
18942 : F3AE;
18943 : 04D7;
18944 : 0B19;
18945 : 0BA3;
18946 : 0EDB;
18947 : 0E0C;
18948 : FA82;
18949 : EFFD;
18950 : 07BC;
18951 : EF63;
18952 : FCF3;
18953 : 0008;
18954 : 0AFA;
18955 : 0B15;
18956 : FC34;
18957 : F5C9;
18958 : EE8B;
18959 : 0F15;
18960 : FAD3;
18961 : 19B1;
18962 : EDE0;
18963 : 0F03;
18964 : 0C63;
18965 : F4B3;
18966 : F817;
18967 : 03B9;
18968 : EF50;
18969 : 0EDE;
18970 : 026C;
18971 : 0162;
18972 : 10C6;
18973 : FD05;
18974 : 0769;
18975 : F34B;
18976 : 0C32;
18977 : 11EB;
18978 : 0F8E;
18979 : 056B;
18980 : F8CB;
18981 : 0621;
18982 : 1365;
18983 : 0F45;
18984 : 1060;
18985 : F1EF;
18986 : FEF0;
18987 : 0890;
18988 : F9DA;
18989 : 12E9;
18990 : 15CE;
18991 : 070A;
18992 : F39C;
18993 : FA93;
18994 : 04F0;
18995 : F669;
18996 : EE09;
18997 : FFE1;
18998 : F11A;
18999 : ECC0;
19000 : 0B46;
19001 : F638;
19002 : F20D;
19003 : F4EF;
19004 : 0EE9;
19005 : FCE2;
19006 : F57A;
19007 : FD91;
19008 : F883;
19009 : 03B1;
19010 : F8A0;
19011 : 03ED;
19012 : 0962;
19013 : 0B0F;
19014 : 1000;
19015 : 0FE1;
19016 : F432;
19017 : FA06;
19018 : 0A8B;
19019 : 056C;
19020 : 0A90;
19021 : 104E;
19022 : 0357;
19023 : 10F6;
19024 : F2A2;
19025 : FC21;
19026 : 117B;
19027 : FBF0;
19028 : 0E07;
19029 : FA6A;
19030 : 03E1;
19031 : F96D;
19032 : 0DC1;
19033 : 0E3D;
19034 : FCB4;
19035 : 0137;
19036 : 05BC;
19037 : EC68;
19038 : F934;
19039 : F72F;
19040 : 049E;
19041 : 13BB;
19042 : F393;
19043 : 076C;
19044 : FF1E;
19045 : FA16;
19046 : 0730;
19047 : F4F3;
19048 : 12D9;
19049 : FA94;
19050 : F9F7;
19051 : 00DE;
19052 : EACB;
19053 : F590;
19054 : 006D;
19055 : 08FD;
19056 : F2DF;
19057 : 02CA;
19058 : FB40;
19059 : 0A89;
19060 : FCBD;
19061 : 00DE;
19062 : 0F57;
19063 : ED69;
19064 : FA6A;
19065 : 08F7;
19066 : E9F0;
19067 : 0F04;
19068 : 124C;
19069 : 024F;
19070 : F5EA;
19071 : 029A;
19072 : FE56;
19073 : FE77;
19074 : F8B8;
19075 : F786;
19076 : 0780;
19077 : 0DC1;
19078 : 04E9;
19079 : 10CF;
19080 : FBD8;
19081 : F311;
19082 : F944;
19083 : 0D82;
19084 : 02D3;
19085 : 0CBD;
19086 : F3A1;
19087 : ECD7;
19088 : F21B;
19089 : F97D;
19090 : 1026;
19091 : 0F00;
19092 : F736;
19093 : 0A96;
19094 : 1354;
19095 : 0B61;
19096 : 0632;
19097 : 066F;
19098 : F58C;
19099 : 02C4;
19100 : 08B6;
19101 : 10DE;
19102 : 1633;
19103 : 014C;
19104 : 05A1;
19105 : 0C70;
19106 : 0089;
19107 : 0237;
19108 : 09EF;
19109 : FDD8;
19110 : 1388;
19111 : 1312;
19112 : 05C5;
19113 : FA3F;
19114 : 08CC;
19115 : F470;
19116 : EF87;
19117 : F75D;
19118 : 0F10;
19119 : FB3D;
19120 : 027C;
19121 : FEDB;
19122 : FB5D;
19123 : 0297;
19124 : 0F64;
19125 : FD5B;
19126 : 0E48;
19127 : F280;
19128 : 0F3B;
19129 : EEBC;
19130 : EF32;
19131 : F0D5;
19132 : 0757;
19133 : EFCC;
19134 : F69A;
19135 : EFB9;
19136 : 02A6;
19137 : 1125;
19138 : 134E;
19139 : 0568;
19140 : 0A92;
19141 : EE33;
19142 : 052C;
19143 : 0820;
19144 : F0AA;
19145 : F857;
19146 : 0C1B;
19147 : F561;
19148 : FE5A;
19149 : 064C;
19150 : 101E;
19151 : 0F93;
19152 : 0468;
19153 : FDE7;
19154 : EFC1;
19155 : 008C;
19156 : 0432;
19157 : FC1D;
19158 : 0577;
19159 : 0A1A;
19160 : F1B8;
19161 : 1667;
19162 : 0471;
19163 : 0408;
19164 : FB00;
19165 : 0544;
19166 : F647;
19167 : FFB4;
19168 : F8F5;
19169 : F663;
19170 : 0720;
19171 : 0B1F;
19172 : 0CAA;
19173 : 0431;
19174 : FB90;
19175 : F35E;
19176 : 1368;
19177 : F4DD;
19178 : 14C1;
19179 : 0406;
19180 : F8AD;
19181 : F5F5;
19182 : 05E0;
19183 : 11B5;
19184 : F7DC;
19185 : 0BBE;
19186 : F58C;
19187 : EEFB;
19188 : 0B8B;
19189 : 098C;
19190 : FAA3;
19191 : 0C66;
19192 : 0DBE;
19193 : 063C;
19194 : 0B48;
19195 : 0C86;
19196 : EF2E;
19197 : EC04;
19198 : 0B01;
19199 : EC3D;
19200 : FD59;
19201 : F9E6;
19202 : FA73;
19203 : FBE5;
19204 : EA87;
19205 : 06C7;
19206 : 0AE1;
19207 : 07F8;
19208 : 0E58;
19209 : ED99;
19210 : 0F4D;
19211 : F552;
19212 : 05F9;
19213 : 0497;
19214 : FFC4;
19215 : F3E5;
19216 : F281;
19217 : F99B;
19218 : 0577;
19219 : 0C88;
19220 : F7E2;
19221 : 07A1;
19222 : F227;
19223 : 095C;
19224 : F36A;
19225 : 093C;
19226 : FC32;
19227 : 0718;
19228 : FE4E;
19229 : 122A;
19230 : F841;
19231 : 0BBF;
19232 : F801;
19233 : 10A4;
19234 : 0D76;
19235 : FB14;
19236 : 0D82;
19237 : 0DF6;
19238 : 0264;
19239 : 1502;
19240 : FB7F;
19241 : EC06;
19242 : F482;
19243 : 03BB;
19244 : 09FD;
19245 : 1054;
19246 : 1349;
19247 : 110B;
19248 : 0152;
19249 : 00E8;
19250 : 0D9F;
19251 : FC0D;
19252 : 066C;
19253 : FBAF;
19254 : F9CC;
19255 : 0AC6;
19256 : EC67;
19257 : 0773;
19258 : FA9F;
19259 : FB41;
19260 : F404;
19261 : 106B;
19262 : 01D7;
19263 : 0085;
19264 : 0CD6;
19265 : FF9D;
19266 : 0AAE;
19267 : 11CC;
19268 : F826;
19269 : FFE5;
19270 : 1339;
19271 : F0D9;
19272 : 0CF5;
19273 : F19A;
19274 : F503;
19275 : ECB5;
19276 : 02E6;
19277 : 0632;
19278 : 01D0;
19279 : 000C;
19280 : E8AE;
19281 : F2E7;
19282 : FE1C;
19283 : F67B;
19284 : 0628;
19285 : 1298;
19286 : 0E10;
19287 : FEBC;
19288 : 0D3D;
19289 : EE90;
19290 : 08C2;
19291 : 0BBD;
19292 : 012D;
19293 : 0D1D;
19294 : 1595;
19295 : 109F;
19296 : EE89;
19297 : 1231;
19298 : F09D;
19299 : F945;
19300 : 04E3;
19301 : F92D;
19302 : FF69;
19303 : 08F7;
19304 : 003F;
19305 : F533;
19306 : 0900;
19307 : 03D2;
19308 : F827;
19309 : F00C;
19310 : 0B08;
19311 : FA26;
19312 : 17AE;
19313 : 0317;
19314 : 04A3;
19315 : 0F2A;
19316 : 038C;
19317 : 0A70;
19318 : FA86;
19319 : F83F;
19320 : F034;
19321 : 0D0A;
19322 : 03F5;
19323 : FB3E;
19324 : 0420;
19325 : 0614;
19326 : ED2A;
19327 : FDB3;
19328 : E6A2;
19329 : 0A9C;
19330 : F9A1;
19331 : 0472;
19332 : F7EE;
19333 : 0501;
19334 : FE87;
19335 : F464;
19336 : F59D;
19337 : 0D0F;
19338 : F9DB;
19339 : F1C9;
19340 : F348;
19341 : 0548;
19342 : F33E;
19343 : F630;
19344 : 02F3;
19345 : 02E1;
19346 : 06CB;
19347 : 043A;
19348 : EF53;
19349 : 0467;
19350 : 05DF;
19351 : FD3B;
19352 : F320;
19353 : 0929;
19354 : F7A1;
19355 : F3B1;
19356 : 0B71;
19357 : 105A;
19358 : 10D3;
19359 : 0557;
19360 : 0464;
19361 : FC58;
19362 : 09F3;
19363 : F659;
19364 : 0B53;
19365 : 0408;
19366 : 0B0A;
19367 : F46E;
19368 : 0DFC;
19369 : 0130;
19370 : 1721;
19371 : 00F1;
19372 : 07F2;
19373 : F570;
19374 : 05F1;
19375 : 0087;
19376 : 083F;
19377 : FE79;
19378 : EFA8;
19379 : F92E;
19380 : EC03;
19381 : 00ED;
19382 : 0A90;
19383 : 0CD2;
19384 : 04B1;
19385 : 08EA;
19386 : 06C5;
19387 : 068E;
19388 : EE3B;
19389 : ECF5;
19390 : 0BB0;
19391 : F3D2;
19392 : 02F1;
19393 : F1F4;
19394 : 056B;
19395 : 0E2E;
19396 : 11FB;
19397 : F9F3;
19398 : F243;
19399 : 09C9;
19400 : 1019;
19401 : EB7A;
19402 : 093A;
19403 : EF23;
19404 : F0C4;
19405 : 01EF;
19406 : 0F22;
19407 : FF44;
19408 : F9CD;
19409 : 05E3;
19410 : FE62;
19411 : F983;
19412 : 0EC6;
19413 : 1443;
19414 : 0D1E;
19415 : 0FE5;
19416 : F840;
19417 : F51C;
19418 : 05EA;
19419 : EF2B;
19420 : FCBC;
19421 : F277;
19422 : 0015;
19423 : 1040;
19424 : F6E3;
19425 : F46B;
19426 : EC77;
19427 : EEB0;
19428 : 12B4;
19429 : 0684;
19430 : F8ED;
19431 : 0E4E;
19432 : 0721;
19433 : F285;
19434 : 11E7;
19435 : 037E;
19436 : 01B8;
19437 : FFF8;
19438 : 0E8D;
19439 : FC2B;
19440 : 094B;
19441 : 109B;
19442 : F6BA;
19443 : EEDB;
19444 : FE86;
19445 : EB47;
19446 : F1CF;
19447 : FAFC;
19448 : 1384;
19449 : F9E6;
19450 : E81D;
19451 : 0B4E;
19452 : FFFD;
19453 : 062A;
19454 : FEAB;
19455 : 082A;
19456 : FFBD;
19457 : F8CB;
19458 : 052F;
19459 : ED11;
19460 : 103F;
19461 : 0B9D;
19462 : F2AB;
19463 : 0B91;
19464 : EEF8;
19465 : F7EA;
19466 : 0B26;
19467 : F0F1;
19468 : 0ED8;
19469 : FEF6;
19470 : 0B73;
19471 : 0D42;
19472 : 01D3;
19473 : F65C;
19474 : 0ED7;
19475 : 01B9;
19476 : 10C0;
19477 : 130A;
19478 : 0616;
19479 : 03E1;
19480 : 04B5;
19481 : 0294;
19482 : F248;
19483 : 0F3F;
19484 : F8ED;
19485 : 0E10;
19486 : 131E;
19487 : F17C;
19488 : F2A1;
19489 : F5F5;
19490 : 0AAA;
19491 : 085F;
19492 : FBDA;
19493 : 03DE;
19494 : F973;
19495 : F60F;
19496 : FCC5;
19497 : F967;
19498 : 1215;
19499 : F803;
19500 : F46A;
19501 : 11CE;
19502 : F615;
19503 : FD37;
19504 : 1C5E;
19505 : 0B05;
19506 : 0870;
19507 : F0BA;
19508 : F4AD;
19509 : F922;
19510 : FD89;
19511 : 109B;
19512 : F686;
19513 : FD24;
19514 : F77E;
19515 : 0060;
19516 : FCC1;
19517 : F95F;
19518 : 0E2B;
19519 : F9CA;
19520 : F4D3;
19521 : F4EF;
19522 : 006C;
19523 : 0F47;
19524 : 0A47;
19525 : FB39;
19526 : 04C0;
19527 : 0A94;
19528 : F48A;
19529 : EE16;
19530 : 008F;
19531 : F25F;
19532 : EEF0;
19533 : 0907;
19534 : 1845;
19535 : F31E;
19536 : 0AEE;
19537 : 01CF;
19538 : FFED;
19539 : ED92;
19540 : 0398;
19541 : FA31;
19542 : F4D9;
19543 : 0186;
19544 : FF15;
19545 : 0627;
19546 : EDB1;
19547 : EADF;
19548 : 023C;
19549 : F853;
19550 : 0D5E;
19551 : EA23;
19552 : 0A33;
19553 : 0567;
19554 : 0841;
19555 : FD48;
19556 : 083A;
19557 : F9CA;
19558 : F6DC;
19559 : 01A8;
19560 : 1592;
19561 : 07A8;
19562 : 1222;
19563 : 06E2;
19564 : 042F;
19565 : FE16;
19566 : F3B2;
19567 : 0EA8;
19568 : 109C;
19569 : F1CE;
19570 : 0900;
19571 : 1015;
19572 : F25A;
19573 : EFA9;
19574 : 054B;
19575 : 0CAC;
19576 : 182E;
19577 : FB59;
19578 : 057C;
19579 : F99F;
19580 : EB66;
19581 : EF46;
19582 : F66F;
19583 : F4BF;
19584 : 08E5;
19585 : 0224;
19586 : 11E4;
19587 : 0B12;
19588 : 0490;
19589 : F3C7;
19590 : FEAC;
19591 : 016E;
19592 : F0A7;
19593 : ECD8;
19594 : FAB6;
19595 : 0B64;
19596 : EF6A;
19597 : 01A4;
19598 : F7B2;
19599 : F96F;
19600 : 09F9;
19601 : 0670;
19602 : 0A75;
19603 : F963;
19604 : 06C1;
19605 : F627;
19606 : 00C5;
19607 : 0CB4;
19608 : F9E9;
19609 : 09D5;
19610 : F8C8;
19611 : 0632;
19612 : F1C9;
19613 : 099D;
19614 : F3FE;
19615 : ECFB;
19616 : 0D52;
19617 : 0FDB;
19618 : F822;
19619 : 0632;
19620 : 089F;
19621 : 0D7D;
19622 : F3C5;
19623 : F84B;
19624 : FD42;
19625 : 1238;
19626 : 09D1;
19627 : F45A;
19628 : 0474;
19629 : F6EF;
19630 : 08FD;
19631 : FE09;
19632 : 0065;
19633 : 0FDE;
19634 : F387;
19635 : 0516;
19636 : FE4C;
19637 : F295;
19638 : F8B8;
19639 : 0C05;
19640 : 1587;
19641 : 0DA5;
19642 : F2A7;
19643 : 0DAB;
19644 : 0EA0;
19645 : FBE3;
19646 : 0059;
19647 : 07FD;
19648 : F860;
19649 : F191;
19650 : F49B;
19651 : 0200;
19652 : F0D1;
19653 : ED35;
19654 : 092C;
19655 : F8B0;
19656 : F035;
19657 : 0CB4;
19658 : 03A5;
19659 : 1156;
19660 : 0A0A;
19661 : 08D4;
19662 : 0D22;
19663 : 04E8;
19664 : 126E;
19665 : F5F3;
19666 : F08F;
19667 : FB5D;
19668 : ED7C;
19669 : EE5A;
19670 : 10CD;
19671 : F62B;
19672 : FB40;
19673 : ED8D;
19674 : FC2F;
19675 : FF5E;
19676 : 09E3;
19677 : F013;
19678 : 0E43;
19679 : FE87;
19680 : 0964;
19681 : EE25;
19682 : ED2D;
19683 : EC29;
19684 : F8B0;
19685 : F6F5;
19686 : F538;
19687 : FA23;
19688 : 03CC;
19689 : F4BE;
19690 : 0154;
19691 : F059;
19692 : F584;
19693 : 08AC;
19694 : 0F53;
19695 : 04DF;
19696 : F75F;
19697 : 0E1C;
19698 : 10FD;
19699 : 0B54;
19700 : 05DE;
19701 : F916;
19702 : 0A7D;
19703 : FE3E;
19704 : F78A;
19705 : F729;
19706 : F748;
19707 : 0517;
19708 : F373;
19709 : FE9D;
19710 : 12C9;
19711 : F0B8;
19712 : 0AE6;
19713 : F551;
19714 : FD54;
19715 : 0D09;
19716 : 0B23;
19717 : F342;
19718 : F67C;
19719 : F989;
19720 : 0847;
19721 : F77B;
19722 : 147F;
19723 : F103;
19724 : 1218;
19725 : EE5E;
19726 : 0FF3;
19727 : EF14;
19728 : F417;
19729 : F449;
19730 : F0C3;
19731 : FF2A;
19732 : 1105;
19733 : FFF4;
19734 : F1CB;
19735 : 067E;
19736 : 127B;
19737 : 0839;
19738 : 0DBC;
19739 : F645;
19740 : 044F;
19741 : FE0E;
19742 : FE5A;
19743 : 100B;
19744 : 0E42;
19745 : 0131;
19746 : F80F;
19747 : F675;
19748 : FD84;
19749 : F1F7;
19750 : FB11;
19751 : F775;
19752 : 0930;
19753 : FB8B;
19754 : FAB1;
19755 : F8D4;
19756 : 11C4;
19757 : 0248;
19758 : 0C0F;
19759 : FF10;
19760 : 05B1;
19761 : EF40;
19762 : F8BD;
19763 : F8D6;
19764 : 0DE4;
19765 : 0BAB;
19766 : 1049;
19767 : F981;
19768 : F8D2;
19769 : FA68;
19770 : 1151;
19771 : EC7F;
19772 : EE90;
19773 : 0C04;
19774 : 03C1;
19775 : F8FF;
19776 : F1C5;
19777 : EC2F;
19778 : 03B4;
19779 : 0446;
19780 : F4E9;
19781 : 11E1;
19782 : FF88;
19783 : F0C6;
19784 : 069C;
19785 : 0E05;
19786 : 0D32;
19787 : 12B3;
19788 : F601;
19789 : FDE5;
19790 : ED9A;
19791 : 0583;
19792 : 0AA9;
19793 : 020A;
19794 : 025B;
19795 : 0513;
19796 : 138B;
19797 : ED83;
19798 : F5A8;
19799 : F8C7;
19800 : 1322;
19801 : F5CE;
19802 : FF18;
19803 : 11D9;
19804 : F52E;
19805 : F5EA;
19806 : F443;
19807 : 0825;
19808 : FB2E;
19809 : FD43;
19810 : 0F10;
19811 : FD96;
19812 : F749;
19813 : 06BF;
19814 : 0577;
19815 : 09A7;
19816 : 0C86;
19817 : EF0A;
19818 : 0FFB;
19819 : 0915;
19820 : F84F;
19821 : 0B38;
19822 : 120C;
19823 : ED37;
19824 : 033A;
19825 : 0F00;
19826 : F06A;
19827 : 0B81;
19828 : 06D9;
19829 : F17F;
19830 : 0953;
19831 : EE24;
19832 : 00FF;
19833 : 0A62;
19834 : F288;
19835 : FF27;
19836 : 003A;
19837 : F53D;
19838 : FDCB;
19839 : EA33;
19840 : 0275;
19841 : 0893;
19842 : 087E;
19843 : 038F;
19844 : F89E;
19845 : F4B5;
19846 : 0833;
19847 : FFDD;
19848 : FA04;
19849 : 07B9;
19850 : FC1B;
19851 : 11B3;
19852 : FCC3;
19853 : 017B;
19854 : F36D;
19855 : EA41;
19856 : 00EB;
19857 : 0A25;
19858 : F772;
19859 : F882;
19860 : 03BE;
19861 : F326;
19862 : 07B5;
19863 : ECF3;
19864 : 037A;
19865 : 03F5;
19866 : 017A;
19867 : FC9D;
19868 : FB3B;
19869 : EB72;
19870 : 1589;
19871 : 0364;
19872 : F56B;
19873 : FE52;
19874 : FD1E;
19875 : 01C7;
19876 : FFF2;
19877 : 0104;
19878 : 0DC7;
19879 : 0DA2;
19880 : 0034;
19881 : 037D;
19882 : F8DD;
19883 : FF86;
19884 : 03EA;
19885 : 003E;
19886 : 0A9D;
19887 : 0631;
19888 : F445;
19889 : 0654;
19890 : EFCB;
19891 : FF79;
19892 : 0534;
19893 : 14A1;
19894 : 0B3B;
19895 : 0920;
19896 : EECD;
19897 : EFAF;
19898 : 03E5;
19899 : 01A1;
19900 : EEDC;
19901 : EFAA;
19902 : 1259;
19903 : 0AB1;
19904 : 0225;
19905 : F1F0;
19906 : EF6C;
19907 : 0B0C;
19908 : 0118;
19909 : F78F;
19910 : F70C;
19911 : F977;
19912 : F0AD;
19913 : F3D9;
19914 : 012E;
19915 : 018B;
19916 : F2BC;
19917 : F0F2;
19918 : 0DED;
19919 : 0117;
19920 : F234;
19921 : 06B1;
19922 : ED42;
19923 : F193;
19924 : 1332;
19925 : EF78;
19926 : 077F;
19927 : F5B7;
19928 : 0833;
19929 : 026E;
19930 : EF39;
19931 : 018F;
19932 : 0081;
19933 : FBC6;
19934 : 019D;
19935 : F162;
19936 : EDAF;
19937 : 0AC3;
19938 : FCDE;
19939 : FDD3;
19940 : F142;
19941 : 0C45;
19942 : 0ACC;
19943 : F6E8;
19944 : 0CE9;
19945 : FF4A;
19946 : 12AB;
19947 : EF07;
19948 : 051D;
19949 : F4F6;
19950 : ECFE;
19951 : EC7C;
19952 : 0636;
19953 : 0016;
19954 : 0AB8;
19955 : F070;
19956 : 03D9;
19957 : FF2E;
19958 : FA60;
19959 : 07DE;
19960 : FFF2;
19961 : 0E9D;
19962 : F664;
19963 : 0395;
19964 : F60C;
19965 : 05C7;
19966 : FEEF;
19967 : F781;
19968 : F14D;
19969 : 1370;
19970 : F3B9;
19971 : 0840;
19972 : F464;
19973 : 07F1;
19974 : 03AE;
19975 : FF56;
19976 : FBB2;
19977 : F89D;
19978 : FFAA;
19979 : 015F;
19980 : EBCB;
19981 : FC43;
19982 : EC74;
19983 : F332;
19984 : FA51;
19985 : 06FA;
19986 : F0BA;
19987 : F459;
19988 : 0986;
19989 : 0328;
19990 : FF38;
19991 : F09E;
19992 : 027C;
19993 : 091D;
19994 : FA31;
19995 : FFC7;
19996 : 04A8;
19997 : 03B7;
19998 : F68D;
19999 : 0942;
20000 : 0DB3;
20001 : 0669;
20002 : F134;
20003 : F3BA;
20004 : E977;
20005 : ED94;
20006 : 176C;
20007 : EB5D;
20008 : FBD4;
20009 : 0CC1;
20010 : 0BF7;
20011 : F434;
20012 : FFE6;
20013 : 045B;
20014 : 0FE2;
20015 : F03F;
20016 : F1B8;
20017 : F285;
20018 : 0A0F;
20019 : F715;
20020 : 0F3B;
20021 : F1FC;
20022 : 0AA2;
20023 : FE85;
20024 : FAE4;
20025 : 03CD;
20026 : F998;
20027 : 0144;
20028 : F3C1;
20029 : ECA4;
20030 : 09A0;
20031 : 03EF;
20032 : FCCB;
20033 : F3BF;
20034 : F041;
20035 : 01D3;
20036 : F6A6;
20037 : F6C6;
20038 : F5A1;
20039 : F1B4;
20040 : 0D12;
20041 : FAFE;
20042 : 0A1F;
20043 : ED6F;
20044 : EA32;
20045 : 0EA2;
20046 : 02D6;
20047 : FE1E;
20048 : 094F;
20049 : 12A0;
20050 : F6E4;
20051 : FE57;
20052 : 02E5;
20053 : FB12;
20054 : F777;
20055 : F4AB;
20056 : 0F78;
20057 : 0E72;
20058 : 0F1E;
20059 : EE6D;
20060 : F88C;
20061 : F60C;
20062 : F7BF;
20063 : 1006;
20064 : 048B;
20065 : EDCD;
20066 : 0D0C;
20067 : 0155;
20068 : F9C8;
20069 : 0968;
20070 : 0C9C;
20071 : 0669;
20072 : 0CEF;
20073 : FA8D;
20074 : 1317;
20075 : E8CD;
20076 : 08F7;
20077 : 0F43;
20078 : 0F1B;
20079 : FE42;
20080 : F7C5;
20081 : 0695;
20082 : F1AD;
20083 : 0EA7;
20084 : FE64;
20085 : 06B7;
20086 : FA84;
20087 : 0D55;
20088 : EED2;
20089 : F1EB;
20090 : F2DC;
20091 : 06AF;
20092 : F66F;
20093 : EE80;
20094 : F03B;
20095 : F505;
20096 : E891;
20097 : 0CD2;
20098 : FA0E;
20099 : 0050;
20100 : 1797;
20101 : F35B;
20102 : F615;
20103 : FBDD;
20104 : FC0F;
20105 : 0185;
20106 : 005D;
20107 : FEFE;
20108 : 0EA4;
20109 : F044;
20110 : 0589;
20111 : 019F;
20112 : 061D;
20113 : 0A2C;
20114 : F823;
20115 : 05F4;
20116 : FE44;
20117 : F049;
20118 : 09E0;
20119 : 0B51;
20120 : FDD2;
20121 : EE58;
20122 : 07A9;
20123 : F211;
20124 : FAB1;
20125 : 077A;
20126 : 029F;
20127 : 0F32;
20128 : F7B5;
20129 : 0D41;
20130 : EF9C;
20131 : 14FE;
20132 : 13AD;
20133 : EFE7;
20134 : F656;
20135 : F605;
20136 : EF1D;
20137 : 0949;
20138 : FAF0;
20139 : 10E1;
20140 : EFF0;
20141 : F0AF;
20142 : 1341;
20143 : 052F;
20144 : 11AD;
20145 : F8D7;
20146 : 02C7;
20147 : 0AAF;
20148 : F26E;
20149 : EEB8;
20150 : FE9D;
20151 : 1243;
20152 : 0ABD;
20153 : 0624;
20154 : EECC;
20155 : FD78;
20156 : 11D0;
20157 : FA2E;
20158 : 0FEC;
20159 : F05C;
20160 : FE86;
20161 : 1202;
20162 : 057D;
20163 : 0EF3;
20164 : 17BF;
20165 : ED19;
20166 : F680;
20167 : F5B8;
20168 : 11E8;
20169 : 090C;
20170 : 0F06;
20171 : F682;
20172 : FC84;
20173 : F034;
20174 : FAF0;
20175 : FB17;
20176 : F562;
20177 : F4D7;
20178 : 0CFB;
20179 : 004B;
20180 : ED8B;
20181 : F0AC;
20182 : 0C93;
20183 : FAF0;
20184 : 0575;
20185 : F6AA;
20186 : EF68;
20187 : FB41;
20188 : E3CC;
20189 : F47F;
20190 : 062C;
20191 : F422;
20192 : F31E;
20193 : FCE1;
20194 : F983;
20195 : 005C;
20196 : 095A;
20197 : F12D;
20198 : FFEB;
20199 : EC9A;
20200 : 077A;
20201 : FE4F;
20202 : 0955;
20203 : 0380;
20204 : 03DD;
20205 : 015B;
20206 : FD53;
20207 : 0CD6;
20208 : 0244;
20209 : 0070;
20210 : 02FD;
20211 : F855;
20212 : 036E;
20213 : 000A;
20214 : 0DC5;
20215 : 04FA;
20216 : 058C;
20217 : F915;
20218 : F11C;
20219 : FBCA;
20220 : FB4E;
20221 : 0732;
20222 : 0BF4;
20223 : 0D01;
20224 : F396;
20225 : 023B;
20226 : 020F;
20227 : FEC3;
20228 : FF4A;
20229 : F26C;
20230 : 1044;
20231 : 0B61;
20232 : 0119;
20233 : FE3D;
20234 : F8B1;
20235 : 03E6;
20236 : F8BC;
20237 : 0342;
20238 : 0017;
20239 : FF57;
20240 : F76E;
20241 : 0806;
20242 : 04F0;
20243 : F73D;
20244 : F025;
20245 : 008E;
20246 : 0D00;
20247 : 003F;
20248 : 00AA;
20249 : 0D65;
20250 : 05FB;
20251 : 0D8C;
20252 : F55B;
20253 : 03D1;
20254 : 046E;
20255 : F6BE;
20256 : 047F;
20257 : FB7F;
20258 : 098C;
20259 : 0F9F;
20260 : 12BE;
20261 : FB7C;
20262 : F60E;
20263 : FF4B;
20264 : 07E8;
20265 : 0E52;
20266 : F436;
20267 : 0B09;
20268 : EE8B;
20269 : 0F67;
20270 : 137B;
20271 : 1324;
20272 : 0AE9;
20273 : EDB5;
20274 : EEF0;
20275 : FC41;
20276 : FB41;
20277 : FB49;
20278 : 0462;
20279 : 0265;
20280 : FF5A;
20281 : F5B4;
20282 : 0579;
20283 : 0F16;
20284 : 0CA2;
20285 : EC5B;
20286 : F2B0;
20287 : 1132;
20288 : F25F;
20289 : 106F;
20290 : F6F9;
20291 : FCAF;
20292 : 0ED9;
20293 : 0342;
20294 : F888;
20295 : F5A3;
20296 : 127E;
20297 : FDF3;
20298 : 06E9;
20299 : F1E8;
20300 : FAFF;
20301 : EF9C;
20302 : 1326;
20303 : 009A;
20304 : 088F;
20305 : FD06;
20306 : 0F06;
20307 : EEA2;
20308 : 00A0;
20309 : F3D1;
20310 : FFDC;
20311 : 05F0;
20312 : FC81;
20313 : 064C;
20314 : F8A4;
20315 : FCEA;
20316 : F260;
20317 : F748;
20318 : FC2F;
20319 : 0177;
20320 : 062A;
20321 : EF87;
20322 : 0DD5;
20323 : FF60;
20324 : 0815;
20325 : EE89;
20326 : 08AC;
20327 : 0814;
20328 : 061B;
20329 : EB64;
20330 : EF4D;
20331 : 0C8E;
20332 : 0B15;
20333 : FD2D;
20334 : 0EED;
20335 : 1828;
20336 : 0358;
20337 : 0F82;
20338 : 10EA;
20339 : 1029;
20340 : 0F0B;
20341 : F4F2;
20342 : F4E0;
20343 : FA05;
20344 : 0A60;
20345 : F8E8;
20346 : 033C;
20347 : 04CE;
20348 : 0D14;
20349 : ED28;
20350 : 0439;
20351 : 021D;
20352 : 0C22;
20353 : F4BD;
20354 : 0CAB;
20355 : FD58;
20356 : 0B7D;
20357 : 0A28;
20358 : FD09;
20359 : F2CC;
20360 : FCE3;
20361 : 009E;
20362 : FD6D;
20363 : 00A9;
20364 : FFD5;
20365 : 056A;
20366 : F1A9;
20367 : 0E76;
20368 : 0BD7;
20369 : FB29;
20370 : 09AC;
20371 : 086F;
20372 : 0653;
20373 : E89D;
20374 : 07FD;
20375 : F3C8;
20376 : 13D2;
20377 : 0BE7;
20378 : 117D;
20379 : 0B66;
20380 : F45A;
20381 : 0DAD;
20382 : 0CF7;
20383 : FF05;
20384 : F436;
20385 : 0027;
20386 : F924;
20387 : 01A1;
20388 : F67B;
20389 : FCC3;
20390 : 103C;
20391 : F4ED;
20392 : F3D1;
20393 : 10CB;
20394 : 13B5;
20395 : 03CD;
20396 : EE31;
20397 : 0400;
20398 : 08DA;
20399 : 0B0A;
20400 : 1060;
20401 : F600;
20402 : 10E1;
20403 : 1209;
20404 : EE21;
20405 : EEBB;
20406 : F0EC;
20407 : 017C;
20408 : FF35;
20409 : F49B;
20410 : 0E28;
20411 : F074;
20412 : 08F6;
20413 : 07F7;
20414 : 0DD2;
20415 : 02D3;
20416 : 0425;
20417 : F3FE;
20418 : 0651;
20419 : 0A74;
20420 : F61F;
20421 : F931;
20422 : 0CA9;
20423 : 09BC;
20424 : 1345;
20425 : FF35;
20426 : 0AAA;
20427 : F0F4;
20428 : F745;
20429 : FE5E;
20430 : 035F;
20431 : 0C90;
20432 : 1109;
20433 : F38B;
20434 : 0BD5;
20435 : FEE4;
20436 : 126D;
20437 : 0047;
20438 : 06C9;
20439 : 046B;
20440 : F52D;
20441 : 0920;
20442 : F8F1;
20443 : F7C3;
20444 : FC27;
20445 : EC4F;
20446 : F9E5;
20447 : 05F5;
20448 : F1FB;
20449 : FDE1;
20450 : 0D73;
20451 : 092F;
20452 : F443;
20453 : 0F98;
20454 : 00DA;
20455 : F9C3;
20456 : F527;
20457 : 0FA6;
20458 : F8AC;
20459 : 0B01;
20460 : 0FA9;
20461 : 0C65;
20462 : 04ED;
20463 : 0C30;
20464 : 0174;
20465 : F268;
20466 : FA1C;
20467 : 14D7;
20468 : 0DB6;
20469 : E996;
20470 : 09A6;
20471 : EE8F;
20472 : FC35;
20473 : F516;
20474 : FE75;
20475 : 0055;
20476 : 0A78;
20477 : 08CC;
20478 : 03B4;
20479 : 08D8;
20480 : 0424;
20481 : 046E;
20482 : 02E0;
20483 : EFE3;
20484 : 0A1C;
20485 : EE82;
20486 : 10E0;
20487 : 0E02;
20488 : 028C;
20489 : 045F;
20490 : 0CF0;
20491 : EB74;
20492 : F344;
20493 : EF9F;
20494 : F84A;
20495 : F782;
20496 : 1271;
20497 : F3CA;
20498 : ED8A;
20499 : F086;
20500 : FE76;
20501 : 036E;
20502 : 13B0;
20503 : F5A7;
20504 : 0F5A;
20505 : 0354;
20506 : 1295;
20507 : F9F5;
20508 : FC91;
20509 : EC4A;
20510 : FD6A;
20511 : 0D6A;
20512 : F305;
20513 : 126C;
20514 : ECA8;
20515 : E7F9;
20516 : 0659;
20517 : EC90;
20518 : F569;
20519 : 0936;
20520 : 07D3;
20521 : F486;
20522 : 0861;
20523 : E92B;
20524 : F094;
20525 : 06E6;
20526 : 0784;
20527 : 0FE6;
20528 : F078;
20529 : ED50;
20530 : 03CD;
20531 : 0A52;
20532 : 040C;
20533 : FBE0;
20534 : F4B5;
20535 : F7D4;
20536 : 015F;
20537 : EB57;
20538 : 0FF2;
20539 : 0567;
20540 : 05C9;
20541 : F6AE;
20542 : FC18;
20543 : 1079;
20544 : F6F7;
20545 : F924;
20546 : F35B;
20547 : F3A6;
20548 : 0F1A;
20549 : FB69;
20550 : 02C9;
20551 : EFA4;
20552 : 059A;
20553 : 11FB;
20554 : F59E;
20555 : 0751;
20556 : 08D3;
20557 : F63D;
20558 : F7AA;
20559 : 046E;
20560 : 0978;
20561 : 000C;
20562 : 09BA;
20563 : F6C1;
20564 : 0203;
20565 : F44D;
20566 : 10BE;
20567 : F796;
20568 : F7B6;
20569 : F774;
20570 : 011B;
20571 : 051E;
20572 : FB23;
20573 : F7BD;
20574 : 0D15;
20575 : FCA2;
20576 : FA12;
20577 : 10EA;
20578 : 0720;
20579 : 0EA7;
20580 : F6B0;
20581 : EA44;
20582 : FD49;
20583 : 0523;
20584 : 054A;
20585 : 1062;
20586 : 03E1;
20587 : F7FC;
20588 : 01B9;
20589 : F205;
20590 : 01F8;
20591 : 1069;
20592 : FB51;
20593 : 11A3;
20594 : F83B;
20595 : F555;
20596 : 0FF6;
20597 : F06F;
20598 : FC64;
20599 : 0759;
20600 : 110D;
20601 : FE6F;
20602 : 0F2E;
20603 : 0C6D;
20604 : F37B;
20605 : F799;
20606 : F6E4;
20607 : EFC2;
20608 : 10A5;
20609 : 0F33;
20610 : FF7B;
20611 : F4AC;
20612 : 0D4D;
20613 : 0CFA;
20614 : F8F8;
20615 : F34C;
20616 : EF38;
20617 : 01DF;
20618 : 0BE0;
20619 : F68A;
20620 : 01B9;
20621 : F486;
20622 : F282;
20623 : 13C6;
20624 : FBEA;
20625 : F475;
20626 : EC8F;
20627 : FA2F;
20628 : FD94;
20629 : 02D8;
20630 : 039D;
20631 : 0BD4;
20632 : FD88;
20633 : 1204;
20634 : 1552;
20635 : EA87;
20636 : 0882;
20637 : 0B84;
20638 : FB72;
20639 : 046A;
20640 : FF6F;
20641 : 1150;
20642 : F570;
20643 : F19C;
20644 : F238;
20645 : 0BFF;
20646 : 00E5;
20647 : E8A8;
20648 : 10B1;
20649 : 1104;
20650 : 141F;
20651 : EF3A;
20652 : F90C;
20653 : 001B;
20654 : 0A8A;
20655 : 09AD;
20656 : 0D08;
20657 : 0774;
20658 : EFE0;
20659 : FB8C;
20660 : 0117;
20661 : 141A;
20662 : 03B8;
20663 : 04B5;
20664 : EC73;
20665 : F7D1;
20666 : 0F8E;
20667 : 1065;
20668 : EE9E;
20669 : 12D8;
20670 : 0633;
20671 : EDD5;
20672 : 0514;
20673 : 07FC;
20674 : FE88;
20675 : 0802;
20676 : 01CF;
20677 : F783;
20678 : 15F7;
20679 : 08BD;
20680 : 1183;
20681 : 0C4F;
20682 : 057B;
20683 : F615;
20684 : 02F9;
20685 : 0B33;
20686 : F2B6;
20687 : F598;
20688 : FAFA;
20689 : F904;
20690 : EC17;
20691 : EDEA;
20692 : FC46;
20693 : 0AF5;
20694 : 0F51;
20695 : 0F7B;
20696 : F7F5;
20697 : 03CC;
20698 : 111D;
20699 : EDB9;
20700 : FCE5;
20701 : FC6F;
20702 : F6B6;
20703 : 04D6;
20704 : F66E;
20705 : 1389;
20706 : F0E8;
20707 : F920;
20708 : F2BC;
20709 : F6F7;
20710 : 11F3;
20711 : FE43;
20712 : 025C;
20713 : 0135;
20714 : FCA5;
20715 : F586;
20716 : EBEE;
20717 : FD93;
20718 : F7A9;
20719 : 0F92;
20720 : F0FE;
20721 : FFC1;
20722 : F261;
20723 : 05F0;
20724 : 0A6F;
20725 : F184;
20726 : FDF4;
20727 : 0923;
20728 : 08ED;
20729 : FCE1;
20730 : FF2D;
20731 : 0511;
20732 : F92F;
20733 : EFD5;
20734 : EC14;
20735 : F4FD;
20736 : 020A;
20737 : 04C3;
20738 : FE5D;
20739 : FC19;
20740 : EC3B;
20741 : 0DEA;
20742 : 0A54;
20743 : 07FF;
20744 : F3A5;
20745 : F24B;
20746 : 02E7;
20747 : 044F;
20748 : FD92;
20749 : F5A7;
20750 : 001D;
20751 : FE72;
20752 : FCB5;
20753 : F9E4;
20754 : EBAA;
20755 : 0159;
20756 : 04FD;
20757 : 0A75;
20758 : FA8A;
20759 : F04A;
20760 : FD99;
20761 : F858;
20762 : F2F8;
20763 : FC6A;
20764 : FA21;
20765 : 09F6;
20766 : 1739;
20767 : 0CE9;
20768 : FD72;
20769 : 1191;
20770 : EDC4;
20771 : 1332;
20772 : E9E5;
20773 : 07AD;
20774 : F480;
20775 : FA07;
20776 : 014B;
20777 : F8D1;
20778 : F720;
20779 : FC69;
20780 : FE8B;
20781 : 0A4B;
20782 : 09DB;
20783 : 0679;
20784 : F3A3;
20785 : 0FE5;
20786 : 0ECD;
20787 : EE74;
20788 : 0BD8;
20789 : EFD6;
20790 : F9C5;
20791 : FAD7;
20792 : F9AB;
20793 : FC8B;
20794 : FFEA;
20795 : FE40;
20796 : 0D48;
20797 : 1221;
20798 : F494;
20799 : 08F4;
20800 : F839;
20801 : 0494;
20802 : F216;
20803 : 0CED;
20804 : 0749;
20805 : FA79;
20806 : F44B;
20807 : F983;
20808 : F10B;
20809 : 1493;
20810 : F800;
20811 : F03C;
20812 : FACC;
20813 : 078E;
20814 : 0AE0;
20815 : 0E43;
20816 : F7D6;
20817 : 0EA9;
20818 : F27A;
20819 : 022D;
20820 : 09D5;
20821 : FFD6;
20822 : F6AB;
20823 : 01AB;
20824 : 0BC6;
20825 : 0F2F;
20826 : F403;
20827 : FCAB;
20828 : FC8A;
20829 : 05FD;
20830 : 10A8;
20831 : 041F;
20832 : 0FBA;
20833 : 0FD6;
20834 : 02BD;
20835 : FD51;
20836 : F912;
20837 : F90F;
20838 : 0762;
20839 : 03F1;
20840 : 05CA;
20841 : EB7C;
20842 : 0A8B;
20843 : 0EE2;
20844 : E9B1;
20845 : 02C3;
20846 : 1734;
20847 : F614;
20848 : F2B0;
20849 : 0FDD;
20850 : F555;
20851 : 1011;
20852 : F946;
20853 : 1185;
20854 : 0568;
20855 : 0CAF;
20856 : F782;
20857 : 0F50;
20858 : 032D;
20859 : 0D96;
20860 : F808;
20861 : 042F;
20862 : F1E0;
20863 : 00C2;
20864 : 0B14;
20865 : 1173;
20866 : F2DC;
20867 : 096B;
20868 : F432;
20869 : ED85;
20870 : 0E24;
20871 : 0D35;
20872 : 1161;
20873 : 0B62;
20874 : F897;
20875 : FAE4;
20876 : 124E;
20877 : FD79;
20878 : 0A07;
20879 : F540;
20880 : 0C6E;
20881 : EC76;
20882 : F53B;
20883 : 0706;
20884 : F449;
20885 : 0E96;
20886 : 0B46;
20887 : 0634;
20888 : 111E;
20889 : 07C8;
20890 : F896;
20891 : 17AB;
20892 : EE8C;
20893 : FD88;
20894 : FE0E;
20895 : FA38;
20896 : EF10;
20897 : 0748;
20898 : 0754;
20899 : EF92;
20900 : 04B9;
20901 : 07D1;
20902 : 1706;
20903 : 00DB;
20904 : F0AC;
20905 : FAC8;
20906 : 11D7;
20907 : 00FA;
20908 : FF79;
20909 : FA3A;
20910 : 1423;
20911 : EF47;
20912 : FC35;
20913 : 0044;
20914 : 1153;
20915 : 118D;
20916 : F221;
20917 : FA7E;
20918 : F61E;
20919 : 06DE;
20920 : EC8E;
20921 : 0DF7;
20922 : F412;
20923 : 0B26;
20924 : 0258;
20925 : F40C;
20926 : EF26;
20927 : F684;
20928 : 06FA;
20929 : F426;
20930 : 0E38;
20931 : F478;
20932 : 0E33;
20933 : 04A9;
20934 : 097C;
20935 : F496;
20936 : 051D;
20937 : F821;
20938 : 0A84;
20939 : F1CE;
20940 : FDC9;
20941 : 12C4;
20942 : 06B7;
20943 : ECFF;
20944 : FFCC;
20945 : F7CA;
20946 : 0E4E;
20947 : 027F;
20948 : 0BA9;
20949 : F460;
20950 : 10DC;
20951 : 0D3C;
20952 : 12CA;
20953 : EE49;
20954 : 062F;
20955 : F4FC;
20956 : 0DB0;
20957 : ED8F;
20958 : F920;
20959 : 0864;
20960 : EFAA;
20961 : 01F0;
20962 : FE7B;
20963 : 10D3;
20964 : F79F;
20965 : 0F11;
20966 : F629;
20967 : 0C52;
20968 : 0D65;
20969 : FC89;
20970 : 0423;
20971 : F2F2;
20972 : F8D4;
20973 : FCD2;
20974 : 1810;
20975 : F306;
20976 : 0AD8;
20977 : 0B7A;
20978 : 06B4;
20979 : 0092;
20980 : EEA0;
20981 : 0124;
20982 : 077D;
20983 : 112C;
20984 : F286;
20985 : FB3C;
20986 : ECC9;
20987 : FF6D;
20988 : EC8B;
20989 : 088A;
20990 : 1085;
20991 : EEFC;
20992 : 07FD;
20993 : 0051;
20994 : 0033;
20995 : 08F2;
20996 : 1483;
20997 : F788;
20998 : FA41;
20999 : 0590;
21000 : F581;
21001 : FD2F;
21002 : 02AC;
21003 : 0BDC;
21004 : 0EDB;
21005 : 091C;
21006 : 10D7;
21007 : 10BC;
21008 : EAFE;
21009 : F251;
21010 : EB24;
21011 : F45A;
21012 : F603;
21013 : FB1F;
21014 : F656;
21015 : FF67;
21016 : FC83;
21017 : F6C2;
21018 : 0DA8;
21019 : 03DA;
21020 : 082A;
21021 : FC10;
21022 : 0822;
21023 : F20A;
21024 : 1002;
21025 : 0FDD;
21026 : FE9D;
21027 : FA29;
21028 : 0563;
21029 : 00BA;
21030 : 1168;
21031 : F22E;
21032 : 0BB1;
21033 : 08ED;
21034 : 0CC8;
21035 : FC16;
21036 : 1029;
21037 : 08E1;
21038 : 104A;
21039 : 0C99;
21040 : F2F0;
21041 : ECE4;
21042 : 0725;
21043 : 0421;
21044 : F320;
21045 : F8E6;
21046 : 0899;
21047 : 0887;
21048 : FECE;
21049 : FDE0;
21050 : 066C;
21051 : ECE5;
21052 : FB12;
21053 : FF20;
21054 : F1E5;
21055 : ED68;
21056 : F13E;
21057 : EFFF;
21058 : F56D;
21059 : EF43;
21060 : 0519;
21061 : 0831;
21062 : 0986;
21063 : ECE2;
21064 : 02EE;
21065 : 0697;
21066 : 139E;
21067 : F109;
21068 : 0DD6;
21069 : FFA8;
21070 : 0F6B;
21071 : 009C;
21072 : F9BC;
21073 : E997;
21074 : F34E;
21075 : F7AF;
21076 : 0C92;
21077 : FDB6;
21078 : F28F;
21079 : ECF0;
21080 : EC58;
21081 : 02F8;
21082 : 0497;
21083 : FA40;
21084 : 016F;
21085 : F477;
21086 : F8EC;
21087 : 00A6;
21088 : 11C8;
21089 : FE51;
21090 : 0870;
21091 : FE61;
21092 : F4D6;
21093 : FE37;
21094 : 0797;
21095 : F00B;
21096 : 03DD;
21097 : F564;
21098 : 0C60;
21099 : FFF4;
21100 : F5DA;
21101 : 0177;
21102 : 06F9;
21103 : 0DBC;
21104 : FFA1;
21105 : 13D2;
21106 : 0F11;
21107 : F069;
21108 : F0CD;
21109 : F2FD;
21110 : FB80;
21111 : F071;
21112 : FD5B;
21113 : FE64;
21114 : E83E;
21115 : FD52;
21116 : EC32;
21117 : EF6E;
21118 : 0E6C;
21119 : FE82;
21120 : 0DD0;
21121 : FE17;
21122 : F844;
21123 : F49D;
21124 : 0C62;
21125 : 02A6;
21126 : 0ADD;
21127 : 0C20;
21128 : F65F;
21129 : FBAA;
21130 : 1026;
21131 : F0E1;
21132 : F47F;
21133 : FAE7;
21134 : 0042;
21135 : 02A9;
21136 : F0AD;
21137 : FC65;
21138 : FBDC;
21139 : FBBD;
21140 : 0FBC;
21141 : 1349;
21142 : 0539;
21143 : 08BB;
21144 : 053F;
21145 : EC0F;
21146 : FC7E;
21147 : F22F;
21148 : F545;
21149 : FBEA;
21150 : F3D1;
21151 : 0F70;
21152 : 0B9A;
21153 : F85A;
21154 : 11A9;
21155 : F1FE;
21156 : 0969;
21157 : EBA8;
21158 : 0B65;
21159 : 0FAA;
21160 : 15A6;
21161 : F924;
21162 : 0629;
21163 : FEB7;
21164 : EFED;
21165 : F859;
21166 : 0D72;
21167 : F53E;
21168 : 1439;
21169 : 0589;
21170 : FB9E;
21171 : F1F7;
21172 : 0E0C;
21173 : 031B;
21174 : F25B;
21175 : 014F;
21176 : F99E;
21177 : 01D3;
21178 : F147;
21179 : FDDE;
21180 : FF36;
21181 : 0CAF;
21182 : 034E;
21183 : F2E9;
21184 : 0A15;
21185 : F868;
21186 : EB30;
21187 : F9ED;
21188 : 03CE;
21189 : EC37;
21190 : 09B3;
21191 : F04D;
21192 : 109C;
21193 : 042B;
21194 : F887;
21195 : ED5A;
21196 : F45D;
21197 : 000F;
21198 : FCF7;
21199 : F082;
21200 : FE23;
21201 : FA66;
21202 : FAA5;
21203 : F884;
21204 : FF23;
21205 : FDBC;
21206 : F928;
21207 : 004D;
21208 : 0A14;
21209 : FF71;
21210 : 0ABD;
21211 : F401;
21212 : F188;
21213 : 0F54;
21214 : F453;
21215 : 0E06;
21216 : 108C;
21217 : 06BB;
21218 : 0FB9;
21219 : 08AC;
21220 : F7A9;
21221 : FF55;
21222 : FB4B;
21223 : F369;
21224 : 122B;
21225 : 0FF8;
21226 : 12FD;
21227 : F574;
21228 : 0646;
21229 : FC62;
21230 : 0B0D;
21231 : 155B;
21232 : 0B07;
21233 : ED8C;
21234 : F60F;
21235 : FCAA;
21236 : FD62;
21237 : F0A5;
21238 : F189;
21239 : 11BD;
21240 : FC14;
21241 : F11D;
21242 : EC15;
21243 : FD3C;
21244 : 0BF0;
21245 : 00EB;
21246 : F118;
21247 : 023F;
21248 : 0994;
21249 : F000;
21250 : 0736;
21251 : F3EC;
21252 : 07EB;
21253 : 0012;
21254 : 0778;
21255 : 06DD;
21256 : FCC3;
21257 : 0C22;
21258 : 0CFF;
21259 : F329;
21260 : 0C02;
21261 : 0FD0;
21262 : 1285;
21263 : 0257;
21264 : FE9E;
21265 : 0255;
21266 : 11C6;
21267 : EF6A;
21268 : 0B2B;
21269 : FD95;
21270 : 088D;
21271 : 0935;
21272 : FBBF;
21273 : FF68;
21274 : EEE7;
21275 : 11D3;
21276 : 11B0;
21277 : F3B0;
21278 : 00DA;
21279 : EC5E;
21280 : F845;
21281 : 0EEC;
21282 : 0EC2;
21283 : 03B9;
21284 : 151C;
21285 : FB10;
21286 : FF52;
21287 : 0644;
21288 : F5E5;
21289 : EF3C;
21290 : 0233;
21291 : 02A7;
21292 : F119;
21293 : 0034;
21294 : 0169;
21295 : F4CB;
21296 : 09B2;
21297 : 0328;
21298 : 0144;
21299 : 0F8B;
21300 : 06DE;
21301 : F2FD;
21302 : FBE2;
21303 : F44D;
21304 : 107B;
21305 : 0D7B;
21306 : EA9A;
21307 : EAE2;
21308 : FE0D;
21309 : FADC;
21310 : 1276;
21311 : EB12;
21312 : 0EF0;
21313 : EB24;
21314 : FCDC;
21315 : 0D8D;
21316 : F4BF;
21317 : 031E;
21318 : 107A;
21319 : F223;
21320 : 0243;
21321 : F31C;
21322 : E47F;
21323 : 0C03;
21324 : E854;
21325 : F9C9;
21326 : 078C;
21327 : 0899;
21328 : 11BB;
21329 : 0AB6;
21330 : F33E;
21331 : F0D8;
21332 : 1121;
21333 : FB9B;
21334 : 05AE;
21335 : F8A7;
21336 : EF1E;
21337 : 17C3;
21338 : ED5E;
21339 : F57B;
21340 : 0334;
21341 : 0E3B;
21342 : F2B6;
21343 : F3C0;
21344 : ECFF;
21345 : 0190;
21346 : FC27;
21347 : EFD9;
21348 : 0E90;
21349 : 00F5;
21350 : E8DE;
21351 : F5E5;
21352 : 0422;
21353 : EE60;
21354 : 0532;
21355 : 1A3F;
21356 : 073A;
21357 : 1276;
21358 : F457;
21359 : 0164;
21360 : F8FD;
21361 : ED5B;
21362 : ECA8;
21363 : 0436;
21364 : 07A3;
21365 : 0391;
21366 : 0048;
21367 : 0F88;
21368 : FE29;
21369 : F693;
21370 : F5CC;
21371 : FC20;
21372 : E9A1;
21373 : FB39;
21374 : F1C7;
21375 : EEAE;
21376 : 0A8B;
21377 : 059E;
21378 : 0AAD;
21379 : 1066;
21380 : 10DB;
21381 : 02BB;
21382 : F2B2;
21383 : 014E;
21384 : F35D;
21385 : F9A7;
21386 : F91B;
21387 : F352;
21388 : 0F09;
21389 : 0FCF;
21390 : FEEE;
21391 : F875;
21392 : F22C;
21393 : 0A2D;
21394 : FE4E;
21395 : FEDA;
21396 : FCA6;
21397 : 135A;
21398 : 130B;
21399 : 085F;
21400 : 0276;
21401 : FC74;
21402 : 04B4;
21403 : 0692;
21404 : F9DF;
21405 : F93D;
21406 : 0E48;
21407 : EE72;
21408 : ED1C;
21409 : F7BC;
21410 : 0502;
21411 : EFD1;
21412 : F1DF;
21413 : FBF3;
21414 : 0EEF;
21415 : F461;
21416 : 0098;
21417 : 0918;
21418 : 0EE1;
21419 : FAE8;
21420 : 0943;
21421 : 1856;
21422 : 06FC;
21423 : 1131;
21424 : 1946;
21425 : 026D;
21426 : 135C;
21427 : 0F81;
21428 : F781;
21429 : FF77;
21430 : 1118;
21431 : 157F;
21432 : FCF3;
21433 : 01A0;
21434 : 171F;
21435 : F005;
21436 : 1412;
21437 : FEAE;
21438 : 0567;
21439 : 0297;
21440 : 1085;
21441 : F7A2;
21442 : 0BFF;
21443 : 105F;
21444 : 0F1E;
21445 : 0787;
21446 : 0E25;
21447 : 0C40;
21448 : F42A;
21449 : 09D6;
21450 : F1D9;
21451 : 0B79;
21452 : EDD9;
21453 : 034B;
21454 : 08E7;
21455 : 0221;
21456 : F481;
21457 : FB6A;
21458 : 01BB;
21459 : F9EB;
21460 : 1375;
21461 : 08AA;
21462 : F8BD;
21463 : 03BF;
21464 : FDAD;
21465 : 0DE3;
21466 : 02BA;
21467 : 0B21;
21468 : F899;
21469 : 127A;
21470 : 118C;
21471 : 09A8;
21472 : F784;
21473 : ECCC;
21474 : F26F;
21475 : F937;
21476 : 0ACB;
21477 : 1330;
21478 : FD09;
21479 : 11B3;
21480 : F38D;
21481 : F41F;
21482 : 0828;
21483 : 02BB;
21484 : 0FE9;
21485 : EEE0;
21486 : 0FF3;
21487 : ECF6;
21488 : 09BE;
21489 : ED06;
21490 : 02FB;
21491 : FD7C;
21492 : FB08;
21493 : 0500;
21494 : EFA0;
21495 : 09B6;
21496 : 0FFA;
21497 : 0E2B;
21498 : 0FEE;
21499 : 0BFA;
21500 : EDAA;
21501 : 046E;
21502 : F471;
21503 : 1009;
21504 : FC8D;
21505 : F285;
21506 : F975;
21507 : 1404;
21508 : EF1D;
21509 : F68A;
21510 : F3A3;
21511 : 0865;
21512 : 0EBB;
21513 : F7D9;
21514 : 09C3;
21515 : 0748;
21516 : FA6A;
21517 : 0933;
21518 : 125E;
21519 : 042B;
21520 : 03B5;
21521 : EDE3;
21522 : F89E;
21523 : F69D;
21524 : F7E6;
21525 : 046C;
21526 : 0183;
21527 : ECFD;
21528 : F4DE;
21529 : 07BE;
21530 : 1094;
21531 : 03FD;
21532 : 0CA4;
21533 : F85B;
21534 : 0399;
21535 : FB7D;
21536 : EF11;
21537 : 0D5C;
21538 : F411;
21539 : 0D94;
21540 : F065;
21541 : FCAB;
21542 : 071C;
21543 : 0DD4;
21544 : EDE1;
21545 : F5EF;
21546 : 1173;
21547 : 101E;
21548 : 01F2;
21549 : 0876;
21550 : 1151;
21551 : 0E7A;
21552 : FBA2;
21553 : 125F;
21554 : F2AC;
21555 : F75D;
21556 : 0656;
21557 : 0A16;
21558 : 1020;
21559 : 06AF;
21560 : 045B;
21561 : 0075;
21562 : F23B;
21563 : FE56;
21564 : 025B;
21565 : 0A28;
21566 : 1188;
21567 : 1314;
21568 : 0625;
21569 : 0EB6;
21570 : 0E10;
21571 : FCA5;
21572 : F8DD;
21573 : F574;
21574 : F239;
21575 : 03DD;
21576 : 1294;
21577 : F81A;
21578 : 03BB;
21579 : EEF4;
21580 : 00F1;
21581 : EF59;
21582 : 115E;
21583 : F408;
21584 : ED41;
21585 : ECC7;
21586 : EF10;
21587 : 08F9;
21588 : 0EC0;
21589 : 0142;
21590 : FF82;
21591 : EEA7;
21592 : 15A0;
21593 : 0A50;
21594 : 0A29;
21595 : F598;
21596 : 0460;
21597 : 03E2;
21598 : 096F;
21599 : FA81;
21600 : 040F;
21601 : 1668;
21602 : 0F8A;
21603 : F839;
21604 : 0321;
21605 : F7A7;
21606 : FC01;
21607 : FBF1;
21608 : 051A;
21609 : 00C3;
21610 : 0B18;
21611 : 0404;
21612 : FAE8;
21613 : F967;
21614 : 153A;
21615 : 0E60;
21616 : 0288;
21617 : 1475;
21618 : FAD2;
21619 : F2F8;
21620 : 0F9C;
21621 : 0B0E;
21622 : F439;
21623 : F989;
21624 : F185;
21625 : FFC2;
21626 : FB9E;
21627 : F88D;
21628 : F347;
21629 : 0844;
21630 : F77D;
21631 : F46D;
21632 : 1486;
21633 : 069B;
21634 : F914;
21635 : F234;
21636 : 059A;
21637 : FAF5;
21638 : 0B31;
21639 : FFC3;
21640 : 12DB;
21641 : 010B;
21642 : 14F9;
21643 : 04C5;
21644 : 154C;
21645 : FF82;
21646 : FB2C;
21647 : F490;
21648 : F97F;
21649 : 0719;
21650 : 0047;
21651 : 13A9;
21652 : F0A7;
21653 : FE00;
21654 : 0064;
21655 : F478;
21656 : F080;
21657 : 05D1;
21658 : 062B;
21659 : F22B;
21660 : EF83;
21661 : 0E39;
21662 : F811;
21663 : F51F;
21664 : FB55;
21665 : F808;
21666 : EDB6;
21667 : F9C9;
21668 : F5A3;
21669 : EEA4;
21670 : 0772;
21671 : FA0C;
21672 : 0B63;
21673 : 074A;
21674 : 0834;
21675 : EF9A;
21676 : 05BE;
21677 : FEFA;
21678 : F81B;
21679 : 0E77;
21680 : 108D;
21681 : F349;
21682 : 09EE;
21683 : 030C;
21684 : F974;
21685 : FEBD;
21686 : F840;
21687 : 05B4;
21688 : FFFC;
21689 : 0E6E;
21690 : FC5D;
21691 : F478;
21692 : FD5E;
21693 : EFB8;
21694 : 098B;
21695 : F115;
21696 : 0557;
21697 : FA67;
21698 : 0F53;
21699 : FCFB;
21700 : 0786;
21701 : F66E;
21702 : EFE6;
21703 : 0691;
21704 : FD74;
21705 : F2C4;
21706 : 12E3;
21707 : 13BF;
21708 : 140B;
21709 : 058E;
21710 : F9EB;
21711 : 103E;
21712 : 0FDA;
21713 : F69B;
21714 : 04B7;
21715 : FDC0;
21716 : F173;
21717 : 0C3F;
21718 : 0B91;
21719 : 0A8E;
21720 : 0A88;
21721 : 0FFB;
21722 : FC11;
21723 : EB28;
21724 : 115E;
21725 : 07A0;
21726 : 040C;
21727 : 0A13;
21728 : 00F2;
21729 : FA8E;
21730 : ED07;
21731 : 0EFD;
21732 : 0D79;
21733 : 0C38;
21734 : 0237;
21735 : F2AF;
21736 : 089D;
21737 : EC5C;
21738 : 06D4;
21739 : 09E1;
21740 : 0844;
21741 : FBE5;
21742 : FC2C;
21743 : EF38;
21744 : F3A0;
21745 : 062F;
21746 : F505;
21747 : FD3C;
21748 : 0A0B;
21749 : F32C;
21750 : 0BD1;
21751 : 0FA9;
21752 : 0597;
21753 : 0F90;
21754 : ED49;
21755 : 0843;
21756 : 0AE6;
21757 : 03CF;
21758 : 0F55;
21759 : 0B88;
21760 : EF11;
21761 : F23F;
21762 : 0558;
21763 : F17B;
21764 : 123D;
21765 : F97B;
21766 : 01CB;
21767 : EC2F;
21768 : 0CE3;
21769 : 07C0;
21770 : 0A4D;
21771 : F88A;
21772 : 0B76;
21773 : 008B;
21774 : FD77;
21775 : 03F7;
21776 : F1BB;
21777 : F4D3;
21778 : 0BA1;
21779 : 06A9;
21780 : 06D6;
21781 : EE20;
21782 : F264;
21783 : FECE;
21784 : 0142;
21785 : FB5E;
21786 : 1105;
21787 : 025C;
21788 : F11F;
21789 : FD51;
21790 : 0BA5;
21791 : F1E7;
21792 : EB6E;
21793 : 0C04;
21794 : 03FC;
21795 : FC3A;
21796 : ED25;
21797 : 0C18;
21798 : 0165;
21799 : EC44;
21800 : 0332;
21801 : EED3;
21802 : FC70;
21803 : F97D;
21804 : FC78;
21805 : 0566;
21806 : 078F;
21807 : 0A92;
21808 : 0336;
21809 : F445;
21810 : 0327;
21811 : 1340;
21812 : F8A8;
21813 : 0F44;
21814 : 017E;
21815 : 009D;
21816 : 0456;
21817 : F5D7;
21818 : 027F;
21819 : 0C47;
21820 : 05C9;
21821 : F4A0;
21822 : 0B97;
21823 : FDE4;
21824 : 0814;
21825 : 01C4;
21826 : F69D;
21827 : F509;
21828 : 04A4;
21829 : FDAC;
21830 : FA01;
21831 : FA01;
21832 : 04E4;
21833 : FA9D;
21834 : F6FA;
21835 : FF73;
21836 : F694;
21837 : 075C;
21838 : 110E;
21839 : EDE9;
21840 : 00A1;
21841 : F3D8;
21842 : F413;
21843 : 0151;
21844 : 071A;
21845 : EF95;
21846 : 0325;
21847 : FACE;
21848 : FF14;
21849 : F22F;
21850 : F350;
21851 : 05E3;
21852 : 0959;
21853 : 0969;
21854 : 02C7;
21855 : 0752;
21856 : EA90;
21857 : 0B91;
21858 : 069C;
21859 : F651;
21860 : 1382;
21861 : FC06;
21862 : 116E;
21863 : ECD3;
21864 : 0250;
21865 : F238;
21866 : F5D5;
21867 : 06E7;
21868 : FE2A;
21869 : 0CB4;
21870 : 0825;
21871 : 029D;
21872 : F774;
21873 : F5ED;
21874 : FBEF;
21875 : F860;
21876 : FE70;
21877 : 0EDA;
21878 : FCE2;
21879 : F91D;
21880 : F3E0;
21881 : EF25;
21882 : 0F4C;
21883 : F51B;
21884 : EF4E;
21885 : F39E;
21886 : F96F;
21887 : F02C;
21888 : 06E1;
21889 : 0D64;
21890 : E66B;
21891 : EE12;
21892 : 0736;
21893 : 064A;
21894 : F6B1;
21895 : 0473;
21896 : 00F0;
21897 : F3B5;
21898 : F306;
21899 : 0462;
21900 : 0A91;
21901 : FA7F;
21902 : F7D0;
21903 : 0D7F;
21904 : FC6F;
21905 : 0A91;
21906 : EC1B;
21907 : F825;
21908 : F23C;
21909 : E553;
21910 : 08A6;
21911 : FB4A;
21912 : FB34;
21913 : F3C0;
21914 : FB1C;
21915 : EC65;
21916 : E5F8;
21917 : 0634;
21918 : 1537;
21919 : F705;
21920 : FACC;
21921 : FC0A;
21922 : 1091;
21923 : 0E9B;
21924 : FE81;
21925 : EE3C;
21926 : 0D68;
21927 : F88C;
21928 : 01B9;
21929 : 0E3A;
21930 : 11B9;
21931 : F83D;
21932 : 0ADD;
21933 : EFAF;
21934 : 07F9;
21935 : FDBE;
21936 : F711;
21937 : EED4;
21938 : F05F;
21939 : 0799;
21940 : EB69;
21941 : 079A;
21942 : 0997;
21943 : 1083;
21944 : 0BE1;
21945 : 000E;
21946 : F783;
21947 : FACF;
21948 : 0AC8;
21949 : 091C;
21950 : F8C4;
21951 : EF2D;
21952 : 071C;
21953 : FA67;
21954 : F9B9;
21955 : FB60;
21956 : F3D3;
21957 : 0D17;
21958 : ED3D;
21959 : F437;
21960 : 0368;
21961 : FD92;
21962 : 0D38;
21963 : 1096;
21964 : FCCE;
21965 : 05F4;
21966 : 0E4D;
21967 : 0A32;
21968 : 0DE1;
21969 : 1068;
21970 : F438;
21971 : 13EC;
21972 : 1106;
21973 : 00D0;
21974 : FC75;
21975 : EDF8;
21976 : FFC0;
21977 : 0C09;
21978 : F623;
21979 : 0AE8;
21980 : FCB7;
21981 : F3FB;
21982 : 1070;
21983 : 04BF;
21984 : 08A8;
21985 : 0B47;
21986 : 0445;
21987 : FCA1;
21988 : FCEF;
21989 : FA48;
21990 : 0022;
21991 : F036;
21992 : 070C;
21993 : 0416;
21994 : FC12;
21995 : 182F;
21996 : F03C;
21997 : F27E;
21998 : 04E6;
21999 : F27F;
22000 : F77B;
22001 : 0E0E;
22002 : 04F5;
22003 : FB06;
22004 : 0A9B;
22005 : FCC8;
22006 : EEA9;
22007 : 0DC8;
22008 : EDCB;
22009 : 017C;
22010 : 0D96;
22011 : F0C2;
22012 : 12F8;
22013 : EE5D;
22014 : 0271;
22015 : 0D66;
22016 : FE0E;
22017 : 078E;
22018 : 0108;
22019 : EDFB;
22020 : 10AD;
22021 : 029E;
22022 : F959;
22023 : 055E;
22024 : 0E28;
22025 : 094B;
22026 : F67D;
22027 : 02CF;
22028 : 0A5D;
22029 : 0EB4;
22030 : FC29;
22031 : 0815;
22032 : ED7A;
22033 : 0674;
22034 : FF42;
22035 : 0639;
22036 : 079A;
22037 : EDFA;
22038 : FB9D;
22039 : 00A7;
22040 : F6FA;
22041 : FB28;
22042 : F548;
22043 : F796;
22044 : 06F3;
22045 : F8D8;
22046 : EF13;
22047 : 0DAE;
22048 : F53E;
22049 : FB1E;
22050 : EBAF;
22051 : FA7A;
22052 : FF7F;
22053 : F584;
22054 : F3B7;
22055 : F239;
22056 : F529;
22057 : EE87;
22058 : 07F5;
22059 : 0DA7;
22060 : 0AA1;
22061 : 0652;
22062 : FA5A;
22063 : 00E2;
22064 : 06A4;
22065 : FAD4;
22066 : FB2E;
22067 : 0C9B;
22068 : FAC5;
22069 : 0B65;
22070 : 0062;
22071 : 0254;
22072 : 105B;
22073 : FE7D;
22074 : F395;
22075 : 0911;
22076 : 04CB;
22077 : EF03;
22078 : 1120;
22079 : 04F8;
22080 : EDD3;
22081 : FA22;
22082 : EC4F;
22083 : F368;
22084 : FC68;
22085 : FD99;
22086 : FC28;
22087 : 038F;
22088 : 0DBB;
22089 : FCFC;
22090 : FE48;
22091 : 0246;
22092 : 0EC1;
22093 : 0FA6;
22094 : F3FF;
22095 : F71C;
22096 : 0C97;
22097 : 0877;
22098 : 0E47;
22099 : 0D61;
22100 : 007C;
22101 : F0DB;
22102 : 072E;
22103 : F3A9;
22104 : 09E4;
22105 : F2B2;
22106 : 0B97;
22107 : 037C;
22108 : F6B8;
22109 : EC65;
22110 : F180;
22111 : EFAA;
22112 : 0A88;
22113 : 0AA5;
22114 : 0A98;
22115 : 07AC;
22116 : 011E;
22117 : F33B;
22118 : 081E;
22119 : F5C1;
22120 : 0B2B;
22121 : FD36;
22122 : FE15;
22123 : 0084;
22124 : 0371;
22125 : 0FB7;
22126 : 0788;
22127 : FF4A;
22128 : 1699;
22129 : F5E8;
22130 : 0265;
22131 : 1162;
22132 : 0F91;
22133 : 0AD3;
22134 : FE90;
22135 : 143F;
22136 : FEFB;
22137 : 0B35;
22138 : 070E;
22139 : F1D0;
22140 : F30A;
22141 : 046A;
22142 : 0807;
22143 : F4F0;
22144 : 0F6F;
22145 : 097B;
22146 : EDDA;
22147 : F76F;
22148 : 151A;
22149 : 0496;
22150 : F25C;
22151 : FEA5;
22152 : 0171;
22153 : F143;
22154 : FA93;
22155 : F04C;
22156 : 0B71;
22157 : 1208;
22158 : 0BF3;
22159 : FB09;
22160 : F643;
22161 : 0F79;
22162 : FAAC;
22163 : F012;
22164 : 0829;
22165 : 07AE;
22166 : EFA4;
22167 : FC08;
22168 : F610;
22169 : 0F4B;
22170 : F1C6;
22171 : 0E88;
22172 : 0388;
22173 : 0819;
22174 : 1119;
22175 : 05E0;
22176 : F9DE;
22177 : FBDF;
22178 : EFF7;
22179 : F2C4;
22180 : 0579;
22181 : 0DFE;
22182 : EEBA;
22183 : FBA7;
22184 : 16E1;
22185 : 0085;
22186 : 0E70;
22187 : F095;
22188 : 0951;
22189 : 0661;
22190 : 0AE0;
22191 : 11B8;
22192 : F8F8;
22193 : 03AB;
22194 : 035A;
22195 : EFAB;
22196 : 00E2;
22197 : FADF;
22198 : EE5B;
22199 : F447;
22200 : FC01;
22201 : 0AF3;
22202 : 096C;
22203 : F940;
22204 : 015C;
22205 : FD6D;
22206 : F941;
22207 : FB67;
22208 : FD5D;
22209 : F8D3;
22210 : F704;
22211 : 0A73;
22212 : 0CEC;
22213 : FA52;
22214 : FE49;
22215 : 0AFC;
22216 : FB71;
22217 : 139A;
22218 : 035A;
22219 : FED4;
22220 : 1368;
22221 : 0C82;
22222 : 1624;
22223 : F76A;
22224 : 0419;
22225 : 08FA;
22226 : 0C1B;
22227 : 04EB;
22228 : 125E;
22229 : E996;
22230 : F84C;
22231 : F157;
22232 : 06BF;
22233 : F832;
22234 : 0B2A;
22235 : F5BE;
22236 : F505;
22237 : FC55;
22238 : 01BD;
22239 : EE85;
22240 : 0959;
22241 : F849;
22242 : 1073;
22243 : F204;
22244 : 055D;
22245 : EBAE;
22246 : ED86;
22247 : F8F6;
22248 : 01F2;
22249 : 015C;
22250 : EF5C;
22251 : F204;
22252 : 0F7E;
22253 : 07FA;
22254 : 156E;
22255 : 0E60;
22256 : 024B;
22257 : 09B0;
22258 : F78D;
22259 : F858;
22260 : 0E7B;
22261 : F0F8;
22262 : E9CA;
22263 : FB8D;
22264 : 0EE4;
22265 : F7AC;
22266 : F9EA;
22267 : F2B1;
22268 : F34D;
22269 : FD05;
22270 : F322;
22271 : 0798;
22272 : F5DC;
22273 : 0265;
22274 : F9B4;
22275 : FCA6;
22276 : F8FE;
22277 : FD9D;
22278 : 066A;
22279 : F9CD;
22280 : FAA7;
22281 : 0CA6;
22282 : 0511;
22283 : EC16;
22284 : EF88;
22285 : 00F0;
22286 : 0A4A;
22287 : F46C;
22288 : 14EE;
22289 : 0950;
22290 : F957;
22291 : FFE7;
22292 : 06E6;
22293 : 07BF;
22294 : 1009;
22295 : 06F0;
22296 : 0E76;
22297 : FB8A;
22298 : 0691;
22299 : 0A20;
22300 : FD8B;
22301 : F1CD;
22302 : 08DD;
22303 : 0E01;
22304 : F469;
22305 : F178;
22306 : 0D82;
22307 : 00C9;
22308 : F68C;
22309 : 0D7E;
22310 : 013D;
22311 : FCD5;
22312 : F6CB;
22313 : 09AC;
22314 : 02C1;
22315 : ECF3;
22316 : 0D5E;
22317 : 02E9;
22318 : F3E1;
22319 : 10EC;
22320 : 05C4;
22321 : 116F;
22322 : F4F3;
22323 : 02D8;
22324 : F4CC;
22325 : F55C;
22326 : F4E9;
22327 : FCAC;
22328 : 0A1F;
22329 : EE17;
22330 : F2AA;
22331 : 01A4;
22332 : FD89;
22333 : FFA5;
22334 : FA16;
22335 : 11EC;
22336 : 0386;
22337 : 01C4;
22338 : FE02;
22339 : F214;
22340 : 01A0;
22341 : FB82;
22342 : 0C48;
22343 : FEDF;
22344 : FDB6;
22345 : F82E;
22346 : 022A;
22347 : 0AC5;
22348 : F5B5;
22349 : F32C;
22350 : F227;
22351 : 0A56;
22352 : 08C1;
22353 : 0C49;
22354 : 0E61;
22355 : F131;
22356 : FFD2;
22357 : 12A4;
22358 : 1034;
22359 : 05C6;
22360 : 0A1F;
22361 : 079B;
22362 : FB15;
22363 : F954;
22364 : 090B;
22365 : 10E3;
22366 : FCD2;
22367 : 042E;
22368 : F8F9;
22369 : 092B;
22370 : 0357;
22371 : FBE8;
22372 : 0703;
22373 : 06E6;
22374 : 0B86;
22375 : 0ED7;
22376 : EF3F;
22377 : 0CA0;
22378 : 0DC7;
22379 : 088C;
22380 : 121E;
22381 : FBCC;
22382 : 008A;
22383 : 13D0;
22384 : F93D;
22385 : F6E8;
22386 : FA04;
22387 : F6FE;
22388 : EE29;
22389 : 023D;
22390 : EA50;
22391 : EDD7;
22392 : FFDA;
22393 : F3E6;
22394 : FB81;
22395 : 13E1;
22396 : F67D;
22397 : FE71;
22398 : FDC2;
22399 : FE11;
22400 : 02CF;
22401 : 004A;
22402 : EFC3;
22403 : 1141;
22404 : 0599;
22405 : 07AF;
22406 : F475;
22407 : 0680;
22408 : EE64;
22409 : 1464;
22410 : F542;
22411 : F141;
22412 : EF85;
22413 : EF3B;
22414 : F6FA;
22415 : 0F40;
22416 : 121A;
22417 : FEAC;
22418 : F74A;
22419 : EABC;
22420 : 0996;
22421 : 1914;
22422 : 0FB7;
22423 : F6CB;
22424 : 0671;
22425 : 0C38;
22426 : 05C5;
22427 : F30F;
22428 : 0743;
22429 : 0664;
22430 : F39E;
22431 : 057C;
22432 : EEBA;
22433 : 0CCB;
22434 : 0B37;
22435 : 01AE;
22436 : 10AE;
22437 : 05BA;
22438 : 0D08;
22439 : F303;
22440 : 028A;
22441 : F5A5;
22442 : 04BF;
22443 : F44F;
22444 : 022B;
22445 : 066F;
22446 : F865;
22447 : 06D1;
22448 : F73B;
22449 : 052D;
22450 : FB79;
22451 : EFFA;
22452 : 0495;
22453 : EFEF;
22454 : EAFC;
22455 : 0AF3;
22456 : F734;
22457 : 0642;
22458 : 06C2;
22459 : EF91;
22460 : F46F;
22461 : 129B;
22462 : 0F5B;
22463 : FD29;
22464 : 060B;
22465 : F266;
22466 : EC86;
22467 : 114A;
22468 : 1081;
22469 : EFBB;
22470 : 08E9;
22471 : 0585;
22472 : 0039;
22473 : 0B4B;
22474 : EF64;
22475 : EEF5;
22476 : F31A;
22477 : 137B;
22478 : FC53;
22479 : 0C77;
22480 : F6AE;
22481 : F8AB;
22482 : F187;
22483 : 0339;
22484 : 0058;
22485 : 05D5;
22486 : 0445;
22487 : FAAE;
22488 : 0B4B;
22489 : FA0B;
22490 : 0914;
22491 : 0B89;
22492 : F8BB;
22493 : 09F8;
22494 : 121E;
22495 : 06FE;
22496 : F989;
22497 : F874;
22498 : ECF3;
22499 : F9E0;
22500 : 0085;
22501 : F4B0;
22502 : 0D97;
22503 : F4D0;
22504 : F5B2;
22505 : EB82;
22506 : F594;
22507 : EA3D;
22508 : 0CF7;
22509 : 0B1F;
22510 : FD3B;
22511 : F630;
22512 : 0A4A;
22513 : FA5A;
22514 : 0D19;
22515 : EF2F;
22516 : FA0C;
22517 : 0CB9;
22518 : 0C84;
22519 : ECD0;
22520 : 05E7;
22521 : FDEE;
22522 : 088F;
22523 : 06EB;
22524 : EB86;
22525 : 14CD;
22526 : 014C;
22527 : 0674;
22528 : FA64;
22529 : 1681;
22530 : 02CF;
22531 : 1186;
22532 : 051C;
22533 : ED7A;
22534 : 13ED;
22535 : 086C;
22536 : 0958;
22537 : F876;
22538 : 0167;
22539 : 060D;
22540 : EF6C;
22541 : 04D5;
22542 : F202;
22543 : 0B7C;
22544 : FD06;
22545 : 0451;
22546 : EFBA;
22547 : EE41;
22548 : ED3E;
22549 : FD23;
22550 : 0A82;
22551 : 03C9;
22552 : FE82;
22553 : EEAA;
22554 : F287;
22555 : 0F4F;
22556 : F77E;
22557 : 02AD;
22558 : 0439;
22559 : F9FB;
22560 : F96B;
22561 : 09F4;
22562 : ED93;
22563 : F504;
22564 : 06B1;
22565 : F09A;
22566 : 042B;
22567 : EEB7;
22568 : 05AD;
22569 : FCF1;
22570 : 07FB;
22571 : EB0E;
22572 : F994;
22573 : FE9D;
22574 : FF7A;
22575 : FECB;
22576 : F81E;
22577 : F8B3;
22578 : FE70;
22579 : EFB6;
22580 : FC2B;
22581 : EF88;
22582 : 060C;
22583 : 0F50;
22584 : 0F72;
22585 : 0931;
22586 : F17F;
22587 : 0DD2;
22588 : EEDA;
22589 : F63C;
22590 : FA0A;
22591 : 093E;
22592 : 1605;
22593 : 106A;
22594 : 0D65;
22595 : F47B;
22596 : F151;
22597 : F583;
22598 : FA7B;
22599 : 0CAA;
22600 : ED7D;
22601 : FA59;
22602 : FFAC;
22603 : 1077;
22604 : F9F4;
22605 : 1496;
22606 : F334;
22607 : 0D6F;
22608 : F050;
22609 : 0070;
22610 : 0ED6;
22611 : FF58;
22612 : 1010;
22613 : FB21;
22614 : FAB0;
22615 : F542;
22616 : F6FD;
22617 : EDE6;
22618 : F457;
22619 : FE14;
22620 : EC9F;
22621 : 0003;
22622 : 0235;
22623 : 0490;
22624 : 133A;
22625 : 0638;
22626 : FD4C;
22627 : 00BC;
22628 : F2BE;
22629 : FBD9;
22630 : 03C2;
22631 : FF4F;
22632 : 05B2;
22633 : EFF2;
22634 : F9DE;
22635 : EE1F;
22636 : FE7A;
22637 : F84F;
22638 : F6C6;
22639 : 0622;
22640 : F302;
22641 : 0D36;
22642 : EBCE;
22643 : 0436;
22644 : F4A0;
22645 : 0E5A;
22646 : F62E;
22647 : 120A;
22648 : F893;
22649 : 04E7;
22650 : 0471;
22651 : F21B;
22652 : 041E;
22653 : F713;
22654 : 0B9B;
22655 : 07B3;
22656 : 03FB;
22657 : 0769;
22658 : 0C1B;
22659 : 12C1;
22660 : 0FBC;
22661 : 0626;
22662 : 06D2;
22663 : FE3E;
22664 : 0000;
22665 : F041;
22666 : FAC9;
22667 : 0D00;
22668 : F409;
22669 : 05F7;
22670 : F698;
22671 : 058F;
22672 : 01E7;
22673 : F542;
22674 : 0716;
22675 : 08BA;
22676 : F1F8;
22677 : EEE6;
22678 : 0AE1;
22679 : 0BEE;
22680 : 0C36;
22681 : F3E9;
22682 : FE94;
22683 : F4C3;
22684 : 02D4;
22685 : ED5D;
22686 : F707;
22687 : F82D;
22688 : F9BB;
22689 : F911;
22690 : 0FE2;
22691 : FFB4;
22692 : 0A52;
22693 : 0DB2;
22694 : 0365;
22695 : 0BFA;
22696 : 05DF;
22697 : EE18;
22698 : F51E;
22699 : F4E8;
22700 : F757;
22701 : FBBD;
22702 : 0B37;
22703 : 084A;
22704 : EEF1;
22705 : EFEE;
22706 : 0761;
22707 : F656;
22708 : 03A2;
22709 : 102D;
22710 : 0DE0;
22711 : F39D;
22712 : FA0C;
22713 : 060A;
22714 : FAA1;
22715 : EDAC;
22716 : 0F38;
22717 : F862;
22718 : 0D26;
22719 : 0523;
22720 : F2E6;
22721 : 078D;
22722 : 09AC;
22723 : 0568;
22724 : F4B5;
22725 : 04E0;
22726 : EEE4;
22727 : F8A8;
22728 : 0C42;
22729 : F4C1;
22730 : 0468;
22731 : 1037;
22732 : 03E1;
22733 : F985;
22734 : F410;
22735 : F9CB;
22736 : 019A;
22737 : EF08;
22738 : F78E;
22739 : 0A3C;
22740 : 1136;
22741 : FD7A;
22742 : F558;
22743 : 0A0C;
22744 : F584;
22745 : FC2C;
22746 : ECE7;
22747 : 12CB;
22748 : EBAD;
22749 : 10F4;
22750 : FCEB;
22751 : 0B65;
22752 : FD7F;
22753 : 0EA1;
22754 : FB6C;
22755 : 0604;
22756 : F09C;
22757 : FF2E;
22758 : 0EDE;
22759 : 13C6;
22760 : 0697;
22761 : FA4A;
22762 : EF67;
22763 : FC97;
22764 : F4C2;
22765 : 0CE6;
22766 : 1760;
22767 : F5B2;
22768 : EDEB;
22769 : 090A;
22770 : 0475;
22771 : F249;
22772 : FD30;
22773 : F7D0;
22774 : 0542;
22775 : F39C;
22776 : 0C97;
22777 : 075A;
22778 : 0791;
22779 : EF69;
22780 : 074D;
22781 : EE49;
22782 : F9F8;
22783 : FEE6;
22784 : FECD;
22785 : FA2C;
22786 : F79D;
22787 : F40F;
22788 : 132B;
22789 : F1BC;
22790 : 0F60;
22791 : 0BB7;
22792 : F6E7;
22793 : FE73;
22794 : 050E;
22795 : F171;
22796 : F319;
22797 : F871;
22798 : FB3B;
22799 : 060C;
22800 : EDE7;
22801 : FCCD;
22802 : 002B;
22803 : 04C4;
22804 : 0CF8;
22805 : 1016;
22806 : F1C5;
22807 : 06DB;
22808 : EC6B;
22809 : FA00;
22810 : F3D8;
22811 : F95D;
22812 : 0254;
22813 : F870;
22814 : 1782;
22815 : 01E5;
22816 : FE0C;
22817 : 138D;
22818 : 03B2;
22819 : F6D6;
22820 : FB8E;
22821 : FB9A;
22822 : F384;
22823 : 0446;
22824 : EEFE;
22825 : F9EE;
22826 : 125E;
22827 : FD9B;
22828 : 0ACE;
22829 : F4F7;
22830 : 0205;
22831 : F30A;
22832 : 02FF;
22833 : EECE;
22834 : 0001;
22835 : 0990;
22836 : 004D;
22837 : F26C;
22838 : EDF5;
22839 : F2CE;
22840 : 0E53;
22841 : 1044;
22842 : 059D;
22843 : 0AEE;
22844 : F5BE;
22845 : 095F;
22846 : 0438;
22847 : 0307;
22848 : 00DC;
22849 : 12A5;
22850 : F170;
22851 : 092F;
22852 : F77E;
22853 : 1356;
22854 : 0460;
22855 : F603;
22856 : 119D;
22857 : 0D43;
22858 : 0A47;
22859 : 0414;
22860 : 02C1;
22861 : F367;
22862 : F563;
22863 : 0B6D;
22864 : EE2A;
22865 : EBDD;
22866 : 03E7;
22867 : 0ED9;
22868 : F4D1;
22869 : 0FB6;
22870 : FBBD;
22871 : 0137;
22872 : 060E;
22873 : 0088;
22874 : F6CA;
22875 : 12B7;
22876 : EA7D;
22877 : FC9C;
22878 : F6D3;
22879 : 0CFA;
22880 : F418;
22881 : EE65;
22882 : EB7E;
22883 : 0C1B;
22884 : 0837;
22885 : 0618;
22886 : F138;
22887 : ED57;
22888 : EE82;
22889 : FD10;
22890 : F455;
22891 : FDC5;
22892 : 0F60;
22893 : 0A18;
22894 : F934;
22895 : FB7F;
22896 : 0ADA;
22897 : F9DE;
22898 : FE33;
22899 : 139C;
22900 : 0B4F;
22901 : 07C5;
22902 : 0C2A;
22903 : 05E8;
22904 : FF19;
22905 : FAA3;
22906 : 06C1;
22907 : 0D20;
22908 : 0BE8;
22909 : F6EA;
22910 : 126F;
22911 : 089F;
22912 : F853;
22913 : 0ED0;
22914 : F452;
22915 : 0C87;
22916 : FAA0;
22917 : ECF5;
22918 : 134E;
22919 : 0D1E;
22920 : 0E18;
22921 : F380;
22922 : 0BF4;
22923 : 1039;
22924 : 1389;
22925 : 0FFD;
22926 : FC6B;
22927 : FCF5;
22928 : FA14;
22929 : EBBE;
22930 : F4F0;
22931 : F9D2;
22932 : FB57;
22933 : F989;
22934 : 0723;
22935 : F56A;
22936 : F6F7;
22937 : E89B;
22938 : 0C64;
22939 : F0B1;
22940 : 0115;
22941 : 0A8A;
22942 : 0BE4;
22943 : 085A;
22944 : 0D7E;
22945 : 0BCA;
22946 : FE17;
22947 : 08A3;
22948 : 0E27;
22949 : FE53;
22950 : FB7D;
22951 : 0B34;
22952 : FADF;
22953 : EB1A;
22954 : F1A6;
22955 : 0672;
22956 : 01DE;
22957 : 0EC4;
22958 : 0F76;
22959 : 086A;
22960 : F3FD;
22961 : F08D;
22962 : 06FE;
22963 : F16F;
22964 : 0E10;
22965 : F6B9;
22966 : 0A7C;
22967 : 049D;
22968 : FEDE;
22969 : F386;
22970 : 0A5D;
22971 : 04A6;
22972 : FE6E;
22973 : F0F4;
22974 : 1139;
22975 : 0910;
22976 : ECE0;
22977 : FD2E;
22978 : 0CAD;
22979 : 0C1B;
22980 : FDF5;
22981 : F489;
22982 : 08B4;
22983 : FAD0;
22984 : 0FA3;
22985 : 0100;
22986 : 0579;
22987 : F045;
22988 : F0DE;
22989 : 022A;
22990 : FDB7;
22991 : F0BE;
22992 : F9AD;
22993 : 0B07;
22994 : F120;
22995 : EDD8;
22996 : 0D70;
22997 : F56C;
22998 : F400;
22999 : FA29;
23000 : EECD;
23001 : 05EE;
23002 : 0D39;
23003 : ECD0;
23004 : FF96;
23005 : 01ED;
23006 : 026D;
23007 : FDAC;
23008 : 0AB7;
23009 : 0C5B;
23010 : F7C8;
23011 : F185;
23012 : 058F;
23013 : EC7E;
23014 : F50A;
23015 : 0D05;
23016 : F028;
23017 : F2BA;
23018 : 01F8;
23019 : 11F7;
23020 : 05E7;
23021 : 08A1;
23022 : FA1A;
23023 : FF49;
23024 : FD7D;
23025 : 08FC;
23026 : 111A;
23027 : FFF3;
23028 : FD7C;
23029 : 0403;
23030 : 12A6;
23031 : FDB5;
23032 : 10CF;
23033 : 0CE9;
23034 : FE17;
23035 : F735;
23036 : F615;
23037 : F233;
23038 : F083;
23039 : F2E2;
23040 : F130;
23041 : 14AE;
23042 : ED03;
23043 : FBD4;
23044 : 01D7;
23045 : 0B6B;
23046 : 14B8;
23047 : 0E2B;
23048 : F892;
23049 : 0CBC;
23050 : F730;
23051 : EFFC;
23052 : FC8B;
23053 : 12DB;
23054 : EDB7;
23055 : ECDB;
23056 : F662;
23057 : F3E4;
23058 : 06DB;
23059 : 0206;
23060 : 062F;
23061 : 0DC1;
23062 : F4AB;
23063 : FA33;
23064 : 02E7;
23065 : F20B;
23066 : E970;
23067 : F0E7;
23068 : F5DA;
23069 : 0121;
23070 : F4A0;
23071 : 00BE;
23072 : 126C;
23073 : F156;
23074 : 0FB1;
23075 : 0213;
23076 : F7FA;
23077 : F5FA;
23078 : EBC5;
23079 : FAA0;
23080 : F8E1;
23081 : FD02;
23082 : F4F0;
23083 : F5AE;
23084 : F025;
23085 : F449;
23086 : FA07;
23087 : F87B;
23088 : FD67;
23089 : F010;
23090 : F82A;
23091 : 0D4A;
23092 : 00FD;
23093 : FCDA;
23094 : 0D04;
23095 : FAAD;
23096 : FBB1;
23097 : FCA9;
23098 : 0B69;
23099 : EA56;
23100 : F83E;
23101 : 1048;
23102 : 0495;
23103 : F9F1;
23104 : EBBD;
23105 : F416;
23106 : 0749;
23107 : 02D7;
23108 : 1141;
23109 : 042C;
23110 : 0199;
23111 : 0E1E;
23112 : 057C;
23113 : F397;
23114 : FCDF;
23115 : F0BD;
23116 : F3A3;
23117 : F6ED;
23118 : 0D55;
23119 : 034C;
23120 : F5F4;
23121 : FC56;
23122 : 1024;
23123 : F980;
23124 : F306;
23125 : FB48;
23126 : EE2B;
23127 : F262;
23128 : EAB1;
23129 : 073A;
23130 : F1DE;
23131 : EBC9;
23132 : F976;
23133 : F226;
23134 : F5E5;
23135 : 059D;
23136 : EF6D;
23137 : FDF4;
23138 : 0EAD;
23139 : 0C73;
23140 : F8D4;
23141 : 0A77;
23142 : 0BA3;
23143 : 04AC;
23144 : 090D;
23145 : FF24;
23146 : 0084;
23147 : 0D1E;
23148 : FB42;
23149 : 0B09;
23150 : 04C8;
23151 : 0840;
23152 : 075D;
23153 : F4D9;
23154 : F4B5;
23155 : 01E1;
23156 : FD5C;
23157 : 0D47;
23158 : 0D7C;
23159 : 0D66;
23160 : 0AD0;
23161 : F429;
23162 : 10A1;
23163 : FDF9;
23164 : ECB6;
23165 : 085E;
23166 : F2ED;
23167 : 0917;
23168 : 01CC;
23169 : F073;
23170 : 1058;
23171 : FEBA;
23172 : F628;
23173 : 1301;
23174 : F750;
23175 : FFE4;
23176 : 0A52;
23177 : 016E;
23178 : FECE;
23179 : 08B5;
23180 : EF34;
23181 : F3BA;
23182 : 0840;
23183 : 0862;
23184 : 02B2;
23185 : 035C;
23186 : F049;
23187 : FB9B;
23188 : F5C5;
23189 : 1E16;
23190 : 177C;
23191 : 0772;
23192 : 0D9F;
23193 : FF6B;
23194 : F931;
23195 : EF7B;
23196 : 12D6;
23197 : 035E;
23198 : FE9C;
23199 : F008;
23200 : 0FA9;
23201 : 0BA5;
23202 : F51F;
23203 : 13CC;
23204 : F50A;
23205 : FF3C;
23206 : 018A;
23207 : 0BCB;
23208 : FFFC;
23209 : 128F;
23210 : F09E;
23211 : 0819;
23212 : 0ADA;
23213 : F846;
23214 : F766;
23215 : 09E3;
23216 : 09E4;
23217 : 003B;
23218 : FF2B;
23219 : FD7A;
23220 : 0BA9;
23221 : FC67;
23222 : 04C7;
23223 : F04C;
23224 : EDD4;
23225 : F1B3;
23226 : 15FE;
23227 : F76D;
23228 : F20E;
23229 : FEFF;
23230 : 0E11;
23231 : FB20;
23232 : 06E3;
23233 : 067B;
23234 : 0FDF;
23235 : 06E3;
23236 : F072;
23237 : FCCF;
23238 : 1065;
23239 : EEB4;
23240 : F993;
23241 : ED86;
23242 : EE9A;
23243 : 0784;
23244 : 110A;
23245 : 1248;
23246 : F9C9;
23247 : 0F1A;
23248 : F207;
23249 : EEF5;
23250 : 0F11;
23251 : 0807;
23252 : 0320;
23253 : F1D8;
23254 : FF35;
23255 : 1029;
23256 : F9C7;
23257 : 0CE3;
23258 : F6AA;
23259 : EE54;
23260 : 1189;
23261 : EDF3;
23262 : F6F0;
23263 : FD5E;
23264 : 0FDD;
23265 : FF42;
23266 : FC3D;
23267 : 0AED;
23268 : FBCD;
23269 : 0DD3;
23270 : 114E;
23271 : 07A0;
23272 : 0210;
23273 : 0ECD;
23274 : ECC4;
23275 : EA60;
23276 : 05A9;
23277 : F318;
23278 : EF28;
23279 : FAA7;
23280 : F36B;
23281 : 0371;
23282 : F42E;
23283 : 0130;
23284 : 09C4;
23285 : F5A3;
23286 : 102E;
23287 : F870;
23288 : 0F9B;
23289 : F4B3;
23290 : EFBE;
23291 : 0897;
23292 : 1225;
23293 : F59D;
23294 : EE49;
23295 : F6AE;
23296 : 0B5B;
23297 : F05C;
23298 : FA48;
23299 : EF0A;
23300 : FED2;
23301 : 0DD2;
23302 : 006D;
23303 : FF46;
23304 : FD30;
23305 : 122A;
23306 : 03A9;
23307 : 0163;
23308 : 039F;
23309 : 01E3;
23310 : 0EA8;
23311 : 0F13;
23312 : 053F;
23313 : 0A50;
23314 : F01F;
23315 : EFE8;
23316 : 003E;
23317 : 0628;
23318 : 03CD;
23319 : 09E5;
23320 : 11C3;
23321 : ED94;
23322 : EC7F;
23323 : 0102;
23324 : F378;
23325 : 0707;
23326 : 04A7;
23327 : 0114;
23328 : 0234;
23329 : 0165;
23330 : EDDB;
23331 : 0972;
23332 : 06DC;
23333 : 12A9;
23334 : 03C6;
23335 : 0189;
23336 : 011B;
23337 : FCF5;
23338 : 06A6;
23339 : 02ED;
23340 : 12E6;
23341 : F64C;
23342 : F4DB;
23343 : 10C6;
23344 : 0A47;
23345 : 0280;
23346 : 10AD;
23347 : FF77;
23348 : 0664;
23349 : 0416;
23350 : 0080;
23351 : 0C18;
23352 : F532;
23353 : F983;
23354 : 0EB8;
23355 : 0B54;
23356 : 075F;
23357 : 08EF;
23358 : 0C90;
23359 : FF88;
23360 : 1314;
23361 : 01FA;
23362 : FADB;
23363 : 07BE;
23364 : 0858;
23365 : F146;
23366 : 0177;
23367 : 011A;
23368 : 1184;
23369 : F2DE;
23370 : F472;
23371 : F116;
23372 : 0CFF;
23373 : FC25;
23374 : E9D4;
23375 : F323;
23376 : 1136;
23377 : 0625;
23378 : 0EE3;
23379 : EC97;
23380 : FB8A;
23381 : 0429;
23382 : 07EF;
23383 : 0FFC;
23384 : EAF9;
23385 : 0953;
23386 : 0346;
23387 : 132C;
23388 : ED48;
23389 : 010E;
23390 : F0D6;
23391 : FB3F;
23392 : 0A51;
23393 : 0DD8;
23394 : EF56;
23395 : 0404;
23396 : 1043;
23397 : FC23;
23398 : FCAB;
23399 : 028C;
23400 : 02A2;
23401 : FF23;
23402 : 12CD;
23403 : F918;
23404 : EE31;
23405 : 1026;
23406 : F919;
23407 : F9A6;
23408 : F938;
23409 : 0E34;
23410 : FD3E;
23411 : 0A66;
23412 : F33B;
23413 : FA53;
23414 : F27A;
23415 : 0E71;
23416 : EBF2;
23417 : EDA4;
23418 : 07C1;
23419 : F4C4;
23420 : 1090;
23421 : F056;
23422 : FF62;
23423 : 0577;
23424 : 0C8F;
23425 : F727;
23426 : FB18;
23427 : 06BF;
23428 : F87B;
23429 : F4B2;
23430 : 0873;
23431 : FFE1;
23432 : F3E1;
23433 : 02CD;
23434 : 0DAA;
23435 : ECEC;
23436 : F911;
23437 : ED26;
23438 : E899;
23439 : F630;
23440 : 11CC;
23441 : FC4C;
23442 : FF49;
23443 : 03DF;
23444 : 05A8;
23445 : FE83;
23446 : 0A71;
23447 : F990;
23448 : 0EB7;
23449 : 0250;
23450 : FA33;
23451 : FC6E;
23452 : 0A6D;
23453 : F26C;
23454 : 1690;
23455 : FC8C;
23456 : FE00;
23457 : F908;
23458 : 0D1C;
23459 : 096E;
23460 : 07CD;
23461 : F8A5;
23462 : F8DC;
23463 : F879;
23464 : 0822;
23465 : F12C;
23466 : 0718;
23467 : EFCC;
23468 : FB11;
23469 : 020D;
23470 : F514;
23471 : ED8A;
23472 : 0ACF;
23473 : FD75;
23474 : FDDA;
23475 : 1059;
23476 : FCF7;
23477 : F546;
23478 : F875;
23479 : 113B;
23480 : 07EE;
23481 : F06D;
23482 : F2B8;
23483 : F68D;
23484 : 0B44;
23485 : 0E2D;
23486 : 0A67;
23487 : 00C9;
23488 : 0585;
23489 : F343;
23490 : 0C69;
23491 : EBF7;
23492 : F09F;
23493 : 0FF3;
23494 : FA78;
23495 : F36F;
23496 : 0C91;
23497 : 09E7;
23498 : 043C;
23499 : 0144;
23500 : 0FD4;
23501 : 07FA;
23502 : 0C0E;
23503 : 0519;
23504 : 0AF4;
23505 : 068C;
23506 : F0BB;
23507 : 041A;
23508 : 0476;
23509 : 06DA;
23510 : 093B;
23511 : FE26;
23512 : 1162;
23513 : 0190;
23514 : 0F98;
23515 : ECE1;
23516 : 124E;
23517 : F0D4;
23518 : 06C1;
23519 : 125A;
23520 : 06AB;
23521 : F289;
23522 : 028B;
23523 : F86B;
23524 : 0F93;
23525 : 0F01;
23526 : 1187;
23527 : 09BE;
23528 : F7EF;
23529 : FF4F;
23530 : FF05;
23531 : 0AB0;
23532 : F720;
23533 : 0FA1;
23534 : EF87;
23535 : 0236;
23536 : F404;
23537 : 0E2C;
23538 : 0282;
23539 : FCA3;
23540 : F7BF;
23541 : 10B5;
23542 : 03D8;
23543 : F8E4;
23544 : EF66;
23545 : 09C9;
23546 : 0914;
23547 : 0531;
23548 : F030;
23549 : 0CA4;
23550 : 0936;
23551 : 0404;
23552 : 0E9E;
23553 : F6D4;
23554 : EC3B;
23555 : FDF7;
23556 : F7FB;
23557 : F77D;
23558 : F861;
23559 : F017;
23560 : FA2E;
23561 : FEB6;
23562 : F5A7;
23563 : 086E;
23564 : FF88;
23565 : 0F97;
23566 : F038;
23567 : FAD2;
23568 : FB4D;
23569 : F8A9;
23570 : ECAC;
23571 : 03F4;
23572 : F977;
23573 : E589;
23574 : F5E5;
23575 : EC88;
23576 : F69D;
23577 : FFA6;
23578 : F4C5;
23579 : FF06;
23580 : 03E1;
23581 : EE2A;
23582 : F5EC;
23583 : F717;
23584 : 0C77;
23585 : F75A;
23586 : 01BC;
23587 : 1491;
23588 : F83D;
23589 : FFBE;
23590 : F000;
23591 : 0922;
23592 : 15D4;
23593 : F2C0;
23594 : F9FA;
23595 : F6AD;
23596 : FB01;
23597 : 1230;
23598 : 11DD;
23599 : 06F8;
23600 : 0E00;
23601 : 1021;
23602 : 0FD7;
23603 : 00D0;
23604 : 0223;
23605 : 0670;
23606 : 0FE4;
23607 : F62C;
23608 : 0E09;
23609 : F9A1;
23610 : 06CC;
23611 : EC99;
23612 : F33B;
23613 : 09E7;
23614 : 0E5E;
23615 : 12E6;
23616 : 0328;
23617 : F2D6;
23618 : F68A;
23619 : 0C81;
23620 : F765;
23621 : F725;
23622 : FE43;
23623 : 0F67;
23624 : 0C4C;
23625 : FE66;
23626 : 1046;
23627 : 0A77;
23628 : F57C;
23629 : EAE2;
23630 : 13CA;
23631 : 0F0F;
23632 : F0A3;
23633 : F901;
23634 : 0530;
23635 : 0DF6;
23636 : 012F;
23637 : E087;
23638 : FF3B;
23639 : F77B;
23640 : 0601;
23641 : EBA5;
23642 : FD05;
23643 : 12C0;
23644 : ED96;
23645 : EED9;
23646 : F19F;
23647 : F8B7;
23648 : F9B6;
23649 : 0817;
23650 : 0BE5;
23651 : F14C;
23652 : F8D8;
23653 : 0576;
23654 : F668;
23655 : FF06;
23656 : EE22;
23657 : ED1A;
23658 : F526;
23659 : 0399;
23660 : 01D3;
23661 : 0F1A;
23662 : 1705;
23663 : 0EF2;
23664 : 0232;
23665 : 04A5;
23666 : 0CDA;
23667 : 00C8;
23668 : 10FE;
23669 : 0366;
23670 : EC56;
23671 : F07A;
23672 : 0AD1;
23673 : FD69;
23674 : FD37;
23675 : 077D;
23676 : 0479;
23677 : F2C5;
23678 : 02CC;
23679 : 0AB3;
23680 : 051D;
23681 : 0AF3;
23682 : E9D1;
23683 : 007C;
23684 : F97F;
23685 : F11F;
23686 : EE21;
23687 : F812;
23688 : 0973;
23689 : 06A9;
23690 : 00BB;
23691 : F1D3;
23692 : 0D5C;
23693 : 01ED;
23694 : 0446;
23695 : EEE6;
23696 : F711;
23697 : F874;
23698 : 0A9C;
23699 : FAF9;
23700 : 114A;
23701 : E04D;
23702 : FA35;
23703 : F735;
23704 : 075C;
23705 : 095B;
23706 : FF9D;
23707 : 06BA;
23708 : 0066;
23709 : 0252;
23710 : 10E4;
23711 : 11FE;
23712 : F26B;
23713 : 08AE;
23714 : EC62;
23715 : F4AB;
23716 : FA45;
23717 : 094F;
23718 : 00EC;
23719 : F79C;
23720 : FA05;
23721 : 0C33;
23722 : 0D18;
23723 : FCB0;
23724 : EDCA;
23725 : F66A;
23726 : F2DB;
23727 : 1370;
23728 : 07CB;
23729 : 0AD6;
23730 : 009D;
23731 : F85F;
23732 : F290;
23733 : EFB2;
23734 : 108B;
23735 : 124A;
23736 : FAF9;
23737 : F950;
23738 : 111A;
23739 : 0213;
23740 : 1318;
23741 : 03B3;
23742 : F007;
23743 : 051C;
23744 : FB63;
23745 : FE25;
23746 : F1C2;
23747 : 0179;
23748 : EDB8;
23749 : EB3F;
23750 : F8E4;
23751 : FB2D;
23752 : 03F6;
23753 : 0BA5;
23754 : 079C;
23755 : EDEE;
23756 : 0091;
23757 : 111E;
23758 : 0617;
23759 : F3F7;
23760 : FB89;
23761 : FC09;
23762 : FA62;
23763 : 099F;
23764 : F229;
23765 : F599;
23766 : 0C9E;
23767 : 082D;
23768 : F296;
23769 : 08DA;
23770 : FC5B;
23771 : FC2F;
23772 : E804;
23773 : 1149;
23774 : 0BD4;
23775 : 0995;
23776 : 08C7;
23777 : EF91;
23778 : F485;
23779 : EE49;
23780 : 09F7;
23781 : EDCF;
23782 : 0026;
23783 : 072D;
23784 : F9FE;
23785 : 0E31;
23786 : 09CE;
23787 : 183E;
23788 : F0A9;
23789 : F482;
23790 : 1421;
23791 : F343;
23792 : FFA2;
23793 : FCF9;
23794 : 00D2;
23795 : 010B;
23796 : 09B9;
23797 : FACA;
23798 : 0334;
23799 : F03A;
23800 : FBE3;
23801 : F2F8;
23802 : 0418;
23803 : EC15;
23804 : 024B;
23805 : ED01;
23806 : F6AF;
23807 : FC98;
23808 : FE21;
23809 : 05C2;
23810 : EF49;
23811 : 0A2B;
23812 : EB58;
23813 : FA6B;
23814 : F690;
23815 : FB6C;
23816 : F06B;
23817 : 1601;
23818 : F3BB;
23819 : 0ED0;
23820 : F486;
23821 : 13D4;
23822 : 086C;
23823 : F5A9;
23824 : ED45;
23825 : 0232;
23826 : 0EAC;
23827 : 07DE;
23828 : F9FD;
23829 : F0B4;
23830 : 00B5;
23831 : F8BC;
23832 : F75A;
23833 : EC68;
23834 : F46F;
23835 : F399;
23836 : 0BE5;
23837 : 0074;
23838 : 04EC;
23839 : 0DBD;
23840 : EFBF;
23841 : 0289;
23842 : F913;
23843 : 048A;
23844 : 0523;
23845 : F093;
23846 : EDD2;
23847 : FCA2;
23848 : F3E1;
23849 : F885;
23850 : 0AC7;
23851 : 015D;
23852 : FFB8;
23853 : 043D;
23854 : FAEF;
23855 : 15C0;
23856 : F807;
23857 : 0768;
23858 : 0CA3;
23859 : 0293;
23860 : F61D;
23861 : 03C3;
23862 : F5A1;
23863 : F113;
23864 : 0B46;
23865 : 0A3B;
23866 : 095B;
23867 : EF6F;
23868 : F3D4;
23869 : 0852;
23870 : 0887;
23871 : 0457;
23872 : 0CAA;
23873 : 0574;
23874 : EDAD;
23875 : 04AD;
23876 : 1015;
23877 : F1A0;
23878 : EF40;
23879 : 050E;
23880 : 0DDE;
23881 : 0DE3;
23882 : FAFE;
23883 : 08D3;
23884 : FB65;
23885 : 0226;
23886 : 037E;
23887 : EFB4;
23888 : F9A6;
23889 : 087D;
23890 : 0A98;
23891 : F372;
23892 : 0952;
23893 : FD85;
23894 : FC80;
23895 : F951;
23896 : F5F8;
23897 : 0255;
23898 : F4E3;
23899 : 1390;
23900 : 031F;
23901 : 0566;
23902 : 1008;
23903 : FF9B;
23904 : F7E6;
23905 : 001E;
23906 : F824;
23907 : 00DE;
23908 : ED27;
23909 : 0070;
23910 : FC3D;
23911 : F98F;
23912 : 10E9;
23913 : EF05;
23914 : FC1B;
23915 : 13A6;
23916 : 04E9;
23917 : EFA3;
23918 : 133F;
23919 : F3F5;
23920 : 120B;
23921 : F84E;
23922 : 092E;
23923 : 0FAE;
23924 : 0F82;
23925 : 00D2;
23926 : 0445;
23927 : FE0C;
23928 : FE2B;
23929 : ED94;
23930 : 0A1F;
23931 : 0560;
23932 : 0675;
23933 : F765;
23934 : EB38;
23935 : 0A6A;
23936 : F3D4;
23937 : F9DE;
23938 : 02DE;
23939 : 026E;
23940 : EE9E;
23941 : F9D9;
23942 : 11CA;
23943 : 0866;
23944 : F489;
23945 : 10D0;
23946 : F6A1;
23947 : 0148;
23948 : 0605;
23949 : 05FC;
23950 : 1823;
23951 : 0313;
23952 : F5C3;
23953 : 044D;
23954 : F669;
23955 : 0F8C;
23956 : 034F;
23957 : E510;
23958 : FF0D;
23959 : FEBC;
23960 : 09AD;
23961 : 01D6;
23962 : 077D;
23963 : F631;
23964 : 080D;
23965 : F485;
23966 : 0AA6;
23967 : F5C4;
23968 : F183;
23969 : F509;
23970 : 08F6;
23971 : F6D2;
23972 : 11BF;
23973 : EDB6;
23974 : 04F2;
23975 : F64D;
23976 : 08A7;
23977 : 0A78;
23978 : 0A91;
23979 : F22E;
23980 : 003C;
23981 : 0337;
23982 : F747;
23983 : F723;
23984 : EF4B;
23985 : 0320;
23986 : 076D;
23987 : FAB8;
23988 : 05A7;
23989 : FBAD;
23990 : 0567;
23991 : 1301;
23992 : F76C;
23993 : EFD8;
23994 : 12BB;
23995 : F85D;
23996 : 0DE4;
23997 : FC24;
23998 : FA6B;
23999 : F744;
24000 : 02D5;
24001 : FEF7;
24002 : 0C26;
24003 : E927;
24004 : 01D8;
24005 : 019A;
24006 : 075E;
24007 : 1163;
24008 : 0619;
24009 : EF42;
24010 : 051D;
24011 : F644;
24012 : 0D50;
24013 : F801;
24014 : 031F;
24015 : 056F;
24016 : 0F65;
24017 : 0248;
24018 : 0D6C;
24019 : F0EE;
24020 : FC56;
24021 : EFAF;
24022 : 0503;
24023 : EF91;
24024 : 059A;
24025 : F09E;
24026 : 098D;
24027 : F3DF;
24028 : FD7F;
24029 : EE64;
24030 : F28C;
24031 : 0001;
24032 : 0875;
24033 : 0AD6;
24034 : EE63;
24035 : F7AA;
24036 : FCF4;
24037 : 06FF;
24038 : FCC1;
24039 : FB9C;
24040 : F80A;
24041 : F0FB;
24042 : FF5A;
24043 : 063F;
24044 : FB8C;
24045 : 026E;
24046 : 1168;
24047 : FFE2;
24048 : 13D8;
24049 : 1208;
24050 : 0F2B;
24051 : 0B5C;
24052 : EE57;
24053 : 04D2;
24054 : F99B;
24055 : 1080;
24056 : F3F8;
24057 : FEA1;
24058 : 12EC;
24059 : 062C;
24060 : 0577;
24061 : FFAD;
24062 : F576;
24063 : 093B;
24064 : 0C72;
24065 : 0ABC;
24066 : EDE4;
24067 : F067;
24068 : 14A5;
24069 : FACF;
24070 : 09EB;
24071 : 0534;
24072 : F28F;
24073 : 0EEC;
24074 : 021F;
24075 : F488;
24076 : 129A;
24077 : 0673;
24078 : 07AD;
24079 : F28D;
24080 : 1442;
24081 : FDBD;
24082 : F903;
24083 : EB95;
24084 : 0606;
24085 : FB0C;
24086 : F244;
24087 : 0D51;
24088 : EF05;
24089 : FA3C;
24090 : F891;
24091 : 045D;
24092 : 06AF;
24093 : 0FE8;
24094 : 0326;
24095 : F7AD;
24096 : F378;
24097 : FB8B;
24098 : 08C2;
24099 : E99E;
24100 : 0803;
24101 : FD0A;
24102 : F53A;
24103 : 0B9B;
24104 : 0A94;
24105 : FF7C;
24106 : F50E;
24107 : EA2F;
24108 : FF3A;
24109 : F445;
24110 : 0387;
24111 : 1147;
24112 : 026D;
24113 : 0267;
24114 : FAFA;
24115 : FE12;
24116 : 0931;
24117 : F8B2;
24118 : 002E;
24119 : F25F;
24120 : F585;
24121 : 0E24;
24122 : 02A3;
24123 : 1313;
24124 : F7A6;
24125 : 0A11;
24126 : 0719;
24127 : EE2E;
24128 : F5C6;
24129 : 1265;
24130 : F512;
24131 : EEA9;
24132 : 0F11;
24133 : 0FA4;
24134 : 1036;
24135 : 0B0A;
24136 : F878;
24137 : 0E53;
24138 : F1FE;
24139 : 0590;
24140 : ECE6;
24141 : 114B;
24142 : F2CC;
24143 : ECC8;
24144 : 0B5E;
24145 : 0DCC;
24146 : F068;
24147 : 1133;
24148 : 00DF;
24149 : 1636;
24150 : 08BB;
24151 : ECC5;
24152 : 0E2B;
24153 : 0DA4;
24154 : 0BEC;
24155 : 00EC;
24156 : 0B4A;
24157 : FFB6;
24158 : 03EF;
24159 : FBB7;
24160 : 10BA;
24161 : F8E9;
24162 : FB55;
24163 : 04DC;
24164 : 1163;
24165 : F2D6;
24166 : F6D8;
24167 : F42D;
24168 : 0D52;
24169 : 1102;
24170 : 0412;
24171 : EB72;
24172 : F455;
24173 : 0FE5;
24174 : 0828;
24175 : 0BC9;
24176 : F6B1;
24177 : F057;
24178 : F686;
24179 : EF9C;
24180 : 0B81;
24181 : 06A1;
24182 : ECF6;
24183 : 11A3;
24184 : F873;
24185 : 08A4;
24186 : 0801;
24187 : 03E1;
24188 : FC15;
24189 : FBD3;
24190 : F606;
24191 : 064C;
24192 : 04B3;
24193 : 10FA;
24194 : EE23;
24195 : 0B7E;
24196 : 0594;
24197 : FDE2;
24198 : F8DE;
24199 : F4DB;
24200 : 0CAF;
24201 : 0EC7;
24202 : 022F;
24203 : EB64;
24204 : F2B4;
24205 : 0721;
24206 : 1117;
24207 : EDA1;
24208 : 06F3;
24209 : E839;
24210 : EDA0;
24211 : F0A8;
24212 : F45A;
24213 : FFA6;
24214 : F925;
24215 : 01CC;
24216 : F8A3;
24217 : 0BE6;
24218 : 07C9;
24219 : F98F;
24220 : F6CF;
24221 : 0E03;
24222 : 03F2;
24223 : 02B2;
24224 : 07AC;
24225 : FB8A;
24226 : F4BD;
24227 : 022D;
24228 : F328;
24229 : 0796;
24230 : 0837;
24231 : F9F9;
24232 : F7E6;
24233 : 0288;
24234 : 04D2;
24235 : 0180;
24236 : FB40;
24237 : 0575;
24238 : FFCA;
24239 : 0A68;
24240 : 00F7;
24241 : 02D6;
24242 : F701;
24243 : F098;
24244 : F01D;
24245 : 082A;
24246 : 0786;
24247 : F98E;
24248 : 0ACB;
24249 : F6AA;
24250 : 0D07;
24251 : FE7E;
24252 : 0F2A;
24253 : 0E7D;
24254 : F911;
24255 : 00FB;
24256 : F4C7;
24257 : 0F6D;
24258 : F82F;
24259 : F54A;
24260 : F698;
24261 : EC4F;
24262 : FD8B;
24263 : F8E6;
24264 : EADE;
24265 : 07DC;
24266 : ECC5;
24267 : 029D;
24268 : F60E;
24269 : 039B;
24270 : F3DF;
24271 : FCAF;
24272 : 02CF;
24273 : 0181;
24274 : 06B0;
24275 : 0EAA;
24276 : 105F;
24277 : F40A;
24278 : FFC2;
24279 : 084A;
24280 : F5B3;
24281 : FBB6;
24282 : F498;
24283 : 0731;
24284 : FD57;
24285 : FB99;
24286 : 10B5;
24287 : 0C57;
24288 : F180;
24289 : F037;
24290 : 0653;
24291 : F52E;
24292 : FB11;
24293 : 00FE;
24294 : F1C0;
24295 : 0D46;
24296 : 0459;
24297 : FFB2;
24298 : 02B8;
24299 : ECF8;
24300 : 0D27;
24301 : FD25;
24302 : FD5B;
24303 : 051B;
24304 : 0C75;
24305 : F59B;
24306 : FA86;
24307 : 0854;
24308 : EDCA;
24309 : 1341;
24310 : FED1;
24311 : FD8E;
24312 : 0340;
24313 : FD01;
24314 : 0BDC;
24315 : 0859;
24316 : EAED;
24317 : 13E2;
24318 : 1162;
24319 : FCAA;
24320 : 07DF;
24321 : 1055;
24322 : 1042;
24323 : 0667;
24324 : 0844;
24325 : EFCA;
24326 : EE6B;
24327 : 05F4;
24328 : 02E7;
24329 : FA59;
24330 : EF91;
24331 : FAC1;
24332 : F3D5;
24333 : F93D;
24334 : 03EA;
24335 : FDDD;
24336 : 00D5;
24337 : FAFE;
24338 : F346;
24339 : 11C7;
24340 : 0B25;
24341 : F7B0;
24342 : 0A06;
24343 : 0EAD;
24344 : F2AC;
24345 : F798;
24346 : F21C;
24347 : FAE9;
24348 : FE51;
24349 : 07F1;
24350 : 16D1;
24351 : 0E84;
24352 : 0BDA;
24353 : 0DA9;
24354 : F8D1;
24355 : 1066;
24356 : FA39;
24357 : FB08;
24358 : 089A;
24359 : 019E;
24360 : F14B;
24361 : FD3D;
24362 : EBC6;
24363 : EDE0;
24364 : 0935;
24365 : 1363;
24366 : 0BD0;
24367 : F336;
24368 : 0686;
24369 : F449;
24370 : 0291;
24371 : 056A;
24372 : 0FE7;
24373 : 00AC;
24374 : EF6E;
24375 : 0E0A;
24376 : 029B;
24377 : F75E;
24378 : EFCA;
24379 : F59A;
24380 : 0D55;
24381 : 115C;
24382 : FD89;
24383 : F8DB;
24384 : 00E7;
24385 : 133F;
24386 : 0BDA;
24387 : FCA0;
24388 : 04EA;
24389 : FCF8;
24390 : 07BC;
24391 : 06D9;
24392 : 0BDA;
24393 : EE30;
24394 : FFEC;
24395 : FCFA;
24396 : FC64;
24397 : F675;
24398 : 0509;
24399 : 098A;
24400 : 004E;
24401 : F5EE;
24402 : F8B0;
24403 : FC52;
24404 : 02AE;
24405 : 0A06;
24406 : 043F;
24407 : FDF3;
24408 : F4D6;
24409 : 0CAF;
24410 : 04E4;
24411 : 160A;
24412 : F58B;
24413 : 007F;
24414 : 0A5B;
24415 : 0D5C;
24416 : 0848;
24417 : 0C05;
24418 : FD95;
24419 : F850;
24420 : 0244;
24421 : 0848;
24422 : F80A;
24423 : FAB6;
24424 : F279;
24425 : F570;
24426 : F3C4;
24427 : FD7D;
24428 : 0D06;
24429 : 0D27;
24430 : 153C;
24431 : 073D;
24432 : FB9E;
24433 : F332;
24434 : FF91;
24435 : F61E;
24436 : 0BD9;
24437 : EB27;
24438 : F627;
24439 : 001F;
24440 : F467;
24441 : F020;
24442 : FBE3;
24443 : F13C;
24444 : 03EB;
24445 : F61E;
24446 : 08BE;
24447 : F3A7;
24448 : F3B7;
24449 : 0877;
24450 : EFE0;
24451 : 12B2;
24452 : 0C37;
24453 : F246;
24454 : 0A75;
24455 : 1311;
24456 : F1AB;
24457 : 0A37;
24458 : 0726;
24459 : EE2E;
24460 : FD2E;
24461 : FBD3;
24462 : F1C9;
24463 : F90A;
24464 : 0B8E;
24465 : 06F0;
24466 : 0039;
24467 : F861;
24468 : EEAE;
24469 : F11F;
24470 : 0297;
24471 : FE88;
24472 : 0796;
24473 : FAC3;
24474 : F036;
24475 : F9BF;
24476 : F9E5;
24477 : 0B10;
24478 : 05CA;
24479 : FCF9;
24480 : EED8;
24481 : F11A;
24482 : FFC6;
24483 : F48F;
24484 : 0F32;
24485 : EA8D;
24486 : FA62;
24487 : EF8A;
24488 : 10B4;
24489 : 0ED6;
24490 : 07F8;
24491 : F085;
24492 : F4E4;
24493 : F044;
24494 : 11A0;
24495 : 009B;
24496 : 08ED;
24497 : 07D1;
24498 : 0E4B;
24499 : 1558;
24500 : 0957;
24501 : 0601;
24502 : F113;
24503 : ECA6;
24504 : 11ED;
24505 : 0338;
24506 : 10C2;
24507 : F6C6;
24508 : FC65;
24509 : F2A5;
24510 : 05B9;
24511 : 1005;
24512 : 11AA;
24513 : 03DB;
24514 : F7F7;
24515 : 0B05;
24516 : 0E3C;
24517 : 09E7;
24518 : F89F;
24519 : 029A;
24520 : FA5B;
24521 : F9C0;
24522 : FBD4;
24523 : 0396;
24524 : 0830;
24525 : 02C3;
24526 : FE48;
24527 : EE61;
24528 : FA1E;
24529 : 0A59;
24530 : F09C;
24531 : ED02;
24532 : FD6B;
24533 : 05B6;
24534 : F423;
24535 : 0464;
24536 : F84D;
24537 : EFBE;
24538 : F527;
24539 : 0453;
24540 : EE99;
24541 : F962;
24542 : F8BE;
24543 : 0DEA;
24544 : F722;
24545 : 0456;
24546 : F383;
24547 : 0863;
24548 : EE6F;
24549 : F612;
24550 : 0A33;
24551 : 109C;
24552 : 07DC;
24553 : F18F;
24554 : 0218;
24555 : FD54;
24556 : 15AF;
24557 : F800;
24558 : FA19;
24559 : 0A2E;
24560 : 075F;
24561 : F6AB;
24562 : 0EA5;
24563 : 0DA3;
24564 : EC2A;
24565 : 0C96;
24566 : F455;
24567 : FC8F;
24568 : 0E56;
24569 : FFAF;
24570 : 104C;
24571 : ED2D;
24572 : 0809;
24573 : 02B7;
24574 : F98C;
24575 : FB2B;
24576 : 02C7;
24577 : 0EAF;
24578 : EEA2;
24579 : 060B;
24580 : F6EE;
24581 : 00A6;
24582 : F506;
24583 : 01FF;
24584 : EDAF;
24585 : 07C5;
24586 : F553;
24587 : 0C6C;
24588 : F0FE;
24589 : 0CB7;
24590 : 0C57;
24591 : EA71;
24592 : ED35;
24593 : F1C5;
24594 : F0BE;
24595 : EB5C;
24596 : 032E;
24597 : F7BE;
24598 : 07AF;
24599 : ED40;
24600 : F498;
24601 : FF63;
24602 : 0694;
24603 : 0F74;
24604 : E77E;
24605 : EE41;
24606 : FCDF;
24607 : 0026;
24608 : FBA8;
24609 : 056D;
24610 : 0E91;
24611 : 0356;
24612 : 0CF0;
24613 : 0392;
24614 : 076F;
24615 : EEEF;
24616 : FED1;
24617 : 0D75;
24618 : FBF8;
24619 : F5C6;
24620 : FD9F;
24621 : 02D6;
24622 : 184F;
24623 : 06BA;
24624 : 11A0;
24625 : 0DE2;
24626 : FD41;
24627 : FDA7;
24628 : F79E;
24629 : 091C;
24630 : 0DF4;
24631 : EEED;
24632 : F78B;
24633 : EB37;
24634 : F1AB;
24635 : 0A88;
24636 : 11AA;
24637 : F146;
24638 : F54B;
24639 : 06C7;
24640 : 021D;
24641 : 0339;
24642 : FB17;
24643 : F2F8;
24644 : F0BD;
24645 : FBB5;
24646 : F0BA;
24647 : 12A8;
24648 : 1056;
24649 : F0BC;
24650 : 0BE4;
24651 : 0E11;
24652 : 1190;
24653 : 0F10;
24654 : F270;
24655 : 0CE4;
24656 : 0CDC;
24657 : FE61;
24658 : 0784;
24659 : F760;
24660 : 16E0;
24661 : F22F;
24662 : F329;
24663 : 0232;
24664 : F634;
24665 : F2B8;
24666 : 04A0;
24667 : 0AB5;
24668 : 04C5;
24669 : 0E09;
24670 : 0E07;
24671 : F8E0;
24672 : 0A72;
24673 : F54A;
24674 : 0A9D;
24675 : 03E5;
24676 : 0E05;
24677 : 0AB1;
24678 : 1122;
24679 : FA66;
24680 : F134;
24681 : 0D1E;
24682 : F266;
24683 : 0164;
24684 : 06CD;
24685 : FD96;
24686 : 1527;
24687 : 01D4;
24688 : F9FD;
24689 : 0005;
24690 : EC29;
24691 : F7AE;
24692 : FCE5;
24693 : 0F7C;
24694 : FBEF;
24695 : 0ADC;
24696 : F407;
24697 : EF43;
24698 : 067A;
24699 : 06B6;
24700 : FE82;
24701 : 0BC0;
24702 : 0684;
24703 : 0952;
24704 : FE0F;
24705 : 15BA;
24706 : ED44;
24707 : F7B9;
24708 : F82D;
24709 : F459;
24710 : 04EA;
24711 : FF38;
24712 : FE00;
24713 : 076B;
24714 : 14D6;
24715 : EDDB;
24716 : FB35;
24717 : FE57;
24718 : 0BAF;
24719 : F6AD;
24720 : E911;
24721 : F3A6;
24722 : F3A3;
24723 : ED95;
24724 : F431;
24725 : F999;
24726 : 047D;
24727 : F334;
24728 : F978;
24729 : EBCA;
24730 : F17A;
24731 : F6F3;
24732 : F006;
24733 : FB75;
24734 : 05D2;
24735 : 041B;
24736 : F8BE;
24737 : FFC9;
24738 : 00B3;
24739 : FAFD;
24740 : 0599;
24741 : FA79;
24742 : ED7B;
24743 : F8A6;
24744 : F94D;
24745 : EC46;
24746 : 0417;
24747 : FCED;
24748 : 116F;
24749 : 0607;
24750 : 0EF1;
24751 : F555;
24752 : 00D9;
24753 : 137E;
24754 : EDAE;
24755 : 0B9B;
24756 : F61A;
24757 : F0B5;
24758 : 0AF2;
24759 : FA9F;
24760 : FD7D;
24761 : 0ACE;
24762 : F6C3;
24763 : 0CD2;
24764 : 015C;
24765 : 04FF;
24766 : 1002;
24767 : F810;
24768 : 056B;
24769 : 095D;
24770 : EC97;
24771 : 10C0;
24772 : 133C;
24773 : 019F;
24774 : 08E2;
24775 : FAD4;
24776 : FCCB;
24777 : FDB4;
24778 : 07A2;
24779 : 02FC;
24780 : 1398;
24781 : 0F0E;
24782 : 0A18;
24783 : F963;
24784 : F072;
24785 : ECE9;
24786 : 073B;
24787 : 0F1F;
24788 : 0681;
24789 : 1038;
24790 : ECAC;
24791 : EB70;
24792 : 06D6;
24793 : F34B;
24794 : 0D9F;
24795 : F976;
24796 : 0092;
24797 : 0410;
24798 : EB87;
24799 : FCFB;
24800 : 109B;
24801 : FA1E;
24802 : 043A;
24803 : EF04;
24804 : 030E;
24805 : F47F;
24806 : FB67;
24807 : 0B71;
24808 : FC2B;
24809 : 0D50;
24810 : 0E4B;
24811 : 1708;
24812 : FC91;
24813 : FD01;
24814 : 01C9;
24815 : F037;
24816 : 0B7C;
24817 : F504;
24818 : EEE9;
24819 : 14A0;
24820 : 00EA;
24821 : 06A5;
24822 : 1166;
24823 : E86D;
24824 : F187;
24825 : 048D;
24826 : 004A;
24827 : FCA6;
24828 : F42E;
24829 : 023B;
24830 : 0907;
24831 : F197;
24832 : 07FA;
24833 : 065B;
24834 : 0D9F;
24835 : FDD2;
24836 : 07A3;
24837 : F8D7;
24838 : FC5A;
24839 : 0436;
24840 : 0124;
24841 : 093F;
24842 : F69F;
24843 : 027F;
24844 : F729;
24845 : F7D2;
24846 : F1C5;
24847 : 0E33;
24848 : 069B;
24849 : EBE1;
24850 : EF6A;
24851 : 05B1;
24852 : F219;
24853 : FABF;
24854 : E74E;
24855 : F01D;
24856 : 0DBA;
24857 : F14F;
24858 : 0B13;
24859 : 009E;
24860 : F3B6;
24861 : F898;
24862 : FECC;
24863 : 0AE2;
24864 : F23B;
24865 : 1084;
24866 : EDF4;
24867 : EE1B;
24868 : F504;
24869 : 0564;
24870 : F208;
24871 : F126;
24872 : 0550;
24873 : F277;
24874 : F539;
24875 : 1986;
24876 : 0E68;
24877 : EF58;
24878 : FD31;
24879 : FE24;
24880 : 0B6F;
24881 : 0BBD;
24882 : 10E8;
24883 : 0700;
24884 : 01C6;
24885 : FEC1;
24886 : 04C5;
24887 : F67D;
24888 : 112A;
24889 : 1380;
24890 : FC81;
24891 : 01D9;
24892 : F04C;
24893 : EC63;
24894 : F122;
24895 : FB71;
24896 : 06AA;
24897 : 01F1;
24898 : F29D;
24899 : 091F;
24900 : 07B1;
24901 : F9EB;
24902 : F1F2;
24903 : F608;
24904 : 040B;
24905 : FE0B;
24906 : F3F6;
24907 : 0276;
24908 : FB3F;
24909 : F912;
24910 : 0ED6;
24911 : 03F7;
24912 : FC20;
24913 : FF19;
24914 : F5B2;
24915 : 0B08;
24916 : FC51;
24917 : 0F8A;
24918 : F5B1;
24919 : 0638;
24920 : 06AC;
24921 : 0B41;
24922 : FF4D;
24923 : F20E;
24924 : 061C;
24925 : 0FA5;
24926 : F9C0;
24927 : F9BE;
24928 : 03D2;
24929 : 0C87;
24930 : 0C06;
24931 : FD80;
24932 : 08F1;
24933 : F829;
24934 : F77D;
24935 : 1165;
24936 : EF34;
24937 : F48C;
24938 : 0070;
24939 : F51F;
24940 : FBC0;
24941 : 0AC1;
24942 : F747;
24943 : 00BC;
24944 : 1007;
24945 : F421;
24946 : 0922;
24947 : 0D07;
24948 : 0480;
24949 : 113A;
24950 : EE23;
24951 : FC02;
24952 : FBDC;
24953 : F627;
24954 : 03EA;
24955 : E8B1;
24956 : 0B70;
24957 : E8F5;
24958 : 11CF;
24959 : 0316;
24960 : 0B6E;
24961 : F60D;
24962 : F607;
24963 : 0188;
24964 : EEDB;
24965 : FAD6;
24966 : E9C1;
24967 : 06CC;
24968 : FCEB;
24969 : 0754;
24970 : 0BAF;
24971 : 0031;
24972 : 05DA;
24973 : F3FC;
24974 : 0970;
24975 : FA64;
24976 : E93B;
24977 : 0632;
24978 : F134;
24979 : EC2A;
24980 : ED60;
24981 : FDD7;
24982 : F260;
24983 : 0846;
24984 : ED1C;
24985 : 04C5;
24986 : ED26;
24987 : 065C;
24988 : 0CA6;
24989 : 041D;
24990 : F18E;
24991 : 0AD9;
24992 : 02A8;
24993 : F2C0;
24994 : 079B;
24995 : F6CD;
24996 : F472;
24997 : FC5F;
24998 : F6A9;
24999 : F29B;
25000 : 06D8;
25001 : FCDE;
25002 : 0324;
25003 : ED6C;
25004 : F995;
25005 : 0704;
25006 : EE15;
25007 : F890;
25008 : F9DC;
25009 : EBEB;
25010 : FCA5;
25011 : 13E8;
25012 : 1526;
25013 : 1580;
25014 : 122C;
25015 : 0FD7;
25016 : ED7B;
25017 : 0780;
25018 : F427;
25019 : 0568;
25020 : F6CD;
25021 : 0CB4;
25022 : FF65;
25023 : F811;
25024 : 0C21;
25025 : 0F34;
25026 : 0943;
25027 : 0355;
25028 : 0875;
25029 : F6EE;
25030 : F9F7;
25031 : F9F9;
25032 : F081;
25033 : 047A;
25034 : 0137;
25035 : F958;
25036 : 00EF;
25037 : EBB3;
25038 : 0F36;
25039 : FB24;
25040 : 0974;
25041 : F007;
25042 : 03D2;
25043 : F69D;
25044 : EA36;
25045 : 17DF;
25046 : 069F;
25047 : FAC0;
25048 : 075C;
25049 : F014;
25050 : 0CCF;
25051 : F27E;
25052 : FD4F;
25053 : 065A;
25054 : ECD7;
25055 : 0AE7;
25056 : FD45;
25057 : FE94;
25058 : 0B1D;
25059 : FC27;
25060 : FB76;
25061 : F43F;
25062 : FC79;
25063 : F9FC;
25064 : F418;
25065 : 097E;
25066 : 094C;
25067 : EFDC;
25068 : FA8E;
25069 : 0E75;
25070 : F77D;
25071 : 0A62;
25072 : F20D;
25073 : 12D6;
25074 : 04DB;
25075 : FB89;
25076 : 11BD;
25077 : 054F;
25078 : 0606;
25079 : F905;
25080 : FA08;
25081 : F4C8;
25082 : 1158;
25083 : 0708;
25084 : F360;
25085 : FCFC;
25086 : 044D;
25087 : 032F;
25088 : F594;
25089 : 01EC;
25090 : 0996;
25091 : ED5B;
25092 : FC19;
25093 : 0660;
25094 : 0D21;
25095 : FB9F;
25096 : F3D1;
25097 : 0398;
25098 : 02C3;
25099 : 12F9;
25100 : 0DA7;
25101 : FDD9;
25102 : FD85;
25103 : 03C6;
25104 : ED1B;
25105 : 0E32;
25106 : 0984;
25107 : 0912;
25108 : F2C8;
25109 : 00D8;
25110 : 0D80;
25111 : 0A6D;
25112 : F7C3;
25113 : FAC6;
25114 : F372;
25115 : 0197;
25116 : ED36;
25117 : 0D8E;
25118 : FA91;
25119 : 0AF1;
25120 : FA1A;
25121 : 1339;
25122 : F2D1;
25123 : 0BEF;
25124 : FFAA;
25125 : 04A2;
25126 : 02AD;
25127 : F2B6;
25128 : 12C2;
25129 : 0BC9;
25130 : 089C;
25131 : 104B;
25132 : FB61;
25133 : 0703;
25134 : F866;
25135 : 0665;
25136 : F16F;
25137 : 0DB4;
25138 : 07A7;
25139 : FDF5;
25140 : FBAC;
25141 : 0DCA;
25142 : 0D01;
25143 : ED29;
25144 : F5E6;
25145 : 035D;
25146 : FF85;
25147 : 0F85;
25148 : F185;
25149 : F1E9;
25150 : FA3D;
25151 : 0B16;
25152 : 0983;
25153 : F2DC;
25154 : FA26;
25155 : 1014;
25156 : F80C;
25157 : 12A4;
25158 : F6A1;
25159 : FA57;
25160 : F49B;
25161 : F3DD;
25162 : 0B8E;
25163 : 0ABC;
25164 : 13C7;
25165 : 0F07;
25166 : 0BC9;
25167 : F8AE;
25168 : FC21;
25169 : FDFD;
25170 : F04B;
25171 : ED47;
25172 : 0E4A;
25173 : 0F01;
25174 : F298;
25175 : EEC3;
25176 : 0B62;
25177 : FCBD;
25178 : EFD0;
25179 : 04B1;
25180 : 02B0;
25181 : 01B2;
25182 : 0C4A;
25183 : 0ED1;
25184 : EC68;
25185 : 13C6;
25186 : FC07;
25187 : F7AC;
25188 : 03D0;
25189 : F365;
25190 : F980;
25191 : 0E4E;
25192 : 023D;
25193 : F743;
25194 : F883;
25195 : 0877;
25196 : FAB7;
25197 : F096;
25198 : 1295;
25199 : 0FFC;
25200 : EF0E;
25201 : 06A3;
25202 : FA9F;
25203 : 0FBC;
25204 : FFA2;
25205 : 02B3;
25206 : 0428;
25207 : F56C;
25208 : FD09;
25209 : F1B3;
25210 : EECF;
25211 : ED40;
25212 : F399;
25213 : F675;
25214 : 030A;
25215 : 09DE;
25216 : FCAB;
25217 : 0C4C;
25218 : 0F08;
25219 : EF97;
25220 : F879;
25221 : FA68;
25222 : 0D84;
25223 : 0E31;
25224 : F552;
25225 : 01F4;
25226 : 13F4;
25227 : 09B7;
25228 : FE1D;
25229 : 05CF;
25230 : 0942;
25231 : F200;
25232 : EF9A;
25233 : F7F7;
25234 : 0369;
25235 : F00C;
25236 : 0E77;
25237 : 0A5C;
25238 : FD00;
25239 : EE32;
25240 : EB06;
25241 : 0E10;
25242 : 05EF;
25243 : EC0B;
25244 : 005A;
25245 : 018F;
25246 : 0AAC;
25247 : 01B4;
25248 : EC3E;
25249 : 1266;
25250 : 026A;
25251 : 0EEA;
25252 : 07DF;
25253 : F854;
25254 : FAD6;
25255 : 06AC;
25256 : F5C7;
25257 : FBC2;
25258 : 0BA2;
25259 : 007C;
25260 : ED59;
25261 : 0867;
25262 : F7B3;
25263 : F20A;
25264 : 0790;
25265 : F732;
25266 : EBB4;
25267 : 0CF0;
25268 : F10F;
25269 : 1107;
25270 : ED6F;
25271 : 06F6;
25272 : EE6C;
25273 : 0E7B;
25274 : F6C3;
25275 : 0A06;
25276 : F0F7;
25277 : 119B;
25278 : 0CD4;
25279 : 0859;
25280 : FB12;
25281 : 00DB;
25282 : FE02;
25283 : 1022;
25284 : F5C3;
25285 : 0CFE;
25286 : FDA6;
25287 : 04FD;
25288 : F31E;
25289 : F067;
25290 : 0063;
25291 : 06AA;
25292 : F0C4;
25293 : 04F3;
25294 : EB96;
25295 : 0AB5;
25296 : FDCC;
25297 : E93E;
25298 : 0862;
25299 : 08B0;
25300 : 01E9;
25301 : 0D20;
25302 : F4AD;
25303 : 0AC2;
25304 : FC18;
25305 : 0042;
25306 : 0648;
25307 : FF28;
25308 : 0D92;
25309 : FB31;
25310 : FA43;
25311 : F687;
25312 : F3D4;
25313 : 0784;
25314 : 063F;
25315 : 03A8;
25316 : F1A3;
25317 : 007E;
25318 : 0955;
25319 : 09DC;
25320 : F462;
25321 : 06FA;
25322 : F2FE;
25323 : 1042;
25324 : 0D04;
25325 : 0BA5;
25326 : F292;
25327 : F922;
25328 : FFD3;
25329 : 04F8;
25330 : FE81;
25331 : 0FE5;
25332 : 0795;
25333 : 1082;
25334 : F6C4;
25335 : 03F1;
25336 : F4A7;
25337 : 0C8F;
25338 : E78D;
25339 : 0432;
25340 : 019B;
25341 : F374;
25342 : 05BA;
25343 : F1D5;
25344 : F080;
25345 : 1289;
25346 : FF21;
25347 : FAA3;
25348 : F53C;
25349 : 095E;
25350 : 00C4;
25351 : F18F;
25352 : E9F6;
25353 : 125D;
25354 : FB4E;
25355 : 1356;
25356 : FFDB;
25357 : 06EA;
25358 : 10F7;
25359 : FD8C;
25360 : F3A5;
25361 : 073E;
25362 : 0E83;
25363 : 0CD9;
25364 : FF8A;
25365 : FA65;
25366 : FF00;
25367 : EE31;
25368 : 08E1;
25369 : 020D;
25370 : F232;
25371 : 0A7C;
25372 : EDD2;
25373 : EC0A;
25374 : 11E3;
25375 : 004B;
25376 : E898;
25377 : FC46;
25378 : EB85;
25379 : 0C89;
25380 : 0A84;
25381 : 0CE9;
25382 : 12AA;
25383 : 0175;
25384 : 0513;
25385 : 0639;
25386 : F3A9;
25387 : FEF5;
25388 : FA38;
25389 : F9EC;
25390 : 035C;
25391 : FDD9;
25392 : FE77;
25393 : 0341;
25394 : F6CD;
25395 : 1A85;
25396 : 0628;
25397 : F6ED;
25398 : F0A0;
25399 : F7CE;
25400 : 0D54;
25401 : EFC1;
25402 : F594;
25403 : F155;
25404 : 00BE;
25405 : EDA9;
25406 : F71D;
25407 : F8CC;
25408 : F86A;
25409 : 0096;
25410 : EF94;
25411 : 0025;
25412 : F566;
25413 : F9EA;
25414 : F8B5;
25415 : F4DC;
25416 : FEC8;
25417 : FFBB;
25418 : 0F2F;
25419 : F99E;
25420 : F770;
25421 : 0EFB;
25422 : FBCC;
25423 : 0BC8;
25424 : F947;
25425 : 1143;
25426 : EC9D;
25427 : EF2D;
25428 : 12E2;
25429 : 0342;
25430 : 00EB;
25431 : F68B;
25432 : 18B7;
25433 : FFC2;
25434 : FC3F;
25435 : 0692;
25436 : 0A4D;
25437 : F612;
25438 : 0D79;
25439 : F2A9;
25440 : EF36;
25441 : F79C;
25442 : EBE1;
25443 : F5D1;
25444 : 0256;
25445 : 11E3;
25446 : F09E;
25447 : 0DD5;
25448 : 02E4;
25449 : FC59;
25450 : 04C8;
25451 : FA31;
25452 : EE78;
25453 : FF41;
25454 : 07EC;
25455 : F55A;
25456 : F929;
25457 : 128E;
25458 : F270;
25459 : 1782;
25460 : 00D0;
25461 : E837;
25462 : FE3E;
25463 : F8B7;
25464 : 1260;
25465 : 0E1F;
25466 : F651;
25467 : F289;
25468 : 040F;
25469 : F9FE;
25470 : 052C;
25471 : 0D2D;
25472 : 019F;
25473 : 0B20;
25474 : 01AB;
25475 : F25F;
25476 : EC3D;
25477 : ED5C;
25478 : 1198;
25479 : 0407;
25480 : F1D8;
25481 : 0E6B;
25482 : 0A46;
25483 : F69D;
25484 : F97D;
25485 : FDB2;
25486 : 1149;
25487 : F23A;
25488 : 022A;
25489 : FD72;
25490 : 08DC;
25491 : 141D;
25492 : 0419;
25493 : EE17;
25494 : E60D;
25495 : 0903;
25496 : 0F93;
25497 : F9F8;
25498 : EF92;
25499 : FD14;
25500 : 0712;
25501 : ED31;
25502 : F047;
25503 : F5FA;
25504 : 02F1;
25505 : 0F72;
25506 : 0F6E;
25507 : 0D7E;
25508 : FA40;
25509 : 00B6;
25510 : 0B7B;
25511 : FC99;
25512 : 10E1;
25513 : 035B;
25514 : F42D;
25515 : FBF9;
25516 : 00DD;
25517 : EC82;
25518 : FC07;
25519 : 039F;
25520 : 0633;
25521 : F498;
25522 : F328;
25523 : 0242;
25524 : 1160;
25525 : F394;
25526 : 1217;
25527 : F495;
25528 : FBE0;
25529 : 081F;
25530 : 00C3;
25531 : F34B;
25532 : 05D6;
25533 : F3AE;
25534 : FDEE;
25535 : FB67;
25536 : FDF7;
25537 : 0A43;
25538 : ECEF;
25539 : 0169;
25540 : 0305;
25541 : FDDE;
25542 : 0E0C;
25543 : 16C0;
25544 : 0EF4;
25545 : 092B;
25546 : 081A;
25547 : FFA9;
25548 : F678;
25549 : 1079;
25550 : FCEA;
25551 : 0127;
25552 : EC55;
25553 : FB7A;
25554 : 040B;
25555 : F466;
25556 : F7DC;
25557 : 043C;
25558 : EA2D;
25559 : EFCB;
25560 : 0957;
25561 : FF53;
25562 : 0031;
25563 : 1107;
25564 : F27F;
25565 : ECCD;
25566 : 12EC;
25567 : FCE7;
25568 : F870;
25569 : 0321;
25570 : ED1A;
25571 : F205;
25572 : 037C;
25573 : 0786;
25574 : FA75;
25575 : F1BD;
25576 : F5FE;
25577 : FFCB;
25578 : F0FA;
25579 : 1AC6;
25580 : 12D5;
25581 : FFBA;
25582 : FC18;
25583 : 0C89;
25584 : EDF7;
25585 : F8B1;
25586 : 0375;
25587 : 0969;
25588 : F5C8;
25589 : FCCB;
25590 : 065B;
25591 : FB36;
25592 : FE13;
25593 : FDCA;
25594 : F0C0;
25595 : 0285;
25596 : F521;
25597 : 1150;
25598 : EBC4;
25599 : 077D;
25600 : 0DF3;
25601 : F90E;
25602 : EF86;
25603 : 0BC2;
25604 : F4BA;
25605 : F498;
25606 : 0A52;
25607 : 0E88;
25608 : 085B;
25609 : F3AE;
25610 : FD67;
25611 : 1041;
25612 : 1180;
25613 : F44B;
25614 : F6B9;
25615 : EE38;
25616 : 0C44;
25617 : 110A;
25618 : 0357;
25619 : 0C26;
25620 : 00CC;
25621 : EBE6;
25622 : F876;
25623 : 0077;
25624 : 067E;
25625 : FB18;
25626 : F56A;
25627 : 039D;
25628 : 0FFC;
25629 : 03A7;
25630 : EFE4;
25631 : F5B4;
25632 : 009A;
25633 : EFC7;
25634 : 11CB;
25635 : E9EE;
25636 : 0C1D;
25637 : 10C8;
25638 : FCD3;
25639 : F53F;
25640 : 106A;
25641 : 0F3F;
25642 : 114F;
25643 : F56C;
25644 : FAAD;
25645 : F13C;
25646 : FDA4;
25647 : F1BE;
25648 : F583;
25649 : 079B;
25650 : F04B;
25651 : 07F5;
25652 : 0063;
25653 : F5E8;
25654 : 0620;
25655 : FCED;
25656 : 04F7;
25657 : F16A;
25658 : 09A9;
25659 : FA95;
25660 : FDB2;
25661 : FE0C;
25662 : F085;
25663 : F1C9;
25664 : 0161;
25665 : F0D4;
25666 : F561;
25667 : F7F4;
25668 : F295;
25669 : 04EA;
25670 : 09A1;
25671 : 0E78;
25672 : 048A;
25673 : 0DF0;
25674 : 08C5;
25675 : 007F;
25676 : FA41;
25677 : F758;
25678 : 06A4;
25679 : EE29;
25680 : EFED;
25681 : 0F3F;
25682 : 021B;
25683 : 00AD;
25684 : F1E2;
25685 : FE32;
25686 : FEE6;
25687 : 0F16;
25688 : 0941;
25689 : 0C0C;
25690 : EE7B;
25691 : 0F6C;
25692 : FB6D;
25693 : 08EF;
25694 : F0A9;
25695 : 05BB;
25696 : 09DB;
25697 : 0233;
25698 : F9BF;
25699 : FAEC;
25700 : 1316;
25701 : FB5E;
25702 : F921;
25703 : 0DF6;
25704 : 07E2;
25705 : F89B;
25706 : FD22;
25707 : F2A3;
25708 : 163E;
25709 : ECE8;
25710 : FD0B;
25711 : 0C6F;
25712 : 0D0E;
25713 : F8A0;
25714 : 1099;
25715 : 0DAE;
25716 : 0799;
25717 : 07D7;
25718 : 0837;
25719 : FBFB;
25720 : 1224;
25721 : 0C88;
25722 : EEEB;
25723 : F5CE;
25724 : FD6E;
25725 : 0491;
25726 : F0DE;
25727 : 01C4;
25728 : 0B52;
25729 : 0B77;
25730 : F493;
25731 : FE82;
25732 : 015D;
25733 : FDC0;
25734 : 08B5;
25735 : 154A;
25736 : F77B;
25737 : FAF2;
25738 : 0394;
25739 : FC1C;
25740 : 00ED;
25741 : 045D;
25742 : F633;
25743 : 0524;
25744 : F9D5;
25745 : 1667;
25746 : 0E4A;
25747 : F0CB;
25748 : 05B8;
25749 : FAE2;
25750 : 067E;
25751 : F2D7;
25752 : 0CC3;
25753 : 0608;
25754 : 0E1B;
25755 : FC99;
25756 : 0E95;
25757 : F8D0;
25758 : 0B8F;
25759 : F6BF;
25760 : F3EF;
25761 : 09C3;
25762 : 0440;
25763 : 0670;
25764 : 1032;
25765 : 02AB;
25766 : EC09;
25767 : 003D;
25768 : FBF4;
25769 : 0472;
25770 : 1146;
25771 : FDB7;
25772 : F774;
25773 : FAF5;
25774 : FB88;
25775 : F0E5;
25776 : 0D33;
25777 : 0A3B;
25778 : F425;
25779 : 0D18;
25780 : F6E0;
25781 : ED42;
25782 : F1CC;
25783 : 0559;
25784 : 1707;
25785 : F9AE;
25786 : 1146;
25787 : 1568;
25788 : 104E;
25789 : F4E8;
25790 : 0D5E;
25791 : F794;
25792 : FE0A;
25793 : FDA9;
25794 : FBAB;
25795 : FDC4;
25796 : 006D;
25797 : FF9C;
25798 : 1094;
25799 : F376;
25800 : F53E;
25801 : F11E;
25802 : FF93;
25803 : F5F6;
25804 : 00A0;
25805 : 0035;
25806 : FC7F;
25807 : F74A;
25808 : FF31;
25809 : FDC0;
25810 : 0BDB;
25811 : 01B4;
25812 : F9ED;
25813 : 08F2;
25814 : 0BF1;
25815 : 0A8F;
25816 : 014B;
25817 : FD6D;
25818 : 0DF3;
25819 : FD9E;
25820 : 00DA;
25821 : 11DC;
25822 : 0B0F;
25823 : F9DC;
25824 : 0F7B;
25825 : F9E2;
25826 : 02A5;
25827 : 0802;
25828 : 0C3B;
25829 : 0781;
25830 : FACB;
25831 : 032A;
25832 : F6F0;
25833 : 106B;
25834 : FEB4;
25835 : EAC2;
25836 : FCE7;
25837 : F058;
25838 : 1985;
25839 : 1390;
25840 : F115;
25841 : 116A;
25842 : 031F;
25843 : F1FF;
25844 : FCD0;
25845 : FCDB;
25846 : FB52;
25847 : 0E54;
25848 : 10A2;
25849 : 0B06;
25850 : F2FB;
25851 : 104D;
25852 : 0803;
25853 : F80A;
25854 : 1130;
25855 : 1498;
25856 : FAE6;
25857 : 0883;
25858 : F7CE;
25859 : 0786;
25860 : 0E6B;
25861 : 08AF;
25862 : FE15;
25863 : 0FCC;
25864 : FD4F;
25865 : F450;
25866 : FF17;
25867 : FB7D;
25868 : 0470;
25869 : 1182;
25870 : FFAF;
25871 : FB21;
25872 : 125B;
25873 : F932;
25874 : F1BB;
25875 : F4E3;
25876 : 11D4;
25877 : 13AA;
25878 : 02C5;
25879 : 0373;
25880 : 0539;
25881 : 0C55;
25882 : F53B;
25883 : 01A9;
25884 : 041D;
25885 : FD9E;
25886 : 016C;
25887 : F2C5;
25888 : FB2D;
25889 : 1016;
25890 : 0311;
25891 : FE05;
25892 : 093D;
25893 : 0329;
25894 : 07D4;
25895 : 042C;
25896 : FF78;
25897 : EB44;
25898 : F80C;
25899 : EE97;
25900 : 1765;
25901 : 03A1;
25902 : 0101;
25903 : FE52;
25904 : 0159;
25905 : 07C1;
25906 : 0852;
25907 : 05CE;
25908 : 0574;
25909 : 0037;
25910 : EFB8;
25911 : 0D15;
25912 : 0B7C;
25913 : 0389;
25914 : 07C5;
25915 : 049D;
25916 : 10F6;
25917 : ECED;
25918 : F4B0;
25919 : F2C7;
25920 : 0E61;
25921 : 0B3B;
25922 : F811;
25923 : FE50;
25924 : 0128;
25925 : EBAB;
25926 : 1683;
25927 : 03E0;
25928 : F319;
25929 : 0AB1;
25930 : 0AD2;
25931 : F3A3;
25932 : 02E3;
25933 : 1335;
25934 : 11F7;
25935 : 0F34;
25936 : 1246;
25937 : 0B44;
25938 : F4F3;
25939 : 1019;
25940 : 0573;
25941 : 1919;
25942 : 08EA;
25943 : 114C;
25944 : FE14;
25945 : 0867;
25946 : F7DF;
25947 : 0D3A;
25948 : 04ED;
25949 : FC37;
25950 : FAF9;
25951 : F2BA;
25952 : 0255;
25953 : 0775;
25954 : 0045;
25955 : 0834;
25956 : F942;
25957 : F036;
25958 : 080B;
25959 : 0033;
25960 : FBD8;
25961 : F59B;
25962 : 01B2;
25963 : FF7E;
25964 : 035C;
25965 : 01F2;
25966 : 0964;
25967 : 0351;
25968 : 01B1;
25969 : 0003;
25970 : F6EF;
25971 : F81A;
25972 : FA72;
25973 : 0F5D;
25974 : F840;
25975 : ED9D;
25976 : 0857;
25977 : 0E00;
25978 : 1568;
25979 : 0D31;
25980 : F026;
25981 : FE4C;
25982 : 11E6;
25983 : 044E;
25984 : F860;
25985 : 10C1;
25986 : 0274;
25987 : 0C2C;
25988 : 0671;
25989 : FDB7;
25990 : 01FA;
25991 : 004B;
25992 : F08E;
25993 : 0076;
25994 : F5E8;
25995 : F018;
25996 : 0D4F;
25997 : 00F7;
25998 : 124E;
25999 : F23E;
26000 : 011D;
26001 : F8C2;
26002 : F302;
26003 : 0DEF;
26004 : F54F;
26005 : 1673;
26006 : FE5B;
26007 : FB64;
26008 : EA73;
26009 : 07F8;
26010 : 0B68;
26011 : 099B;
26012 : 0B2E;
26013 : F073;
26014 : 0251;
26015 : FAA4;
26016 : FCBA;
26017 : 09E2;
26018 : 124B;
26019 : FD79;
26020 : 018D;
26021 : 088B;
26022 : F7E7;
26023 : F4C3;
26024 : 0C36;
26025 : 0CAE;
26026 : 0636;
26027 : 0A80;
26028 : F50B;
26029 : F88D;
26030 : 13F9;
26031 : 1522;
26032 : FB1C;
26033 : FA34;
26034 : F4BB;
26035 : EFC1;
26036 : FB51;
26037 : 011C;
26038 : F2FC;
26039 : E9D5;
26040 : 0736;
26041 : 0C32;
26042 : F6C0;
26043 : F574;
26044 : FED4;
26045 : F53A;
26046 : 0508;
26047 : F519;
26048 : 03BC;
26049 : 0B08;
26050 : 0216;
26051 : 0A34;
26052 : 0504;
26053 : 0795;
26054 : 04C8;
26055 : EE2E;
26056 : 0ACD;
26057 : 09CE;
26058 : FD05;
26059 : FB74;
26060 : 0661;
26061 : 11F1;
26062 : F03D;
26063 : EFF9;
26064 : 0E3A;
26065 : F5EE;
26066 : 1263;
26067 : F123;
26068 : FD8D;
26069 : 09DB;
26070 : 01E5;
26071 : 0B2C;
26072 : 057F;
26073 : F9BA;
26074 : 1113;
26075 : 1562;
26076 : 0294;
26077 : F0C0;
26078 : F5E9;
26079 : ED64;
26080 : FBE1;
26081 : EDBD;
26082 : 0858;
26083 : EF16;
26084 : EDCC;
26085 : 030E;
26086 : 0364;
26087 : 11B1;
26088 : 03AC;
26089 : 0DE7;
26090 : 08D5;
26091 : FE93;
26092 : FC15;
26093 : 0CAA;
26094 : 04C8;
26095 : FCC4;
26096 : F0C1;
26097 : F565;
26098 : F91B;
26099 : 01DA;
26100 : 06DD;
26101 : FC9D;
26102 : F4BE;
26103 : F1E0;
26104 : 0A0C;
26105 : F50B;
26106 : 0D97;
26107 : EB75;
26108 : EF14;
26109 : F784;
26110 : F707;
26111 : 0FB6;
26112 : 0082;
26113 : 1423;
26114 : 0861;
26115 : 0F5C;
26116 : 0E8D;
26117 : F995;
26118 : 007F;
26119 : 00E8;
26120 : 0EC7;
26121 : F8DE;
26122 : F77C;
26123 : FA11;
26124 : F873;
26125 : 0481;
26126 : 0A35;
26127 : 0148;
26128 : 0336;
26129 : F97C;
26130 : EF86;
26131 : FC4A;
26132 : 1003;
26133 : 0A56;
26134 : FEDF;
26135 : FF4C;
26136 : EF88;
26137 : FF38;
26138 : F917;
26139 : 12C9;
26140 : FB9F;
26141 : 04BB;
26142 : FF87;
26143 : 0884;
26144 : FBDA;
26145 : FA82;
26146 : 0BFD;
26147 : FF7E;
26148 : F68F;
26149 : F26D;
26150 : 0DF5;
26151 : F55B;
26152 : F801;
26153 : 0E88;
26154 : EE34;
26155 : ED74;
26156 : 1497;
26157 : 070C;
26158 : 1120;
26159 : 0E4C;
26160 : FE36;
26161 : F741;
26162 : 11D4;
26163 : 1048;
26164 : 0C41;
26165 : 0716;
26166 : FE06;
26167 : 0B93;
26168 : F2B6;
26169 : ED68;
26170 : F719;
26171 : EDA8;
26172 : 0288;
26173 : 051A;
26174 : 0E72;
26175 : 0912;
26176 : 15A5;
26177 : 09FF;
26178 : 101F;
26179 : 08F4;
26180 : FA16;
26181 : 09F4;
26182 : F500;
26183 : 1297;
26184 : ED81;
26185 : 0B95;
26186 : 0D16;
26187 : 06AA;
26188 : F994;
26189 : FDAC;
26190 : 0AC3;
26191 : FC45;
26192 : F002;
26193 : F1D8;
26194 : 04DB;
26195 : FE02;
26196 : F9C8;
26197 : F56F;
26198 : 02FF;
26199 : 0016;
26200 : 0B68;
26201 : 0929;
26202 : 01E2;
26203 : F633;
26204 : 056B;
26205 : FC02;
26206 : EC53;
26207 : 0687;
26208 : F27A;
26209 : F783;
26210 : F6D4;
26211 : 09C2;
26212 : F20B;
26213 : 0C65;
26214 : 0D77;
26215 : F3AD;
26216 : F91C;
26217 : 108B;
26218 : 0D6F;
26219 : 0B9C;
26220 : FB77;
26221 : F292;
26222 : 11FC;
26223 : 0542;
26224 : EE86;
26225 : FA27;
26226 : 073F;
26227 : 10CB;
26228 : EA4F;
26229 : FF37;
26230 : EDCB;
26231 : 092D;
26232 : 0626;
26233 : 10FF;
26234 : 0FD4;
26235 : F781;
26236 : 03E9;
26237 : FA68;
26238 : F842;
26239 : F8D1;
26240 : FE49;
26241 : 02CA;
26242 : 032C;
26243 : 0751;
26244 : F45F;
26245 : FAF2;
26246 : 02B1;
26247 : F8D0;
26248 : 0E20;
26249 : 04E9;
26250 : F066;
26251 : 0CA9;
26252 : 08DF;
26253 : F706;
26254 : 11F1;
26255 : F761;
26256 : FDD5;
26257 : 0502;
26258 : EDD8;
26259 : F93F;
26260 : F429;
26261 : FAAA;
26262 : 0B1E;
26263 : F9A6;
26264 : 1593;
26265 : F49B;
26266 : FECE;
26267 : 06B9;
26268 : F4B3;
26269 : F35C;
26270 : 0B11;
26271 : 0EC4;
26272 : F064;
26273 : 0ED7;
26274 : 0A2C;
26275 : 09E5;
26276 : ED66;
26277 : FD38;
26278 : 0DA6;
26279 : F4D0;
26280 : F4CC;
26281 : FCFC;
26282 : F49E;
26283 : FDE2;
26284 : F14A;
26285 : FE5D;
26286 : FE36;
26287 : EA19;
26288 : 000D;
26289 : FABB;
26290 : F3FB;
26291 : FBA3;
26292 : F4C4;
26293 : 02B3;
26294 : 0668;
26295 : F2DE;
26296 : 1193;
26297 : 09E3;
26298 : F120;
26299 : F639;
26300 : 0637;
26301 : 07A0;
26302 : 0F87;
26303 : FD6F;
26304 : EF3E;
26305 : F64E;
26306 : 0B9B;
26307 : EF0F;
26308 : 0844;
26309 : F468;
26310 : 0113;
26311 : 0BB1;
26312 : F2B3;
26313 : 0FB9;
26314 : 0D1C;
26315 : FCCC;
26316 : F2A5;
26317 : 05F7;
26318 : FADD;
26319 : 04B5;
26320 : 06AF;
26321 : 0F01;
26322 : 0C05;
26323 : 11E7;
26324 : 0E59;
26325 : 0717;
26326 : 0015;
26327 : F279;
26328 : F348;
26329 : EC11;
26330 : F2AD;
26331 : 0956;
26332 : F75D;
26333 : 0C47;
26334 : 07CD;
26335 : F5B2;
26336 : F720;
26337 : F5BF;
26338 : FE2A;
26339 : 0715;
26340 : F23B;
26341 : F99B;
26342 : 0188;
26343 : F889;
26344 : 08AC;
26345 : 0471;
26346 : F46B;
26347 : ED2E;
26348 : FBBA;
26349 : 0945;
26350 : 042B;
26351 : EDC3;
26352 : F3E5;
26353 : 13C9;
26354 : FCD2;
26355 : F3CB;
26356 : FA68;
26357 : FF62;
26358 : 0444;
26359 : FA45;
26360 : 0625;
26361 : 037A;
26362 : EFEF;
26363 : F264;
26364 : 11A5;
26365 : 0955;
26366 : F04B;
26367 : 13E8;
26368 : EE22;
26369 : 0F7B;
26370 : EE58;
26371 : F4ED;
26372 : FE08;
26373 : 13B5;
26374 : 0EA5;
26375 : 0C3E;
26376 : 00D3;
26377 : EDDE;
26378 : 1493;
26379 : 0CED;
26380 : FCD7;
26381 : 042E;
26382 : F443;
26383 : 0690;
26384 : 111F;
26385 : 0A99;
26386 : F6E7;
26387 : 0BB4;
26388 : 0AC5;
26389 : 0A3A;
26390 : 0829;
26391 : FAF2;
26392 : 05C2;
26393 : 012B;
26394 : EE18;
26395 : F8E4;
26396 : F6E5;
26397 : 108D;
26398 : 0E19;
26399 : 05B0;
26400 : 091E;
26401 : 0A17;
26402 : 0096;
26403 : 0BE7;
26404 : F37D;
26405 : 0225;
26406 : FC4C;
26407 : 03EF;
26408 : F461;
26409 : 09D0;
26410 : F604;
26411 : 0D72;
26412 : F616;
26413 : EF00;
26414 : FE35;
26415 : EAFA;
26416 : 0CD6;
26417 : 04A6;
26418 : F1D0;
26419 : 00CC;
26420 : F5B8;
26421 : F86D;
26422 : F78A;
26423 : F2C0;
26424 : F626;
26425 : F23A;
26426 : 0618;
26427 : 0455;
26428 : 00E6;
26429 : FDF9;
26430 : EFF5;
26431 : F1D3;
26432 : 03A9;
26433 : 0198;
26434 : 06B9;
26435 : FC10;
26436 : FD5E;
26437 : F901;
26438 : 0EEF;
26439 : F234;
26440 : 0CEC;
26441 : F47A;
26442 : FCE7;
26443 : 0349;
26444 : ECA0;
26445 : F692;
26446 : 09B9;
26447 : F3AF;
26448 : 0200;
26449 : 0407;
26450 : 03FF;
26451 : 0A4D;
26452 : 023C;
26453 : 07CA;
26454 : FE16;
26455 : EDA1;
26456 : 10CC;
26457 : F223;
26458 : 0952;
26459 : F00B;
26460 : 034F;
26461 : 0507;
26462 : 0B0C;
26463 : 07B7;
26464 : 04B3;
26465 : 0780;
26466 : F6E7;
26467 : F408;
26468 : FEC0;
26469 : 0275;
26470 : F649;
26471 : 0D7A;
26472 : F356;
26473 : 0310;
26474 : F2EB;
26475 : FF4B;
26476 : 000B;
26477 : EF2F;
26478 : 0FD0;
26479 : 05B6;
26480 : 08D8;
26481 : 1199;
26482 : 0245;
26483 : 0C16;
26484 : FC6B;
26485 : EFE0;
26486 : 0992;
26487 : 0A5E;
26488 : 0528;
26489 : 0848;
26490 : EEF5;
26491 : E87B;
26492 : F796;
26493 : 0463;
26494 : F7B7;
26495 : 0165;
26496 : F278;
26497 : FBC5;
26498 : FEC9;
26499 : FCB1;
26500 : F6B2;
26501 : 12E1;
26502 : 080F;
26503 : F201;
26504 : EF88;
26505 : 0C45;
26506 : F91E;
26507 : 0758;
26508 : 0DEF;
26509 : EDD4;
26510 : FEFE;
26511 : 0236;
26512 : FA37;
26513 : 0B54;
26514 : 114C;
26515 : FDE9;
26516 : FE61;
26517 : F120;
26518 : FF9E;
26519 : 00A2;
26520 : F755;
26521 : EB2A;
26522 : FC0B;
26523 : FF58;
26524 : FAC3;
26525 : F8F4;
26526 : F11E;
26527 : 0B7D;
26528 : 081D;
26529 : FCB3;
26530 : 0385;
26531 : E83A;
26532 : 0A95;
26533 : F7DA;
26534 : 0E28;
26535 : 0A43;
26536 : 00A7;
26537 : E9A0;
26538 : 0D8C;
26539 : F3F7;
26540 : 078D;
26541 : F925;
26542 : F112;
26543 : EE47;
26544 : EE17;
26545 : 0EE3;
26546 : 0AF2;
26547 : 0568;
26548 : 02F5;
26549 : 088E;
26550 : F4DA;
26551 : 1083;
26552 : 0B67;
26553 : F217;
26554 : 0552;
26555 : 0169;
26556 : 009B;
26557 : F8BA;
26558 : 085C;
26559 : 05C6;
26560 : 04FC;
26561 : 069C;
26562 : 04B8;
26563 : 0773;
26564 : FB97;
26565 : 0B33;
26566 : 040A;
26567 : F8F9;
26568 : F5AB;
26569 : 05B4;
26570 : 0FE7;
26571 : F276;
26572 : 11C2;
26573 : 0095;
26574 : 0F7A;
26575 : F965;
26576 : F55C;
26577 : 00AE;
26578 : EDC2;
26579 : ED89;
26580 : 147F;
26581 : FEAA;
26582 : 0C67;
26583 : 0F74;
26584 : 0377;
26585 : 05C9;
26586 : F4D0;
26587 : ED35;
26588 : FA3D;
26589 : 033F;
26590 : 0526;
26591 : F748;
26592 : 1519;
26593 : EFAE;
26594 : FFE9;
26595 : 1098;
26596 : FC58;
26597 : 03B0;
26598 : F16B;
26599 : FD62;
26600 : 0337;
26601 : 03B5;
26602 : F5CC;
26603 : 1934;
26604 : 1040;
26605 : 0EF1;
26606 : 013E;
26607 : 0B16;
26608 : EB30;
26609 : F550;
26610 : 00EC;
26611 : F84F;
26612 : 0C9D;
26613 : 01A8;
26614 : F66B;
26615 : 00FF;
26616 : F339;
26617 : F3A5;
26618 : 0C33;
26619 : 0B92;
26620 : F7D4;
26621 : 06FD;
26622 : 006C;
26623 : 04CB;
26624 : EF15;
26625 : F4AA;
26626 : F7CB;
26627 : 097F;
26628 : FB5E;
26629 : FC58;
26630 : 0C00;
26631 : 12E2;
26632 : 0F57;
26633 : 0739;
26634 : 0E31;
26635 : ED0D;
26636 : EEEF;
26637 : 042E;
26638 : 0224;
26639 : 1373;
26640 : EF7C;
26641 : F9C9;
26642 : 0395;
26643 : 074D;
26644 : 1090;
26645 : 0F7A;
26646 : 0591;
26647 : 0032;
26648 : 0AD2;
26649 : 0AFD;
26650 : 03C8;
26651 : FE87;
26652 : EF43;
26653 : FD1E;
26654 : EECC;
26655 : FAAF;
26656 : 10EA;
26657 : F711;
26658 : 12CC;
26659 : 089E;
26660 : 10E7;
26661 : 0847;
26662 : F251;
26663 : F27D;
26664 : F97F;
26665 : 0BEA;
26666 : 0D3A;
26667 : F743;
26668 : 0E4C;
26669 : EF1F;
26670 : EDE3;
26671 : F791;
26672 : F7D4;
26673 : 0DDE;
26674 : FE3E;
26675 : F869;
26676 : 0442;
26677 : FE3F;
26678 : EC4B;
26679 : 0AD8;
26680 : FCD0;
26681 : FA55;
26682 : 1423;
26683 : FC22;
26684 : 0DFA;
26685 : F181;
26686 : 0BEA;
26687 : 07B8;
26688 : FCF4;
26689 : 0FCC;
26690 : 0393;
26691 : 0D78;
26692 : 0636;
26693 : 0A17;
26694 : EFFC;
26695 : 0C89;
26696 : F506;
26697 : 05F0;
26698 : EE40;
26699 : FBB1;
26700 : 09EB;
26701 : 0A42;
26702 : F004;
26703 : 14C4;
26704 : EEF8;
26705 : FECA;
26706 : FBCF;
26707 : 025A;
26708 : 00BF;
26709 : FC83;
26710 : EF9A;
26711 : F5E6;
26712 : FF55;
26713 : 06AF;
26714 : 0ECD;
26715 : 0BF4;
26716 : EC18;
26717 : F8E2;
26718 : FB65;
26719 : 0081;
26720 : 0966;
26721 : 1490;
26722 : 0602;
26723 : 0F0D;
26724 : FC32;
26725 : 0E6C;
26726 : 05A9;
26727 : F9A3;
26728 : 0DFA;
26729 : FA62;
26730 : 1333;
26731 : 07E8;
26732 : 0C3C;
26733 : EF02;
26734 : F35A;
26735 : 060C;
26736 : F7FE;
26737 : 0666;
26738 : EFD8;
26739 : 11B5;
26740 : 0F28;
26741 : F5BA;
26742 : 0164;
26743 : 0761;
26744 : 077A;
26745 : F442;
26746 : FCD9;
26747 : 00E8;
26748 : 0960;
26749 : 0859;
26750 : 05F9;
26751 : FF55;
26752 : FED6;
26753 : 0852;
26754 : 0854;
26755 : F366;
26756 : FE10;
26757 : 1619;
26758 : 0468;
26759 : F918;
26760 : EF14;
26761 : 0C75;
26762 : F7F1;
26763 : F43B;
26764 : 0376;
26765 : 0AB9;
26766 : F6F0;
26767 : 082A;
26768 : FDC0;
26769 : 1362;
26770 : F24A;
26771 : 038D;
26772 : 03A9;
26773 : 17AD;
26774 : F6FA;
26775 : 0EA1;
26776 : 0F25;
26777 : FF9F;
26778 : EF16;
26779 : FB0D;
26780 : F0E4;
26781 : FDEF;
26782 : F992;
26783 : 0257;
26784 : F386;
26785 : F892;
26786 : F985;
26787 : 0E39;
26788 : F276;
26789 : 12A6;
26790 : 0392;
26791 : FAEE;
26792 : F71F;
26793 : 0A58;
26794 : 06A1;
26795 : F2B0;
26796 : 03F1;
26797 : FB0C;
26798 : 07E4;
26799 : F73B;
26800 : 0895;
26801 : F1DC;
26802 : 0C26;
26803 : 0402;
26804 : FFB3;
26805 : 1000;
26806 : 0906;
26807 : 097D;
26808 : FE97;
26809 : 0C2D;
26810 : 105D;
26811 : F6F2;
26812 : EF96;
26813 : 0FB4;
26814 : FD8E;
26815 : 107E;
26816 : F3DA;
26817 : 0762;
26818 : FFD9;
26819 : 1204;
26820 : FD9E;
26821 : 1168;
26822 : 0742;
26823 : FEAA;
26824 : 0EC5;
26825 : F784;
26826 : 0C51;
26827 : 08F4;
26828 : EE27;
26829 : 0046;
26830 : FC9C;
26831 : FDE1;
26832 : EEF3;
26833 : F03B;
26834 : F7D0;
26835 : 0D63;
26836 : 0DD5;
26837 : EF2F;
26838 : 111D;
26839 : FE14;
26840 : 0C0D;
26841 : F67A;
26842 : FEDD;
26843 : F6F4;
26844 : 01E0;
26845 : FBB8;
26846 : 109B;
26847 : F2A7;
26848 : FAD1;
26849 : 0273;
26850 : 072D;
26851 : 0EAB;
26852 : F422;
26853 : 0BB1;
26854 : 0036;
26855 : F49A;
26856 : 0F44;
26857 : FBBA;
26858 : 0807;
26859 : 1240;
26860 : 0288;
26861 : EF76;
26862 : 06C0;
26863 : 015C;
26864 : F639;
26865 : 0E6C;
26866 : 0767;
26867 : F76D;
26868 : F896;
26869 : F0DD;
26870 : 0D1C;
26871 : 0FB8;
26872 : FD82;
26873 : 0749;
26874 : F9A2;
26875 : F4FF;
26876 : F238;
26877 : F257;
26878 : 0793;
26879 : ED2C;
26880 : 11E9;
26881 : 00E9;
26882 : EDFA;
26883 : EC7F;
26884 : EE6C;
26885 : EF99;
26886 : F345;
26887 : 09EE;
26888 : F4AA;
26889 : F432;
26890 : FBF0;
26891 : 081D;
26892 : 1247;
26893 : 0C94;
26894 : EC9E;
26895 : FC05;
26896 : FBFE;
26897 : 0C7D;
26898 : 0A64;
26899 : F96B;
26900 : 08CA;
26901 : F3FA;
26902 : 011C;
26903 : EFAE;
26904 : EEC0;
26905 : 0A00;
26906 : 1264;
26907 : FE65;
26908 : F279;
26909 : 020E;
26910 : 08C5;
26911 : FBA7;
26912 : 120D;
26913 : FA4E;
26914 : EFB5;
26915 : FB68;
26916 : F8CC;
26917 : 0339;
26918 : EFEC;
26919 : 051A;
26920 : 0DF7;
26921 : EDB3;
26922 : FBEF;
26923 : F4BD;
26924 : F70F;
26925 : F734;
26926 : EFF2;
26927 : 073C;
26928 : FDB6;
26929 : F6B5;
26930 : FC8A;
26931 : 092E;
26932 : 0F9B;
26933 : 0559;
26934 : 0214;
26935 : 0813;
26936 : F4D0;
26937 : FA3A;
26938 : 0062;
26939 : 0BB3;
26940 : 0CFF;
26941 : F08E;
26942 : F570;
26943 : 0A6E;
26944 : FF69;
26945 : EE32;
26946 : F6C9;
26947 : 0D70;
26948 : ED98;
26949 : FB1C;
26950 : F4B4;
26951 : FA90;
26952 : ED85;
26953 : 0E97;
26954 : 0364;
26955 : 1279;
26956 : EE9D;
26957 : F123;
26958 : EC99;
26959 : EFD1;
26960 : F2D5;
26961 : FA8C;
26962 : 0568;
26963 : 0A94;
26964 : 0C80;
26965 : F5CB;
26966 : 0F90;
26967 : FDFE;
26968 : EE31;
26969 : FB8F;
26970 : 0628;
26971 : 0B79;
26972 : 0606;
26973 : FEFB;
26974 : F278;
26975 : 0287;
26976 : 128C;
26977 : F33F;
26978 : F86D;
26979 : F3E1;
26980 : EEDE;
26981 : 10DF;
26982 : F369;
26983 : 02F5;
26984 : FCC4;
26985 : 00F3;
26986 : F21A;
26987 : 017D;
26988 : F7CB;
26989 : FB8F;
26990 : 105E;
26991 : F65D;
26992 : FAEF;
26993 : FF23;
26994 : 11C1;
26995 : ECA3;
26996 : 043E;
26997 : 11B8;
26998 : 0E2C;
26999 : FFD2;
27000 : F243;
27001 : 1354;
27002 : F90C;
27003 : 0B09;
27004 : 0517;
27005 : EEC1;
27006 : 0B52;
27007 : F999;
27008 : 02FB;
27009 : 0300;
27010 : 1277;
27011 : 0E2D;
27012 : 10CD;
27013 : 0DE3;
27014 : 0530;
27015 : EEB0;
27016 : F048;
27017 : 00F8;
27018 : F002;
27019 : 00A4;
27020 : FD70;
27021 : 10EF;
27022 : EE61;
27023 : ECD1;
27024 : F635;
27025 : 118C;
27026 : 05CC;
27027 : F9D3;
27028 : 12DA;
27029 : F1CB;
27030 : 0DCA;
27031 : FB1C;
27032 : F497;
27033 : F98D;
27034 : FAA0;
27035 : F73C;
27036 : 12A4;
27037 : 0C8D;
27038 : F259;
27039 : FAA9;
27040 : 0274;
27041 : FB8A;
27042 : F950;
27043 : EDAA;
27044 : F2EC;
27045 : 065D;
27046 : 0072;
27047 : 0B9E;
27048 : F323;
27049 : F1B3;
27050 : 12A6;
27051 : 042F;
27052 : FDF9;
27053 : 05C2;
27054 : 02B5;
27055 : FC80;
27056 : EEBD;
27057 : F998;
27058 : FFA6;
27059 : 0250;
27060 : 05CF;
27061 : 0EB8;
27062 : 0774;
27063 : FA6C;
27064 : 0931;
27065 : 0779;
27066 : FAC0;
27067 : 06C5;
27068 : EC06;
27069 : 0C03;
27070 : F8BA;
27071 : 0346;
27072 : 0AA0;
27073 : F5DB;
27074 : 0EC6;
27075 : 0E57;
27076 : 0A86;
27077 : F25A;
27078 : F6FB;
27079 : F5F6;
27080 : 0424;
27081 : 0E97;
27082 : 01B9;
27083 : 0B05;
27084 : 121B;
27085 : F71D;
27086 : F316;
27087 : F775;
27088 : F6E6;
27089 : 10A5;
27090 : 0F9E;
27091 : F106;
27092 : FD63;
27093 : F27C;
27094 : 0009;
27095 : 1153;
27096 : 04B1;
27097 : EE2E;
27098 : FA61;
27099 : F276;
27100 : 0D6A;
27101 : F965;
27102 : F4BF;
27103 : F047;
27104 : 0449;
27105 : 0F06;
27106 : EE0A;
27107 : 0E54;
27108 : EC07;
27109 : F504;
27110 : 0745;
27111 : F918;
27112 : FF2D;
27113 : 1052;
27114 : 0014;
27115 : 0B62;
27116 : 0935;
27117 : 001E;
27118 : 025F;
27119 : F486;
27120 : F182;
27121 : 00B9;
27122 : 0B2A;
27123 : FB0C;
27124 : ECB9;
27125 : 0E36;
27126 : 05C4;
27127 : 14BE;
27128 : 12CA;
27129 : F81E;
27130 : 0046;
27131 : F71E;
27132 : 107F;
27133 : FC22;
27134 : 0213;
27135 : F83C;
27136 : 0A56;
27137 : 0AF8;
27138 : 0902;
27139 : 127A;
27140 : 0071;
27141 : EA25;
27142 : FE76;
27143 : 0098;
27144 : 10FE;
27145 : 0E99;
27146 : F58F;
27147 : 0F0E;
27148 : FA9E;
27149 : 0C3F;
27150 : 084D;
27151 : F5FA;
27152 : FA06;
27153 : 0C65;
27154 : FE78;
27155 : FC75;
27156 : 034E;
27157 : 0BB2;
27158 : F85C;
27159 : FA34;
27160 : 0438;
27161 : 0776;
27162 : 042D;
27163 : F476;
27164 : 074D;
27165 : F048;
27166 : 0B51;
27167 : F717;
27168 : 0797;
27169 : 0553;
27170 : F7B7;
27171 : 0886;
27172 : FFFE;
27173 : 0407;
27174 : 03BF;
27175 : 072C;
27176 : F93F;
27177 : 0CC0;
27178 : FB3F;
27179 : FB74;
27180 : 06E9;
27181 : F0F0;
27182 : 10DA;
27183 : FBCD;
27184 : ED90;
27185 : FD90;
27186 : EE49;
27187 : 037D;
27188 : EF3D;
27189 : 0CE2;
27190 : 01CC;
27191 : FBD1;
27192 : 0C78;
27193 : 0ED5;
27194 : EC7A;
27195 : F2FD;
27196 : F82D;
27197 : 0019;
27198 : 0088;
27199 : EF84;
27200 : FCE2;
27201 : 0828;
27202 : FB0D;
27203 : F8B3;
27204 : F6D0;
27205 : EF11;
27206 : F24A;
27207 : FDFE;
27208 : 0367;
27209 : F6B5;
27210 : 0735;
27211 : 0FE8;
27212 : 03DF;
27213 : 0652;
27214 : FACC;
27215 : F80D;
27216 : EC14;
27217 : FE66;
27218 : FFB7;
27219 : F95C;
27220 : 042E;
27221 : FCEE;
27222 : 0144;
27223 : 0A64;
27224 : 0910;
27225 : EDB8;
27226 : 028B;
27227 : F90B;
27228 : F4AB;
27229 : EEBA;
27230 : 0BA4;
27231 : 081B;
27232 : 0DBF;
27233 : 0261;
27234 : F97F;
27235 : 0130;
27236 : 0E9F;
27237 : FF35;
27238 : F3CD;
27239 : F095;
27240 : 0661;
27241 : 02ED;
27242 : 0233;
27243 : F9DE;
27244 : 027D;
27245 : F7BD;
27246 : F727;
27247 : 0D8A;
27248 : F598;
27249 : F1F0;
27250 : 04E9;
27251 : 0BAC;
27252 : FB1F;
27253 : 0EE4;
27254 : F8D5;
27255 : F2C9;
27256 : FA36;
27257 : EEF7;
27258 : F113;
27259 : 05C2;
27260 : F23F;
27261 : 09B4;
27262 : 0907;
27263 : FA15;
27264 : FCB9;
27265 : 006E;
27266 : 081E;
27267 : EA48;
27268 : 000A;
27269 : FBFA;
27270 : 077F;
27271 : 01F7;
27272 : 0786;
27273 : F08D;
27274 : FA90;
27275 : 0828;
27276 : 0FE7;
27277 : EF7D;
27278 : 00A2;
27279 : EDD8;
27280 : E98A;
27281 : 05CF;
27282 : 04BC;
27283 : F3C4;
27284 : F016;
27285 : 01A5;
27286 : 079B;
27287 : F18B;
27288 : FD9F;
27289 : 003E;
27290 : 0E73;
27291 : FC3E;
27292 : 0C05;
27293 : EC84;
27294 : 0430;
27295 : 13DD;
27296 : FABC;
27297 : F95D;
27298 : 0F05;
27299 : 04E8;
27300 : F596;
27301 : 044B;
27302 : 1339;
27303 : F6DF;
27304 : F004;
27305 : 0DB2;
27306 : 12C8;
27307 : F673;
27308 : EDB8;
27309 : EC93;
27310 : 0BDC;
27311 : 1202;
27312 : F530;
27313 : 0541;
27314 : 0E64;
27315 : F9E2;
27316 : F402;
27317 : 0008;
27318 : F306;
27319 : 002F;
27320 : 1878;
27321 : FD0E;
27322 : F144;
27323 : E8B3;
27324 : 03CB;
27325 : FA63;
27326 : FED6;
27327 : 11A6;
27328 : 0371;
27329 : 0757;
27330 : 096E;
27331 : 0294;
27332 : F2F7;
27333 : 0FAA;
27334 : 01A4;
27335 : 04F1;
27336 : F8F8;
27337 : 0975;
27338 : 076A;
27339 : 10E1;
27340 : 1019;
27341 : EE2A;
27342 : FA89;
27343 : 10E0;
27344 : 00D3;
27345 : FDBA;
27346 : 056C;
27347 : FB07;
27348 : F4B0;
27349 : F03C;
27350 : F9E7;
27351 : FFF8;
27352 : 13B6;
27353 : F1A1;
27354 : 0974;
27355 : EF6C;
27356 : 01AD;
27357 : 0695;
27358 : 03DE;
27359 : 0C02;
27360 : F9EF;
27361 : 0F80;
27362 : 1281;
27363 : F440;
27364 : 0D41;
27365 : FE19;
27366 : 0503;
27367 : F187;
27368 : F777;
27369 : FD80;
27370 : F1CF;
27371 : FCE3;
27372 : EE81;
27373 : 102B;
27374 : 1022;
27375 : 0E38;
27376 : 09C2;
27377 : FA1A;
27378 : 0D94;
27379 : F61F;
27380 : 03A8;
27381 : FC2A;
27382 : 0675;
27383 : FFBF;
27384 : 1313;
27385 : 0D26;
27386 : 0C7B;
27387 : 012B;
27388 : 0970;
27389 : FEEF;
27390 : FC2C;
27391 : 07CB;
27392 : E9E2;
27393 : EF1A;
27394 : F2B0;
27395 : 0074;
27396 : 0657;
27397 : 0A56;
27398 : FF0C;
27399 : 02C9;
27400 : 06D5;
27401 : 1256;
27402 : 009E;
27403 : 04B8;
27404 : 0706;
27405 : 1084;
27406 : 0171;
27407 : 0C72;
27408 : EBD9;
27409 : 08A3;
27410 : 0C81;
27411 : F428;
27412 : 07E7;
27413 : F99B;
27414 : 08BC;
27415 : 09B4;
27416 : FBD3;
27417 : F2C2;
27418 : EDA6;
27419 : 06CE;
27420 : F132;
27421 : F79F;
27422 : F74F;
27423 : 0147;
27424 : 03E9;
27425 : FBC1;
27426 : EE84;
27427 : EFC2;
27428 : EEA2;
27429 : 0888;
27430 : FA01;
27431 : ED87;
27432 : F455;
27433 : 000F;
27434 : 12F8;
27435 : 0442;
27436 : 00D5;
27437 : 10E8;
27438 : FAEA;
27439 : F369;
27440 : 04E8;
27441 : FA58;
27442 : F4AE;
27443 : 0FE2;
27444 : F058;
27445 : F96A;
27446 : F143;
27447 : 0D71;
27448 : 04BD;
27449 : 055F;
27450 : EFED;
27451 : 089B;
27452 : 0EB3;
27453 : 0F72;
27454 : F45A;
27455 : FE7D;
27456 : 0C63;
27457 : 0FAC;
27458 : 0BA4;
27459 : 0673;
27460 : 008F;
27461 : FC37;
27462 : 0158;
27463 : 02A5;
27464 : EC90;
27465 : 1123;
27466 : 0017;
27467 : 04E6;
27468 : FF9E;
27469 : F17B;
27470 : F793;
27471 : F416;
27472 : 0883;
27473 : 098C;
27474 : 0A18;
27475 : 0BAA;
27476 : F8EE;
27477 : 0C73;
27478 : 0D47;
27479 : 0443;
27480 : 1591;
27481 : FD06;
27482 : 0C02;
27483 : 1616;
27484 : F891;
27485 : 0F4E;
27486 : F2A5;
27487 : 0BC1;
27488 : FAAC;
27489 : F5E0;
27490 : 0F58;
27491 : 0E92;
27492 : FD76;
27493 : EA7B;
27494 : EA97;
27495 : 07BE;
27496 : F043;
27497 : FE6B;
27498 : F2D3;
27499 : 052B;
27500 : 0577;
27501 : F2F1;
27502 : 02BE;
27503 : 0E6D;
27504 : F2A2;
27505 : F553;
27506 : 03FD;
27507 : 08A0;
27508 : 0A5B;
27509 : 02BA;
27510 : F84D;
27511 : 0B87;
27512 : 0EC6;
27513 : 0D2C;
27514 : FA68;
27515 : 0AAD;
27516 : 05E2;
27517 : 1571;
27518 : F7FB;
27519 : 0D5F;
27520 : EF4E;
27521 : 0F33;
27522 : F7AA;
27523 : FA5D;
27524 : F11F;
27525 : F4B2;
27526 : F617;
27527 : 0656;
27528 : 0900;
27529 : 0645;
27530 : 0B7E;
27531 : F17E;
27532 : 0E56;
27533 : 1029;
27534 : F264;
27535 : F1F2;
27536 : F9B1;
27537 : 1150;
27538 : 0AA4;
27539 : 1126;
27540 : 1179;
27541 : 11BB;
27542 : 0444;
27543 : F3AF;
27544 : F58B;
27545 : 0DD3;
27546 : 0DA1;
27547 : 0E0A;
27548 : FEA7;
27549 : 03B6;
27550 : 0D2C;
27551 : 0BE9;
27552 : 06BA;
27553 : 0D1D;
27554 : EE19;
27555 : F7F3;
27556 : 0F4B;
27557 : 0414;
27558 : 00E5;
27559 : F904;
27560 : 067D;
27561 : 0E0C;
27562 : F2DC;
27563 : 1068;
27564 : FE86;
27565 : EB93;
27566 : 0FE3;
27567 : F01A;
27568 : 105E;
27569 : F730;
27570 : 09E8;
27571 : 1238;
27572 : 0690;
27573 : EDF8;
27574 : 1067;
27575 : 09C0;
27576 : 091F;
27577 : FB48;
27578 : 0A92;
27579 : 0638;
27580 : 0233;
27581 : 116C;
27582 : FF10;
27583 : 0D34;
27584 : 0E80;
27585 : FB4E;
27586 : 07C9;
27587 : FF3E;
27588 : F707;
27589 : 1246;
27590 : 05BD;
27591 : F667;
27592 : F6B0;
27593 : F353;
27594 : EF7A;
27595 : F210;
27596 : 06E4;
27597 : FE8A;
27598 : 0D06;
27599 : 0D0E;
27600 : F3C6;
27601 : 063D;
27602 : 0D89;
27603 : FB3C;
27604 : 0AA5;
27605 : 04F3;
27606 : F9EB;
27607 : EBAF;
27608 : 10B9;
27609 : F133;
27610 : 0620;
27611 : 0CF0;
27612 : 0A84;
27613 : EEFD;
27614 : 03F0;
27615 : 0AE2;
27616 : F9D9;
27617 : F402;
27618 : F303;
27619 : 0538;
27620 : 04CA;
27621 : F84F;
27622 : F646;
27623 : F810;
27624 : F019;
27625 : FCA2;
27626 : 03A1;
27627 : F0B3;
27628 : FE35;
27629 : F314;
27630 : FAAF;
27631 : 0BAD;
27632 : 1021;
27633 : EBB5;
27634 : F3B3;
27635 : 1002;
27636 : EE01;
27637 : FB63;
27638 : 0A7B;
27639 : F080;
27640 : 0DA6;
27641 : F5FC;
27642 : 13D3;
27643 : 074A;
27644 : FC8E;
27645 : 0682;
27646 : F773;
27647 : FB32;
27648 : FBB9;
27649 : FE63;
27650 : FF77;
27651 : 0895;
27652 : FD17;
27653 : 0F43;
27654 : 11BA;
27655 : 0D1C;
27656 : F75F;
27657 : 0E8F;
27658 : FDEA;
27659 : F848;
27660 : F31D;
27661 : 0CF2;
27662 : 08C5;
27663 : 0F68;
27664 : F464;
27665 : 0117;
27666 : 0A1B;
27667 : EDA9;
27668 : FB33;
27669 : 191E;
27670 : F1D9;
27671 : 04FE;
27672 : 0252;
27673 : 08B0;
27674 : FF45;
27675 : F610;
27676 : 17B1;
27677 : 0AF0;
27678 : F921;
27679 : 10CA;
27680 : F41C;
27681 : F36F;
27682 : 0F44;
27683 : 0530;
27684 : 06EB;
27685 : 10F7;
27686 : F755;
27687 : FE45;
27688 : ED08;
27689 : 1044;
27690 : 10E7;
27691 : E97B;
27692 : FFD8;
27693 : 0C20;
27694 : FCFF;
27695 : 0B1B;
27696 : F752;
27697 : EE9D;
27698 : F77E;
27699 : F9AC;
27700 : EEDF;
27701 : F775;
27702 : FE09;
27703 : 061E;
27704 : F187;
27705 : F296;
27706 : FDD1;
27707 : F714;
27708 : F5A6;
27709 : F1C0;
27710 : FA8B;
27711 : 0827;
27712 : F590;
27713 : 098B;
27714 : 0613;
27715 : 0B1E;
27716 : 0F37;
27717 : 06B4;
27718 : 0398;
27719 : 05D1;
27720 : F024;
27721 : F384;
27722 : EC59;
27723 : EF28;
27724 : FE15;
27725 : EF25;
27726 : 0D82;
27727 : 00D1;
27728 : FB02;
27729 : 1376;
27730 : 0ADE;
27731 : EDED;
27732 : F720;
27733 : 005D;
27734 : F940;
27735 : EF24;
27736 : EB94;
27737 : 099D;
27738 : 11AE;
27739 : F887;
27740 : F4FF;
27741 : 0474;
27742 : 15FC;
27743 : FA8F;
27744 : 0BBC;
27745 : F83F;
27746 : ECBE;
27747 : F9DC;
27748 : 10DF;
27749 : 0487;
27750 : EEFE;
27751 : 1297;
27752 : ECFD;
27753 : 01B7;
27754 : FFF5;
27755 : 03A0;
27756 : F3DF;
27757 : 091E;
27758 : 117B;
27759 : 1256;
27760 : 06AC;
27761 : 0305;
27762 : 0BB4;
27763 : 0D65;
27764 : 0B84;
27765 : 09B9;
27766 : 0506;
27767 : F675;
27768 : 05AA;
27769 : EB69;
27770 : EE76;
27771 : F232;
27772 : 09C6;
27773 : 0DF6;
27774 : 0F92;
27775 : 1104;
27776 : 0E76;
27777 : 0642;
27778 : ED34;
27779 : F23A;
27780 : 0912;
27781 : 07CF;
27782 : F767;
27783 : 076F;
27784 : 03AA;
27785 : F6CF;
27786 : E743;
27787 : EE14;
27788 : F332;
27789 : F9F3;
27790 : 05F3;
27791 : 0D89;
27792 : 0531;
27793 : 0E60;
27794 : FF30;
27795 : F03C;
27796 : F664;
27797 : 19DF;
27798 : 09E2;
27799 : F22D;
27800 : 095D;
27801 : FDEB;
27802 : F516;
27803 : 125E;
27804 : 08B3;
27805 : FFAF;
27806 : 0B3E;
27807 : 039C;
27808 : EEBE;
27809 : 0030;
27810 : ED71;
27811 : 06A7;
27812 : F736;
27813 : 0DEF;
27814 : F6EE;
27815 : F61E;
27816 : 003A;
27817 : EE7A;
27818 : F88F;
27819 : F3E5;
27820 : 0CB3;
27821 : F640;
27822 : 000A;
27823 : FF28;
27824 : 0AA0;
27825 : EA93;
27826 : F5B3;
27827 : F96E;
27828 : ED10;
27829 : 0883;
27830 : 0C22;
27831 : 10EC;
27832 : 0D14;
27833 : F668;
27834 : F1E4;
27835 : F984;
27836 : EDEC;
27837 : 1311;
27838 : 0F5C;
27839 : EB45;
27840 : F4A8;
27841 : FC8C;
27842 : F88D;
27843 : 0B21;
27844 : 0A20;
27845 : EC82;
27846 : EF67;
27847 : F07A;
27848 : 0A80;
27849 : 0261;
27850 : F99B;
27851 : F7B2;
27852 : FFB2;
27853 : 0E6A;
27854 : FE06;
27855 : 0AB7;
27856 : EEEF;
27857 : 021D;
27858 : FCD8;
27859 : 077B;
27860 : F268;
27861 : 028C;
27862 : FC73;
27863 : 0842;
27864 : F0C7;
27865 : 0247;
27866 : F11D;
27867 : F983;
27868 : 0A55;
27869 : FC41;
27870 : 0037;
27871 : FFAC;
27872 : 0A56;
27873 : EFC3;
27874 : 0205;
27875 : 090A;
27876 : F306;
27877 : F0CB;
27878 : F6D8;
27879 : FB97;
27880 : EE37;
27881 : F94F;
27882 : FA6E;
27883 : EE3A;
27884 : F660;
27885 : 1318;
27886 : FA6F;
27887 : 0884;
27888 : 0CEF;
27889 : 092C;
27890 : 0CF1;
27891 : 0F85;
27892 : ED01;
27893 : FD58;
27894 : FDAC;
27895 : EDBA;
27896 : 138E;
27897 : 00DA;
27898 : F4AD;
27899 : 1016;
27900 : 076D;
27901 : F5E3;
27902 : EDA0;
27903 : F082;
27904 : 04F4;
27905 : FD4D;
27906 : 082B;
27907 : F060;
27908 : F961;
27909 : F16F;
27910 : 1407;
27911 : 04EB;
27912 : F0A8;
27913 : 0616;
27914 : F64D;
27915 : 04D2;
27916 : 01D5;
27917 : EF98;
27918 : 000D;
27919 : 0C25;
27920 : 04AD;
27921 : F8A6;
27922 : FD51;
27923 : F701;
27924 : 0753;
27925 : F6EC;
27926 : 148D;
27927 : 0F75;
27928 : 0729;
27929 : F968;
27930 : 0680;
27931 : 16C1;
27932 : 1006;
27933 : 0DDC;
27934 : FAB0;
27935 : ECA8;
27936 : 0EC3;
27937 : FA40;
27938 : 0959;
27939 : 0060;
27940 : 072A;
27941 : 05A7;
27942 : 051F;
27943 : EB15;
27944 : 06FA;
27945 : 0F22;
27946 : EE4C;
27947 : F8DA;
27948 : 01FB;
27949 : F810;
27950 : 0BD3;
27951 : F4E8;
27952 : FF80;
27953 : EE1A;
27954 : EC60;
27955 : 013D;
27956 : FACC;
27957 : 0921;
27958 : F5DC;
27959 : 05E2;
27960 : F4EE;
27961 : F4F5;
27962 : FC66;
27963 : 0001;
27964 : F9A0;
27965 : 0913;
27966 : EE82;
27967 : 0E37;
27968 : 0FED;
27969 : 0BCD;
27970 : 0325;
27971 : 0FB8;
27972 : 0D76;
27973 : F22C;
27974 : F1C7;
27975 : FDBB;
27976 : F622;
27977 : 017D;
27978 : F05D;
27979 : 0C7D;
27980 : 06DB;
27981 : 0771;
27982 : FC73;
27983 : F7A3;
27984 : 10AE;
27985 : 03BA;
27986 : F20A;
27987 : 112A;
27988 : FD6C;
27989 : 0B79;
27990 : F38F;
27991 : F64F;
27992 : 13F3;
27993 : 0305;
27994 : 0696;
27995 : F6C7;
27996 : F900;
27997 : 0688;
27998 : F604;
27999 : 0E24;
28000 : 0164;
28001 : F1CE;
28002 : 0C47;
28003 : F64A;
28004 : ECCE;
28005 : ED23;
28006 : 160A;
28007 : 048C;
28008 : F5C5;
28009 : 0A1A;
28010 : 03D9;
28011 : F6F3;
28012 : FBC4;
28013 : 0E5D;
28014 : FB6C;
28015 : F354;
28016 : 02FF;
28017 : 0F6C;
28018 : 00AA;
28019 : F320;
28020 : 0625;
28021 : 0E77;
28022 : F922;
28023 : F190;
28024 : 055E;
28025 : 0B12;
28026 : 03B3;
28027 : F97E;
28028 : FC11;
28029 : FBE9;
28030 : 0BCE;
28031 : 057F;
28032 : FC62;
28033 : 044E;
28034 : 0FAA;
28035 : FD97;
28036 : 035F;
28037 : 11E8;
28038 : 0137;
28039 : 0D4A;
28040 : ED9E;
28041 : 0727;
28042 : F9A7;
28043 : 0FBB;
28044 : 06D1;
28045 : 0EFD;
28046 : F504;
28047 : 0857;
28048 : 1216;
28049 : EE1F;
28050 : 0CEC;
28051 : 0111;
28052 : 0DF8;
28053 : FDB0;
28054 : 07E9;
28055 : 1247;
28056 : FFD2;
28057 : EEC5;
28058 : 067A;
28059 : 14CC;
28060 : F95B;
28061 : F7AF;
28062 : F746;
28063 : F819;
28064 : 12C1;
28065 : 0359;
28066 : 09BD;
28067 : F480;
28068 : 01DC;
28069 : FFAD;
28070 : 13EF;
28071 : F9DC;
28072 : FF6B;
28073 : F84E;
28074 : 027E;
28075 : E878;
28076 : F7F1;
28077 : 0325;
28078 : 10BB;
28079 : 06C2;
28080 : F362;
28081 : 0098;
28082 : 07B3;
28083 : 0650;
28084 : F436;
28085 : F651;
28086 : 0578;
28087 : F071;
28088 : F3E7;
28089 : 03EF;
28090 : 0EF9;
28091 : FFF0;
28092 : EECF;
28093 : 07F5;
28094 : FD5C;
28095 : F843;
28096 : F908;
28097 : 1036;
28098 : 0A6B;
28099 : 06A2;
28100 : F4A7;
28101 : 0B6B;
28102 : 08E2;
28103 : FE91;
28104 : 0EB9;
28105 : F886;
28106 : 00D4;
28107 : 11C8;
28108 : FE53;
28109 : F853;
28110 : FB2F;
28111 : 0F3C;
28112 : F369;
28113 : 071D;
28114 : EB53;
28115 : F413;
28116 : FC66;
28117 : F570;
28118 : 0C8F;
28119 : F6EE;
28120 : F48D;
28121 : FA00;
28122 : 0A84;
28123 : 05D8;
28124 : 0630;
28125 : FB4F;
28126 : FB48;
28127 : FFDB;
28128 : F961;
28129 : FCA9;
28130 : 03E5;
28131 : FFDE;
28132 : 0C56;
28133 : 1069;
28134 : F3A5;
28135 : F0EC;
28136 : 01E9;
28137 : F4F8;
28138 : F331;
28139 : 025A;
28140 : 12AE;
28141 : F4AA;
28142 : 0F9C;
28143 : EC4A;
28144 : 0156;
28145 : 0717;
28146 : FD87;
28147 : 0A2D;
28148 : 0649;
28149 : 0F14;
28150 : EEE8;
28151 : 0B94;
28152 : FE0D;
28153 : FADF;
28154 : FC25;
28155 : 01C9;
28156 : 0089;
28157 : 052F;
28158 : FD56;
28159 : F612;
28160 : F4D5;
28161 : FF51;
28162 : 072A;
28163 : 050B;
28164 : FC0D;
28165 : 0974;
28166 : 0A78;
28167 : 04F1;
28168 : EF99;
28169 : 02DF;
28170 : FFD4;
28171 : FB95;
28172 : EAAE;
28173 : 0316;
28174 : EDCE;
28175 : 04D5;
28176 : F793;
28177 : F3BC;
28178 : EE38;
28179 : F2EF;
28180 : 0E03;
28181 : 02F3;
28182 : FBFA;
28183 : F760;
28184 : 1469;
28185 : EC0F;
28186 : 02CF;
28187 : 0BD0;
28188 : FB0A;
28189 : 0A58;
28190 : FA94;
28191 : F9E9;
28192 : F86D;
28193 : 11EF;
28194 : EC65;
28195 : 0094;
28196 : F6AA;
28197 : F30D;
28198 : 125C;
28199 : FB51;
28200 : 1147;
28201 : 0A27;
28202 : 0514;
28203 : 0B66;
28204 : 0BE1;
28205 : FA86;
28206 : 121B;
28207 : F19F;
28208 : ECAE;
28209 : 0C6C;
28210 : 03AF;
28211 : 0177;
28212 : F829;
28213 : 0764;
28214 : F9AE;
28215 : F593;
28216 : F8F6;
28217 : 0592;
28218 : F593;
28219 : 0C0D;
28220 : 0E21;
28221 : 1172;
28222 : EB99;
28223 : F65C;
28224 : F8E9;
28225 : 001F;
28226 : F84D;
28227 : F88B;
28228 : F46C;
28229 : 0D99;
28230 : 077C;
28231 : F1F6;
28232 : 03B6;
28233 : F756;
28234 : F07C;
28235 : 1173;
28236 : 09CA;
28237 : FF97;
28238 : 023C;
28239 : FDD5;
28240 : F142;
28241 : 0168;
28242 : F73F;
28243 : 075E;
28244 : FCC4;
28245 : F1F0;
28246 : 06DD;
28247 : FA5E;
28248 : 0EFF;
28249 : F490;
28250 : 01FB;
28251 : EADA;
28252 : 0F28;
28253 : FEA7;
28254 : 024B;
28255 : 0B0A;
28256 : 1553;
28257 : FD40;
28258 : F8A8;
28259 : F893;
28260 : F9CE;
28261 : 0099;
28262 : F5B1;
28263 : 0ACE;
28264 : 0778;
28265 : 0690;
28266 : 070C;
28267 : FD99;
28268 : F98F;
28269 : FD4B;
28270 : 0BD0;
28271 : FBEC;
28272 : FFFE;
28273 : FB43;
28274 : 011B;
28275 : F116;
28276 : F27C;
28277 : F4EE;
28278 : 01AE;
28279 : EB7E;
28280 : F417;
28281 : 01BA;
28282 : 020B;
28283 : F9BF;
28284 : F2EC;
28285 : 0D84;
28286 : F38E;
28287 : 1088;
28288 : FF59;
28289 : F9D1;
28290 : 09B4;
28291 : 04C8;
28292 : EDD4;
28293 : 0E60;
28294 : FF86;
28295 : 0D75;
28296 : 0AD8;
28297 : 12E4;
28298 : F92F;
28299 : F77C;
28300 : F734;
28301 : 014C;
28302 : FABF;
28303 : 05C3;
28304 : 02B5;
28305 : 045B;
28306 : EBD3;
28307 : 07BE;
28308 : F9CD;
28309 : F1B4;
28310 : 1040;
28311 : FD99;
28312 : F24C;
28313 : F750;
28314 : EFF4;
28315 : 0A36;
28316 : 0A68;
28317 : F487;
28318 : 09CE;
28319 : ED5D;
28320 : 11B7;
28321 : F865;
28322 : 0E56;
28323 : FD43;
28324 : FF0D;
28325 : 079C;
28326 : 026D;
28327 : 0D43;
28328 : 1166;
28329 : F686;
28330 : 033B;
28331 : 0875;
28332 : 0021;
28333 : F093;
28334 : FAEB;
28335 : F68A;
28336 : 0A9E;
28337 : 033C;
28338 : 053E;
28339 : FC41;
28340 : 0747;
28341 : 01C7;
28342 : 04F6;
28343 : 0501;
28344 : EE02;
28345 : 0C66;
28346 : EDEF;
28347 : 0054;
28348 : 0718;
28349 : EF97;
28350 : 00D9;
28351 : 01D0;
28352 : EBB4;
28353 : 15C7;
28354 : FED0;
28355 : EE62;
28356 : F6E5;
28357 : 013B;
28358 : 1346;
28359 : 04BD;
28360 : 0A81;
28361 : 0A18;
28362 : F9CD;
28363 : 0490;
28364 : F98E;
28365 : EC45;
28366 : 11D0;
28367 : F555;
28368 : F64A;
28369 : 03BD;
28370 : FC80;
28371 : 0AE0;
28372 : 0637;
28373 : 059F;
28374 : 11B7;
28375 : F3A1;
28376 : 0741;
28377 : 1011;
28378 : 0DB6;
28379 : 051E;
28380 : F962;
28381 : 0726;
28382 : 0A02;
28383 : FFD7;
28384 : FC47;
28385 : 12DC;
28386 : 0106;
28387 : FEB3;
28388 : F284;
28389 : F8FE;
28390 : F091;
28391 : 0895;
28392 : F3BA;
28393 : F274;
28394 : 020E;
28395 : 13EB;
28396 : 10F0;
28397 : EF15;
28398 : 0994;
28399 : F1C1;
28400 : EC73;
28401 : F67B;
28402 : ED3D;
28403 : FEDF;
28404 : 05BC;
28405 : F08D;
28406 : 0AAD;
28407 : F7BE;
28408 : 11B4;
28409 : 0AFB;
28410 : F621;
28411 : FF62;
28412 : EE91;
28413 : 030A;
28414 : EDBE;
28415 : 0CA1;
28416 : ED5D;
28417 : F92A;
28418 : 0F65;
28419 : FFB4;
28420 : 09D9;
28421 : FA92;
28422 : F5AE;
28423 : 0368;
28424 : 0A58;
28425 : 0AEC;
28426 : F1A7;
28427 : FE6B;
28428 : 0F8E;
28429 : 03AC;
28430 : ED52;
28431 : FDC9;
28432 : EFAA;
28433 : ECE0;
28434 : 06FC;
28435 : F9D1;
28436 : F81B;
28437 : 0F05;
28438 : ED45;
28439 : 08B1;
28440 : 02AE;
28441 : 0DF8;
28442 : F5A8;
28443 : F1C8;
28444 : 0A0D;
28445 : FE8F;
28446 : 0102;
28447 : 00B2;
28448 : 0EED;
28449 : 0AEE;
28450 : 097B;
28451 : 0BA9;
28452 : F057;
28453 : FA6D;
28454 : 0687;
28455 : F8CB;
28456 : EBB0;
28457 : 1037;
28458 : FC82;
28459 : 0997;
28460 : FD9D;
28461 : F6F5;
28462 : 0B0F;
28463 : EFB5;
28464 : 0198;
28465 : 1316;
28466 : FCB0;
28467 : ED50;
28468 : 0795;
28469 : 01A9;
28470 : FD95;
28471 : F727;
28472 : 0BD6;
28473 : FC42;
28474 : F5D0;
28475 : ED73;
28476 : F405;
28477 : EDC1;
28478 : F2B4;
28479 : FFF1;
28480 : F701;
28481 : 0A2A;
28482 : EC4D;
28483 : F5DB;
28484 : EC0E;
28485 : F2A5;
28486 : 0EF5;
28487 : FBAA;
28488 : FF9C;
28489 : 08D7;
28490 : 0DE8;
28491 : 1311;
28492 : 0A4D;
28493 : 01FB;
28494 : 01AD;
28495 : 0E35;
28496 : 059E;
28497 : 0B86;
28498 : F706;
28499 : 10B1;
28500 : F529;
28501 : F7CF;
28502 : 0AD0;
28503 : F9BF;
28504 : F1E4;
28505 : 0B76;
28506 : 0F04;
28507 : FACE;
28508 : E955;
28509 : F407;
28510 : F1EC;
28511 : EECC;
28512 : 0B18;
28513 : 165E;
28514 : F9F0;
28515 : 0A28;
28516 : 169D;
28517 : 0C08;
28518 : 0908;
28519 : 169E;
28520 : 0C35;
28521 : 08E1;
28522 : FE74;
28523 : 1089;
28524 : 05DE;
28525 : 07A0;
28526 : FEAB;
28527 : 09FF;
28528 : FD92;
28529 : 113A;
28530 : FEF7;
28531 : 0B26;
28532 : 048D;
28533 : 0AEB;
28534 : 09BA;
28535 : F321;
28536 : FAE6;
28537 : 017A;
28538 : F80F;
28539 : ED59;
28540 : 05CB;
28541 : 03F9;
28542 : 035A;
28543 : 0948;
28544 : 03E6;
28545 : FDEA;
28546 : FB0A;
28547 : F22E;
28548 : FB7A;
28549 : 04AB;
28550 : FA1C;
28551 : 0A41;
28552 : ED5C;
28553 : F329;
28554 : FD3C;
28555 : 02A1;
28556 : 09AB;
28557 : F880;
28558 : 007E;
28559 : 0921;
28560 : 0C80;
28561 : F646;
28562 : 0718;
28563 : 015E;
28564 : F13D;
28565 : 08F2;
28566 : 007D;
28567 : 0B7B;
28568 : F03E;
28569 : 088F;
28570 : 02A8;
28571 : FC41;
28572 : ECFD;
28573 : F835;
28574 : 0145;
28575 : 04E9;
28576 : 01C9;
28577 : 0138;
28578 : 0BB4;
28579 : F8F7;
28580 : F8F8;
28581 : 0348;
28582 : EC45;
28583 : F2B3;
28584 : F67E;
28585 : 0989;
28586 : FF82;
28587 : 09C3;
28588 : F56B;
28589 : F3D8;
28590 : E9D6;
28591 : FAAC;
28592 : F35D;
28593 : 0911;
28594 : F363;
28595 : FC11;
28596 : F99B;
28597 : 18AE;
28598 : F1CA;
28599 : 0013;
28600 : 0B79;
28601 : FA87;
28602 : F9C7;
28603 : 0455;
28604 : 05C5;
28605 : 0B8F;
28606 : 08CE;
28607 : 07D3;
28608 : 0775;
28609 : 056C;
28610 : 0F6B;
28611 : 064B;
28612 : F817;
28613 : 0933;
28614 : F5DD;
28615 : F835;
28616 : 05A6;
28617 : 0B83;
28618 : 0070;
28619 : 134F;
28620 : FF62;
28621 : 0FC4;
28622 : 036A;
28623 : FF1B;
28624 : 0C59;
28625 : 1108;
28626 : FB6E;
28627 : 0C2C;
28628 : F2E0;
28629 : F601;
28630 : 0112;
28631 : 041A;
28632 : EDA1;
28633 : 0FA3;
28634 : 017E;
28635 : 02E1;
28636 : EC6E;
28637 : FD34;
28638 : 0E68;
28639 : 011B;
28640 : 0812;
28641 : 0A71;
28642 : F034;
28643 : 07C2;
28644 : FB95;
28645 : 0D73;
28646 : 0D90;
28647 : F6A8;
28648 : 0E4F;
28649 : F1E5;
28650 : F868;
28651 : 09D6;
28652 : 10BD;
28653 : 0CAF;
28654 : F362;
28655 : F547;
28656 : 0BDD;
28657 : F98C;
28658 : 0F23;
28659 : 0B16;
28660 : 0C6F;
28661 : 0E19;
28662 : 0CD3;
28663 : F046;
28664 : EC47;
28665 : FAD3;
28666 : F393;
28667 : FAA2;
28668 : F649;
28669 : FEA1;
28670 : F095;
28671 : F575;
28672 : 09DF;
28673 : 0AA8;
28674 : 04DE;
28675 : FA5D;
28676 : 0BF8;
28677 : FA2A;
28678 : FA5E;
28679 : F917;
28680 : 08CE;
28681 : FD92;
28682 : 1266;
28683 : F4B3;
28684 : 0447;
28685 : EE9B;
28686 : F484;
28687 : FC56;
28688 : 00C6;
28689 : 07E1;
28690 : 0D09;
28691 : 0231;
28692 : 0937;
28693 : 0054;
28694 : 072F;
28695 : F181;
28696 : 0840;
28697 : 0C0A;
28698 : 03BD;
28699 : 02EA;
28700 : 06E7;
28701 : 109C;
28702 : 04BC;
28703 : 00A8;
28704 : 075E;
28705 : 0691;
28706 : 0A9B;
28707 : FE9B;
28708 : 023F;
28709 : F8DA;
28710 : 0997;
28711 : F96C;
28712 : F09A;
28713 : 0BE9;
28714 : F5A3;
28715 : 0447;
28716 : 04B4;
28717 : F426;
28718 : F720;
28719 : 103A;
28720 : F468;
28721 : F09A;
28722 : 0A6D;
28723 : 0713;
28724 : EFF3;
28725 : 1127;
28726 : FB3A;
28727 : 12DE;
28728 : 0693;
28729 : F557;
28730 : FE9A;
28731 : 0600;
28732 : FF75;
28733 : F72F;
28734 : FABE;
28735 : FE83;
28736 : F710;
28737 : 08D3;
28738 : F35F;
28739 : 0F90;
28740 : F74A;
28741 : FED7;
28742 : 0A40;
28743 : 0AB2;
28744 : 04EB;
28745 : 073B;
28746 : F92F;
28747 : 0E28;
28748 : EDAC;
28749 : ED83;
28750 : EF81;
28751 : EFEB;
28752 : F73E;
28753 : 0260;
28754 : 050F;
28755 : FF36;
28756 : 0E2B;
28757 : FA0F;
28758 : 0567;
28759 : 0BFB;
28760 : 1078;
28761 : F8E3;
28762 : 0C68;
28763 : 1150;
28764 : F3BA;
28765 : 02FB;
28766 : F437;
28767 : FA94;
28768 : FBF0;
28769 : FB22;
28770 : FC67;
28771 : 028B;
28772 : F514;
28773 : F2D5;
28774 : 137D;
28775 : 054D;
28776 : 02CC;
28777 : 06EB;
28778 : 09E2;
28779 : F611;
28780 : F4F7;
28781 : FC81;
28782 : 0ABC;
28783 : F64F;
28784 : 00CE;
28785 : EE35;
28786 : F8C0;
28787 : ECDB;
28788 : 0892;
28789 : F86F;
28790 : F8DE;
28791 : 0302;
28792 : 0836;
28793 : F60F;
28794 : 0371;
28795 : 08BE;
28796 : 0922;
28797 : FF9C;
28798 : FC0A;
28799 : F161;
28800 : 039F;
28801 : 1541;
28802 : F724;
28803 : 0D37;
28804 : FDCF;
28805 : F9D9;
28806 : FA47;
28807 : FBE9;
28808 : F459;
28809 : FE08;
28810 : F1C2;
28811 : F3BF;
28812 : F02D;
28813 : 0582;
28814 : 1248;
28815 : ED1F;
28816 : 031F;
28817 : 10A3;
28818 : ED96;
28819 : ED20;
28820 : F2EB;
28821 : 0438;
28822 : F839;
28823 : 0B51;
28824 : EE78;
28825 : 0788;
28826 : F8A7;
28827 : FB1F;
28828 : 0246;
28829 : 0234;
28830 : 080A;
28831 : F0FF;
28832 : FD26;
28833 : EF72;
28834 : 121E;
28835 : F582;
28836 : 01D0;
28837 : 0D0D;
28838 : 13C8;
28839 : 0552;
28840 : 0FF1;
28841 : ED95;
28842 : 002E;
28843 : 0085;
28844 : 1535;
28845 : F2A2;
28846 : 08F6;
28847 : 003D;
28848 : FAE4;
28849 : 0C97;
28850 : F7B1;
28851 : 02D5;
28852 : 0428;
28853 : FEC9;
28854 : FD45;
28855 : 09D2;
28856 : 0B78;
28857 : 0514;
28858 : ED61;
28859 : 00B5;
28860 : ED9B;
28861 : FA20;
28862 : F098;
28863 : 1010;
28864 : FCA6;
28865 : 0EFE;
28866 : 0171;
28867 : F0C2;
28868 : 0061;
28869 : 0820;
28870 : 03CB;
28871 : F337;
28872 : 0285;
28873 : FF8D;
28874 : 051F;
28875 : FEBE;
28876 : F8BC;
28877 : 09CB;
28878 : 0E70;
28879 : F67C;
28880 : 0539;
28881 : FA4F;
28882 : F5C0;
28883 : F000;
28884 : F805;
28885 : 02BD;
28886 : FEC9;
28887 : F9EF;
28888 : FCAB;
28889 : FE2A;
28890 : 09B3;
28891 : F857;
28892 : F178;
28893 : 09D1;
28894 : F161;
28895 : FA2E;
28896 : 02E2;
28897 : 1449;
28898 : FDAD;
28899 : 00FE;
28900 : FE42;
28901 : 0DCB;
28902 : 09CD;
28903 : 16BE;
28904 : 08F2;
28905 : F2D6;
28906 : 07CD;
28907 : F667;
28908 : FB28;
28909 : EB8D;
28910 : F8FE;
28911 : 05A5;
28912 : 0032;
28913 : 06F4;
28914 : F7D4;
28915 : 0234;
28916 : FAE0;
28917 : 0CB4;
28918 : 058A;
28919 : F5EE;
28920 : EFE5;
28921 : 11FA;
28922 : F9A9;
28923 : FFDA;
28924 : FC14;
28925 : 048A;
28926 : 089F;
28927 : 00E0;
28928 : 0F36;
28929 : 011D;
28930 : 0787;
28931 : FAE5;
28932 : 0B1C;
28933 : 0DDD;
28934 : F5ED;
28935 : F7A0;
28936 : 0F50;
28937 : F213;
28938 : F3CE;
28939 : FFAD;
28940 : FDEB;
28941 : F5BB;
28942 : 06B4;
28943 : F32E;
28944 : FE10;
28945 : 0157;
28946 : 098E;
28947 : F0F1;
28948 : F931;
28949 : FE03;
28950 : F23F;
28951 : FFB1;
28952 : 0B42;
28953 : 00BB;
28954 : 019B;
28955 : 0876;
28956 : F2FD;
28957 : F8D6;
28958 : EE21;
28959 : EC59;
28960 : FC2C;
28961 : 02F5;
28962 : EE64;
28963 : 1024;
28964 : FD22;
28965 : 107E;
28966 : 0356;
28967 : F764;
28968 : 0CAD;
28969 : F74B;
28970 : 0005;
28971 : F4B6;
28972 : EFE3;
28973 : FE21;
28974 : EFB2;
28975 : 0161;
28976 : 0DD7;
28977 : 068B;
28978 : F69D;
28979 : F554;
28980 : 0ADF;
28981 : F6FA;
28982 : F98E;
28983 : 127F;
28984 : 090F;
28985 : FDEC;
28986 : FDD9;
28987 : EF20;
28988 : EE14;
28989 : 056C;
28990 : 05A4;
28991 : 0DFF;
28992 : 01D0;
28993 : FA42;
28994 : F75C;
28995 : 0181;
28996 : FF4E;
28997 : 1126;
28998 : F041;
28999 : 0CA5;
29000 : 09C9;
29001 : 0AB7;
29002 : 0B26;
29003 : FF8D;
29004 : 011A;
29005 : F672;
29006 : FDCE;
29007 : F672;
29008 : 08AA;
29009 : FBD5;
29010 : 09AA;
29011 : EFB8;
29012 : 0D3B;
29013 : 0222;
29014 : 03EE;
29015 : 115C;
29016 : F4A4;
29017 : 00AD;
29018 : F1A8;
29019 : 02A1;
29020 : E9B5;
29021 : F090;
29022 : E908;
29023 : F865;
29024 : F71D;
29025 : 1296;
29026 : F6A2;
29027 : EE4E;
29028 : 1319;
29029 : F429;
29030 : 0E8B;
29031 : FC66;
29032 : FCBB;
29033 : F27B;
29034 : 00E3;
29035 : 1278;
29036 : 0B1E;
29037 : F050;
29038 : F534;
29039 : 0DD3;
29040 : FFE6;
29041 : FBD2;
29042 : FDC1;
29043 : F764;
29044 : 0A51;
29045 : 0A29;
29046 : 0CF9;
29047 : 0300;
29048 : F49B;
29049 : F762;
29050 : 0F5C;
29051 : F8EA;
29052 : EE96;
29053 : 0C22;
29054 : FD3C;
29055 : 094C;
29056 : FE1A;
29057 : 02D3;
29058 : F50E;
29059 : FE22;
29060 : F6A7;
29061 : 11D4;
29062 : F998;
29063 : 03B9;
29064 : FCCA;
29065 : EFA1;
29066 : 0749;
29067 : 0B05;
29068 : F758;
29069 : F746;
29070 : F794;
29071 : 01C0;
29072 : FAFB;
29073 : F5F8;
29074 : 0C4C;
29075 : FED0;
29076 : 0D49;
29077 : 0C0F;
29078 : EEF5;
29079 : FB82;
29080 : 0967;
29081 : 066B;
29082 : FF6B;
29083 : EE49;
29084 : FB45;
29085 : EF5A;
29086 : 0CD6;
29087 : 0BCA;
29088 : 06DD;
29089 : F87E;
29090 : 0C12;
29091 : FE1E;
29092 : F3C9;
29093 : FCBB;
29094 : F01C;
29095 : 0C06;
29096 : F329;
29097 : FB7B;
29098 : 0EB9;
29099 : 0465;
29100 : 075C;
29101 : 101C;
29102 : FD76;
29103 : 0E62;
29104 : EFCD;
29105 : FF76;
29106 : FF98;
29107 : F2E3;
29108 : FB81;
29109 : 0869;
29110 : FFC6;
29111 : 069C;
29112 : 159F;
29113 : 012C;
29114 : FCF6;
29115 : 0352;
29116 : 0F13;
29117 : 0CF0;
29118 : 09F8;
29119 : 034A;
29120 : 01BC;
29121 : FD2C;
29122 : 07FB;
29123 : 0DFA;
29124 : E7F5;
29125 : F203;
29126 : F89D;
29127 : 085F;
29128 : 1061;
29129 : F36F;
29130 : F0C7;
29131 : F440;
29132 : 0117;
29133 : F45C;
29134 : FFF7;
29135 : 12D8;
29136 : ED0B;
29137 : FC3C;
29138 : 063B;
29139 : F5A8;
29140 : F89E;
29141 : 0A28;
29142 : EE03;
29143 : 1007;
29144 : 107C;
29145 : EC5A;
29146 : 08CC;
29147 : FAE4;
29148 : F397;
29149 : 01F3;
29150 : 0750;
29151 : 0F81;
29152 : 0519;
29153 : 0CC7;
29154 : FFE5;
29155 : F917;
29156 : FFB3;
29157 : 0AA6;
29158 : 091C;
29159 : 0340;
29160 : F176;
29161 : F1C4;
29162 : FFF9;
29163 : F900;
29164 : FBBD;
29165 : 07F8;
29166 : 0788;
29167 : 0BD5;
29168 : F26E;
29169 : FEE2;
29170 : 026A;
29171 : 07CB;
29172 : 0924;
29173 : FFF2;
29174 : F488;
29175 : 0834;
29176 : F801;
29177 : FCA9;
29178 : 0691;
29179 : F911;
29180 : F009;
29181 : 1145;
29182 : FC7B;
29183 : 04F2;
29184 : E87A;
29185 : 0456;
29186 : F3E7;
29187 : 0415;
29188 : E934;
29189 : F647;
29190 : 093D;
29191 : 165A;
29192 : F32E;
29193 : FB88;
29194 : 08DA;
29195 : F1E1;
29196 : 0CA5;
29197 : 0BD7;
29198 : F63E;
29199 : EF69;
29200 : ECC6;
29201 : F6CE;
29202 : 02E6;
29203 : 049B;
29204 : F4B6;
29205 : 06D4;
29206 : EA69;
29207 : FD69;
29208 : F423;
29209 : F7C6;
29210 : 131E;
29211 : F091;
29212 : F40D;
29213 : F896;
29214 : FEFD;
29215 : 0ED2;
29216 : 08AC;
29217 : 1236;
29218 : FE99;
29219 : 006D;
29220 : 05D6;
29221 : F89C;
29222 : F8AD;
29223 : 0A39;
29224 : FDE6;
29225 : 0828;
29226 : FF63;
29227 : 0587;
29228 : 09E7;
29229 : F430;
29230 : 17C9;
29231 : FB39;
29232 : F0B2;
29233 : 0AC8;
29234 : 08AC;
29235 : FA16;
29236 : 02B2;
29237 : FD82;
29238 : ED10;
29239 : 0E7C;
29240 : 1565;
29241 : F554;
29242 : ED87;
29243 : F987;
29244 : 12F5;
29245 : F40F;
29246 : 0C04;
29247 : 00FD;
29248 : FD85;
29249 : FF63;
29250 : ECEE;
29251 : 091A;
29252 : F1D7;
29253 : 06D3;
29254 : 03DB;
29255 : 007E;
29256 : 0F1D;
29257 : 0A1D;
29258 : 137E;
29259 : F471;
29260 : 005C;
29261 : EB2C;
29262 : EED6;
29263 : F3FC;
29264 : 0B6E;
29265 : 0185;
29266 : EBE9;
29267 : 0C63;
29268 : 0E9C;
29269 : FDFE;
29270 : EC5C;
29271 : 1067;
29272 : FD0D;
29273 : E8C7;
29274 : 0CAC;
29275 : FA09;
29276 : F1E2;
29277 : F1B2;
29278 : 0C9F;
29279 : 0931;
29280 : FEEA;
29281 : 00CE;
29282 : FD93;
29283 : FB52;
29284 : FAAB;
29285 : EF7B;
29286 : 019F;
29287 : 02B2;
29288 : FA20;
29289 : F12A;
29290 : FF67;
29291 : 0BB6;
29292 : F7D1;
29293 : F423;
29294 : 0F9C;
29295 : F7D8;
29296 : 10D2;
29297 : F1EA;
29298 : FBD9;
29299 : FE71;
29300 : 0A1F;
29301 : 0E6B;
29302 : F2C0;
29303 : F31C;
29304 : 1830;
29305 : 0C77;
29306 : F73E;
29307 : 0904;
29308 : 0343;
29309 : 01B3;
29310 : F6AF;
29311 : F3A7;
29312 : E969;
29313 : 0BF4;
29314 : 0D05;
29315 : EFC9;
29316 : F07E;
29317 : EE4E;
29318 : 144D;
29319 : 0E9C;
29320 : 0B88;
29321 : F18D;
29322 : 0369;
29323 : FEA0;
29324 : 0BD3;
29325 : 0A61;
29326 : 042B;
29327 : 03E6;
29328 : F45A;
29329 : FDB7;
29330 : F038;
29331 : F6CC;
29332 : 11E0;
29333 : 1123;
29334 : 0974;
29335 : 11A0;
29336 : 0A47;
29337 : FDE9;
29338 : 0D05;
29339 : 17A0;
29340 : 044C;
29341 : 0B75;
29342 : F892;
29343 : 1088;
29344 : FF0C;
29345 : 0F8E;
29346 : 090F;
29347 : 014D;
29348 : 1100;
29349 : F288;
29350 : 0326;
29351 : 094E;
29352 : FE61;
29353 : 0EE3;
29354 : 0A98;
29355 : 0991;
29356 : 1204;
29357 : 0477;
29358 : 171E;
29359 : FEB6;
29360 : FDB9;
29361 : FADC;
29362 : F669;
29363 : F2C4;
29364 : ECC0;
29365 : FB5F;
29366 : 0059;
29367 : 04BC;
29368 : 0204;
29369 : 1185;
29370 : 0EDE;
29371 : FFAA;
29372 : FCF2;
29373 : F4A4;
29374 : 0154;
29375 : 074E;
29376 : 05FD;
29377 : 0648;
29378 : FA4E;
29379 : 0351;
29380 : 06D2;
29381 : EED1;
29382 : 1468;
29383 : FA43;
29384 : 0632;
29385 : 0036;
29386 : FDA5;
29387 : 0C25;
29388 : FA4B;
29389 : 0F74;
29390 : F334;
29391 : 0358;
29392 : 01B4;
29393 : F2FC;
29394 : 06D2;
29395 : 0068;
29396 : 05AB;
29397 : F945;
29398 : EB98;
29399 : 093F;
29400 : 1139;
29401 : F83C;
29402 : F7B1;
29403 : 036C;
29404 : F6AD;
29405 : 0BEE;
29406 : F64B;
29407 : F084;
29408 : 0A83;
29409 : 0A02;
29410 : 1264;
29411 : FE1F;
29412 : 00F5;
29413 : 0438;
29414 : 0A8C;
29415 : F2A4;
29416 : FE1D;
29417 : FE66;
29418 : F180;
29419 : F0D7;
29420 : 1509;
29421 : F103;
29422 : 046C;
29423 : 09C3;
29424 : F33B;
29425 : EC83;
29426 : F2AF;
29427 : 168B;
29428 : 0A22;
29429 : 00B3;
29430 : F31B;
29431 : 135F;
29432 : 089A;
29433 : 0F7D;
29434 : 0C0B;
29435 : 06BE;
29436 : 0279;
29437 : 1031;
29438 : FA65;
29439 : F285;
29440 : 0037;
29441 : 00D9;
29442 : F7CA;
29443 : FC80;
29444 : 0698;
29445 : 11D7;
29446 : 04E0;
29447 : F159;
29448 : FF5E;
29449 : EDA2;
29450 : 08C9;
29451 : 1080;
29452 : FD1E;
29453 : 0557;
29454 : 0BFE;
29455 : 0BA2;
29456 : F8F0;
29457 : FC1B;
29458 : 0F0E;
29459 : 0553;
29460 : 106F;
29461 : 1154;
29462 : 10FE;
29463 : 0837;
29464 : 0A13;
29465 : 139D;
29466 : FAEC;
29467 : 0032;
29468 : 0943;
29469 : F41F;
29470 : FD02;
29471 : 0950;
29472 : 0DA5;
29473 : 0027;
29474 : 092B;
29475 : 031F;
29476 : 101D;
29477 : 0F4E;
29478 : F131;
29479 : 111D;
29480 : 0C7F;
29481 : 076B;
29482 : F003;
29483 : E9A7;
29484 : 0B7B;
29485 : F70A;
29486 : 0186;
29487 : 15E7;
29488 : 066C;
29489 : F5AC;
29490 : 08CB;
29491 : 1518;
29492 : EEB2;
29493 : 0BF6;
29494 : 0C24;
29495 : 0F77;
29496 : 032D;
29497 : F2C1;
29498 : 0461;
29499 : F9A5;
29500 : F949;
29501 : E8BD;
29502 : 11AE;
29503 : 00FD;
29504 : 0C7C;
29505 : F7A0;
29506 : 0991;
29507 : F34F;
29508 : FD33;
29509 : 0902;
29510 : 0A4D;
29511 : 0D58;
29512 : F964;
29513 : F841;
29514 : 02DE;
29515 : F871;
29516 : EB8F;
29517 : FA08;
29518 : F6A4;
29519 : FA19;
29520 : F808;
29521 : 0930;
29522 : F4C2;
29523 : FBCE;
29524 : 06B6;
29525 : FAFD;
29526 : 1173;
29527 : FAA2;
29528 : 0798;
29529 : F605;
29530 : 04A8;
29531 : EE71;
29532 : 0DAC;
29533 : 0357;
29534 : 0E29;
29535 : EB1F;
29536 : 0D86;
29537 : 0676;
29538 : 11C8;
29539 : 0064;
29540 : F7CA;
29541 : 052E;
29542 : F093;
29543 : F44A;
29544 : F30B;
29545 : EE87;
29546 : 0DF5;
29547 : 04AC;
29548 : FDA3;
29549 : FB93;
29550 : 1092;
29551 : 06D1;
29552 : FC39;
29553 : EA6F;
29554 : F5F6;
29555 : 0841;
29556 : EDD9;
29557 : FB3F;
29558 : EFA2;
29559 : 0E79;
29560 : 0167;
29561 : 074A;
29562 : FAAE;
29563 : F013;
29564 : 0F06;
29565 : 0CA4;
29566 : FD71;
29567 : 0052;
29568 : F45C;
29569 : 060D;
29570 : 12B3;
29571 : FC20;
29572 : FD25;
29573 : 09D9;
29574 : 028A;
29575 : 0A00;
29576 : EB5F;
29577 : 07F7;
29578 : F61A;
29579 : F83C;
29580 : FB5E;
29581 : F3D5;
29582 : 01DF;
29583 : 0F7C;
29584 : 0919;
29585 : F3CF;
29586 : 0E6F;
29587 : F152;
29588 : F399;
29589 : 0A64;
29590 : 0FE5;
29591 : F40E;
29592 : 06C5;
29593 : F84C;
29594 : 0C87;
29595 : EEA9;
29596 : ED33;
29597 : 113E;
29598 : FF5F;
29599 : F9ED;
29600 : 0E45;
29601 : 107D;
29602 : 1101;
29603 : 074D;
29604 : EDB9;
29605 : 091F;
29606 : 0787;
29607 : 02C0;
29608 : F566;
29609 : 08D8;
29610 : 0098;
29611 : F14C;
29612 : FCEB;
29613 : FCED;
29614 : 04B9;
29615 : 146A;
29616 : 09F2;
29617 : F314;
29618 : 0F4B;
29619 : F742;
29620 : F897;
29621 : 106B;
29622 : 0F55;
29623 : 08E0;
29624 : F4CE;
29625 : EECB;
29626 : 013B;
29627 : FE4C;
29628 : F0AF;
29629 : 127B;
29630 : F216;
29631 : 0248;
29632 : F759;
29633 : 0F0D;
29634 : 08AB;
29635 : 1053;
29636 : 0059;
29637 : FAE3;
29638 : F775;
29639 : FD60;
29640 : F965;
29641 : 1381;
29642 : ED6E;
29643 : FCE1;
29644 : F738;
29645 : 08C2;
29646 : 0F95;
29647 : 1240;
29648 : FD7C;
29649 : FD4F;
29650 : ED7A;
29651 : F76C;
29652 : 1160;
29653 : FBF7;
29654 : F442;
29655 : 060D;
29656 : F067;
29657 : 05A1;
29658 : FB93;
29659 : 00AA;
29660 : ED17;
29661 : 1227;
29662 : EF3A;
29663 : F9D7;
29664 : FD53;
29665 : 0208;
29666 : 0470;
29667 : 055F;
29668 : F61F;
29669 : F263;
29670 : 01E9;
29671 : F62D;
29672 : FD61;
29673 : FB87;
29674 : F4D0;
29675 : 0598;
29676 : 0BA3;
29677 : 05B5;
29678 : FDF0;
29679 : 0096;
29680 : 0DB2;
29681 : F993;
29682 : FAD1;
29683 : 09BB;
29684 : F51C;
29685 : 0032;
29686 : F347;
29687 : F870;
29688 : 0E87;
29689 : 053C;
29690 : F7EE;
29691 : EDC1;
29692 : 116C;
29693 : F8D9;
29694 : EE29;
29695 : F7A6;
29696 : F5A0;
29697 : 1444;
29698 : FE1D;
29699 : 12EF;
29700 : 03FF;
29701 : FB10;
29702 : EF16;
29703 : 09E6;
29704 : 06C8;
29705 : 061B;
29706 : 0D50;
29707 : EEDA;
29708 : F276;
29709 : 038A;
29710 : EFD5;
29711 : ED2B;
29712 : 0D77;
29713 : FBA7;
29714 : 0FCA;
29715 : FF11;
29716 : F0E5;
29717 : 1063;
29718 : FF78;
29719 : F222;
29720 : 0878;
29721 : FAEC;
29722 : EEB1;
29723 : F11D;
29724 : F8AE;
29725 : FBC4;
29726 : FB4C;
29727 : 0B0A;
29728 : 0A12;
29729 : F36A;
29730 : F2D4;
29731 : 139E;
29732 : F70F;
29733 : F29B;
29734 : F3EC;
29735 : EDF5;
29736 : F689;
29737 : 0FC7;
29738 : EC74;
29739 : E7B5;
29740 : FE8E;
29741 : F87E;
29742 : 076B;
29743 : 0A5C;
29744 : F060;
29745 : FBC2;
29746 : 0B2F;
29747 : FE4A;
29748 : EDE7;
29749 : FF80;
29750 : FE16;
29751 : EDD1;
29752 : 0104;
29753 : 0A89;
29754 : F22D;
29755 : 0D1B;
29756 : 0A24;
29757 : FA3E;
29758 : 1037;
29759 : 0369;
29760 : 0342;
29761 : 1310;
29762 : F68E;
29763 : F979;
29764 : F580;
29765 : FA05;
29766 : F080;
29767 : ED79;
29768 : 0072;
29769 : F4DF;
29770 : F537;
29771 : F379;
29772 : FD35;
29773 : EDCD;
29774 : EA8C;
29775 : FE30;
29776 : FFFA;
29777 : FFA8;
29778 : EDDD;
29779 : 0A55;
29780 : F7BB;
29781 : F947;
29782 : 097A;
29783 : 00D7;
29784 : 15CD;
29785 : E918;
29786 : FB60;
29787 : 00FD;
29788 : EE4A;
29789 : F81B;
29790 : 074D;
29791 : FAAB;
29792 : 0411;
29793 : FFE1;
29794 : F8F4;
29795 : 13DF;
29796 : ECE8;
29797 : 0790;
29798 : F7FE;
29799 : EF32;
29800 : 1378;
29801 : FF6A;
29802 : ED71;
29803 : 0539;
29804 : 0536;
29805 : 04EB;
29806 : 1932;
29807 : 0043;
29808 : F7D2;
29809 : 130D;
29810 : F7F9;
29811 : 0EE2;
29812 : 0634;
29813 : F937;
29814 : F334;
29815 : 0127;
29816 : 0D17;
29817 : FA0E;
29818 : 022D;
29819 : 0534;
29820 : F7AE;
29821 : 0634;
29822 : 112C;
29823 : 0E56;
29824 : F9F5;
29825 : 0A32;
29826 : 0B89;
29827 : 0BAA;
29828 : F07C;
29829 : 0E85;
29830 : 036E;
29831 : 0D12;
29832 : 0527;
29833 : EE26;
29834 : 10AF;
29835 : 12E3;
29836 : FE03;
29837 : 002A;
29838 : F9C8;
29839 : F338;
29840 : 0DBE;
29841 : 0BF8;
29842 : EE25;
29843 : EDAF;
29844 : 08DC;
29845 : 05DE;
29846 : F906;
29847 : 0F29;
29848 : 0A7A;
29849 : EB70;
29850 : 0A1B;
29851 : F0F9;
29852 : 0041;
29853 : FD6A;
29854 : FCD1;
29855 : 0BA5;
29856 : F5AE;
29857 : 1381;
29858 : 0DB6;
29859 : 061E;
29860 : FF33;
29861 : F709;
29862 : 09BD;
29863 : F98C;
29864 : F40C;
29865 : 09BB;
29866 : 0E5A;
29867 : EADC;
29868 : 0BEB;
29869 : F59C;
29870 : 091C;
29871 : F6D8;
29872 : EC42;
29873 : F07F;
29874 : 05B4;
29875 : 06A5;
29876 : 013A;
29877 : FCB8;
29878 : F1E6;
29879 : 09BC;
29880 : 1529;
29881 : EC6A;
29882 : F978;
29883 : 12F7;
29884 : F929;
29885 : F929;
29886 : 0DB3;
29887 : 11DF;
29888 : 065B;
29889 : 0586;
29890 : 046C;
29891 : F173;
29892 : 1484;
29893 : F5D2;
29894 : F50F;
29895 : FA4A;
29896 : 0F4F;
29897 : 075E;
29898 : F56A;
29899 : EC1E;
29900 : FC9A;
29901 : 0BD7;
29902 : 08BC;
29903 : 00BC;
29904 : F1CE;
29905 : F7D4;
29906 : 0D59;
29907 : F1B3;
29908 : 09CC;
29909 : FFA3;
29910 : 0CD9;
29911 : F627;
29912 : 0020;
29913 : 0010;
29914 : 09B0;
29915 : 0B41;
29916 : 0332;
29917 : EFCC;
29918 : F116;
29919 : 0BFA;
29920 : EF51;
29921 : FE04;
29922 : FDCF;
29923 : FEA1;
29924 : FB64;
29925 : F195;
29926 : 144C;
29927 : F702;
29928 : 1043;
29929 : FCC7;
29930 : F7EE;
29931 : F5B8;
29932 : 10D3;
29933 : F442;
29934 : F16E;
29935 : 0AA6;
29936 : F374;
29937 : 06B5;
29938 : 0ABE;
29939 : 136E;
29940 : F9D8;
29941 : 0EBD;
29942 : EEF8;
29943 : F1C9;
29944 : F450;
29945 : FC2F;
29946 : 0A49;
29947 : 0BF0;
29948 : EFA5;
29949 : 0AFC;
29950 : 0AB7;
29951 : 035F;
29952 : F353;
29953 : F349;
29954 : 1265;
29955 : F06E;
29956 : 0BCC;
29957 : 10A2;
29958 : 08B6;
29959 : 147B;
29960 : 103C;
29961 : 0114;
29962 : F48C;
29963 : FCE7;
29964 : F69F;
29965 : F0EC;
29966 : 0E6F;
29967 : FCE8;
29968 : FB08;
29969 : FE74;
29970 : EE63;
29971 : F327;
29972 : F151;
29973 : FC8C;
29974 : F8F2;
29975 : 08EA;
29976 : 14A5;
29977 : 01C6;
29978 : 06B3;
29979 : EFEB;
29980 : F81F;
29981 : FF04;
29982 : FD72;
29983 : F0A9;
29984 : F27A;
29985 : F6E8;
29986 : 1076;
29987 : F521;
29988 : 0428;
29989 : EE7B;
29990 : FD89;
29991 : 04F2;
29992 : 0251;
29993 : ECE9;
29994 : 01BF;
29995 : 079D;
29996 : 11F9;
29997 : E722;
29998 : F0C9;
29999 : 041A;
30000 : 0A11;
30001 : 136E;
30002 : F888;
30003 : F210;
30004 : 01ED;
30005 : FE18;
30006 : 0360;
30007 : 13A6;
30008 : 0886;
30009 : 0823;
30010 : 0E3D;
30011 : F03F;
30012 : 070F;
30013 : 0B6C;
30014 : 0B87;
30015 : 1176;
30016 : F026;
30017 : FA48;
30018 : 0E1B;
30019 : EC5C;
30020 : F4C4;
30021 : FD60;
30022 : EFD8;
30023 : 1134;
30024 : 11AA;
30025 : F7BB;
30026 : 0D00;
30027 : EF11;
30028 : 1027;
30029 : F6EC;
30030 : FAD1;
30031 : 06C6;
30032 : 0464;
30033 : 0511;
30034 : F522;
30035 : 0597;
30036 : F333;
30037 : FB9D;
30038 : F866;
30039 : F103;
30040 : FA78;
30041 : F481;
30042 : 0DA2;
30043 : FE3D;
30044 : F948;
30045 : F991;
30046 : F686;
30047 : FB85;
30048 : 0998;
30049 : 086F;
30050 : FFF7;
30051 : F06B;
30052 : 0A5C;
30053 : FB3D;
30054 : 0447;
30055 : 0705;
30056 : FFB4;
30057 : 110B;
30058 : F623;
30059 : 0B07;
30060 : F558;
30061 : F80F;
30062 : FBF9;
30063 : F7CF;
30064 : 0A61;
30065 : 076E;
30066 : FFA6;
30067 : 11A6;
30068 : 0898;
30069 : 0502;
30070 : 0CDC;
30071 : ED5B;
30072 : 04BE;
30073 : ED04;
30074 : F3DB;
30075 : FC8F;
30076 : F376;
30077 : 0C28;
30078 : 0992;
30079 : 0878;
30080 : F3B1;
30081 : F311;
30082 : FC9F;
30083 : 068C;
30084 : ED70;
30085 : F225;
30086 : FF66;
30087 : 0F57;
30088 : F209;
30089 : F818;
30090 : FCBB;
30091 : F473;
30092 : FBFA;
30093 : 0033;
30094 : 0B23;
30095 : F71C;
30096 : 0512;
30097 : FE65;
30098 : EBB8;
30099 : FA3D;
30100 : EE0F;
30101 : FCDE;
30102 : F2DB;
30103 : 1184;
30104 : 09D2;
30105 : FB8A;
30106 : 01CB;
30107 : EC5C;
30108 : 003B;
30109 : FA86;
30110 : F290;
30111 : 04DA;
30112 : FBCB;
30113 : 10D9;
30114 : 0EB1;
30115 : FAC3;
30116 : F1C5;
30117 : 03C1;
30118 : 0577;
30119 : FBA7;
30120 : 0D57;
30121 : F6E8;
30122 : F869;
30123 : 02FF;
30124 : 0475;
30125 : 01BB;
30126 : 012C;
30127 : F204;
30128 : FB4F;
30129 : 0137;
30130 : F767;
30131 : 0A1F;
30132 : EB28;
30133 : 0268;
30134 : F955;
30135 : 124D;
30136 : 026D;
30137 : ED76;
30138 : 08B0;
30139 : EDA2;
30140 : FAFE;
30141 : 12EB;
30142 : FD45;
30143 : F98C;
30144 : F0F9;
30145 : F6ED;
30146 : FC78;
30147 : 0754;
30148 : FB4F;
30149 : 135B;
30150 : 14F1;
30151 : FB06;
30152 : 0960;
30153 : F942;
30154 : F4B3;
30155 : F295;
30156 : FA18;
30157 : 0E50;
30158 : 0C42;
30159 : FF20;
30160 : 084A;
30161 : EFC6;
30162 : 05E0;
30163 : FF88;
30164 : 078E;
30165 : F79B;
30166 : 017E;
30167 : F323;
30168 : 0338;
30169 : 0626;
30170 : 0B70;
30171 : 0F9E;
30172 : 15EF;
30173 : 0EA5;
30174 : FA2C;
30175 : 0018;
30176 : 0374;
30177 : F1F7;
30178 : 11BE;
30179 : 07F9;
30180 : F001;
30181 : 0A03;
30182 : FD85;
30183 : FDDF;
30184 : 0B4B;
30185 : 15A0;
30186 : 05BC;
30187 : 0F23;
30188 : FBC4;
30189 : 0BB8;
30190 : EFA3;
30191 : ECD6;
30192 : F54A;
30193 : 0266;
30194 : 0659;
30195 : F944;
30196 : ECD5;
30197 : F2DD;
30198 : F863;
30199 : FC6A;
30200 : FC69;
30201 : F592;
30202 : 0A72;
30203 : F820;
30204 : EE91;
30205 : F1E1;
30206 : F531;
30207 : F2E8;
30208 : F645;
30209 : F372;
30210 : 0392;
30211 : F626;
30212 : E79B;
30213 : FEA7;
30214 : F194;
30215 : F683;
30216 : FB16;
30217 : FEE2;
30218 : F309;
30219 : 0775;
30220 : 0B9E;
30221 : F2B6;
30222 : F08D;
30223 : FEC3;
30224 : 0894;
30225 : 0C16;
30226 : FB20;
30227 : 10F2;
30228 : 0131;
30229 : 1089;
30230 : 0DD4;
30231 : 0565;
30232 : F673;
30233 : 040E;
30234 : FCEB;
30235 : E8E2;
30236 : 0F8D;
30237 : FFF6;
30238 : FDA9;
30239 : FAF8;
30240 : 0190;
30241 : 1587;
30242 : 0D37;
30243 : F901;
30244 : 0419;
30245 : F948;
30246 : 0490;
30247 : ECB5;
30248 : 0395;
30249 : 0A85;
30250 : F784;
30251 : 0F2B;
30252 : 0B27;
30253 : ED0F;
30254 : E840;
30255 : FDAA;
30256 : F1E6;
30257 : F950;
30258 : FBC7;
30259 : F336;
30260 : F65F;
30261 : FC30;
30262 : 0501;
30263 : FEDA;
30264 : 0943;
30265 : F323;
30266 : 084D;
30267 : FED1;
30268 : 05EF;
30269 : 04E1;
30270 : F44B;
30271 : F516;
30272 : FC78;
30273 : F9D5;
30274 : 14E2;
30275 : F9A3;
30276 : 0E85;
30277 : 0755;
30278 : F46A;
30279 : 09A4;
30280 : FC6B;
30281 : 0589;
30282 : F2BC;
30283 : 0CCE;
30284 : F479;
30285 : F294;
30286 : 061E;
30287 : 0044;
30288 : F71F;
30289 : F9A1;
30290 : 031D;
30291 : 0BB2;
30292 : 000C;
30293 : FA87;
30294 : 08EF;
30295 : 02B6;
30296 : 051E;
30297 : EF87;
30298 : 05BA;
30299 : F24D;
30300 : 01E0;
30301 : 1445;
30302 : 0295;
30303 : 0C3B;
30304 : F84A;
30305 : 16E5;
30306 : 0D7F;
30307 : 0736;
30308 : 0FAD;
30309 : FF3A;
30310 : FD6E;
30311 : F74F;
30312 : F966;
30313 : FA5E;
30314 : 07D7;
30315 : FA2E;
30316 : F50D;
30317 : EC6F;
30318 : F3DC;
30319 : 011B;
30320 : 034E;
30321 : 0904;
30322 : F6D8;
30323 : ED4C;
30324 : F330;
30325 : 0CDB;
30326 : 03CE;
30327 : F880;
30328 : 17AF;
30329 : EE32;
30330 : 16A9;
30331 : 00A9;
30332 : 04B1;
30333 : F1DF;
30334 : 054E;
30335 : ED26;
30336 : 0A5C;
30337 : EDC2;
30338 : F52D;
30339 : 0C14;
30340 : F7E8;
30341 : FBAA;
30342 : 05A6;
30343 : 085B;
30344 : 0661;
30345 : F772;
30346 : 1470;
30347 : FA02;
30348 : 0367;
30349 : 0042;
30350 : 028A;
30351 : F474;
30352 : F87B;
30353 : 0A73;
30354 : FBB1;
30355 : 0DCA;
30356 : F467;
30357 : 0BBD;
30358 : 06CE;
30359 : 0758;
30360 : 0085;
30361 : 040F;
30362 : EA07;
30363 : FF9B;
30364 : F02D;
30365 : 0BB3;
30366 : EE6B;
30367 : F0A1;
30368 : 06D1;
30369 : 1517;
30370 : F655;
30371 : FE2C;
30372 : FDDA;
30373 : 151B;
30374 : 0283;
30375 : F0EF;
30376 : ECF2;
30377 : 0504;
30378 : 0BA0;
30379 : 0798;
30380 : 00F7;
30381 : F84F;
30382 : F3AA;
30383 : 0B12;
30384 : 0C84;
30385 : 0D9E;
30386 : 0E56;
30387 : F12D;
30388 : 038D;
30389 : 08C5;
30390 : 05F4;
30391 : 0846;
30392 : 08C9;
30393 : F36D;
30394 : 1616;
30395 : 0233;
30396 : ED23;
30397 : E992;
30398 : 073E;
30399 : 04D0;
30400 : F2CD;
30401 : F948;
30402 : FD77;
30403 : 0748;
30404 : F9D5;
30405 : F637;
30406 : EF31;
30407 : F00A;
30408 : 0919;
30409 : F021;
30410 : 08AB;
30411 : FDFB;
30412 : FF57;
30413 : 0774;
30414 : FD92;
30415 : 0E15;
30416 : 07C3;
30417 : F51E;
30418 : 0510;
30419 : 12A5;
30420 : F0B0;
30421 : 0B34;
30422 : 0403;
30423 : F440;
30424 : FFEC;
30425 : EE32;
30426 : FB19;
30427 : FF45;
30428 : F79E;
30429 : F92D;
30430 : FC1A;
30431 : 0882;
30432 : 05FE;
30433 : FADB;
30434 : 06ED;
30435 : 1114;
30436 : 0824;
30437 : FCD1;
30438 : 0F4C;
30439 : FF81;
30440 : 0CE6;
30441 : FF2B;
30442 : F114;
30443 : 0D49;
30444 : 0068;
30445 : 0C3D;
30446 : 0F00;
30447 : F195;
30448 : F911;
30449 : FF7D;
30450 : 0D68;
30451 : FDBF;
30452 : FE2B;
30453 : 098C;
30454 : 0E53;
30455 : 0D7C;
30456 : 11BF;
30457 : F8C5;
30458 : FE76;
30459 : FBB2;
30460 : F065;
30461 : 0F3F;
30462 : 053D;
30463 : 053D;
30464 : 116E;
30465 : 05AB;
30466 : FCA3;
30467 : EFE5;
30468 : F8B6;
30469 : 00D1;
30470 : F822;
30471 : 1033;
30472 : F977;
30473 : F0CC;
30474 : 128B;
30475 : 0CF4;
30476 : F214;
30477 : 052B;
30478 : EE1F;
30479 : 1159;
30480 : 0C82;
30481 : 07F1;
30482 : 0508;
30483 : FF2D;
30484 : 0148;
30485 : 0737;
30486 : EDB7;
30487 : F583;
30488 : EFAB;
30489 : 070C;
30490 : F121;
30491 : FDAA;
30492 : F65D;
30493 : 0DC5;
30494 : 05C9;
30495 : EFF0;
30496 : 03ED;
30497 : FD9B;
30498 : FEAE;
30499 : 0CA7;
30500 : 007F;
30501 : 0C8D;
30502 : F685;
30503 : 131C;
30504 : 06A4;
30505 : FAFF;
30506 : 103B;
30507 : 0CC2;
30508 : 118E;
30509 : 05F4;
30510 : 03CE;
30511 : FA2B;
30512 : 08A8;
30513 : 07D5;
30514 : 079E;
30515 : F4FE;
30516 : F527;
30517 : 0958;
30518 : EFC3;
30519 : 0921;
30520 : F8AB;
30521 : 0DDA;
30522 : FE73;
30523 : FD50;
30524 : 01D8;
30525 : 0617;
30526 : F4E4;
30527 : F4C4;
30528 : FC6F;
30529 : FD3B;
30530 : 01EC;
30531 : F47D;
30532 : FC2D;
30533 : 09C7;
30534 : F691;
30535 : EF53;
30536 : 04EF;
30537 : F7AE;
30538 : 0C16;
30539 : 09AA;
30540 : 0C40;
30541 : F9A7;
30542 : 0F61;
30543 : 03CD;
30544 : 02CD;
30545 : F8F3;
30546 : FAF5;
30547 : FFF7;
30548 : 05E6;
30549 : 0118;
30550 : EE52;
30551 : FD91;
30552 : 06CB;
30553 : F936;
30554 : F259;
30555 : FE20;
30556 : F0A0;
30557 : 074C;
30558 : FD34;
30559 : 0D54;
30560 : 0EB1;
30561 : F8B3;
30562 : 03F0;
30563 : 02F9;
30564 : 0A67;
30565 : 0D69;
30566 : EEC9;
30567 : FEDF;
30568 : 136E;
30569 : F0D9;
30570 : F4F9;
30571 : 0ECB;
30572 : 0088;
30573 : 08AC;
30574 : 0F43;
30575 : 05F9;
30576 : FF8D;
30577 : FE7F;
30578 : 0AB6;
30579 : 1354;
30580 : 0B2D;
30581 : 0C1D;
30582 : 11D6;
30583 : F3F3;
30584 : 10B6;
30585 : 0CFC;
30586 : 0D90;
30587 : 1221;
30588 : 0F20;
30589 : F804;
30590 : 0D73;
30591 : 0603;
30592 : F7E8;
30593 : FF9E;
30594 : F6DD;
30595 : 0264;
30596 : F596;
30597 : FDA8;
30598 : 0538;
30599 : EF8D;
30600 : F135;
30601 : 0702;
30602 : FBFB;
30603 : EC2F;
30604 : F86B;
30605 : F210;
30606 : FFA3;
30607 : EC5A;
30608 : 0960;
30609 : 0222;
30610 : 0682;
30611 : 08B9;
30612 : EFFF;
30613 : 0D1E;
30614 : FE3C;
30615 : 0D69;
30616 : EDAC;
30617 : 0471;
30618 : F899;
30619 : 0653;
30620 : F26B;
30621 : F5FB;
30622 : 0573;
30623 : F110;
30624 : F3B9;
30625 : FFD0;
30626 : FD2C;
30627 : 0D87;
30628 : F5A4;
30629 : FFB9;
30630 : 02A6;
30631 : 0652;
30632 : 07B1;
30633 : F1F8;
30634 : 01F6;
30635 : 0DD2;
30636 : 107D;
30637 : F47D;
30638 : F62A;
30639 : 0991;
30640 : 00A8;
30641 : F9FE;
30642 : 07EA;
30643 : EC47;
30644 : 0C7A;
30645 : 109D;
30646 : 05C2;
30647 : 0CE1;
30648 : 03F3;
30649 : F6EA;
30650 : 126A;
30651 : EFB9;
30652 : F66F;
30653 : 01D8;
30654 : 11DD;
30655 : 029B;
30656 : F9AC;
30657 : 163A;
30658 : 0134;
30659 : F267;
30660 : 0200;
30661 : EC00;
30662 : 0767;
30663 : 0872;
30664 : EC00;
30665 : 06B0;
30666 : E856;
30667 : 0920;
30668 : FB06;
30669 : 0534;
30670 : 01C3;
30671 : 09E7;
30672 : F951;
30673 : FA20;
30674 : 0E6F;
30675 : 0F8C;
30676 : F1A7;
30677 : 131F;
30678 : EFF3;
30679 : 00EB;
30680 : 0F1F;
30681 : 0D7B;
30682 : 015B;
30683 : 09E0;
30684 : 051B;
30685 : 11A8;
30686 : 03C1;
30687 : ED80;
30688 : 07FB;
30689 : F331;
30690 : 0446;
30691 : F23E;
30692 : F4DA;
30693 : 105F;
30694 : 0997;
30695 : 1485;
30696 : 0D23;
30697 : 03C1;
30698 : 02E7;
30699 : EE0B;
30700 : F802;
30701 : 067B;
30702 : FA8D;
30703 : 0D4C;
30704 : EA82;
30705 : 1344;
30706 : F4CF;
30707 : 0B90;
30708 : 0662;
30709 : 1837;
30710 : 1283;
30711 : FB0E;
30712 : EDAA;
30713 : F0F6;
30714 : 0065;
30715 : 08BB;
30716 : 0DC8;
30717 : F24B;
30718 : F320;
30719 : FE35;
30720 : EAE9;
30721 : 0C78;
30722 : EA46;
30723 : 06CA;
30724 : 0857;
30725 : F068;
30726 : 080A;
30727 : E7F7;
30728 : 0601;
30729 : 0618;
30730 : FA69;
30731 : ECFD;
30732 : EF4C;
30733 : E8D3;
30734 : 07CC;
30735 : FD7D;
30736 : F9D0;
30737 : FC81;
30738 : ED15;
30739 : F1EE;
30740 : 06FE;
30741 : F835;
30742 : 0210;
30743 : 0E0E;
30744 : F90A;
30745 : FF25;
30746 : EBD1;
30747 : 0E84;
30748 : F4DE;
30749 : 0952;
30750 : E972;
30751 : 0682;
30752 : 0262;
30753 : F5B2;
30754 : FA36;
30755 : 015B;
30756 : F2B5;
30757 : FC9D;
30758 : 10B8;
30759 : 0BFE;
30760 : 00CB;
30761 : 1130;
30762 : F624;
30763 : 0C4C;
30764 : 00CF;
30765 : FE0A;
30766 : F83D;
30767 : F3A4;
30768 : F492;
30769 : 1063;
30770 : 0963;
30771 : 06F7;
30772 : 0E00;
30773 : 0E53;
30774 : 0145;
30775 : EFFC;
30776 : FD8C;
30777 : 1302;
30778 : FBC5;
30779 : FE5F;
30780 : 012C;
30781 : F407;
30782 : 119B;
30783 : F398;
30784 : F60B;
30785 : FD97;
30786 : 0914;
30787 : 08D3;
30788 : FD12;
30789 : 08FE;
30790 : F037;
30791 : FAA4;
30792 : 12F5;
30793 : 09D3;
30794 : 108E;
30795 : EC41;
30796 : 0AE5;
30797 : 03F8;
30798 : F4AC;
30799 : 056D;
30800 : 06AB;
30801 : F638;
30802 : 022A;
30803 : F45B;
30804 : F631;
30805 : 020A;
30806 : 0BED;
30807 : F299;
30808 : FEF2;
30809 : EC07;
30810 : 0DE1;
30811 : F9F1;
30812 : F7D9;
30813 : 08B1;
30814 : EEE9;
30815 : F974;
30816 : 09B4;
30817 : 06AC;
30818 : 1251;
30819 : FC44;
30820 : 132A;
30821 : FD4C;
30822 : 1109;
30823 : F8C7;
30824 : 00EC;
30825 : EFF7;
30826 : FA19;
30827 : F9E0;
30828 : EEF8;
30829 : F189;
30830 : 0A0F;
30831 : ECBE;
30832 : FAD7;
30833 : F6CF;
30834 : 0111;
30835 : 07E1;
30836 : FC19;
30837 : 0713;
30838 : 0C76;
30839 : F3F7;
30840 : 031F;
30841 : F67B;
30842 : 10E2;
30843 : FE56;
30844 : 0FFB;
30845 : 10BC;
30846 : 0CF9;
30847 : 11BC;
30848 : 0590;
30849 : 0436;
30850 : 0205;
30851 : FE52;
30852 : 09AD;
30853 : F91A;
30854 : 00CF;
30855 : 03E5;
30856 : FE99;
30857 : 09A5;
30858 : 0FAF;
30859 : 0D88;
30860 : F9F8;
30861 : 05DF;
30862 : F760;
30863 : FD7D;
30864 : F662;
30865 : F13C;
30866 : F545;
30867 : ED9B;
30868 : 0A05;
30869 : 172E;
30870 : 01C0;
30871 : 0218;
30872 : FFF4;
30873 : 0327;
30874 : 0594;
30875 : 0363;
30876 : EB06;
30877 : FEEB;
30878 : FCCF;
30879 : 10C0;
30880 : F569;
30881 : 0979;
30882 : 12E6;
30883 : FEEC;
30884 : F4DF;
30885 : F55C;
30886 : F54F;
30887 : 0AFE;
30888 : 09E1;
30889 : 10DB;
30890 : 0B37;
30891 : 02FC;
30892 : EE3C;
30893 : 03CC;
30894 : 0603;
30895 : F383;
30896 : 02D8;
30897 : 063E;
30898 : FE0A;
30899 : 0CB0;
30900 : 0581;
30901 : F13C;
30902 : F100;
30903 : F208;
30904 : 1315;
30905 : FA2B;
30906 : F588;
30907 : 10A1;
30908 : 036A;
30909 : FC6F;
30910 : FA4F;
30911 : F8EB;
30912 : 0668;
30913 : F0E5;
30914 : EBAC;
30915 : EC20;
30916 : F117;
30917 : 0B11;
30918 : 096D;
30919 : 10FC;
30920 : 10B7;
30921 : F3C5;
30922 : F9B2;
30923 : 0DA8;
30924 : 0421;
30925 : 091D;
30926 : 0820;
30927 : FF5E;
30928 : F524;
30929 : FA1D;
30930 : EDAF;
30931 : FB2E;
30932 : F5FD;
30933 : 16EE;
30934 : 0F94;
30935 : FC3E;
30936 : 0797;
30937 : 0956;
30938 : 0A09;
30939 : FC1F;
30940 : F7AB;
30941 : 04CA;
30942 : EEBC;
30943 : F051;
30944 : 0862;
30945 : F2AE;
30946 : FCBB;
30947 : F068;
30948 : 01BB;
30949 : F939;
30950 : F3A4;
30951 : 088E;
30952 : FB76;
30953 : 08C3;
30954 : 116B;
30955 : F716;
30956 : FCCE;
30957 : FEC9;
30958 : 0C0F;
30959 : F115;
30960 : EEE1;
30961 : 1136;
30962 : FE9D;
30963 : FA83;
30964 : 08FD;
30965 : 0314;
30966 : FDAE;
30967 : F48F;
30968 : 016F;
30969 : FB49;
30970 : 0731;
30971 : 02F9;
30972 : 0FFF;
30973 : 0D92;
30974 : 03BD;
30975 : F5F9;
30976 : FBB4;
30977 : F571;
30978 : FA3C;
30979 : ED01;
30980 : EDE8;
30981 : 0819;
30982 : F65E;
30983 : 14E9;
30984 : F835;
30985 : 0487;
30986 : FCA5;
30987 : 025F;
30988 : 13E1;
30989 : 018A;
30990 : 0CBF;
30991 : F544;
30992 : FC96;
30993 : 02B2;
30994 : 0775;
30995 : 00FE;
30996 : F3FC;
30997 : 145B;
30998 : FE0D;
30999 : FF57;
31000 : 0197;
31001 : 0FAD;
31002 : F7EA;
31003 : 142E;
31004 : 08D6;
31005 : FEF1;
31006 : F600;
31007 : F14A;
31008 : 0B2E;
31009 : 0EFA;
31010 : FA41;
31011 : FBCE;
31012 : 0979;
31013 : 0EC6;
31014 : 0A24;
31015 : 02C2;
31016 : F06A;
31017 : 0F34;
31018 : 098C;
31019 : FD1E;
31020 : F2B8;
31021 : 071F;
31022 : 02EF;
31023 : F703;
31024 : F643;
31025 : 13B7;
31026 : F16F;
31027 : 06DD;
31028 : F1BD;
31029 : FA54;
31030 : 05FB;
31031 : 1095;
31032 : F2DB;
31033 : 0F71;
31034 : ED09;
31035 : EDEF;
31036 : 0B9C;
31037 : 0E69;
31038 : ECF3;
31039 : 0988;
31040 : F3AF;
31041 : F9A1;
31042 : 0687;
31043 : 05AB;
31044 : 00D9;
31045 : 02B1;
31046 : 09C6;
31047 : 0F41;
31048 : 08A2;
31049 : EA85;
31050 : F477;
31051 : 1262;
31052 : 0660;
31053 : 0CBD;
31054 : F582;
31055 : F150;
31056 : F134;
31057 : 066A;
31058 : 0E93;
31059 : 0B7F;
31060 : 005A;
31061 : 0A2B;
31062 : 0873;
31063 : F786;
31064 : 1796;
31065 : EBCC;
31066 : F57D;
31067 : F58B;
31068 : E87B;
31069 : F8DF;
31070 : F5F4;
31071 : ECEA;
31072 : FF3A;
31073 : 0178;
31074 : FE5C;
31075 : 089E;
31076 : F99F;
31077 : 07D9;
31078 : 0DC0;
31079 : EC49;
31080 : FD5E;
31081 : 034A;
31082 : 0E52;
31083 : 09AA;
31084 : 0F6F;
31085 : 01E2;
31086 : 0BA8;
31087 : 068F;
31088 : EAAD;
31089 : 12E7;
31090 : F76E;
31091 : 1734;
31092 : 0203;
31093 : 0A0F;
31094 : FFFA;
31095 : F49D;
31096 : FEC7;
31097 : FE1A;
31098 : 0700;
31099 : ECBF;
31100 : 0F46;
31101 : FEB6;
31102 : 0437;
31103 : 12A4;
31104 : 04B5;
31105 : 021C;
31106 : F7D8;
31107 : 10CA;
31108 : 055E;
31109 : 0FE4;
31110 : 00D0;
31111 : F79B;
31112 : 1049;
31113 : 0095;
31114 : 038B;
31115 : 0669;
31116 : FC54;
31117 : 0B7B;
31118 : 04F5;
31119 : F64B;
31120 : 0591;
31121 : F5CA;
31122 : F57B;
31123 : 0511;
31124 : 040F;
31125 : 07E8;
31126 : FC96;
31127 : 0418;
31128 : 1A2D;
31129 : 0187;
31130 : F9BD;
31131 : F6CA;
31132 : 05AC;
31133 : EE90;
31134 : F868;
31135 : 09B4;
31136 : 12E6;
31137 : FC0D;
31138 : F302;
31139 : 0073;
31140 : F1C1;
31141 : FC28;
31142 : 02D1;
31143 : 063B;
31144 : 0F9F;
31145 : FCD8;
31146 : F731;
31147 : F07F;
31148 : 10F2;
31149 : 029B;
31150 : 1C76;
31151 : F8E1;
31152 : 0F9C;
31153 : 051B;
31154 : 15EC;
31155 : 060C;
31156 : F0F5;
31157 : 0CAA;
31158 : F895;
31159 : FD12;
31160 : 11E4;
31161 : 0934;
31162 : F1EE;
31163 : F551;
31164 : 0F25;
31165 : F7FF;
31166 : 011E;
31167 : F0AC;
31168 : 0335;
31169 : F83D;
31170 : FF72;
31171 : 003C;
31172 : 0393;
31173 : 0B46;
31174 : 0C52;
31175 : 094C;
31176 : F9D9;
31177 : F48D;
31178 : 0CAC;
31179 : 0AF9;
31180 : 1156;
31181 : 046E;
31182 : 049C;
31183 : ECAA;
31184 : 04A7;
31185 : F5E8;
31186 : 113E;
31187 : 1280;
31188 : F2A7;
31189 : FE76;
31190 : 0BF1;
31191 : 0345;
31192 : 0CAF;
31193 : 0211;
31194 : EF14;
31195 : FD80;
31196 : F686;
31197 : 0861;
31198 : FE18;
31199 : FA5C;
31200 : 0CD1;
31201 : F6A2;
31202 : F8CC;
31203 : 00C2;
31204 : 0423;
31205 : EEAF;
31206 : F386;
31207 : FEE0;
31208 : 0AD3;
31209 : 0604;
31210 : 10FE;
31211 : 0721;
31212 : 0C36;
31213 : FFB9;
31214 : 011C;
31215 : F45B;
31216 : 0F3A;
31217 : EF4D;
31218 : 0030;
31219 : FB10;
31220 : F524;
31221 : F70D;
31222 : 1197;
31223 : F294;
31224 : F668;
31225 : 036D;
31226 : F62D;
31227 : EBF1;
31228 : 1114;
31229 : FEBA;
31230 : F35A;
31231 : FD74;
31232 : EC2D;
31233 : FF9E;
31234 : F31B;
31235 : 01E1;
31236 : F2A8;
31237 : 10BC;
31238 : 02CA;
31239 : 0A81;
31240 : FC8A;
31241 : 0478;
31242 : E8F6;
31243 : EB60;
31244 : 092D;
31245 : FE3B;
31246 : 0597;
31247 : F258;
31248 : 0692;
31249 : ECF1;
31250 : F604;
31251 : EE25;
31252 : 0E77;
31253 : 1A6C;
31254 : F27C;
31255 : 04E7;
31256 : FF2A;
31257 : EF32;
31258 : 0FF0;
31259 : F0F3;
31260 : 05E7;
31261 : F659;
31262 : 0CB5;
31263 : FA30;
31264 : 042A;
31265 : 086C;
31266 : 0CFD;
31267 : 0C5C;
31268 : 01C6;
31269 : F9C5;
31270 : 1007;
31271 : F2AC;
31272 : F6B7;
31273 : 0020;
31274 : 1476;
31275 : EF9D;
31276 : 0DB3;
31277 : FC0D;
31278 : 0D9C;
31279 : 037F;
31280 : F5B7;
31281 : F82D;
31282 : FB1E;
31283 : FC18;
31284 : 07A6;
31285 : 0F80;
31286 : FFA0;
31287 : F875;
31288 : 1006;
31289 : EBDA;
31290 : 00DA;
31291 : ECD4;
31292 : 03E7;
31293 : 00EA;
31294 : 03B6;
31295 : 0DDA;
31296 : 030B;
31297 : 0BDE;
31298 : 0D35;
31299 : 1326;
31300 : 06AC;
31301 : EE31;
31302 : FE3D;
31303 : FA50;
31304 : F150;
31305 : 0E2F;
31306 : E774;
31307 : FCC8;
31308 : F6A6;
31309 : 1332;
31310 : F103;
31311 : 00AB;
31312 : FCBA;
31313 : 0AC3;
31314 : 0B91;
31315 : F5FC;
31316 : 0FE0;
31317 : 196D;
31318 : 0C71;
31319 : 0DE6;
31320 : 0BB1;
31321 : 137F;
31322 : F211;
31323 : 03E0;
31324 : 0224;
31325 : F2DD;
31326 : FE2B;
31327 : 0BAC;
31328 : FAB1;
31329 : F701;
31330 : 0D46;
31331 : 03EC;
31332 : F973;
31333 : 111D;
31334 : F587;
31335 : F6CD;
31336 : EFDF;
31337 : EAEA;
31338 : 01C7;
31339 : F1AD;
31340 : FD15;
31341 : 0FAD;
31342 : 1203;
31343 : F1F5;
31344 : F2BF;
31345 : ED99;
31346 : FF03;
31347 : F462;
31348 : FE56;
31349 : 05AF;
31350 : 098F;
31351 : 088E;
31352 : F22C;
31353 : 0F21;
31354 : ED1C;
31355 : 0831;
31356 : F3CA;
31357 : 07D8;
31358 : 0C3E;
31359 : 0204;
31360 : EDA0;
31361 : F63C;
31362 : 0A99;
31363 : 0BA9;
31364 : EDAD;
31365 : 03A6;
31366 : F612;
31367 : 1142;
31368 : 0611;
31369 : FFFC;
31370 : F66C;
31371 : 0C6D;
31372 : EE88;
31373 : 0FAA;
31374 : FDDC;
31375 : FFED;
31376 : 023E;
31377 : 0FF8;
31378 : ECEC;
31379 : F531;
31380 : 0559;
31381 : 1144;
31382 : 0AEE;
31383 : 137D;
31384 : F8EA;
31385 : 056B;
31386 : F088;
31387 : 0F13;
31388 : 082C;
31389 : ED75;
31390 : EE61;
31391 : 0C66;
31392 : 0E57;
31393 : F6D8;
31394 : 0E2E;
31395 : 0BFF;
31396 : F22C;
31397 : 05F6;
31398 : 0B94;
31399 : 0455;
31400 : 0F0B;
31401 : F137;
31402 : F2D5;
31403 : 0CFF;
31404 : 0C0F;
31405 : F3D4;
31406 : F307;
31407 : 12F0;
31408 : 0802;
31409 : 07FD;
31410 : 0EED;
31411 : 0133;
31412 : 0127;
31413 : FD3F;
31414 : 036A;
31415 : 02A7;
31416 : F7A9;
31417 : 089C;
31418 : 0D0A;
31419 : FF4F;
31420 : 1231;
31421 : FBEA;
31422 : F2B5;
31423 : F7B8;
31424 : 11BD;
31425 : 0108;
31426 : 0AD6;
31427 : F9CC;
31428 : FC3F;
31429 : ECD6;
31430 : 0238;
31431 : 0B4E;
31432 : FDCF;
31433 : 022D;
31434 : EF40;
31435 : FCC0;
31436 : 0EB2;
31437 : EFC4;
31438 : FCF9;
31439 : F6CD;
31440 : 13AD;
31441 : FA11;
31442 : EBE5;
31443 : 04D5;
31444 : 0036;
31445 : FD7B;
31446 : 1616;
31447 : FFDD;
31448 : 12AB;
31449 : FE0C;
31450 : 0428;
31451 : 0DBE;
31452 : FA79;
31453 : FA49;
31454 : F29D;
31455 : 0B33;
31456 : EE4D;
31457 : 066B;
31458 : FAD9;
31459 : 09F6;
31460 : EF4A;
31461 : FFC0;
31462 : F456;
31463 : F265;
31464 : EA72;
31465 : 0FBD;
31466 : EFDA;
31467 : 09ED;
31468 : F9C4;
31469 : F234;
31470 : 0A6B;
31471 : 0A58;
31472 : 04C8;
31473 : 0A7C;
31474 : EFBA;
31475 : 06D9;
31476 : FFD1;
31477 : 0990;
31478 : 0776;
31479 : 04B6;
31480 : 0FEF;
31481 : 108E;
31482 : EF07;
31483 : 01D8;
31484 : 09E2;
31485 : 0A4D;
31486 : 09C9;
31487 : F760;
31488 : F9A8;
31489 : F629;
31490 : F6FE;
31491 : 0907;
31492 : 0270;
31493 : 0974;
31494 : EEBC;
31495 : 0322;
31496 : FDA4;
31497 : F30F;
31498 : 07F7;
31499 : 0156;
31500 : F073;
31501 : F56D;
31502 : 0E2F;
31503 : 0FA3;
31504 : F0F6;
31505 : 0C7A;
31506 : EE6A;
31507 : 0F68;
31508 : 0F6E;
31509 : F9FA;
31510 : F847;
31511 : 0BEC;
31512 : F22E;
31513 : 01AA;
31514 : F532;
31515 : FF88;
31516 : 05A3;
31517 : 0B7F;
31518 : F542;
31519 : 0B51;
31520 : 0A20;
31521 : F163;
31522 : 10F6;
31523 : 00EB;
31524 : F089;
31525 : ED59;
31526 : FFBD;
31527 : F79E;
31528 : 1146;
31529 : EE00;
31530 : FCE5;
31531 : FC64;
31532 : EF1D;
31533 : F4A6;
31534 : 00A6;
31535 : 0B8F;
31536 : F31C;
31537 : 0F9D;
31538 : EDA5;
31539 : 026C;
31540 : FC12;
31541 : F836;
31542 : 0C33;
31543 : 0D42;
31544 : 0459;
31545 : F73C;
31546 : 0754;
31547 : F591;
31548 : EEB6;
31549 : F84B;
31550 : F21F;
31551 : F002;
31552 : F0DA;
31553 : FE6F;
31554 : 052D;
31555 : F86F;
31556 : 05EB;
31557 : 03E6;
31558 : 09B7;
31559 : 02E0;
31560 : F1F5;
31561 : 07D2;
31562 : 151A;
31563 : 0D91;
31564 : F884;
31565 : 0D7A;
31566 : ED71;
31567 : EF36;
31568 : 0572;
31569 : F447;
31570 : 0A9C;
31571 : F6D1;
31572 : 06B2;
31573 : FC9A;
31574 : F36C;
31575 : FEC0;
31576 : FFFE;
31577 : 077F;
31578 : 0191;
31579 : F6E8;
31580 : 0817;
31581 : 0D5A;
31582 : EB4D;
31583 : FBD5;
31584 : 0753;
31585 : F63E;
31586 : 100F;
31587 : F3A7;
31588 : 0B1A;
31589 : F5F3;
31590 : 0AA1;
31591 : FC50;
31592 : 063E;
31593 : 0F80;
31594 : 059E;
31595 : E6CD;
31596 : 0346;
31597 : FFE5;
31598 : F83C;
31599 : 07A0;
31600 : 07EA;
31601 : 0F7E;
31602 : 0186;
31603 : F595;
31604 : F893;
31605 : 08D3;
31606 : 02A9;
31607 : 0323;
31608 : F27C;
31609 : FF6C;
31610 : 0C65;
31611 : 067B;
31612 : 078D;
31613 : F63B;
31614 : 01D3;
31615 : 04DE;
31616 : FEA2;
31617 : FBD0;
31618 : 0B58;
31619 : FDBC;
31620 : 1374;
31621 : F038;
31622 : 0F97;
31623 : 0D1E;
31624 : F4ED;
31625 : 0E90;
31626 : FF07;
31627 : FEAC;
31628 : 0263;
31629 : ECE9;
31630 : 0C64;
31631 : FC03;
31632 : FF6B;
31633 : F284;
31634 : 0BBF;
31635 : FB44;
31636 : F134;
31637 : F479;
31638 : 0F5C;
31639 : F176;
31640 : F3E1;
31641 : F05F;
31642 : EE73;
31643 : 0315;
31644 : 0AFB;
31645 : 0AC4;
31646 : F273;
31647 : F2E5;
31648 : EDF5;
31649 : 1245;
31650 : 08B6;
31651 : 0162;
31652 : FE5F;
31653 : EEA2;
31654 : EDF6;
31655 : EE6B;
31656 : 0295;
31657 : 0078;
31658 : FDDF;
31659 : FE27;
31660 : 081D;
31661 : EE5E;
31662 : 0878;
31663 : 0A43;
31664 : 0A27;
31665 : FF58;
31666 : F5BB;
31667 : 03BE;
31668 : 01B3;
31669 : F2E8;
31670 : 08FB;
31671 : 0E8F;
31672 : 0ED7;
31673 : 023E;
31674 : 0EB0;
31675 : 0EA1;
31676 : F437;
31677 : 0292;
31678 : FFDD;
31679 : EEE8;
31680 : 1148;
31681 : 05AE;
31682 : EFDC;
31683 : F94A;
31684 : 0A8A;
31685 : 0741;
31686 : F9C1;
31687 : EF4D;
31688 : 0310;
31689 : F8CB;
31690 : F7BB;
31691 : 07DC;
31692 : 097E;
31693 : F9F0;
31694 : 0FDA;
31695 : F63E;
31696 : F517;
31697 : F25E;
31698 : 0ED7;
31699 : EEF0;
31700 : 10F3;
31701 : EB60;
31702 : F052;
31703 : F7BE;
31704 : 14A1;
31705 : 05BF;
31706 : FF69;
31707 : 04A7;
31708 : F28F;
31709 : EBD2;
31710 : EFB0;
31711 : 04F0;
31712 : 0737;
31713 : 039C;
31714 : F508;
31715 : F4C6;
31716 : 01C8;
31717 : F305;
31718 : 04B0;
31719 : F88C;
31720 : F23E;
31721 : 0CB1;
31722 : 0AAF;
31723 : 0B38;
31724 : FB4E;
31725 : FB1F;
31726 : EE74;
31727 : F707;
31728 : ED66;
31729 : FF18;
31730 : FB53;
31731 : F2D2;
31732 : F173;
31733 : 0C06;
31734 : 0B70;
31735 : FA36;
31736 : 0D38;
31737 : EE95;
31738 : F4C8;
31739 : F7DB;
31740 : 0660;
31741 : F729;
31742 : 09EC;
31743 : 03A0;
31744 : 0E12;
31745 : FB20;
31746 : EE26;
31747 : F9BA;
31748 : 0F52;
31749 : F3A1;
31750 : FCAD;
31751 : 0522;
31752 : 08EC;
31753 : F5E2;
31754 : ED65;
31755 : F294;
31756 : 067A;
31757 : FF68;
31758 : 0729;
31759 : F43A;
31760 : 0F5D;
31761 : 0EDB;
31762 : 0BF2;
31763 : 0904;
31764 : F6B8;
31765 : EE41;
31766 : FAC1;
31767 : FFA9;
31768 : FD7C;
31769 : FB8A;
31770 : 0A02;
31771 : F3E5;
31772 : FAB2;
31773 : F337;
31774 : 11AB;
31775 : 0E7B;
31776 : 037E;
31777 : 0B2A;
31778 : FA9F;
31779 : 1087;
31780 : 0BE5;
31781 : 071E;
31782 : 00B9;
31783 : 0926;
31784 : FD58;
31785 : 0C4F;
31786 : F5F7;
31787 : FE00;
31788 : 025C;
31789 : 067C;
31790 : F013;
31791 : ED79;
31792 : FEE3;
31793 : F05A;
31794 : F0E0;
31795 : 0A9F;
31796 : F999;
31797 : FF67;
31798 : FED7;
31799 : FFE4;
31800 : 1357;
31801 : FA25;
31802 : F1BF;
31803 : F425;
31804 : EF7D;
31805 : FDD1;
31806 : 0F68;
31807 : 04AC;
31808 : 0F4E;
31809 : 1358;
31810 : 023C;
31811 : EF57;
31812 : 0591;
31813 : 094A;
31814 : 057A;
31815 : 053D;
31816 : 03A7;
31817 : FFD2;
31818 : FA1A;
31819 : 112C;
31820 : FC71;
31821 : 0F30;
31822 : ED5C;
31823 : 0705;
31824 : 065C;
31825 : 0B60;
31826 : EDEB;
31827 : FAE5;
31828 : F9D3;
31829 : 106E;
31830 : F608;
31831 : F47B;
31832 : ED30;
31833 : EDB7;
31834 : EA5E;
31835 : 06C7;
31836 : F853;
31837 : 056C;
31838 : 14CC;
31839 : 06C8;
31840 : 0C82;
31841 : F4B5;
31842 : 1093;
31843 : 12BF;
31844 : 08D2;
31845 : 1148;
31846 : 0CE9;
31847 : FD7B;
31848 : EDB2;
31849 : 0800;
31850 : F2F1;
31851 : 09B8;
31852 : 0D14;
31853 : F069;
31854 : 0048;
31855 : EE55;
31856 : 0788;
31857 : 0084;
31858 : 0E72;
31859 : 05EA;
31860 : 0088;
31861 : FE13;
31862 : F292;
31863 : FD9D;
31864 : 1257;
31865 : 1177;
31866 : 0E2E;
31867 : FDB5;
31868 : EF33;
31869 : 0999;
31870 : FE90;
31871 : 1140;
31872 : 07D5;
31873 : 00EB;
31874 : 03A8;
31875 : 0209;
31876 : 0251;
31877 : 1238;
31878 : 038E;
31879 : 0564;
31880 : EDEF;
31881 : FA95;
31882 : 0993;
31883 : 11BF;
31884 : 0727;
31885 : ED95;
31886 : F5D6;
31887 : 1109;
31888 : 0B46;
31889 : 1188;
31890 : FB1B;
31891 : FBD2;
31892 : 07E1;
31893 : 0042;
31894 : F9AB;
31895 : 0317;
31896 : 083A;
31897 : FF1D;
31898 : 011F;
31899 : 05C1;
31900 : 0299;
31901 : FF25;
31902 : 015D;
31903 : F5A1;
31904 : 039D;
31905 : 1515;
31906 : FD29;
31907 : F603;
31908 : F6FF;
31909 : 0E61;
31910 : 0C17;
31911 : 0D19;
31912 : 025D;
31913 : F275;
31914 : 10F3;
31915 : 0C31;
31916 : 0BA6;
31917 : EB43;
31918 : E92F;
31919 : 0A62;
31920 : EB72;
31921 : F398;
31922 : FF92;
31923 : 112B;
31924 : 02A2;
31925 : 05AC;
31926 : 0AD3;
31927 : F220;
31928 : 05EA;
31929 : 1103;
31930 : 1436;
31931 : 0E4C;
31932 : 0BC8;
31933 : 0055;
31934 : FC58;
31935 : 0F5A;
31936 : EF8B;
31937 : 0459;
31938 : 114B;
31939 : ED50;
31940 : E8FD;
31941 : FFBA;
31942 : F23B;
31943 : ED4E;
31944 : FDBB;
31945 : 068D;
31946 : 0A9B;
31947 : FCA4;
31948 : F158;
31949 : FE9B;
31950 : 086E;
31951 : F742;
31952 : FF54;
31953 : FFCF;
31954 : EF63;
31955 : EFCE;
31956 : FB6B;
31957 : 121F;
31958 : FBC6;
31959 : 05AA;
31960 : FC95;
31961 : 085F;
31962 : 03DD;
31963 : EC3D;
31964 : FB28;
31965 : 11F7;
31966 : 08CB;
31967 : F060;
31968 : 1156;
31969 : 070D;
31970 : 10A8;
31971 : F693;
31972 : 003A;
31973 : F5DB;
31974 : 0969;
31975 : F86E;
31976 : 0091;
31977 : 0717;
31978 : 038E;
31979 : 13F9;
31980 : F0A9;
31981 : 08A7;
31982 : 032B;
31983 : 058F;
31984 : ED2D;
31985 : 08C5;
31986 : 1079;
31987 : 05C0;
31988 : 0C75;
31989 : F518;
31990 : 091F;
31991 : 0944;
31992 : 10EE;
31993 : 07F4;
31994 : 15CA;
31995 : ED9C;
31996 : F258;
31997 : 0851;
31998 : 0560;
31999 : 1118;
32000 : FE1C;
32001 : F481;
32002 : 057F;
32003 : F533;
32004 : F667;
32005 : 02AC;
32006 : EE32;
32007 : 0E1F;
32008 : 0334;
32009 : F736;
32010 : 0C27;
32011 : FA62;
32012 : 109F;
32013 : F339;
32014 : 04A4;
32015 : FFA6;
32016 : F9A5;
32017 : FBF5;
32018 : 0302;
32019 : 0C75;
32020 : F771;
32021 : 1137;
32022 : 08F9;
32023 : FA51;
32024 : FF09;
32025 : 0B0B;
32026 : 101D;
32027 : ED88;
32028 : F776;
32029 : FD9C;
32030 : EF1E;
32031 : EDB2;
32032 : F2DE;
32033 : F0F9;
32034 : 0F7F;
32035 : 0827;
32036 : FB0B;
32037 : F7DA;
32038 : EC0E;
32039 : 0F77;
32040 : EE91;
32041 : 0B9E;
32042 : 146C;
32043 : 165A;
32044 : 129F;
32045 : F429;
32046 : FF20;
32047 : 0828;
32048 : FB83;
32049 : 035C;
32050 : F2A5;
32051 : F1B5;
32052 : F5F9;
32053 : 02E7;
32054 : EF6C;
32055 : 0146;
32056 : FB05;
32057 : 09AA;
32058 : FC7F;
32059 : 02CB;
32060 : 0BC1;
32061 : 0B19;
32062 : F104;
32063 : 050B;
32064 : F598;
32065 : F671;
32066 : 057D;
32067 : 0050;
32068 : 03AA;
32069 : F01B;
32070 : 02B6;
32071 : 03A5;
32072 : 0F09;
32073 : 0531;
32074 : FC58;
32075 : 126B;
32076 : 0178;
32077 : FB4F;
32078 : 04CA;
32079 : F0FC;
32080 : F2B9;
32081 : F6C6;
32082 : 0C5B;
32083 : 0EA4;
32084 : ECFA;
32085 : 098F;
32086 : FAEA;
32087 : 06D8;
32088 : FDDB;
32089 : 0400;
32090 : EE6C;
32091 : 06E7;
32092 : 0F38;
32093 : 0DE3;
32094 : 0F5F;
32095 : F5BA;
32096 : 133F;
32097 : FDB4;
32098 : F75A;
32099 : 0641;
32100 : F7FC;
32101 : FF40;
32102 : ECB0;
32103 : F20F;
32104 : E53E;
32105 : FA2B;
32106 : 05D2;
32107 : 11AF;
32108 : 027A;
32109 : 01DB;
32110 : 02AB;
32111 : 06E5;
32112 : EC98;
32113 : FD37;
32114 : 0B77;
32115 : F865;
32116 : 1142;
32117 : 00C3;
32118 : 0879;
32119 : 0D16;
32120 : 15DB;
32121 : F857;
32122 : 02B5;
32123 : 011E;
32124 : EBED;
32125 : EC6B;
32126 : EF82;
32127 : EA7A;
32128 : 091E;
32129 : 1162;
32130 : 1708;
32131 : 0E68;
32132 : 0441;
32133 : 0B40;
32134 : EF98;
32135 : FAFC;
32136 : 0390;
32137 : F82D;
32138 : FA50;
32139 : 0E9E;
32140 : FD46;
32141 : FCA4;
32142 : F8C3;
32143 : F401;
32144 : 0AF1;
32145 : FD93;
32146 : FB2D;
32147 : 111C;
32148 : EC9C;
32149 : 0FF2;
32150 : F07E;
32151 : 11BE;
32152 : 09B1;
32153 : F0D2;
32154 : F1B7;
32155 : 07C6;
32156 : F6F1;
32157 : 0AB7;
32158 : F368;
32159 : F0FA;
32160 : F197;
32161 : 194A;
32162 : 051E;
32163 : 0878;
32164 : 0ABD;
32165 : 0A76;
32166 : F6ED;
32167 : FFAB;
32168 : F4C5;
32169 : 0EE8;
32170 : 0D2F;
32171 : 0AB1;
32172 : 01DB;
32173 : 0F6E;
32174 : F03D;
32175 : F898;
32176 : 012D;
32177 : FC9C;
32178 : F296;
32179 : F885;
32180 : F0F2;
32181 : FC1C;
32182 : F14E;
32183 : FFCD;
32184 : F73C;
32185 : 118F;
32186 : 1152;
32187 : 0F1A;
32188 : F708;
32189 : EA43;
32190 : 0234;
32191 : ECCE;
32192 : F712;
32193 : FDB3;
32194 : 08C2;
32195 : 113C;
32196 : F4D5;
32197 : ECF3;
32198 : 06D6;
32199 : F9FC;
32200 : ED0D;
32201 : 0E88;
32202 : 0E42;
32203 : ECAD;
32204 : FB72;
32205 : FD5A;
32206 : FC98;
32207 : 00AD;
32208 : F554;
32209 : F3A0;
32210 : 0F6C;
32211 : F039;
32212 : ED35;
32213 : EE02;
32214 : F909;
32215 : 0A1E;
32216 : FFF0;
32217 : FD5F;
32218 : F05A;
32219 : FCC3;
32220 : 113C;
32221 : 0FEE;
32222 : 00D5;
32223 : 01D5;
32224 : F921;
32225 : 04D8;
32226 : 0969;
32227 : FDCD;
32228 : FE6B;
32229 : FC8E;
32230 : EDC6;
32231 : 0057;
32232 : EF36;
32233 : F4E1;
32234 : FFBA;
32235 : FD34;
32236 : 0519;
32237 : F128;
32238 : EE60;
32239 : 1051;
32240 : FCF1;
32241 : 065B;
32242 : 1352;
32243 : 0DAB;
32244 : FB64;
32245 : 037A;
32246 : FB15;
32247 : F0C2;
32248 : 108F;
32249 : 0D0E;
32250 : EFBB;
32251 : F76C;
32252 : F422;
32253 : F203;
32254 : F7DF;
32255 : 10B3;
32256 : F318;
32257 : 0011;
32258 : F789;
32259 : FC70;
32260 : F235;
32261 : 027D;
32262 : 0C8B;
32263 : FBAC;
32264 : FFB1;
32265 : FAEE;
32266 : EE9F;
32267 : F37F;
32268 : 0286;
32269 : F882;
32270 : FED2;
32271 : 0F9C;
32272 : 1251;
32273 : F8BA;
32274 : 0C2E;
32275 : F3D3;
32276 : 0301;
32277 : F22B;
32278 : 10D8;
32279 : 0E10;
32280 : 1289;
32281 : 1153;
32282 : F850;
32283 : F831;
32284 : FA98;
32285 : F75C;
32286 : 0B2E;
32287 : FF0F;
32288 : 0EB4;
32289 : FFB4;
32290 : F1B9;
32291 : 0745;
32292 : 0E5C;
32293 : EF18;
32294 : EF5C;
32295 : F05C;
32296 : 0724;
32297 : 10F5;
32298 : 11AA;
32299 : 0320;
32300 : EE21;
32301 : F91C;
32302 : 0C27;
32303 : FA93;
32304 : EF55;
32305 : 0914;
32306 : 0145;
32307 : 07BA;
32308 : 05F1;
32309 : 1119;
32310 : FE65;
32311 : 11EA;
32312 : 0BBC;
32313 : 07F5;
32314 : EDF2;
32315 : 0BFF;
32316 : FE4C;
32317 : FD7F;
32318 : 049E;
32319 : 0D63;
32320 : 0A94;
32321 : F0AD;
32322 : 0A47;
32323 : 0282;
32324 : 0D98;
32325 : F352;
32326 : F082;
32327 : 0B75;
32328 : ECB5;
32329 : FDFB;
32330 : FA24;
32331 : F471;
32332 : EDA9;
32333 : 103F;
32334 : 07CB;
32335 : 079D;
32336 : F1AA;
32337 : F247;
32338 : 0F0D;
32339 : 03A7;
32340 : 0DF1;
32341 : 0ACA;
32342 : F4BD;
32343 : F48C;
32344 : 10D9;
32345 : EC8F;
32346 : 11A8;
32347 : F6A7;
32348 : F3B9;
32349 : 0DC4;
32350 : F9C4;
32351 : 05EC;
32352 : F103;
32353 : FE03;
32354 : 1092;
32355 : F5BD;
32356 : F8A2;
32357 : 0DBD;
32358 : F557;
32359 : FC1F;
32360 : 0A33;
32361 : F5E4;
32362 : 0731;
32363 : FB02;
32364 : 0CBC;
32365 : 047F;
32366 : F97B;
32367 : FA9D;
32368 : 0B2A;
32369 : 0B4A;
32370 : F5B5;
32371 : F925;
32372 : FFAE;
32373 : 08CB;
32374 : 0674;
32375 : FDA9;
32376 : 0D40;
32377 : 1207;
32378 : 0256;
32379 : FCD5;
32380 : 05DB;
32381 : F63C;
32382 : EE4C;
32383 : 083E;
32384 : FA0D;
32385 : 00F7;
32386 : 0366;
32387 : F130;
32388 : 0188;
32389 : 0E84;
32390 : 06CF;
32391 : F361;
32392 : 1227;
32393 : F6BB;
32394 : 0E79;
32395 : 0D6F;
32396 : 09D4;
32397 : EF2F;
32398 : F7D0;
32399 : EC39;
32400 : 066D;
32401 : 0FDE;
32402 : F325;
32403 : 0CA0;
32404 : F91D;
32405 : EE18;
32406 : EF7F;
32407 : 08E2;
32408 : FEC9;
32409 : 0644;
32410 : 07A1;
32411 : FD3E;
32412 : F19F;
32413 : FECE;
32414 : 1136;
32415 : F710;
32416 : 00C9;
32417 : 0BC5;
32418 : 0574;
32419 : ED80;
32420 : FCC6;
32421 : 146A;
32422 : 0124;
32423 : F6BC;
32424 : 1016;
32425 : FC7C;
32426 : F80F;
32427 : 0A15;
32428 : F117;
32429 : F4BA;
32430 : 0BEB;
32431 : 09A4;
32432 : F914;
32433 : 11D0;
32434 : FA92;
32435 : 041C;
32436 : 09EF;
32437 : 025B;
32438 : FE3C;
32439 : 05A7;
32440 : FB1E;
32441 : F5A5;
32442 : F193;
32443 : 08D9;
32444 : F2A9;
32445 : 02F4;
32446 : EBEA;
32447 : F00C;
32448 : F3E2;
32449 : 1884;
32450 : 0382;
32451 : 0C91;
32452 : 0AF7;
32453 : 0135;
32454 : 09B0;
32455 : 02CB;
32456 : FB8A;
32457 : E994;
32458 : 0861;
32459 : 0B07;
32460 : F2F1;
32461 : FD6F;
32462 : F43C;
32463 : 077A;
32464 : 0526;
32465 : 106D;
32466 : FB1A;
32467 : F92E;
32468 : 0220;
32469 : F322;
32470 : FC6A;
32471 : 065E;
32472 : 0E3E;
32473 : F6CA;
32474 : 0E82;
32475 : FC7B;
32476 : 150E;
32477 : 085F;
32478 : FA7B;
32479 : 0B80;
32480 : ED31;
32481 : 071E;
32482 : 0AEF;
32483 : 08DD;
32484 : 12A1;
32485 : 08D3;
32486 : F46D;
32487 : FBCA;
32488 : EC49;
32489 : 0910;
32490 : FD9C;
32491 : FF51;
32492 : FE29;
32493 : F2DC;
32494 : EC75;
32495 : F9B9;
32496 : EBC6;
32497 : 0E87;
32498 : FF8D;
32499 : F934;
32500 : 019C;
32501 : 1459;
32502 : 05DF;
32503 : 0794;
32504 : FE17;
32505 : 0979;
32506 : 03D3;
32507 : F350;
32508 : 0085;
32509 : 0A39;
32510 : 105F;
32511 : F53D;
32512 : F3A1;
32513 : FC62;
32514 : 0E7C;
32515 : 0910;
32516 : EEA8;
32517 : FAA1;
32518 : F4DF;
32519 : 0210;
32520 : 04DB;
32521 : FC5A;
32522 : F6BA;
32523 : 0736;
32524 : FC02;
32525 : F1B4;
32526 : 0B51;
32527 : 10A6;
32528 : 0553;
32529 : F2A9;
32530 : F46F;
32531 : 0736;
32532 : F43C;
32533 : F7D9;
32534 : 0A66;
32535 : 0A75;
32536 : 0A7E;
32537 : FA34;
32538 : F492;
32539 : F1A1;
32540 : 11EB;
32541 : ECC8;
32542 : 0599;
32543 : F1D5;
32544 : 047B;
32545 : 06EE;
32546 : 0898;
32547 : 03A9;
32548 : 0258;
32549 : FE4D;
32550 : 14D4;
32551 : 0D1B;
32552 : 0220;
32553 : FC29;
32554 : 104A;
32555 : FFAB;
32556 : F939;
32557 : 0119;
32558 : EA60;
32559 : 0D27;
32560 : F30F;
32561 : 117C;
32562 : 05CB;
32563 : F116;
32564 : FDB8;
32565 : 01DD;
32566 : 09F9;
32567 : 0A4D;
32568 : F393;
32569 : 1145;
32570 : 13E6;
32571 : 10C1;
32572 : 1196;
32573 : 06B0;
32574 : EADB;
32575 : F1A4;
32576 : F74B;
32577 : 0425;
32578 : 06D4;
32579 : 063F;
32580 : 0D54;
32581 : 0763;
32582 : 0D40;
32583 : 0822;
32584 : F16E;
32585 : 0013;
32586 : 0A38;
32587 : 0BB3;
32588 : F024;
32589 : F153;
32590 : EF6B;
32591 : FD14;
32592 : FBB2;
32593 : F1BA;
32594 : 07FD;
32595 : F239;
32596 : F387;
32597 : 0E60;
32598 : 00B3;
32599 : F96B;
32600 : FC03;
32601 : 0489;
32602 : 0992;
32603 : F55A;
32604 : F2B8;
32605 : 1002;
32606 : 0623;
32607 : EFF9;
32608 : 08EA;
32609 : 013D;
32610 : 10D0;
32611 : FDF6;
32612 : 0DA2;
32613 : FB82;
32614 : 0929;
32615 : F5AB;
32616 : E919;
32617 : F0F4;
32618 : F500;
32619 : 0E6A;
32620 : F5A4;
32621 : FF98;
32622 : F7FD;
32623 : 08B6;
32624 : 0461;
32625 : 12DD;
32626 : 01F0;
32627 : EFD9;
32628 : 00FE;
32629 : FD92;
32630 : 0309;
32631 : 0739;
32632 : 0435;
32633 : 0608;
32634 : 0935;
32635 : F727;
32636 : 0152;
32637 : 0CAA;
32638 : F45D;
32639 : 1221;
32640 : EFED;
32641 : F76C;
32642 : EBA5;
32643 : F2B3;
32644 : 0402;
32645 : 0B0B;
32646 : 029D;
32647 : 0B24;
32648 : F59E;
32649 : 0330;
32650 : 0071;
32651 : FE37;
32652 : F09A;
32653 : EAFD;
32654 : 0E5C;
32655 : F46E;
32656 : FC07;
32657 : EABB;
32658 : EFC5;
32659 : 034B;
32660 : 0C52;
32661 : 015C;
32662 : 090F;
32663 : F4D3;
32664 : 0EFC;
32665 : 00C9;
32666 : F46C;
32667 : 08A5;
32668 : FCA2;
32669 : FBC1;
32670 : ED59;
32671 : F9AC;
32672 : FE45;
32673 : 0D41;
32674 : FC89;
32675 : 0B0F;
32676 : F73F;
32677 : 00CC;
32678 : F4B9;
32679 : FC73;
32680 : 0280;
32681 : F194;
32682 : 06E3;
32683 : F6B6;
32684 : FB81;
32685 : FC55;
32686 : F4EE;
32687 : FBEC;
32688 : 00D9;
32689 : FF1D;
32690 : F103;
32691 : FE80;
32692 : EAD2;
32693 : 0907;
32694 : F18D;
32695 : FCA1;
32696 : 07B7;
32697 : 0981;
32698 : FC9B;
32699 : 0197;
32700 : 0E87;
32701 : EE9C;
32702 : ED15;
32703 : 0D1A;
32704 : F16D;
32705 : F2B4;
32706 : 07B3;
32707 : FEDE;
32708 : F128;
32709 : F9AA;
32710 : FC84;
32711 : 020E;
32712 : FC24;
32713 : E830;
32714 : 0327;
32715 : FD5C;
32716 : F966;
32717 : E8DD;
32718 : FD1E;
32719 : ECB4;
32720 : F5D5;
32721 : E85F;
32722 : F865;
32723 : FFF7;
32724 : EDEC;
32725 : 033F;
32726 : 037C;
32727 : 1288;
32728 : 02BF;
32729 : 035E;
32730 : F9D1;
32731 : EFDB;
32732 : FF76;
32733 : F09D;
32734 : F89C;
32735 : 073D;
32736 : F180;
32737 : 1010;
32738 : F63A;
32739 : EF2E;
32740 : 00BB;
32741 : FA2C;
32742 : 1068;
32743 : 0114;
32744 : F099;
32745 : 040D;
32746 : 0859;
32747 : 01F3;
32748 : F0D6;
32749 : F998;
32750 : F2FC;
32751 : 0194;
32752 : FFAF;
32753 : 124A;
32754 : 0A9C;
32755 : 120D;
32756 : 0756;
32757 : F2E1;
32758 : F543;
32759 : 13FE;
32760 : 064F;
32761 : F503;
32762 : 05A8;
32763 : EB99;
32764 : 067F;
32765 : F1ED;
32766 : 0A2E;
32767 : F98C;
32768 : 0606;
32769 : FBB6;
32770 : FFC7;
32771 : 0E46;
32772 : FC73;
32773 : F06F;
32774 : 0BF6;
32775 : 0897;
32776 : 03A1;
32777 : 0054;
32778 : F3AF;
32779 : 1165;
32780 : 0E1A;
32781 : F76A;
32782 : 01FC;
32783 : 099E;
32784 : F73F;
32785 : FF60;
32786 : 0137;
32787 : F8BF;
32788 : 0475;
32789 : 1668;
32790 : 03AC;
32791 : 0CBF;
32792 : 0325;
32793 : 0FEF;
32794 : FD37;
32795 : 1109;
32796 : 090C;
32797 : F27B;
32798 : 0C32;
32799 : F8F8;
32800 : FD08;
32801 : F13E;
32802 : F295;
32803 : FCDF;
32804 : 03C1;
32805 : 012D;
32806 : 0236;
32807 : 0AAD;
32808 : ED14;
32809 : FC46;
32810 : 0712;
32811 : 0765;
32812 : 03DC;
32813 : 0F0E;
32814 : 0EA9;
32815 : FEF3;
32816 : FE09;
32817 : FB9D;
32818 : 1337;
32819 : 0A18;
32820 : FD4E;
32821 : 118C;
32822 : F02F;
32823 : FFD5;
32824 : 00A4;
32825 : 0804;
32826 : FCC9;
32827 : 0849;
32828 : 1298;
32829 : F408;
32830 : 0887;
32831 : F7D3;
32832 : 0182;
32833 : F495;
32834 : 020F;
32835 : EC69;
32836 : 03AC;
32837 : F3AF;
32838 : 1350;
32839 : F2D7;
32840 : 0248;
32841 : F81C;
32842 : 0CED;
32843 : 0F8F;
32844 : 0740;
32845 : 07E1;
32846 : 1037;
32847 : 0778;
32848 : 0BBD;
32849 : F059;
32850 : EFBF;
32851 : 111C;
32852 : F08E;
32853 : FCCD;
32854 : EEA2;
32855 : 0278;
32856 : 1BFA;
32857 : 00C9;
32858 : 034D;
32859 : FF8A;
32860 : EC5E;
32861 : 0965;
32862 : 05DB;
32863 : F4B4;
32864 : 0406;
32865 : 0F5F;
32866 : 1143;
32867 : F6C8;
32868 : 0A94;
32869 : FF9D;
32870 : 071C;
32871 : FAAD;
32872 : 055B;
32873 : F247;
32874 : F494;
32875 : 077B;
32876 : F461;
32877 : FB05;
32878 : 1224;
32879 : 0D23;
32880 : 0A17;
32881 : FCBA;
32882 : F6F3;
32883 : 1143;
32884 : FAC7;
32885 : 0922;
32886 : 14F3;
32887 : F6E7;
32888 : 1319;
32889 : F11D;
32890 : EED9;
32891 : 0888;
32892 : F15B;
32893 : FCA7;
32894 : FBD5;
32895 : 07E1;
32896 : FF1E;
32897 : F4BB;
32898 : 0B40;
32899 : 0800;
32900 : 11D8;
32901 : 0BEF;
32902 : 0E95;
32903 : 0964;
32904 : 0743;
32905 : F252;
32906 : 0023;
32907 : F1A1;
32908 : 0D50;
32909 : F76B;
32910 : 03DD;
32911 : 0F79;
32912 : 088F;
32913 : F1AA;
32914 : F2F2;
32915 : 10EE;
32916 : FE99;
32917 : 1220;
32918 : EFDA;
32919 : FF9F;
32920 : 1C0C;
32921 : F8C1;
32922 : 0B11;
32923 : 0606;
32924 : F175;
32925 : ED19;
32926 : 00F8;
32927 : F591;
32928 : 070A;
32929 : FA94;
32930 : 0E7E;
32931 : EDDF;
32932 : 1173;
32933 : F007;
32934 : 00EA;
32935 : 0C96;
32936 : 04BC;
32937 : F7E4;
32938 : F39F;
32939 : 0082;
32940 : F8DA;
32941 : 0DFF;
32942 : 16C0;
32943 : F2DC;
32944 : F506;
32945 : F6D9;
32946 : FBCE;
32947 : 0885;
32948 : 0F0B;
32949 : 128D;
32950 : F5B0;
32951 : 101C;
32952 : F8AF;
32953 : ED6B;
32954 : 01B4;
32955 : 0D94;
32956 : 0DEC;
32957 : FEE8;
32958 : 0730;
32959 : F12A;
32960 : 0856;
32961 : 0A20;
32962 : F441;
32963 : 0A65;
32964 : 0F9F;
32965 : F42D;
32966 : 006F;
32967 : F89F;
32968 : 0F93;
32969 : EA63;
32970 : ECEB;
32971 : ED32;
32972 : FFF6;
32973 : 0A19;
32974 : F36E;
32975 : F2F1;
32976 : FE26;
32977 : 0762;
32978 : F872;
32979 : FC27;
32980 : 1794;
32981 : 1755;
32982 : F3D3;
32983 : 09DA;
32984 : 0B88;
32985 : 0CDB;
32986 : FFDF;
32987 : F2A0;
32988 : FA79;
32989 : F675;
32990 : 0C79;
32991 : ECB1;
32992 : F369;
32993 : 131D;
32994 : 0E89;
32995 : 0FCA;
32996 : F6DB;
32997 : 08DD;
32998 : 06DD;
32999 : 0043;
33000 : 0BD0;
33001 : 0AC7;
33002 : 09A0;
33003 : FE49;
33004 : 0BAA;
33005 : 0E32;
33006 : F91E;
33007 : 13ED;
33008 : 0C02;
33009 : 0A51;
33010 : 0073;
33011 : 187C;
33012 : 045B;
33013 : FFE3;
33014 : 0056;
33015 : 0D9E;
33016 : 091B;
33017 : 09E8;
33018 : F94F;
33019 : FD5D;
33020 : FF1F;
33021 : F133;
33022 : F770;
33023 : 0D67;
33024 : F931;
33025 : 11A7;
33026 : FADB;
33027 : FF0E;
33028 : FF4A;
33029 : 0D02;
33030 : 0AE6;
33031 : FFE5;
33032 : F2B4;
33033 : FEE7;
33034 : FBBB;
33035 : FF9E;
33036 : 0181;
33037 : 069C;
33038 : FE6F;
33039 : 0503;
33040 : F653;
33041 : F583;
33042 : 0098;
33043 : 0247;
33044 : FBEE;
33045 : 0636;
33046 : FF90;
33047 : FDAF;
33048 : 0F82;
33049 : 137F;
33050 : 128B;
33051 : 028D;
33052 : E871;
33053 : 0AA1;
33054 : 1391;
33055 : 0F52;
33056 : 0A11;
33057 : 09EA;
33058 : 0063;
33059 : FDD7;
33060 : 0951;
33061 : F533;
33062 : 00DC;
33063 : F889;
33064 : 0A8B;
33065 : 0AD3;
33066 : 1393;
33067 : ED85;
33068 : 0223;
33069 : 0810;
33070 : F3A1;
33071 : FB8E;
33072 : 0826;
33073 : FD85;
33074 : 00DE;
33075 : 1299;
33076 : F15A;
33077 : 0B5E;
33078 : 1082;
33079 : 0934;
33080 : 15DC;
33081 : F180;
33082 : F639;
33083 : F1B5;
33084 : F9AC;
33085 : FE86;
33086 : 1151;
33087 : 0DDB;
33088 : F47F;
33089 : FA37;
33090 : F358;
33091 : F601;
33092 : F255;
33093 : F2C5;
33094 : 030E;
33095 : 0131;
33096 : 07B0;
33097 : 0069;
33098 : F145;
33099 : FE37;
33100 : ED5E;
33101 : 0EC5;
33102 : FB14;
33103 : 01FA;
33104 : 0293;
33105 : 0EBF;
33106 : F108;
33107 : EBD4;
33108 : 1139;
33109 : F8EF;
33110 : 0CE6;
33111 : 0A9F;
33112 : F5DB;
33113 : 039C;
33114 : 001F;
33115 : 0552;
33116 : 01CF;
33117 : 1254;
33118 : FAC7;
33119 : 06E8;
33120 : 056C;
33121 : F8B7;
33122 : 03E3;
33123 : 060F;
33124 : EB3D;
33125 : F55F;
33126 : 0BCD;
33127 : F517;
33128 : FF9E;
33129 : 0ACE;
33130 : 0186;
33131 : 08EA;
33132 : F1A4;
33133 : 1761;
33134 : FC9E;
33135 : FF2B;
33136 : 116E;
33137 : 0437;
33138 : 06C8;
33139 : F845;
33140 : 00DB;
33141 : FE43;
33142 : 09C4;
33143 : 024B;
33144 : EF2F;
33145 : 113E;
33146 : F5D9;
33147 : 08BD;
33148 : FDA1;
33149 : 14F4;
33150 : 0740;
33151 : F78A;
33152 : 07C1;
33153 : F087;
33154 : EF74;
33155 : F591;
33156 : 0D8B;
33157 : F36B;
33158 : FA67;
33159 : F0AA;
33160 : 0F55;
33161 : 08A4;
33162 : FA85;
33163 : 0782;
33164 : 0AB4;
33165 : FA0A;
33166 : EF7F;
33167 : 08A0;
33168 : FFE8;
33169 : 088E;
33170 : 094B;
33171 : FDD2;
33172 : 0EBD;
33173 : F9DF;
33174 : 1529;
33175 : 0F91;
33176 : F7F6;
33177 : F2D6;
33178 : F946;
33179 : F8AE;
33180 : 00B0;
33181 : FEFD;
33182 : FF2C;
33183 : F5B3;
33184 : 0608;
33185 : F1BE;
33186 : FF47;
33187 : 0F3E;
33188 : 0148;
33189 : EFDE;
33190 : EF40;
33191 : FBF9;
33192 : EDC4;
33193 : FAA7;
33194 : 1609;
33195 : 08F9;
33196 : 1310;
33197 : 0885;
33198 : F454;
33199 : 07A2;
33200 : 08F7;
33201 : FF7F;
33202 : EEFD;
33203 : 0025;
33204 : FE74;
33205 : 0EAC;
33206 : EC61;
33207 : F6F8;
33208 : FB10;
33209 : 089F;
33210 : FA19;
33211 : F601;
33212 : EEB7;
33213 : 16D4;
33214 : 099A;
33215 : 0682;
33216 : 0C35;
33217 : 00F3;
33218 : 0196;
33219 : F3F7;
33220 : E984;
33221 : 0088;
33222 : 082A;
33223 : 084C;
33224 : 10F1;
33225 : F217;
33226 : FC3C;
33227 : 0464;
33228 : EBDE;
33229 : 10A3;
33230 : 0072;
33231 : F9B8;
33232 : 0397;
33233 : 0503;
33234 : F08D;
33235 : F0C0;
33236 : FCBE;
33237 : 127F;
33238 : FE82;
33239 : 0208;
33240 : 14B6;
33241 : 06E7;
33242 : FB27;
33243 : 0CBC;
33244 : 0A4C;
33245 : F9FB;
33246 : E181;
33247 : 01CB;
33248 : F95C;
33249 : 15BD;
33250 : 1249;
33251 : 12A5;
33252 : 0F77;
33253 : F936;
33254 : 0C96;
33255 : FE8C;
33256 : 0DE3;
33257 : F261;
33258 : EF94;
33259 : F9C9;
33260 : 156F;
33261 : 088F;
33262 : 1092;
33263 : 0F6B;
33264 : 04AC;
33265 : F644;
33266 : 0EB1;
33267 : FD28;
33268 : FEFF;
33269 : F9B9;
33270 : EF22;
33271 : 07B7;
33272 : 02C8;
33273 : FEB6;
33274 : FA4E;
33275 : F3A4;
33276 : ED53;
33277 : 064A;
33278 : F0B8;
33279 : 07F1;
33280 : F246;
33281 : F0A1;
33282 : 04BD;
33283 : EF3C;
33284 : F86F;
33285 : 0E1F;
33286 : FA71;
33287 : 0AB4;
33288 : FB93;
33289 : F3EA;
33290 : F98D;
33291 : F81E;
33292 : EF84;
33293 : FA71;
33294 : 0D51;
33295 : 0A26;
33296 : FBE4;
33297 : 0D2E;
33298 : 10A6;
33299 : FA70;
33300 : FA08;
33301 : 0243;
33302 : 1156;
33303 : FD09;
33304 : 0A19;
33305 : F4E9;
33306 : 00A3;
33307 : 0BB4;
33308 : 0F0F;
33309 : 0262;
33310 : EFC1;
33311 : EEF6;
33312 : EF33;
33313 : FE76;
33314 : FBA7;
33315 : EED8;
33316 : F6AC;
33317 : 0699;
33318 : F1DE;
33319 : 0EA2;
33320 : 08F8;
33321 : F24A;
33322 : F633;
33323 : E8A8;
33324 : 0E61;
33325 : 01C2;
33326 : FA1A;
33327 : 03F8;
33328 : 0197;
33329 : 1376;
33330 : FFCD;
33331 : F090;
33332 : 09D1;
33333 : 0F08;
33334 : 0407;
33335 : EE51;
33336 : 0662;
33337 : 060D;
33338 : FCE3;
33339 : 0AD1;
33340 : F1C0;
33341 : F013;
33342 : EDB7;
33343 : EED2;
33344 : F9BD;
33345 : 09C4;
33346 : 0525;
33347 : 1001;
33348 : 0AE6;
33349 : 0BDB;
33350 : F146;
33351 : 0A4C;
33352 : FCB0;
33353 : F9A2;
33354 : F79E;
33355 : F665;
33356 : FC86;
33357 : 0F04;
33358 : 043B;
33359 : EAF7;
33360 : 1458;
33361 : FB6B;
33362 : 08AE;
33363 : F3BD;
33364 : 0A19;
33365 : 0A08;
33366 : F287;
33367 : 0344;
33368 : F9ED;
33369 : 07ED;
33370 : F4A2;
33371 : 07E8;
33372 : F546;
33373 : 058D;
33374 : FC5C;
33375 : 018A;
33376 : FB1A;
33377 : 0846;
33378 : FE13;
33379 : 08D3;
33380 : 08A7;
33381 : F57E;
33382 : F944;
33383 : 1219;
33384 : FF45;
33385 : 0188;
33386 : 0880;
33387 : F87B;
33388 : 050D;
33389 : 1231;
33390 : FA1D;
33391 : EDF0;
33392 : FC4C;
33393 : EF61;
33394 : F6C6;
33395 : 097F;
33396 : FA5B;
33397 : F48A;
33398 : FD0A;
33399 : FCF4;
33400 : 1088;
33401 : 1155;
33402 : EB7E;
33403 : 0EEB;
33404 : 0D62;
33405 : EFB8;
33406 : FC6F;
33407 : 06CE;
33408 : EEF4;
33409 : F746;
33410 : 04E5;
33411 : 0EBE;
33412 : 0DED;
33413 : 0400;
33414 : FF90;
33415 : 022E;
33416 : 0DDF;
33417 : EEE0;
33418 : 0245;
33419 : 1097;
33420 : 0712;
33421 : F695;
33422 : 0592;
33423 : EAA2;
33424 : 14FF;
33425 : F419;
33426 : 1182;
33427 : 0ED7;
33428 : 146A;
33429 : 02F7;
33430 : 0F94;
33431 : F049;
33432 : 011A;
33433 : FF6A;
33434 : F4CF;
33435 : EECD;
33436 : 0021;
33437 : 0D02;
33438 : F9D2;
33439 : 06C2;
33440 : 1464;
33441 : 06D0;
33442 : EBE5;
33443 : F40B;
33444 : 04E7;
33445 : FA36;
33446 : F0F2;
33447 : 043D;
33448 : F1F0;
33449 : F06B;
33450 : F995;
33451 : E841;
33452 : F94D;
33453 : F62A;
33454 : F11F;
33455 : FED4;
33456 : 0791;
33457 : 11C6;
33458 : 0F33;
33459 : FC05;
33460 : 0332;
33461 : 099F;
33462 : FFC2;
33463 : 10CF;
33464 : FCF5;
33465 : 04A0;
33466 : 0F80;
33467 : FE8F;
33468 : 0640;
33469 : EA79;
33470 : 04FC;
33471 : 0EF5;
33472 : FCAE;
33473 : 0DBB;
33474 : FB19;
33475 : EF4E;
33476 : 120D;
33477 : 0540;
33478 : 0C9F;
33479 : 0036;
33480 : F6E7;
33481 : ED01;
33482 : EACE;
33483 : ECE6;
33484 : 10C8;
33485 : F409;
33486 : 05F9;
33487 : 0240;
33488 : F4B2;
33489 : 11EC;
33490 : 0090;
33491 : ED31;
33492 : FD03;
33493 : F2B5;
33494 : 0B04;
33495 : F658;
33496 : F791;
33497 : ED3A;
33498 : F1B1;
33499 : F391;
33500 : F5EB;
33501 : ED89;
33502 : 10E8;
33503 : 009B;
33504 : 054F;
33505 : 105C;
33506 : FECA;
33507 : 027A;
33508 : 0224;
33509 : 0971;
33510 : F0C2;
33511 : 007A;
33512 : 1027;
33513 : EEBD;
33514 : 0F66;
33515 : 0514;
33516 : 100D;
33517 : F937;
33518 : 0526;
33519 : F284;
33520 : F5F6;
33521 : 11FD;
33522 : 00B4;
33523 : F109;
33524 : 0B7A;
33525 : 0AA0;
33526 : 00B9;
33527 : 0945;
33528 : F779;
33529 : EB76;
33530 : 0E52;
33531 : 019D;
33532 : FF93;
33533 : FBF9;
33534 : FAD8;
33535 : F505;
33536 : FFA8;
33537 : 0133;
33538 : 1124;
33539 : EC9F;
33540 : FB9C;
33541 : F71B;
33542 : 0494;
33543 : FB28;
33544 : 0711;
33545 : 0B9A;
33546 : F593;
33547 : 0A44;
33548 : 10E4;
33549 : EEF8;
33550 : 0339;
33551 : 0AA7;
33552 : FBAF;
33553 : 07BD;
33554 : 015E;
33555 : EBC8;
33556 : 0FAB;
33557 : F519;
33558 : 0ADD;
33559 : 020E;
33560 : F61D;
33561 : EFAB;
33562 : EFB0;
33563 : 04AB;
33564 : 1079;
33565 : FFEA;
33566 : 101E;
33567 : 0E78;
33568 : F4B6;
33569 : FA26;
33570 : FE75;
33571 : 09BA;
33572 : EFE7;
33573 : 0BAF;
33574 : 0B03;
33575 : 05CC;
33576 : ED81;
33577 : FC87;
33578 : 08A9;
33579 : F4BE;
33580 : FD84;
33581 : 098C;
33582 : EC2E;
33583 : F88E;
33584 : EFDF;
33585 : 13CD;
33586 : 03D7;
33587 : F6E8;
33588 : EC8B;
33589 : 003A;
33590 : F51B;
33591 : F63C;
33592 : 0ABD;
33593 : 035B;
33594 : F054;
33595 : FF69;
33596 : EDA2;
33597 : 109A;
33598 : 03AF;
33599 : 0636;
33600 : 145F;
33601 : 0FCD;
33602 : EEC4;
33603 : F6F7;
33604 : FAB5;
33605 : 0903;
33606 : FE18;
33607 : F888;
33608 : FB62;
33609 : F5E5;
33610 : F7C8;
33611 : 0BD3;
33612 : F8D9;
33613 : F637;
33614 : 064C;
33615 : 0822;
33616 : 0A0F;
33617 : F789;
33618 : 0348;
33619 : 0827;
33620 : F32B;
33621 : FB1D;
33622 : 11EC;
33623 : F6C5;
33624 : F421;
33625 : EC29;
33626 : F1C8;
33627 : EE9F;
33628 : F71B;
33629 : 073E;
33630 : F508;
33631 : 0422;
33632 : F6F6;
33633 : 0675;
33634 : F9F8;
33635 : 0E7E;
33636 : 02D5;
33637 : 12ED;
33638 : 0016;
33639 : 0B5C;
33640 : 0635;
33641 : FAD1;
33642 : 04F4;
33643 : 0E54;
33644 : 0472;
33645 : F30F;
33646 : EBC9;
33647 : 0A33;
33648 : FBF4;
33649 : F681;
33650 : 0CC8;
33651 : 09B7;
33652 : F9D0;
33653 : 10EE;
33654 : F9EE;
33655 : 036B;
33656 : 0E62;
33657 : 00E9;
33658 : 05FB;
33659 : FD2D;
33660 : F8FD;
33661 : 00DE;
33662 : F353;
33663 : F1FD;
33664 : 11EE;
33665 : 0CB1;
33666 : 038D;
33667 : 05F0;
33668 : 0C62;
33669 : 13AC;
33670 : 15A9;
33671 : 123C;
33672 : 1249;
33673 : FE13;
33674 : ECB5;
33675 : 0808;
33676 : 08B7;
33677 : F5E6;
33678 : 068D;
33679 : 0A5A;
33680 : 0E91;
33681 : 0999;
33682 : 0786;
33683 : 1343;
33684 : FFA6;
33685 : F1B8;
33686 : 0CF9;
33687 : FB23;
33688 : EED1;
33689 : FD3A;
33690 : F1EE;
33691 : F0F2;
33692 : 0F05;
33693 : 0026;
33694 : FF60;
33695 : F1A9;
33696 : F4E4;
33697 : 0DB0;
33698 : 0307;
33699 : 1159;
33700 : 0473;
33701 : F74A;
33702 : F72C;
33703 : FC39;
33704 : 0785;
33705 : F46A;
33706 : 0A44;
33707 : 062C;
33708 : 145D;
33709 : F967;
33710 : FCA6;
33711 : FB28;
33712 : 02C3;
33713 : 023A;
33714 : FD3F;
33715 : 12FA;
33716 : EAEB;
33717 : 1358;
33718 : 0E84;
33719 : 099E;
33720 : F8C7;
33721 : F696;
33722 : F564;
33723 : 05D8;
33724 : 0005;
33725 : 04E1;
33726 : 05C0;
33727 : 09A6;
33728 : FA30;
33729 : 0F8E;
33730 : 072E;
33731 : 0673;
33732 : 018C;
33733 : 03FB;
33734 : FC7D;
33735 : ECEE;
33736 : 024F;
33737 : 07AC;
33738 : 0E35;
33739 : 0E3B;
33740 : ECF4;
33741 : 0042;
33742 : 0322;
33743 : F057;
33744 : FC09;
33745 : FAA3;
33746 : F402;
33747 : 0F61;
33748 : EB6B;
33749 : F810;
33750 : FFB4;
33751 : 1294;
33752 : 0375;
33753 : 0888;
33754 : 07F2;
33755 : 02BC;
33756 : FE29;
33757 : 0BE0;
33758 : F302;
33759 : 0D9B;
33760 : FAB7;
33761 : 086B;
33762 : 08C8;
33763 : 03C2;
33764 : 0205;
33765 : 0833;
33766 : F7FD;
33767 : FC74;
33768 : E683;
33769 : 0CB6;
33770 : 11B8;
33771 : 0A4C;
33772 : F4FD;
33773 : E45A;
33774 : 04D0;
33775 : 0486;
33776 : E944;
33777 : EDB2;
33778 : 0E86;
33779 : F8B2;
33780 : 0289;
33781 : 0E03;
33782 : 00A1;
33783 : 13CA;
33784 : 01CF;
33785 : 0D47;
33786 : 1291;
33787 : 072F;
33788 : EB02;
33789 : FD86;
33790 : 11FB;
33791 : 0842;
33792 : F60C;
33793 : 05A4;
33794 : FF34;
33795 : 0E82;
33796 : F0D6;
33797 : F496;
33798 : 0E8F;
33799 : 10B6;
33800 : F67B;
33801 : 08AE;
33802 : 091F;
33803 : FD2C;
33804 : 0FFF;
33805 : F486;
33806 : F7E5;
33807 : 0A8A;
33808 : EB88;
33809 : 0A3E;
33810 : EF28;
33811 : 011B;
33812 : 00BF;
33813 : FDF7;
33814 : 0534;
33815 : F5B4;
33816 : 1096;
33817 : FA1A;
33818 : 0E53;
33819 : EF7B;
33820 : FB9B;
33821 : F2CC;
33822 : FAD5;
33823 : F3A0;
33824 : FA2B;
33825 : 0DD1;
33826 : 0911;
33827 : 0BFD;
33828 : 180D;
33829 : FD07;
33830 : F8F7;
33831 : 0036;
33832 : FCB2;
33833 : F6A6;
33834 : FCA9;
33835 : 0F7D;
33836 : 191B;
33837 : F13C;
33838 : F573;
33839 : 0A61;
33840 : 01F8;
33841 : 0A38;
33842 : FC04;
33843 : 1693;
33844 : EC9D;
33845 : FF9E;
33846 : 0006;
33847 : 0B1E;
33848 : 03A3;
33849 : F83F;
33850 : 1833;
33851 : E6D4;
33852 : F6B9;
33853 : F706;
33854 : F912;
33855 : 007E;
33856 : 041C;
33857 : 110D;
33858 : 0E2C;
33859 : 1294;
33860 : F873;
33861 : 15F6;
33862 : F701;
33863 : 00F3;
33864 : 12D6;
33865 : 03E7;
33866 : EF06;
33867 : F659;
33868 : F591;
33869 : 010C;
33870 : EC27;
33871 : F3F7;
33872 : 0A36;
33873 : E964;
33874 : ECDC;
33875 : 0EF8;
33876 : F79F;
33877 : 0C9A;
33878 : 0625;
33879 : 047F;
33880 : 0807;
33881 : ECB2;
33882 : 0ED7;
33883 : 0EC6;
33884 : EC78;
33885 : 13AD;
33886 : F963;
33887 : EFEC;
33888 : FF11;
33889 : FA7A;
33890 : 0E6C;
33891 : F52A;
33892 : 118F;
33893 : FBF6;
33894 : EB0A;
33895 : 0424;
33896 : 0E7B;
33897 : 1121;
33898 : F18D;
33899 : FB77;
33900 : F68D;
33901 : F3EC;
33902 : F303;
33903 : F380;
33904 : 0175;
33905 : 0DCF;
33906 : EA8B;
33907 : F210;
33908 : 0049;
33909 : 0B2A;
33910 : 163B;
33911 : F600;
33912 : FAA0;
33913 : EE2C;
33914 : 0B08;
33915 : F842;
33916 : EC51;
33917 : F91E;
33918 : ED97;
33919 : 05DE;
33920 : FAE0;
33921 : FE3F;
33922 : 01BF;
33923 : FCFE;
33924 : 0D2A;
33925 : F402;
33926 : FB1D;
33927 : 12DE;
33928 : F59A;
33929 : 01DD;
33930 : F7E1;
33931 : F583;
33932 : F879;
33933 : F352;
33934 : 0959;
33935 : FE44;
33936 : 0F40;
33937 : F69B;
33938 : FA46;
33939 : F285;
33940 : 0BD6;
33941 : 043D;
33942 : 01C1;
33943 : FC30;
33944 : 0813;
33945 : 05B3;
33946 : EE06;
33947 : 0FBB;
33948 : 10C0;
33949 : 03D6;
33950 : 0F78;
33951 : 0A70;
33952 : F211;
33953 : FE9F;
33954 : F35F;
33955 : 0EA8;
33956 : 0629;
33957 : F696;
33958 : FFC0;
33959 : 1094;
33960 : FC7B;
33961 : EF08;
33962 : 0336;
33963 : 0362;
33964 : FEAB;
33965 : F748;
33966 : 01E6;
33967 : F20E;
33968 : FC88;
33969 : EBA7;
33970 : EF9A;
33971 : EE01;
33972 : F669;
33973 : F3AC;
33974 : FA4A;
33975 : F58B;
33976 : F9AC;
33977 : F366;
33978 : 0A0F;
33979 : EA89;
33980 : 0907;
33981 : F63D;
33982 : F5DC;
33983 : 0D18;
33984 : 0741;
33985 : F408;
33986 : 087F;
33987 : F6D1;
33988 : F326;
33989 : ED28;
33990 : F053;
33991 : 1088;
33992 : F2B5;
33993 : FE75;
33994 : F3ED;
33995 : 023D;
33996 : 0285;
33997 : 099B;
33998 : ECDF;
33999 : FF19;
34000 : 0C58;
34001 : 0170;
34002 : F67F;
34003 : 0BB9;
34004 : EF92;
34005 : 1507;
34006 : F8EE;
34007 : EDBA;
34008 : EF53;
34009 : 0998;
34010 : 0AB2;
34011 : EDC7;
34012 : 0476;
34013 : 0AB6;
34014 : 04BA;
34015 : FDE7;
34016 : F6F3;
34017 : F920;
34018 : 0FF4;
34019 : 0853;
34020 : FB5F;
34021 : 0169;
34022 : ECD7;
34023 : F73F;
34024 : 0AEA;
34025 : F80F;
34026 : ED07;
34027 : F225;
34028 : F8F7;
34029 : F420;
34030 : F460;
34031 : 08CB;
34032 : F9E5;
34033 : FC02;
34034 : F110;
34035 : EB94;
34036 : F9BC;
34037 : FE58;
34038 : F5C3;
34039 : 141A;
34040 : FD15;
34041 : F836;
34042 : FC3D;
34043 : FB21;
34044 : F17B;
34045 : F965;
34046 : FD2A;
34047 : F5E7;
34048 : FE45;
34049 : 09A0;
34050 : F009;
34051 : FE65;
34052 : F803;
34053 : 0CC5;
34054 : 114E;
34055 : F959;
34056 : EE2A;
34057 : F58B;
34058 : F5B9;
34059 : 0AF0;
34060 : 09E6;
34061 : FCC4;
34062 : 0BCF;
34063 : F1AB;
34064 : 0E2D;
34065 : 1107;
34066 : 0624;
34067 : 04EA;
34068 : EFFC;
34069 : 0251;
34070 : 0D14;
34071 : ECB5;
34072 : 05CE;
34073 : 0D14;
34074 : FCE8;
34075 : 03B3;
34076 : 0DE6;
34077 : 0BB8;
34078 : 0307;
34079 : 1266;
34080 : 11EB;
34081 : 0380;
34082 : 03A9;
34083 : F207;
34084 : ED8E;
34085 : 03BA;
34086 : 0213;
34087 : ED10;
34088 : F915;
34089 : 11BA;
34090 : F420;
34091 : 0BA6;
34092 : 1335;
34093 : F62D;
34094 : 0D70;
34095 : 0BDC;
34096 : 0BA5;
34097 : 107E;
34098 : F2C2;
34099 : 0DA7;
34100 : FD70;
34101 : 0D02;
34102 : F856;
34103 : 131D;
34104 : FB77;
34105 : FFC4;
34106 : 0E58;
34107 : FEB5;
34108 : 0A80;
34109 : EC9F;
34110 : EC90;
34111 : 092F;
34112 : 0234;
34113 : F775;
34114 : F24E;
34115 : 1348;
34116 : F9B9;
34117 : 121F;
34118 : EDCB;
34119 : F7E0;
34120 : F1FF;
34121 : ED19;
34122 : FEAC;
34123 : 0A14;
34124 : F666;
34125 : 1357;
34126 : 0418;
34127 : 0FCF;
34128 : ED47;
34129 : 078D;
34130 : F329;
34131 : FECE;
34132 : F609;
34133 : 009C;
34134 : F930;
34135 : FF2D;
34136 : 09BF;
34137 : F10C;
34138 : 06D7;
34139 : FEE0;
34140 : 0DED;
34141 : 1163;
34142 : F430;
34143 : FFD8;
34144 : FF04;
34145 : F5E7;
34146 : 1224;
34147 : EF39;
34148 : 0648;
34149 : ED20;
34150 : 06F0;
34151 : 04FB;
34152 : F4DE;
34153 : FF1C;
34154 : 0218;
34155 : 0317;
34156 : 0A88;
34157 : 03D5;
34158 : 08CF;
34159 : F650;
34160 : FC07;
34161 : 0070;
34162 : 1232;
34163 : 0592;
34164 : 0C64;
34165 : F324;
34166 : F021;
34167 : 03D8;
34168 : F96E;
34169 : F902;
34170 : 0B94;
34171 : EC89;
34172 : F9D2;
34173 : F6FA;
34174 : 03AA;
34175 : F132;
34176 : 126B;
34177 : F1CF;
34178 : F644;
34179 : 016F;
34180 : 01F6;
34181 : 0832;
34182 : 068F;
34183 : F3A7;
34184 : EF66;
34185 : EC19;
34186 : EEAD;
34187 : F724;
34188 : FAB8;
34189 : 0EE6;
34190 : F6FE;
34191 : FC5A;
34192 : 0B6E;
34193 : 120D;
34194 : 0257;
34195 : F3AF;
34196 : F545;
34197 : 0C77;
34198 : F5EA;
34199 : F77A;
34200 : 0491;
34201 : 0022;
34202 : 02EE;
34203 : FC1C;
34204 : 0A55;
34205 : F71F;
34206 : F461;
34207 : 0537;
34208 : 12DD;
34209 : 13A2;
34210 : 0F64;
34211 : FBCD;
34212 : FB11;
34213 : FF31;
34214 : F493;
34215 : F902;
34216 : 01F4;
34217 : 0F54;
34218 : 0361;
34219 : EDDF;
34220 : EE96;
34221 : F187;
34222 : FD3F;
34223 : FAE4;
34224 : EBF8;
34225 : 07C0;
34226 : F9AC;
34227 : 074E;
34228 : F4C7;
34229 : FC1E;
34230 : F41F;
34231 : EECB;
34232 : 07C6;
34233 : FF2C;
34234 : F12D;
34235 : 01E3;
34236 : FE83;
34237 : F902;
34238 : F46B;
34239 : 0EB8;
34240 : 096F;
34241 : 070D;
34242 : 0F3B;
34243 : F365;
34244 : 05B9;
34245 : EFD2;
34246 : F54B;
34247 : FC98;
34248 : FE8D;
34249 : F9A2;
34250 : E70C;
34251 : 0D58;
34252 : EE9B;
34253 : F611;
34254 : F59C;
34255 : 0B22;
34256 : 0F30;
34257 : FCCD;
34258 : 009D;
34259 : F0F7;
34260 : FD2F;
34261 : 065F;
34262 : F7F2;
34263 : F5F3;
34264 : EF3E;
34265 : F622;
34266 : 0ABC;
34267 : 0833;
34268 : 0C68;
34269 : FBD5;
34270 : F659;
34271 : 0742;
34272 : FA44;
34273 : 160B;
34274 : 0C09;
34275 : F51B;
34276 : 0D3A;
34277 : F036;
34278 : 1979;
34279 : 09E1;
34280 : F12E;
34281 : 0D0F;
34282 : 103B;
34283 : ED42;
34284 : F734;
34285 : 02D8;
34286 : F890;
34287 : FA4D;
34288 : F623;
34289 : 0961;
34290 : 0B43;
34291 : F772;
34292 : F464;
34293 : 0965;
34294 : 048B;
34295 : F39B;
34296 : 0356;
34297 : FCAB;
34298 : 020E;
34299 : 0711;
34300 : F9A2;
34301 : F295;
34302 : 0A59;
34303 : 0D49;
34304 : 132B;
34305 : 05B6;
34306 : 0A89;
34307 : 0A2B;
34308 : 0628;
34309 : EF76;
34310 : EDA3;
34311 : FFE2;
34312 : F6B2;
34313 : FE57;
34314 : 0998;
34315 : FD01;
34316 : EF36;
34317 : F75F;
34318 : 1169;
34319 : EEEC;
34320 : 0C20;
34321 : 022B;
34322 : 06D8;
34323 : F0CE;
34324 : 0D28;
34325 : 06E9;
34326 : 0353;
34327 : 0261;
34328 : 003E;
34329 : F68D;
34330 : ED44;
34331 : 0CAC;
34332 : 0AA2;
34333 : F6EC;
34334 : EEDB;
34335 : F6B9;
34336 : F8DC;
34337 : 1285;
34338 : 0829;
34339 : F30B;
34340 : 006D;
34341 : F8A5;
34342 : 0CBC;
34343 : 093D;
34344 : 06F0;
34345 : 03E4;
34346 : F071;
34347 : F8DC;
34348 : F080;
34349 : F9E1;
34350 : F4D2;
34351 : F2B5;
34352 : 1117;
34353 : 0C7A;
34354 : 0166;
34355 : 080A;
34356 : ED97;
34357 : 0D3D;
34358 : F433;
34359 : F2D0;
34360 : EC4D;
34361 : 0485;
34362 : EF63;
34363 : 0F08;
34364 : 08FE;
34365 : 008A;
34366 : 09A8;
34367 : FE3F;
34368 : F95C;
34369 : 044B;
34370 : F6D9;
34371 : 036E;
34372 : 0DAC;
34373 : EE1E;
34374 : EFF8;
34375 : 07B0;
34376 : F502;
34377 : 09DD;
34378 : 0E7B;
34379 : FD06;
34380 : 0C27;
34381 : 08D7;
34382 : F50E;
34383 : 0E05;
34384 : 06C4;
34385 : FCEE;
34386 : 0BD3;
34387 : ED6B;
34388 : EA08;
34389 : FF0A;
34390 : F837;
34391 : F5BC;
34392 : FF7C;
34393 : 0014;
34394 : 04B1;
34395 : 090A;
34396 : 0669;
34397 : 075C;
34398 : FC83;
34399 : 0D19;
34400 : F883;
34401 : 0684;
34402 : 069B;
34403 : FF29;
34404 : F84B;
34405 : FB7C;
34406 : 009D;
34407 : FB37;
34408 : F0AC;
34409 : 14A3;
34410 : 022D;
34411 : FEEA;
34412 : FB52;
34413 : E5B7;
34414 : 041A;
34415 : 01E1;
34416 : 0F99;
34417 : 0ACA;
34418 : 045A;
34419 : 0CDA;
34420 : 0377;
34421 : 139C;
34422 : F2F4;
34423 : E7B3;
34424 : 0864;
34425 : 00C2;
34426 : 0CC2;
34427 : FB59;
34428 : FAC3;
34429 : 04C9;
34430 : 0470;
34431 : EF40;
34432 : 051B;
34433 : 04FC;
34434 : F4A4;
34435 : F4D6;
34436 : 0124;
34437 : 12B2;
34438 : 1144;
34439 : FDAE;
34440 : 04A2;
34441 : 0B63;
34442 : 0605;
34443 : F713;
34444 : 0191;
34445 : 07C5;
34446 : 0733;
34447 : F353;
34448 : 0043;
34449 : E6DF;
34450 : FEFE;
34451 : FA82;
34452 : F606;
34453 : 0FF6;
34454 : 121C;
34455 : 08D4;
34456 : 0719;
34457 : 04CC;
34458 : 02B0;
34459 : F19B;
34460 : 06AA;
34461 : 0336;
34462 : EC5A;
34463 : FE56;
34464 : 0065;
34465 : 16C4;
34466 : 1239;
34467 : 0546;
34468 : 0509;
34469 : F6AA;
34470 : 001E;
34471 : 0807;
34472 : E8E8;
34473 : F4BA;
34474 : F79D;
34475 : FE31;
34476 : F6B2;
34477 : F3E3;
34478 : E632;
34479 : FF6C;
34480 : 0B66;
34481 : 10E2;
34482 : F1F8;
34483 : FDC8;
34484 : 0317;
34485 : FF32;
34486 : EF84;
34487 : F5DB;
34488 : EF5D;
34489 : EE0C;
34490 : EF96;
34491 : F7D5;
34492 : 0060;
34493 : 0A60;
34494 : 08C3;
34495 : 1087;
34496 : FD13;
34497 : 0FB9;
34498 : F930;
34499 : 1180;
34500 : 0DDE;
34501 : F679;
34502 : FEA3;
34503 : F3ED;
34504 : 128B;
34505 : 078D;
34506 : F23C;
34507 : 09F9;
34508 : 0A18;
34509 : 0316;
34510 : F76C;
34511 : EE03;
34512 : 0D24;
34513 : F891;
34514 : EFEB;
34515 : 134A;
34516 : 0B33;
34517 : 042A;
34518 : F5E6;
34519 : 01F8;
34520 : 0D3C;
34521 : 0F07;
34522 : 086B;
34523 : EC06;
34524 : 0883;
34525 : 100A;
34526 : F47B;
34527 : F27B;
34528 : 10FA;
34529 : F764;
34530 : F534;
34531 : 0AE5;
34532 : F0EC;
34533 : EE80;
34534 : 0121;
34535 : 05B3;
34536 : F559;
34537 : 0517;
34538 : 0B79;
34539 : 06F3;
34540 : 0B65;
34541 : EF12;
34542 : 0035;
34543 : EE2E;
34544 : 0DB5;
34545 : 121A;
34546 : FE18;
34547 : F977;
34548 : F74B;
34549 : F8C2;
34550 : EFCA;
34551 : 01E4;
34552 : F719;
34553 : FFD4;
34554 : 023A;
34555 : F802;
34556 : F7DF;
34557 : 0D1D;
34558 : F944;
34559 : EDF7;
34560 : FE11;
34561 : FFC5;
34562 : 04E9;
34563 : F719;
34564 : EF55;
34565 : FFD5;
34566 : F96D;
34567 : 00A8;
34568 : 051A;
34569 : EFD3;
34570 : 04C8;
34571 : 0B79;
34572 : FE53;
34573 : FD40;
34574 : FB41;
34575 : 09DE;
34576 : FB47;
34577 : E349;
34578 : 0C49;
34579 : EDCD;
34580 : F339;
34581 : 1564;
34582 : 00B9;
34583 : EDFB;
34584 : 06BD;
34585 : 00C1;
34586 : EAF9;
34587 : F884;
34588 : FCD7;
34589 : 043F;
34590 : 0DF2;
34591 : 0537;
34592 : 0488;
34593 : 09A7;
34594 : F88F;
34595 : 0C19;
34596 : FBE8;
34597 : 00CC;
34598 : 0B8A;
34599 : 0423;
34600 : 0166;
34601 : FA7D;
34602 : 10BD;
34603 : 0D12;
34604 : 05E3;
34605 : EECA;
34606 : EFD1;
34607 : 0122;
34608 : 0595;
34609 : 01A5;
34610 : F0E3;
34611 : 052A;
34612 : 0A77;
34613 : 074F;
34614 : F1DD;
34615 : 04AE;
34616 : 0BDD;
34617 : 0161;
34618 : ED85;
34619 : 09F5;
34620 : F288;
34621 : ED72;
34622 : 0B0A;
34623 : 0B2D;
34624 : F79F;
34625 : 046B;
34626 : 0FBD;
34627 : F11F;
34628 : FB11;
34629 : FE89;
34630 : F92D;
34631 : F5B7;
34632 : F9B5;
34633 : 0E94;
34634 : 090D;
34635 : FE0B;
34636 : F2A5;
34637 : EEFA;
34638 : EFAA;
34639 : 06AB;
34640 : 1082;
34641 : FBAE;
34642 : 0478;
34643 : FE6C;
34644 : FFA0;
34645 : 0FD8;
34646 : 0F4A;
34647 : FE71;
34648 : F2A8;
34649 : 00F1;
34650 : 0FAA;
34651 : F686;
34652 : E716;
34653 : F7A7;
34654 : FB7C;
34655 : 08E8;
34656 : FBD5;
34657 : 07DF;
34658 : 061F;
34659 : 02D9;
34660 : F78D;
34661 : 0DDE;
34662 : FB49;
34663 : 1474;
34664 : EE47;
34665 : 048F;
34666 : 17D3;
34667 : FA92;
34668 : 09F0;
34669 : FEEB;
34670 : FD40;
34671 : F391;
34672 : F858;
34673 : F4A2;
34674 : FA45;
34675 : 0D09;
34676 : EDC1;
34677 : F475;
34678 : F616;
34679 : FD8E;
34680 : 120B;
34681 : 1079;
34682 : E9C8;
34683 : FEC9;
34684 : F307;
34685 : 03A2;
34686 : F697;
34687 : F304;
34688 : FC81;
34689 : FABA;
34690 : 0257;
34691 : 010E;
34692 : 0515;
34693 : F4AF;
34694 : F3EA;
34695 : EFF6;
34696 : F65A;
34697 : 0177;
34698 : 010B;
34699 : 0D5C;
34700 : 073F;
34701 : EE23;
34702 : F439;
34703 : FC91;
34704 : 09EE;
34705 : 0490;
34706 : 02A7;
34707 : 0631;
34708 : 1007;
34709 : 152E;
34710 : 05B0;
34711 : 0E8D;
34712 : FCE8;
34713 : 0A79;
34714 : 05BA;
34715 : FF23;
34716 : FEAF;
34717 : 1219;
34718 : 0109;
34719 : EC2B;
34720 : 055C;
34721 : 0BDE;
34722 : 0144;
34723 : FF21;
34724 : FD27;
34725 : FA79;
34726 : F047;
34727 : FAA3;
34728 : 127D;
34729 : 0ABB;
34730 : 11F7;
34731 : 04EE;
34732 : FE3F;
34733 : F8B8;
34734 : 0E11;
34735 : FD34;
34736 : 0C5B;
34737 : 06F8;
34738 : FBEE;
34739 : 1421;
34740 : FD76;
34741 : 0F67;
34742 : 02E0;
34743 : 0E19;
34744 : FC6E;
34745 : EB24;
34746 : 08A3;
34747 : FBC8;
34748 : FDAA;
34749 : ED8D;
34750 : FF3B;
34751 : 0A26;
34752 : F7BD;
34753 : FFF0;
34754 : 0241;
34755 : 12D7;
34756 : 13E1;
34757 : F613;
34758 : 1166;
34759 : 103D;
34760 : 07F8;
34761 : 0B73;
34762 : F6C9;
34763 : EBCC;
34764 : 10C0;
34765 : 0F27;
34766 : F955;
34767 : 14CD;
34768 : 030D;
34769 : FB7C;
34770 : 0EF3;
34771 : 079F;
34772 : 0C50;
34773 : F7DC;
34774 : F5CA;
34775 : 141A;
34776 : 051B;
34777 : F8C7;
34778 : EE06;
34779 : F7A5;
34780 : DE9C;
34781 : FB51;
34782 : 0F6D;
34783 : 0AD8;
34784 : FF71;
34785 : 0C8F;
34786 : F97F;
34787 : FC80;
34788 : F244;
34789 : 0C0A;
34790 : 0155;
34791 : F683;
34792 : 083B;
34793 : FC5B;
34794 : 149A;
34795 : 0ED5;
34796 : 1441;
34797 : 1011;
34798 : 05CE;
34799 : 04E3;
34800 : F0A8;
34801 : 0926;
34802 : F592;
34803 : 0AB0;
34804 : 0775;
34805 : 0897;
34806 : 0B5D;
34807 : 0A2F;
34808 : 126E;
34809 : FD29;
34810 : ECE0;
34811 : FE7B;
34812 : EB59;
34813 : EA4F;
34814 : 087B;
34815 : FF01;
34816 : F025;
34817 : 074D;
34818 : 14EE;
34819 : F4C7;
34820 : F1AC;
34821 : F3D0;
34822 : ED95;
34823 : 001A;
34824 : EB07;
34825 : EA1E;
34826 : F89E;
34827 : 0D0E;
34828 : 0371;
34829 : 057D;
34830 : 0D44;
34831 : 1059;
34832 : EC90;
34833 : F8A1;
34834 : 0F8A;
34835 : 0729;
34836 : 10B5;
34837 : 0746;
34838 : F0C7;
34839 : 057F;
34840 : 0145;
34841 : F97C;
34842 : FE0C;
34843 : F03C;
34844 : 038C;
34845 : F062;
34846 : F5AE;
34847 : 038A;
34848 : 07E5;
34849 : 12D5;
34850 : 0C86;
34851 : EE70;
34852 : F94D;
34853 : 037D;
34854 : F4C9;
34855 : 118A;
34856 : F341;
34857 : F7A9;
34858 : 08E5;
34859 : EF8E;
34860 : 0419;
34861 : FD61;
34862 : FCC7;
34863 : 130C;
34864 : 000A;
34865 : F11B;
34866 : EEA4;
34867 : FE10;
34868 : 0A46;
34869 : 093C;
34870 : F017;
34871 : F1D8;
34872 : 0769;
34873 : 0FA5;
34874 : EB94;
34875 : ED97;
34876 : F5CE;
34877 : FB6A;
34878 : F491;
34879 : F458;
34880 : 0EEA;
34881 : 1369;
34882 : FE3E;
34883 : F9EB;
34884 : 06DA;
34885 : 06CC;
34886 : 0885;
34887 : EECB;
34888 : 1161;
34889 : 0025;
34890 : FF14;
34891 : 0F99;
34892 : 112D;
34893 : 0F0B;
34894 : 0BEB;
34895 : F81E;
34896 : 0648;
34897 : FB7B;
34898 : ECAC;
34899 : FD2A;
34900 : FE15;
34901 : FBD3;
34902 : F070;
34903 : 0C07;
34904 : F994;
34905 : 0ABB;
34906 : 0ABF;
34907 : 035B;
34908 : E0F5;
34909 : F23D;
34910 : 067A;
34911 : F9A6;
34912 : F0B2;
34913 : FB3A;
34914 : FD9F;
34915 : 062E;
34916 : 0038;
34917 : F19B;
34918 : FECD;
34919 : 0F5C;
34920 : 06B8;
34921 : EDA6;
34922 : 0059;
34923 : F7C8;
34924 : 13C0;
34925 : FCB8;
34926 : F5D3;
34927 : FA94;
34928 : FBE8;
34929 : 11AD;
34930 : 00BB;
34931 : 1712;
34932 : EC7B;
34933 : 0BD4;
34934 : 1297;
34935 : F663;
34936 : 12FC;
34937 : 0186;
34938 : EE62;
34939 : 0E8F;
34940 : F402;
34941 : F9CC;
34942 : FBDE;
34943 : 0504;
34944 : F2AB;
34945 : F023;
34946 : 0334;
34947 : FE60;
34948 : F30A;
34949 : F20C;
34950 : FD72;
34951 : F5B2;
34952 : 01AC;
34953 : 05D8;
34954 : FCDA;
34955 : EFBE;
34956 : 0A29;
34957 : 12C2;
34958 : ECD2;
34959 : FEC2;
34960 : F715;
34961 : 0CB3;
34962 : 0C87;
34963 : 0860;
34964 : FFAF;
34965 : F00E;
34966 : F7BF;
34967 : F5B6;
34968 : F42D;
34969 : 0B6F;
34970 : FEFC;
34971 : 0D31;
34972 : FC04;
34973 : 0A8B;
34974 : F33C;
34975 : F895;
34976 : 09BF;
34977 : F708;
34978 : 0E92;
34979 : FADA;
34980 : 0929;
34981 : 108D;
34982 : 0016;
34983 : F17B;
34984 : F6E0;
34985 : 007D;
34986 : 0C99;
34987 : F548;
34988 : F340;
34989 : F718;
34990 : 027C;
34991 : EDC4;
34992 : FD1C;
34993 : 02AA;
34994 : 0AB3;
34995 : 10D5;
34996 : 1182;
34997 : 163A;
34998 : EF0A;
34999 : 0357;
35000 : F896;
35001 : FA54;
35002 : 0C2F;
35003 : 0F60;
35004 : F4B8;
35005 : 09F7;
35006 : FA9C;
35007 : FDC6;
35008 : 0D51;
35009 : FEC7;
35010 : F5D4;
35011 : FFEE;
35012 : EAE4;
35013 : 0BEA;
35014 : F595;
35015 : FF59;
35016 : F349;
35017 : 0FA2;
35018 : 115F;
35019 : F806;
35020 : F541;
35021 : F724;
35022 : 062F;
35023 : 041B;
35024 : 0EAD;
35025 : F6B8;
35026 : F3DF;
35027 : FBC4;
35028 : 0BC9;
35029 : 07E3;
35030 : 0F20;
35031 : 008C;
35032 : 0114;
35033 : 002E;
35034 : FB37;
35035 : F932;
35036 : 00A2;
35037 : 0296;
35038 : ECC9;
35039 : 0B97;
35040 : 1206;
35041 : F863;
35042 : 0EE8;
35043 : F112;
35044 : 149B;
35045 : FE62;
35046 : 0EB0;
35047 : F887;
35048 : EC13;
35049 : 02D2;
35050 : 0B17;
35051 : F54E;
35052 : 0951;
35053 : 0985;
35054 : FDF1;
35055 : 02B8;
35056 : FF7B;
35057 : FC99;
35058 : EB67;
35059 : FAC7;
35060 : F024;
35061 : F580;
35062 : 0158;
35063 : 06DA;
35064 : F72E;
35065 : 0657;
35066 : 0165;
35067 : 0290;
35068 : F366;
35069 : FA0E;
35070 : 0B67;
35071 : 0CFC;
35072 : F7AB;
35073 : F4AB;
35074 : 0851;
35075 : FEC2;
35076 : 0329;
35077 : 0EB4;
35078 : FD82;
35079 : 0B58;
35080 : F413;
35081 : 11B6;
35082 : F5C8;
35083 : 042D;
35084 : 009F;
35085 : 053C;
35086 : 0403;
35087 : F005;
35088 : 0FE0;
35089 : F7B4;
35090 : F41D;
35091 : FBDC;
35092 : F722;
35093 : EE2D;
35094 : FED0;
35095 : F6D2;
35096 : F0E3;
35097 : F5B6;
35098 : 0F93;
35099 : FCE4;
35100 : F6A5;
35101 : EC3E;
35102 : F952;
35103 : F695;
35104 : EFAE;
35105 : F6CA;
35106 : FF07;
35107 : 0CB4;
35108 : EEBB;
35109 : F6E1;
35110 : 0F71;
35111 : 0AE3;
35112 : 0CA1;
35113 : F850;
35114 : 12AA;
35115 : 0139;
35116 : 0413;
35117 : F25B;
35118 : 02D5;
35119 : FFBC;
35120 : 0BC4;
35121 : 028E;
35122 : ED0A;
35123 : F7B9;
35124 : ED2C;
35125 : 0B8D;
35126 : FB07;
35127 : 0552;
35128 : F8E1;
35129 : F3C9;
35130 : F734;
35131 : 1099;
35132 : FF1C;
35133 : F2B7;
35134 : 0A52;
35135 : F612;
35136 : 098B;
35137 : F5A0;
35138 : F10B;
35139 : 0AFB;
35140 : 0D36;
35141 : 0057;
35142 : EED9;
35143 : 065A;
35144 : F216;
35145 : F3A2;
35146 : 0520;
35147 : FB18;
35148 : 0246;
35149 : FE7F;
35150 : FBD0;
35151 : FEDD;
35152 : 0351;
35153 : F754;
35154 : 0DC2;
35155 : F5E4;
35156 : 003A;
35157 : F890;
35158 : F1A7;
35159 : 0E46;
35160 : 03F0;
35161 : F615;
35162 : F35A;
35163 : 04AE;
35164 : 0A5D;
35165 : ED48;
35166 : 036A;
35167 : 054C;
35168 : 143B;
35169 : F556;
35170 : 0629;
35171 : 099F;
35172 : 07E6;
35173 : FCA4;
35174 : F66B;
35175 : 09F3;
35176 : 0C10;
35177 : F23D;
35178 : 0B99;
35179 : 07E0;
35180 : 09B7;
35181 : F0FE;
35182 : 0B98;
35183 : F914;
35184 : F88D;
35185 : 00D8;
35186 : 11DB;
35187 : FEA8;
35188 : F052;
35189 : FBFB;
35190 : 0A2A;
35191 : F4BB;
35192 : F9E0;
35193 : 0041;
35194 : EE6E;
35195 : 08F8;
35196 : F5D3;
35197 : 102B;
35198 : 05AE;
35199 : F51A;
35200 : F8B5;
35201 : FEEE;
35202 : F9BC;
35203 : 02B5;
35204 : EF83;
35205 : 02B8;
35206 : 11A3;
35207 : FA4B;
35208 : 0200;
35209 : 0BD7;
35210 : F7FA;
35211 : F45A;
35212 : 10D8;
35213 : F48A;
35214 : 0B01;
35215 : FBC3;
35216 : 1460;
35217 : 01A8;
35218 : 05D2;
35219 : 0AC4;
35220 : FEC5;
35221 : 085D;
35222 : 12F2;
35223 : F345;
35224 : 12AC;
35225 : 0D65;
35226 : F58B;
35227 : EEE0;
35228 : 10D1;
35229 : 10F8;
35230 : F578;
35231 : 0E45;
35232 : F96A;
35233 : F163;
35234 : FADE;
35235 : 12E9;
35236 : 0778;
35237 : 03F5;
35238 : EED7;
35239 : 0D62;
35240 : 0D9C;
35241 : F109;
35242 : 0CFD;
35243 : FDB2;
35244 : 0818;
35245 : FCF8;
35246 : 09D4;
35247 : F27F;
35248 : 0584;
35249 : 031E;
35250 : 10B5;
35251 : 01F4;
35252 : 0AC5;
35253 : FA38;
35254 : FCB9;
35255 : 09C9;
35256 : FA33;
35257 : F123;
35258 : F18E;
35259 : 0DCA;
35260 : ED67;
35261 : 03B6;
35262 : FBE3;
35263 : FB80;
35264 : FA59;
35265 : F80A;
35266 : F0E9;
35267 : FBDD;
35268 : FF63;
35269 : 0180;
35270 : F4B6;
35271 : 05C5;
35272 : 0E9D;
35273 : 0D17;
35274 : 0AAE;
35275 : 0BAA;
35276 : F0A3;
35277 : 00A0;
35278 : FB38;
35279 : 0F0C;
35280 : F887;
35281 : EED4;
35282 : F110;
35283 : 0C61;
35284 : 0092;
35285 : 07F5;
35286 : 105E;
35287 : EEE6;
35288 : 05F1;
35289 : F00B;
35290 : F906;
35291 : 0DB0;
35292 : 10D7;
35293 : F124;
35294 : 0E1B;
35295 : 0CE0;
35296 : F295;
35297 : 0F60;
35298 : 08ED;
35299 : 03CB;
35300 : 0FF0;
35301 : FF9B;
35302 : F2BB;
35303 : 0C89;
35304 : 09C5;
35305 : 0911;
35306 : EDCB;
35307 : 0DE4;
35308 : 11ED;
35309 : 06E8;
35310 : FCED;
35311 : F21F;
35312 : F6C6;
35313 : EF3F;
35314 : 0242;
35315 : 0156;
35316 : EF8E;
35317 : 16BD;
35318 : F569;
35319 : F039;
35320 : 0E41;
35321 : ED1A;
35322 : 0394;
35323 : EDB7;
35324 : 04B6;
35325 : FEFA;
35326 : 0306;
35327 : 0E5A;
35328 : 11E9;
35329 : 059E;
35330 : 00CD;
35331 : FD61;
35332 : F45C;
35333 : 0282;
35334 : 05E7;
35335 : 0FB7;
35336 : 1134;
35337 : F098;
35338 : EDB7;
35339 : FCBD;
35340 : F91D;
35341 : 0C62;
35342 : 0BA4;
35343 : F024;
35344 : 0E9A;
35345 : 036A;
35346 : F0E2;
35347 : 0295;
35348 : FC72;
35349 : 06AB;
35350 : F519;
35351 : FE9F;
35352 : FF51;
35353 : FF98;
35354 : FB98;
35355 : 095F;
35356 : 0E59;
35357 : FD47;
35358 : EBA7;
35359 : EE28;
35360 : 1082;
35361 : 055C;
35362 : 10FA;
35363 : FB5E;
35364 : 09AD;
35365 : 0A67;
35366 : ED46;
35367 : FA6F;
35368 : F08A;
35369 : F731;
35370 : 0D92;
35371 : 17E5;
35372 : F018;
35373 : EAA6;
35374 : FD5A;
35375 : 1176;
35376 : F4A0;
35377 : 00E3;
35378 : 01F5;
35379 : F861;
35380 : 0101;
35381 : 0F20;
35382 : F6CF;
35383 : F141;
35384 : F219;
35385 : 03CB;
35386 : 0DB5;
35387 : EA1F;
35388 : 0838;
35389 : 10E3;
35390 : 10D9;
35391 : 048A;
35392 : 0CD7;
35393 : F5E3;
35394 : F089;
35395 : 08AD;
35396 : 0209;
35397 : 0505;
35398 : FABE;
35399 : 102A;
35400 : 09C1;
35401 : F18B;
35402 : 06EA;
35403 : 0E84;
35404 : F815;
35405 : 0005;
35406 : F302;
35407 : 0083;
35408 : 10BD;
35409 : 13BD;
35410 : F429;
35411 : 0E68;
35412 : FDBA;
35413 : 07A5;
35414 : 0D25;
35415 : EE4D;
35416 : 0290;
35417 : F8B8;
35418 : 0413;
35419 : F74B;
35420 : F6EE;
35421 : EF6B;
35422 : 07A4;
35423 : F7EC;
35424 : 05E5;
35425 : 1206;
35426 : 00F0;
35427 : FC37;
35428 : 125E;
35429 : F86D;
35430 : 05AC;
35431 : FC66;
35432 : F6A6;
35433 : 0055;
35434 : 07A2;
35435 : 0524;
35436 : 109F;
35437 : FC5D;
35438 : 0BB3;
35439 : 0690;
35440 : F869;
35441 : F9AE;
35442 : 0794;
35443 : FDC3;
35444 : 062B;
35445 : 1452;
35446 : FCD2;
35447 : FE0E;
35448 : 1449;
35449 : 117A;
35450 : F40A;
35451 : F435;
35452 : 0A50;
35453 : 0287;
35454 : EC88;
35455 : 08A2;
35456 : ED53;
35457 : 0F3C;
35458 : 10A7;
35459 : 11CF;
35460 : 0213;
35461 : 014F;
35462 : F5A0;
35463 : 01A1;
35464 : 0B5A;
35465 : F08D;
35466 : 0F8C;
35467 : F05B;
35468 : 026E;
35469 : FF11;
35470 : F99C;
35471 : FE8E;
35472 : FECE;
35473 : 0AF6;
35474 : FEC2;
35475 : F7B0;
35476 : F174;
35477 : 03E2;
35478 : F270;
35479 : 0496;
35480 : F76A;
35481 : FFB9;
35482 : FCAA;
35483 : F223;
35484 : 0913;
35485 : 0BAA;
35486 : 0952;
35487 : 027C;
35488 : 107A;
35489 : FBB4;
35490 : 009D;
35491 : 0697;
35492 : F974;
35493 : FD17;
35494 : 107E;
35495 : 025F;
35496 : 0D9A;
35497 : F667;
35498 : 0A71;
35499 : 0C18;
35500 : F3AD;
35501 : FCAE;
35502 : EB17;
35503 : F2E8;
35504 : 0AC6;
35505 : F207;
35506 : FF40;
35507 : 0101;
35508 : FD90;
35509 : 0D06;
35510 : ED29;
35511 : 0F98;
35512 : 0E75;
35513 : 00CE;
35514 : 0782;
35515 : 0206;
35516 : F31C;
35517 : F8F8;
35518 : F569;
35519 : 05EA;
35520 : 0DA6;
35521 : F57C;
35522 : 1122;
35523 : 065F;
35524 : F112;
35525 : F195;
35526 : F7E4;
35527 : 0E23;
35528 : 0F3F;
35529 : EE5D;
35530 : F69A;
35531 : FD8D;
35532 : 0F98;
35533 : F972;
35534 : FB7B;
35535 : FC7D;
35536 : 0F04;
35537 : F7AB;
35538 : 09FB;
35539 : F9C8;
35540 : F5F9;
35541 : 1F0A;
35542 : 143F;
35543 : F570;
35544 : FA38;
35545 : FA0D;
35546 : 0667;
35547 : EC04;
35548 : 056E;
35549 : FBF5;
35550 : 06A8;
35551 : EAB5;
35552 : 00F6;
35553 : F288;
35554 : F684;
35555 : 1738;
35556 : 08A4;
35557 : 1618;
35558 : EFA4;
35559 : F7B6;
35560 : E72F;
35561 : FBCE;
35562 : F8D7;
35563 : 13B3;
35564 : 0006;
35565 : E840;
35566 : FAA6;
35567 : 1324;
35568 : F962;
35569 : FBBD;
35570 : 0B12;
35571 : 0242;
35572 : 0797;
35573 : FD9D;
35574 : ECF3;
35575 : 0855;
35576 : 0A1E;
35577 : FCDE;
35578 : 158F;
35579 : FA0C;
35580 : 0902;
35581 : F575;
35582 : F0F5;
35583 : 02CE;
35584 : EEC4;
35585 : 06C0;
35586 : F7FD;
35587 : F060;
35588 : F8BC;
35589 : F90F;
35590 : FF43;
35591 : F97E;
35592 : EEB6;
35593 : FD4C;
35594 : F375;
35595 : F56C;
35596 : 001D;
35597 : ED16;
35598 : 04D8;
35599 : 04FA;
35600 : EEFD;
35601 : 03E0;
35602 : 0C7C;
35603 : EF9C;
35604 : 0131;
35605 : F927;
35606 : 0088;
35607 : EE4F;
35608 : F854;
35609 : FE6B;
35610 : 05AA;
35611 : FD78;
35612 : 06F2;
35613 : F7D7;
35614 : FA1E;
35615 : FC33;
35616 : 0330;
35617 : 0EB1;
35618 : 07BE;
35619 : 0BBD;
35620 : 0AD7;
35621 : 00B1;
35622 : F764;
35623 : 00C0;
35624 : EAF1;
35625 : F848;
35626 : 04F8;
35627 : F60C;
35628 : 0518;
35629 : E9F8;
35630 : F55B;
35631 : F558;
35632 : F1D1;
35633 : FEAF;
35634 : EF2E;
35635 : 0EFC;
35636 : F5DF;
35637 : 19DF;
35638 : F7DD;
35639 : 05BB;
35640 : 0A45;
35641 : FCBD;
35642 : FACB;
35643 : E748;
35644 : 1064;
35645 : F241;
35646 : FC18;
35647 : 0486;
35648 : 0EEE;
35649 : 09FD;
35650 : 092E;
35651 : 1421;
35652 : 05A9;
35653 : 11B9;
35654 : FE79;
35655 : F6E9;
35656 : EFB2;
35657 : 02C2;
35658 : EF0F;
35659 : 0DE9;
35660 : 0B80;
35661 : EE2E;
35662 : F173;
35663 : 0B84;
35664 : EDDD;
35665 : F7AC;
35666 : 103F;
35667 : 0A76;
35668 : 01DD;
35669 : F610;
35670 : 01C5;
35671 : 061C;
35672 : F6E1;
35673 : FD0A;
35674 : 0D4B;
35675 : F133;
35676 : ECDE;
35677 : 0B5E;
35678 : FEF6;
35679 : 110F;
35680 : FB91;
35681 : 0F67;
35682 : 140C;
35683 : 0374;
35684 : 0BAC;
35685 : 13AB;
35686 : F2AF;
35687 : 022D;
35688 : F889;
35689 : 0FA5;
35690 : F6DE;
35691 : FDED;
35692 : 002B;
35693 : 0C01;
35694 : F5DC;
35695 : 019A;
35696 : 009A;
35697 : EDE4;
35698 : 0A83;
35699 : FE10;
35700 : 10B6;
35701 : F7A4;
35702 : 1342;
35703 : F128;
35704 : 0240;
35705 : FA3D;
35706 : 0931;
35707 : FC12;
35708 : 0B1B;
35709 : EC9B;
35710 : 11D1;
35711 : FF81;
35712 : F8FB;
35713 : 0349;
35714 : F873;
35715 : 0650;
35716 : 062B;
35717 : 0A14;
35718 : FF7C;
35719 : EEA3;
35720 : EF96;
35721 : FC92;
35722 : F14A;
35723 : F549;
35724 : 0ECE;
35725 : 0DCC;
35726 : EDCC;
35727 : 0347;
35728 : F038;
35729 : 1002;
35730 : 0A2B;
35731 : F966;
35732 : FFD0;
35733 : F293;
35734 : FC01;
35735 : 13EE;
35736 : F5FC;
35737 : 07C5;
35738 : F045;
35739 : 0EC4;
35740 : FCCB;
35741 : F31E;
35742 : 0E5A;
35743 : F3BE;
35744 : 06DB;
35745 : 1343;
35746 : 0C27;
35747 : F276;
35748 : EEE0;
35749 : F611;
35750 : 016B;
35751 : FBD1;
35752 : 0BB5;
35753 : 005F;
35754 : F9AF;
35755 : 0713;
35756 : 0EE3;
35757 : F9E7;
35758 : 0A50;
35759 : 0B59;
35760 : 010E;
35761 : 0A36;
35762 : 023A;
35763 : F1BD;
35764 : F621;
35765 : 0240;
35766 : 0E81;
35767 : F607;
35768 : F18B;
35769 : EBFF;
35770 : 0229;
35771 : 0EBD;
35772 : 0D1E;
35773 : F54A;
35774 : F42D;
35775 : F13B;
35776 : F7E9;
35777 : 0AA1;
35778 : 0F3E;
35779 : 045D;
35780 : 0672;
35781 : 0519;
35782 : FD4D;
35783 : F4FE;
35784 : EE11;
35785 : EBCB;
35786 : 0D2B;
35787 : 022E;
35788 : F2A9;
35789 : 0552;
35790 : F106;
35791 : 12B1;
35792 : 05D5;
35793 : F825;
35794 : 00ED;
35795 : 11BF;
35796 : 1042;
35797 : 0DD6;
35798 : FEC5;
35799 : F965;
35800 : F1FC;
35801 : F9AB;
35802 : 076B;
35803 : FC87;
35804 : 048F;
35805 : FEC1;
35806 : F129;
35807 : F001;
35808 : 0977;
35809 : 1540;
35810 : F9CB;
35811 : FF22;
35812 : 0780;
35813 : FA30;
35814 : 0522;
35815 : F638;
35816 : F606;
35817 : 0BC0;
35818 : F5E6;
35819 : 0AF8;
35820 : EC25;
35821 : 1243;
35822 : ECDD;
35823 : F598;
35824 : F25E;
35825 : F0B0;
35826 : 0CFA;
35827 : 0DF3;
35828 : F5CC;
35829 : F620;
35830 : 101B;
35831 : 085F;
35832 : 060B;
35833 : 03D1;
35834 : F8EC;
35835 : 0904;
35836 : FB1F;
35837 : F4C0;
35838 : F5D1;
35839 : EEB5;
35840 : FD80;
35841 : 06DD;
35842 : 07AB;
35843 : 09F6;
35844 : 115F;
35845 : 0656;
35846 : 0BDF;
35847 : 0867;
35848 : 0A4B;
35849 : F017;
35850 : 093A;
35851 : 0A5D;
35852 : 06A7;
35853 : F666;
35854 : 0F89;
35855 : FCE1;
35856 : F331;
35857 : F89B;
35858 : F8BB;
35859 : 0C22;
35860 : EF7E;
35861 : 0677;
35862 : F57C;
35863 : 121E;
35864 : 0067;
35865 : F983;
35866 : 0C52;
35867 : F948;
35868 : 0238;
35869 : 08C9;
35870 : F54D;
35871 : 091D;
35872 : 1190;
35873 : F91F;
35874 : ECA7;
35875 : F697;
35876 : FCF3;
35877 : F943;
35878 : F902;
35879 : FA5D;
35880 : FE55;
35881 : F2FE;
35882 : FF1E;
35883 : 0EBB;
35884 : EFF4;
35885 : 0881;
35886 : 083B;
35887 : 0EF0;
35888 : 0792;
35889 : 0248;
35890 : F954;
35891 : 023F;
35892 : 1382;
35893 : 1280;
35894 : FBF5;
35895 : F913;
35896 : 12B6;
35897 : 05B5;
35898 : ECFB;
35899 : F92E;
35900 : F593;
35901 : FB1C;
35902 : F9D7;
35903 : ED8F;
35904 : 1131;
35905 : 10E0;
35906 : 1157;
35907 : 0B9B;
35908 : 08AA;
35909 : FA1C;
35910 : FA3D;
35911 : F1CC;
35912 : F024;
35913 : F0BC;
35914 : 054F;
35915 : 1301;
35916 : 061D;
35917 : 0FC1;
35918 : 0AD4;
35919 : F2DC;
35920 : FCBA;
35921 : 05CE;
35922 : F911;
35923 : 133C;
35924 : FB33;
35925 : 101E;
35926 : FFF0;
35927 : F745;
35928 : F68C;
35929 : F932;
35930 : EFD7;
35931 : F424;
35932 : 0085;
35933 : F809;
35934 : 099B;
35935 : 0E44;
35936 : 0057;
35937 : F0A6;
35938 : F053;
35939 : 0972;
35940 : 01E4;
35941 : EF94;
35942 : 0494;
35943 : 0777;
35944 : 0EB4;
35945 : F53D;
35946 : 04B3;
35947 : 0402;
35948 : 103C;
35949 : 00EA;
35950 : 12B9;
35951 : 111D;
35952 : F2F9;
35953 : 0FEC;
35954 : F714;
35955 : 0E05;
35956 : 1298;
35957 : F307;
35958 : F7A8;
35959 : 0F3A;
35960 : FA9E;
35961 : EE28;
35962 : 0AB6;
35963 : 03AB;
35964 : 0A02;
35965 : ECB8;
35966 : 1097;
35967 : 0354;
35968 : F42B;
35969 : 0B86;
35970 : EEB6;
35971 : 0DEC;
35972 : FD4E;
35973 : 0CA7;
35974 : FE13;
35975 : F1A7;
35976 : F06F;
35977 : 0C43;
35978 : 09C4;
35979 : FBFC;
35980 : 0B6E;
35981 : 00DF;
35982 : 0895;
35983 : 0CAE;
35984 : F3D2;
35985 : FBE9;
35986 : 0B2F;
35987 : FE12;
35988 : ED2D;
35989 : 06FD;
35990 : 1371;
35991 : 069A;
35992 : 00EC;
35993 : FD9E;
35994 : EFAA;
35995 : 070F;
35996 : 1279;
35997 : FCF9;
35998 : 0D2F;
35999 : FA25;
36000 : 0A7A;
36001 : F6B0;
36002 : FBD5;
36003 : F0C4;
36004 : 0EFA;
36005 : F588;
36006 : 0BE1;
36007 : F5DB;
36008 : FE12;
36009 : EEC3;
36010 : 09A5;
36011 : 05C3;
36012 : 02E2;
36013 : 0005;
36014 : FA64;
36015 : 0FFD;
36016 : 0F31;
36017 : F7AB;
36018 : 00DE;
36019 : 05CA;
36020 : F903;
36021 : F650;
36022 : F9BD;
36023 : EECC;
36024 : F3D5;
36025 : EE0A;
36026 : 06B1;
36027 : F3DB;
36028 : 065D;
36029 : ED1C;
36030 : 0B44;
36031 : F4CA;
36032 : 09B1;
36033 : 11C4;
36034 : FD01;
36035 : 15C5;
36036 : 0A8E;
36037 : 0DC0;
36038 : 0925;
36039 : 0CAF;
36040 : F7C2;
36041 : F0C5;
36042 : F21E;
36043 : FA14;
36044 : 0F44;
36045 : F671;
36046 : 0937;
36047 : 0EE1;
36048 : F575;
36049 : 08E8;
36050 : 1085;
36051 : 01CF;
36052 : 0157;
36053 : 0D45;
36054 : F981;
36055 : 0F04;
36056 : F963;
36057 : F99F;
36058 : 0202;
36059 : 0423;
36060 : F847;
36061 : 0924;
36062 : E9C6;
36063 : F9E8;
36064 : EEF2;
36065 : FC63;
36066 : F91C;
36067 : 031F;
36068 : FD46;
36069 : 088D;
36070 : 01C4;
36071 : FD7F;
36072 : F51E;
36073 : F2D2;
36074 : F0CB;
36075 : F2FC;
36076 : FA42;
36077 : FB94;
36078 : 0826;
36079 : 0933;
36080 : 113A;
36081 : FB97;
36082 : F9B0;
36083 : F6AD;
36084 : 0D6E;
36085 : F926;
36086 : EB56;
36087 : 07E9;
36088 : 0FAA;
36089 : FCCC;
36090 : 032D;
36091 : 0D15;
36092 : 0943;
36093 : 064C;
36094 : E9F8;
36095 : 0F08;
36096 : F718;
36097 : 0C8D;
36098 : FE6C;
36099 : F14D;
36100 : FDD0;
36101 : FE0A;
36102 : F08F;
36103 : 08B9;
36104 : 0C0B;
36105 : FB57;
36106 : FD43;
36107 : F9BA;
36108 : 039F;
36109 : 0D7A;
36110 : 0BEF;
36111 : F07C;
36112 : 0FEC;
36113 : F6C6;
36114 : FAEA;
36115 : 120B;
36116 : 0FC9;
36117 : FF61;
36118 : 0136;
36119 : F96B;
36120 : EDFC;
36121 : 0CB2;
36122 : F850;
36123 : 04E5;
36124 : FDF7;
36125 : F708;
36126 : EDBC;
36127 : F9CB;
36128 : FD0E;
36129 : 13DB;
36130 : F3B1;
36131 : 064F;
36132 : 1413;
36133 : 0252;
36134 : FF25;
36135 : F8F1;
36136 : FB65;
36137 : 0CDD;
36138 : FE52;
36139 : 0D5C;
36140 : F901;
36141 : E3EF;
36142 : FD0A;
36143 : EA0D;
36144 : F500;
36145 : FE33;
36146 : 0C6B;
36147 : 0127;
36148 : F79D;
36149 : FE02;
36150 : 00EB;
36151 : 1078;
36152 : F054;
36153 : EE04;
36154 : 0D4E;
36155 : 0C03;
36156 : EF13;
36157 : EA27;
36158 : 0473;
36159 : F6BA;
36160 : 0BB3;
36161 : 00B7;
36162 : 074D;
36163 : FADF;
36164 : 0F7F;
36165 : FFE2;
36166 : FD3C;
36167 : 0422;
36168 : 021C;
36169 : E72C;
36170 : 0035;
36171 : ED8D;
36172 : 0610;
36173 : 00FF;
36174 : 04BD;
36175 : F283;
36176 : F5A3;
36177 : EE05;
36178 : 0826;
36179 : 0D3E;
36180 : FAC8;
36181 : 06F2;
36182 : FF8D;
36183 : 01A4;
36184 : 0043;
36185 : EDBE;
36186 : F349;
36187 : FD95;
36188 : F77F;
36189 : 016A;
36190 : F528;
36191 : 0622;
36192 : FD0C;
36193 : 10D7;
36194 : 0772;
36195 : 0C23;
36196 : F271;
36197 : F6D7;
36198 : FF8A;
36199 : FB06;
36200 : F0E4;
36201 : FB7D;
36202 : FDC3;
36203 : F8CE;
36204 : 029B;
36205 : E904;
36206 : FA68;
36207 : E9BB;
36208 : F4D2;
36209 : 0A4B;
36210 : 097D;
36211 : 0856;
36212 : F50E;
36213 : FD6C;
36214 : F440;
36215 : EAA9;
36216 : F0A8;
36217 : EFD0;
36218 : 0393;
36219 : 121E;
36220 : EDDB;
36221 : 085C;
36222 : F0A3;
36223 : F445;
36224 : 0057;
36225 : 14EE;
36226 : ED6F;
36227 : F580;
36228 : 0580;
36229 : 1233;
36230 : F551;
36231 : 0A42;
36232 : 1237;
36233 : FCA0;
36234 : 11BC;
36235 : 0FFA;
36236 : 0DFE;
36237 : F511;
36238 : F480;
36239 : FAC1;
36240 : FD2B;
36241 : F73D;
36242 : F055;
36243 : F9A3;
36244 : F6E8;
36245 : F8D2;
36246 : 0DF0;
36247 : FCCF;
36248 : 0C99;
36249 : F5C5;
36250 : 080B;
36251 : F854;
36252 : 043F;
36253 : 1269;
36254 : 0AB8;
36255 : 08B8;
36256 : 0146;
36257 : 0FA5;
36258 : 0CCE;
36259 : EED6;
36260 : 1484;
36261 : 028B;
36262 : 025A;
36263 : 1036;
36264 : 008E;
36265 : 074B;
36266 : 083E;
36267 : 115A;
36268 : 0CD9;
36269 : F558;
36270 : FA7C;
36271 : FDAA;
36272 : 115A;
36273 : F011;
36274 : FFBD;
36275 : F962;
36276 : EC53;
36277 : 063F;
36278 : F8E8;
36279 : F04C;
36280 : F33F;
36281 : F3F3;
36282 : 147F;
36283 : 063A;
36284 : EBE4;
36285 : F8C7;
36286 : 08A4;
36287 : 02E7;
36288 : 08DE;
36289 : FB37;
36290 : F0E4;
36291 : F6AD;
36292 : 10FE;
36293 : FB18;
36294 : F1D3;
36295 : EC3F;
36296 : 0090;
36297 : 04C5;
36298 : FA9C;
36299 : F315;
36300 : F6E1;
36301 : 0EAE;
36302 : 0CC2;
36303 : F608;
36304 : 0767;
36305 : F379;
36306 : F464;
36307 : F349;
36308 : FC9C;
36309 : FD20;
36310 : 0333;
36311 : 1185;
36312 : F4F0;
36313 : 044C;
36314 : F399;
36315 : 046B;
36316 : 03FD;
36317 : 0E61;
36318 : F8DD;
36319 : FB3C;
36320 : 07E1;
36321 : FF38;
36322 : 1127;
36323 : FE4A;
36324 : 091B;
36325 : F0AA;
36326 : 081E;
36327 : FBC9;
36328 : F082;
36329 : FAE7;
36330 : 0742;
36331 : FF7C;
36332 : EC60;
36333 : EE75;
36334 : 0673;
36335 : 05DB;
36336 : 0A63;
36337 : 09CC;
36338 : 0642;
36339 : F7C7;
36340 : EDB1;
36341 : 0F55;
36342 : F153;
36343 : FF22;
36344 : 0AEE;
36345 : 03B2;
36346 : F809;
36347 : 0C07;
36348 : F68D;
36349 : 00A3;
36350 : 1163;
36351 : 008D;
36352 : 073D;
36353 : 0422;
36354 : ECCE;
36355 : F4FF;
36356 : 083D;
36357 : FA56;
36358 : 01C8;
36359 : FA76;
36360 : F021;
36361 : 042F;
36362 : 0DBF;
36363 : 028F;
36364 : F115;
36365 : 070A;
36366 : FB24;
36367 : 0ACB;
36368 : 0813;
36369 : F372;
36370 : F0EC;
36371 : 07AC;
36372 : FAD2;
36373 : 0064;
36374 : FB98;
36375 : 0CDE;
36376 : EB20;
36377 : F3B2;
36378 : F9BC;
36379 : F40E;
36380 : F026;
36381 : FF4B;
36382 : FC1B;
36383 : F001;
36384 : EF50;
36385 : F748;
36386 : 0406;
36387 : 029D;
36388 : 0440;
36389 : EB65;
36390 : F3AD;
36391 : 13A6;
36392 : 019D;
36393 : 0EB7;
36394 : 04B7;
36395 : 16D1;
36396 : 0855;
36397 : F992;
36398 : FF00;
36399 : FA9B;
36400 : F1AE;
36401 : F774;
36402 : F2FB;
36403 : 0A8E;
36404 : 06B1;
36405 : F225;
36406 : 04E1;
36407 : F5D2;
36408 : F52A;
36409 : 07E5;
36410 : 0D9E;
36411 : 0064;
36412 : FB55;
36413 : FCE3;
36414 : FFEF;
36415 : 0F16;
36416 : F17F;
36417 : 0D46;
36418 : 04F8;
36419 : FCD9;
36420 : 050B;
36421 : 0EB1;
36422 : 0B01;
36423 : F5AB;
36424 : 0240;
36425 : FD2B;
36426 : FB61;
36427 : F566;
36428 : F802;
36429 : EB8A;
36430 : F9DC;
36431 : FF0E;
36432 : 0A13;
36433 : E9EA;
36434 : 1187;
36435 : 0F5E;
36436 : F200;
36437 : F675;
36438 : 0F5C;
36439 : FA11;
36440 : 0488;
36441 : 13CA;
36442 : F933;
36443 : EF11;
36444 : FA73;
36445 : F93B;
36446 : 07E5;
36447 : 0627;
36448 : EC43;
36449 : 066C;
36450 : 0939;
36451 : FDC8;
36452 : 012A;
36453 : F0C3;
36454 : F37E;
36455 : 0F18;
36456 : 0B60;
36457 : 0C44;
36458 : 05EF;
36459 : F639;
36460 : FDE9;
36461 : F308;
36462 : 02A2;
36463 : FC3B;
36464 : F0AA;
36465 : F324;
36466 : 0370;
36467 : EF0C;
36468 : F6A0;
36469 : 14FB;
36470 : 0C05;
36471 : EFE2;
36472 : FF67;
36473 : 0D6A;
36474 : FE44;
36475 : EF6E;
36476 : EE21;
36477 : F9C2;
36478 : EC0E;
36479 : FAD5;
36480 : F4D7;
36481 : 0692;
36482 : F27A;
36483 : 026F;
36484 : 1894;
36485 : 0E5D;
36486 : FBD9;
36487 : F6B4;
36488 : F179;
36489 : ED06;
36490 : 0241;
36491 : F8F8;
36492 : FA48;
36493 : F90C;
36494 : 01E8;
36495 : 00D9;
36496 : 0A43;
36497 : EFBA;
36498 : F59F;
36499 : 073C;
36500 : F48E;
36501 : 0DF3;
36502 : F12D;
36503 : EDCE;
36504 : 0908;
36505 : 0027;
36506 : 009F;
36507 : 05B6;
36508 : EBAC;
36509 : 07E9;
36510 : 13FA;
36511 : FA38;
36512 : 04B8;
36513 : F650;
36514 : 02B1;
36515 : F11B;
36516 : F136;
36517 : F7BC;
36518 : 1057;
36519 : 0581;
36520 : 04A5;
36521 : EFE5;
36522 : FAF7;
36523 : 06B8;
36524 : 0964;
36525 : 0304;
36526 : EC8C;
36527 : F0BE;
36528 : FB8F;
36529 : 0D8B;
36530 : F0CF;
36531 : F601;
36532 : EC65;
36533 : F882;
36534 : 1672;
36535 : FA20;
36536 : 0A4F;
36537 : 0F4D;
36538 : EC24;
36539 : F7AC;
36540 : 015C;
36541 : F7A1;
36542 : EF1C;
36543 : 0A00;
36544 : EF6E;
36545 : 0B98;
36546 : 1097;
36547 : 0074;
36548 : 10FE;
36549 : 03B7;
36550 : F459;
36551 : 00E0;
36552 : F99E;
36553 : 0F18;
36554 : 105C;
36555 : F58C;
36556 : 019D;
36557 : 08F1;
36558 : 0993;
36559 : FA4E;
36560 : FBD9;
36561 : 0230;
36562 : EDBD;
36563 : F65E;
36564 : F332;
36565 : 041F;
36566 : 00A9;
36567 : 0EE1;
36568 : 0B11;
36569 : F991;
36570 : FFB2;
36571 : FD4F;
36572 : DEF7;
36573 : ECD5;
36574 : 0179;
36575 : 04B4;
36576 : 1529;
36577 : 0EBD;
36578 : FE13;
36579 : FB32;
36580 : F9AE;
36581 : FD8B;
36582 : 0B5C;
36583 : 076B;
36584 : F08C;
36585 : 1275;
36586 : FDB4;
36587 : 06EF;
36588 : 0604;
36589 : 111B;
36590 : FEE7;
36591 : 0989;
36592 : F92E;
36593 : 099A;
36594 : FCF4;
36595 : 0927;
36596 : 0C94;
36597 : F360;
36598 : 0334;
36599 : F6CB;
36600 : 1037;
36601 : F3B0;
36602 : 0AFD;
36603 : 1020;
36604 : EA3C;
36605 : F343;
36606 : F8D3;
36607 : 0BBB;
36608 : EBAF;
36609 : 1328;
36610 : FC5C;
36611 : 0C3C;
36612 : F116;
36613 : FBA5;
36614 : 061C;
36615 : F543;
36616 : F4DD;
36617 : EBC3;
36618 : F1B3;
36619 : EF5F;
36620 : F817;
36621 : EEFC;
36622 : 0B68;
36623 : F451;
36624 : EE09;
36625 : EE48;
36626 : EE13;
36627 : F088;
36628 : 0D82;
36629 : 0530;
36630 : F94F;
36631 : 0AB0;
36632 : 0014;
36633 : 13E5;
36634 : F250;
36635 : 0112;
36636 : 064A;
36637 : FE07;
36638 : 0CE4;
36639 : EA6D;
36640 : 0F0F;
36641 : EFDA;
36642 : FB60;
36643 : FEC1;
36644 : 0CFD;
36645 : 0601;
36646 : 084A;
36647 : 04D7;
36648 : 04B7;
36649 : 0EF3;
36650 : F285;
36651 : 0DF2;
36652 : 1040;
36653 : FE5E;
36654 : F66F;
36655 : EE51;
36656 : 13EE;
36657 : 023F;
36658 : 0153;
36659 : 037E;
36660 : FBCE;
36661 : 047E;
36662 : 1239;
36663 : FA97;
36664 : FA0F;
36665 : EB80;
36666 : 0AF2;
36667 : 002B;
36668 : FAB3;
36669 : 0D18;
36670 : F436;
36671 : ECF3;
36672 : 0C4C;
36673 : ED2D;
36674 : F224;
36675 : 14CA;
36676 : 00C9;
36677 : 0D48;
36678 : F295;
36679 : F195;
36680 : F096;
36681 : F1B1;
36682 : 0026;
36683 : 109C;
36684 : F219;
36685 : 0339;
36686 : 02E1;
36687 : 01BC;
36688 : 0663;
36689 : 0A97;
36690 : 0E7B;
36691 : 095D;
36692 : 00FE;
36693 : F099;
36694 : 0488;
36695 : 0799;
36696 : 125C;
36697 : 09EE;
36698 : 022F;
36699 : 0F47;
36700 : FA30;
36701 : 0ACE;
36702 : E358;
36703 : F558;
36704 : F7B6;
36705 : 0418;
36706 : FB30;
36707 : F3D5;
36708 : 089E;
36709 : EB32;
36710 : 098A;
36711 : 0DCD;
36712 : EDAA;
36713 : 0F84;
36714 : FA08;
36715 : EC7E;
36716 : F740;
36717 : FBF2;
36718 : ECA7;
36719 : F8C1;
36720 : F77D;
36721 : 06AA;
36722 : EBA2;
36723 : FCD8;
36724 : 0E43;
36725 : FE59;
36726 : F94D;
36727 : 0FB5;
36728 : 01A5;
36729 : 0BF4;
36730 : F4B6;
36731 : 104C;
36732 : 0827;
36733 : 0F50;
36734 : F874;
36735 : F419;
36736 : 141F;
36737 : 0491;
36738 : 012E;
36739 : EDAC;
36740 : 0D30;
36741 : 0290;
36742 : F2C3;
36743 : F3B3;
36744 : 063B;
36745 : FF17;
36746 : 0996;
36747 : 0260;
36748 : 088D;
36749 : F0F2;
36750 : 01F2;
36751 : 06FB;
36752 : FACE;
36753 : EC49;
36754 : F705;
36755 : F332;
36756 : 0F4F;
36757 : 09DA;
36758 : F95E;
36759 : EDC1;
36760 : 0F38;
36761 : F93F;
36762 : 0602;
36763 : EFE9;
36764 : E7CF;
36765 : 04F6;
36766 : FCCF;
36767 : F9B7;
36768 : 01DB;
36769 : 05FF;
36770 : FB62;
36771 : FE9B;
36772 : F3CE;
36773 : F781;
36774 : FEEB;
36775 : 0A0A;
36776 : 05AF;
36777 : 065F;
36778 : 0B19;
36779 : 0261;
36780 : F944;
36781 : 00CC;
36782 : 0928;
36783 : F150;
36784 : 036C;
36785 : 0896;
36786 : FFFC;
36787 : 07F0;
36788 : EB6B;
36789 : F811;
36790 : 0252;
36791 : F3C1;
36792 : F42A;
36793 : FCA4;
36794 : F593;
36795 : F072;
36796 : F175;
36797 : 0BEF;
36798 : F313;
36799 : 06E1;
36800 : 0FB5;
36801 : 0687;
36802 : FFF0;
36803 : F670;
36804 : F80E;
36805 : 0035;
36806 : 100E;
36807 : 0F1E;
36808 : F00D;
36809 : 0016;
36810 : FE25;
36811 : 12AA;
36812 : FB67;
36813 : 0779;
36814 : 0044;
36815 : F9E6;
36816 : 1548;
36817 : 0E82;
36818 : F334;
36819 : FA7A;
36820 : 06A8;
36821 : 02DB;
36822 : 11D7;
36823 : 0DD3;
36824 : 0DA5;
36825 : EA9C;
36826 : 1238;
36827 : F211;
36828 : EE9E;
36829 : F585;
36830 : F428;
36831 : FFF3;
36832 : F888;
36833 : F730;
36834 : 0198;
36835 : 0504;
36836 : F1BE;
36837 : F1E9;
36838 : FEE8;
36839 : FAB4;
36840 : FC05;
36841 : FAA5;
36842 : 08AC;
36843 : 0708;
36844 : 1287;
36845 : F2EE;
36846 : EDFA;
36847 : F1E8;
36848 : 1219;
36849 : 04B4;
36850 : EEA6;
36851 : 152A;
36852 : 0160;
36853 : 15C3;
36854 : 0806;
36855 : EDA3;
36856 : F44F;
36857 : F131;
36858 : F845;
36859 : 00CF;
36860 : 054B;
36861 : 0A0B;
36862 : 0B1E;
36863 : 00CD;
36864 : F352;
36865 : 01B1;
36866 : 025C;
36867 : EFA2;
36868 : 0810;
36869 : FC18;
36870 : F873;
36871 : 0C52;
36872 : F4E7;
36873 : F5E3;
36874 : 06B9;
36875 : F71E;
36876 : 0F20;
36877 : F058;
36878 : ECB7;
36879 : ED51;
36880 : 090E;
36881 : 058B;
36882 : 0195;
36883 : 0C27;
36884 : F273;
36885 : F3E8;
36886 : F892;
36887 : FA9B;
36888 : 0E8D;
36889 : 06EC;
36890 : 0EDB;
36891 : FEB5;
36892 : F78A;
36893 : 1020;
36894 : F22F;
36895 : F11C;
36896 : F690;
36897 : 03A8;
36898 : 0C4E;
36899 : 00BC;
36900 : 098B;
36901 : F97C;
36902 : 045A;
36903 : 044E;
36904 : 118A;
36905 : FEE7;
36906 : F66A;
36907 : 0968;
36908 : F7CB;
36909 : F331;
36910 : FFF0;
36911 : FA79;
36912 : F18B;
36913 : F2FE;
36914 : 0840;
36915 : F91D;
36916 : 04D3;
36917 : 0F35;
36918 : 0870;
36919 : 0066;
36920 : 0A5B;
36921 : F121;
36922 : FE5C;
36923 : 0212;
36924 : F586;
36925 : 0406;
36926 : 0DBC;
36927 : 1211;
36928 : ED4A;
36929 : 069A;
36930 : FED3;
36931 : 0C5F;
36932 : F4EB;
36933 : F960;
36934 : F834;
36935 : 04F8;
36936 : 056C;
36937 : 0EE1;
36938 : 0CC8;
36939 : 08D6;
36940 : 0F6F;
36941 : F27C;
36942 : F196;
36943 : 0D86;
36944 : 13BA;
36945 : F044;
36946 : F7B7;
36947 : 0039;
36948 : FFFB;
36949 : F4D7;
36950 : 0AF7;
36951 : EDD7;
36952 : 009F;
36953 : F140;
36954 : 0B2C;
36955 : F54C;
36956 : F2E9;
36957 : 108F;
36958 : F23A;
36959 : FBDF;
36960 : FC85;
36961 : 0297;
36962 : F1AC;
36963 : 0456;
36964 : 0729;
36965 : 03A5;
36966 : F109;
36967 : 1564;
36968 : F77F;
36969 : ECE1;
36970 : 00C1;
36971 : F0EC;
36972 : 0058;
36973 : FD22;
36974 : 08D5;
36975 : 08C1;
36976 : FDD0;
36977 : F77E;
36978 : 08CA;
36979 : F5A2;
36980 : EE21;
36981 : 0547;
36982 : F601;
36983 : 0575;
36984 : F480;
36985 : F408;
36986 : FD13;
36987 : 0826;
36988 : 10F2;
36989 : F652;
36990 : EB2F;
36991 : FC8A;
36992 : 08C3;
36993 : F831;
36994 : FF97;
36995 : 109A;
36996 : EF9F;
36997 : 029F;
36998 : F090;
36999 : 0C69;
37000 : 0E57;
37001 : FF2F;
37002 : FD07;
37003 : F921;
37004 : F74C;
37005 : 0B86;
37006 : ECCA;
37007 : FB87;
37008 : 01D5;
37009 : 123B;
37010 : F4EE;
37011 : FC1D;
37012 : 096A;
37013 : 09DD;
37014 : ED58;
37015 : FDDA;
37016 : EEF7;
37017 : FE96;
37018 : F734;
37019 : 06A5;
37020 : 0532;
37021 : ED5D;
37022 : EF72;
37023 : 06C7;
37024 : 0E48;
37025 : 0A19;
37026 : 0307;
37027 : EB5D;
37028 : 033A;
37029 : 08C2;
37030 : 0560;
37031 : F7B8;
37032 : FA9F;
37033 : F926;
37034 : 015E;
37035 : ECF6;
37036 : 11B9;
37037 : FAA9;
37038 : 0220;
37039 : 0FDC;
37040 : FD6E;
37041 : FF08;
37042 : 0F4A;
37043 : 124E;
37044 : 0FFA;
37045 : 0C79;
37046 : FC45;
37047 : 0192;
37048 : 0C92;
37049 : ECEC;
37050 : 0484;
37051 : 0C3B;
37052 : 0FF2;
37053 : F258;
37054 : F4DB;
37055 : 0B16;
37056 : FA11;
37057 : 0A64;
37058 : 10CC;
37059 : 0BA3;
37060 : 11D5;
37061 : 0FC9;
37062 : 0F50;
37063 : FB60;
37064 : 04D9;
37065 : 0278;
37066 : 015D;
37067 : FFD6;
37068 : 0F87;
37069 : 03B5;
37070 : ED72;
37071 : F30D;
37072 : 07DB;
37073 : 0978;
37074 : 0729;
37075 : 0708;
37076 : EDAC;
37077 : F7C5;
37078 : EFFA;
37079 : 01CE;
37080 : F17D;
37081 : FA3D;
37082 : 0090;
37083 : EFFA;
37084 : F268;
37085 : 1148;
37086 : 0698;
37087 : F023;
37088 : 0F80;
37089 : F5C2;
37090 : F923;
37091 : F8DE;
37092 : FE85;
37093 : 072D;
37094 : F546;
37095 : F4FC;
37096 : 1135;
37097 : FC69;
37098 : F867;
37099 : 13FC;
37100 : F9F3;
37101 : F01C;
37102 : 08FE;
37103 : 0DF7;
37104 : 07A0;
37105 : 0343;
37106 : 045D;
37107 : 0954;
37108 : 07DF;
37109 : 02C6;
37110 : 1054;
37111 : F476;
37112 : 0D30;
37113 : EDD9;
37114 : 104D;
37115 : ED3A;
37116 : F278;
37117 : FAF8;
37118 : F5DE;
37119 : 10A1;
37120 : F390;
37121 : F31A;
37122 : 0731;
37123 : 064A;
37124 : 00A6;
37125 : 0C50;
37126 : 0780;
37127 : FFD1;
37128 : 10A6;
37129 : FE9D;
37130 : 067F;
37131 : EF8A;
37132 : F68A;
37133 : F552;
37134 : FA7A;
37135 : F9E3;
37136 : 0DFB;
37137 : 0683;
37138 : 0CF3;
37139 : FCD2;
37140 : 003D;
37141 : 0B64;
37142 : 124A;
37143 : F4C9;
37144 : F262;
37145 : F760;
37146 : 0FCA;
37147 : EC63;
37148 : FD21;
37149 : 07FE;
37150 : 1249;
37151 : 0E97;
37152 : 0822;
37153 : F9A6;
37154 : EF73;
37155 : FC04;
37156 : FEAC;
37157 : F16B;
37158 : 04CF;
37159 : 0781;
37160 : 0A13;
37161 : FEF3;
37162 : 11DF;
37163 : 06E6;
37164 : 07DF;
37165 : F011;
37166 : FEF3;
37167 : 03F7;
37168 : 0076;
37169 : 1109;
37170 : 0001;
37171 : 11C2;
37172 : 02B8;
37173 : FE9E;
37174 : F14C;
37175 : EEC6;
37176 : 0A63;
37177 : 0BBA;
37178 : FD4C;
37179 : FF6B;
37180 : 0A9D;
37181 : F642;
37182 : EC51;
37183 : 0AC7;
37184 : 02EF;
37185 : 0753;
37186 : FAE1;
37187 : FC32;
37188 : F3C2;
37189 : F2A8;
37190 : 03CB;
37191 : EAFB;
37192 : FDDF;
37193 : 04E2;
37194 : FB8B;
37195 : 0F52;
37196 : 057C;
37197 : F669;
37198 : FDE6;
37199 : F86B;
37200 : F3FD;
37201 : 0686;
37202 : F209;
37203 : 137D;
37204 : EB83;
37205 : 1648;
37206 : F290;
37207 : 0ED4;
37208 : F9F9;
37209 : 042F;
37210 : FD0B;
37211 : 0BD2;
37212 : 0F0F;
37213 : F5C3;
37214 : 08E9;
37215 : F324;
37216 : EC23;
37217 : FAC3;
37218 : 11DB;
37219 : F68D;
37220 : 16D4;
37221 : F533;
37222 : F292;
37223 : FEC8;
37224 : F2B0;
37225 : F5BD;
37226 : 08A6;
37227 : 13E6;
37228 : F445;
37229 : 0949;
37230 : 0A0A;
37231 : F187;
37232 : 0CBA;
37233 : 0BE5;
37234 : 1351;
37235 : 08B9;
37236 : F799;
37237 : 06AB;
37238 : 1008;
37239 : 0873;
37240 : 0532;
37241 : 0301;
37242 : F70A;
37243 : F791;
37244 : 1206;
37245 : 0761;
37246 : F739;
37247 : 09CA;
37248 : 0280;
37249 : 0909;
37250 : 0B6F;
37251 : 056E;
37252 : F0BB;
37253 : 029D;
37254 : F323;
37255 : FC28;
37256 : F907;
37257 : EEE0;
37258 : F610;
37259 : 0EB9;
37260 : EE22;
37261 : F4B5;
37262 : 0C4C;
37263 : EAC7;
37264 : FBB8;
37265 : 158B;
37266 : ED5D;
37267 : F050;
37268 : F304;
37269 : F907;
37270 : F553;
37271 : 068C;
37272 : 0B5E;
37273 : 0C40;
37274 : 0878;
37275 : 02F8;
37276 : 081D;
37277 : F7F6;
37278 : F92D;
37279 : 073A;
37280 : 1005;
37281 : 12D6;
37282 : 0217;
37283 : 12C9;
37284 : 0645;
37285 : F6D5;
37286 : F6C0;
37287 : 0C60;
37288 : 0A3B;
37289 : 01B7;
37290 : FA33;
37291 : 0901;
37292 : FDD6;
37293 : E7EC;
37294 : F2E1;
37295 : EFBD;
37296 : FF70;
37297 : 099B;
37298 : 0926;
37299 : 0321;
37300 : ED5A;
37301 : 1456;
37302 : 0E93;
37303 : F72E;
37304 : 059A;
37305 : F300;
37306 : FBB9;
37307 : F87B;
37308 : F3FC;
37309 : 0D73;
37310 : FBC9;
37311 : 0AE9;
37312 : 07E4;
37313 : 04D6;
37314 : 0DE6;
37315 : 0141;
37316 : 028C;
37317 : F113;
37318 : 0E50;
37319 : 07CF;
37320 : FE6A;
37321 : 0FEE;
37322 : E88A;
37323 : FB66;
37324 : F48E;
37325 : F7F1;
37326 : 08B9;
37327 : 02B3;
37328 : 0819;
37329 : F07F;
37330 : EDC2;
37331 : 0B67;
37332 : 1035;
37333 : 051E;
37334 : 14E8;
37335 : 13ED;
37336 : F6E6;
37337 : 03BF;
37338 : EEC8;
37339 : FD01;
37340 : 0107;
37341 : 12B5;
37342 : FCCF;
37343 : 0EE1;
37344 : FF91;
37345 : F760;
37346 : 01B0;
37347 : 01E7;
37348 : F5E4;
37349 : F5A4;
37350 : 0707;
37351 : F7F7;
37352 : EEB4;
37353 : F731;
37354 : 0694;
37355 : 0BC4;
37356 : 0F6F;
37357 : FB69;
37358 : 0AD9;
37359 : 0F47;
37360 : EFE0;
37361 : FB9E;
37362 : 03DC;
37363 : F245;
37364 : EED8;
37365 : 0D7C;
37366 : F970;
37367 : 12D8;
37368 : 03AF;
37369 : F7F4;
37370 : FAEF;
37371 : EC8F;
37372 : EBF9;
37373 : F32E;
37374 : 057A;
37375 : 0B53;
37376 : ECF6;
37377 : 0066;
37378 : 00F1;
37379 : 0D29;
37380 : EC27;
37381 : 1619;
37382 : FC5D;
37383 : F8FA;
37384 : 05F0;
37385 : FCE1;
37386 : EE49;
37387 : FDB4;
37388 : F983;
37389 : 0A33;
37390 : F7FC;
37391 : F1CC;
37392 : EA4F;
37393 : FC32;
37394 : EBE7;
37395 : 10F1;
37396 : 0011;
37397 : 0E04;
37398 : 01FE;
37399 : FCE7;
37400 : 1309;
37401 : 0C10;
37402 : 0DFF;
37403 : F1EF;
37404 : 050C;
37405 : ED7D;
37406 : FEDA;
37407 : F929;
37408 : F12C;
37409 : 14C8;
37410 : F8A6;
37411 : 033F;
37412 : FB5F;
37413 : 131E;
37414 : 0E65;
37415 : F187;
37416 : F4EC;
37417 : F40C;
37418 : 07F1;
37419 : 07CE;
37420 : FB71;
37421 : ECF5;
37422 : EFE1;
37423 : F5A5;
37424 : EEFD;
37425 : FACF;
37426 : ED2F;
37427 : 0301;
37428 : 11EE;
37429 : 1602;
37430 : 07AE;
37431 : 0605;
37432 : 0949;
37433 : F767;
37434 : F3D1;
37435 : F1F1;
37436 : FBCC;
37437 : FD9B;
37438 : 0DC3;
37439 : 0B4D;
37440 : 00CC;
37441 : F359;
37442 : F0C5;
37443 : EE9B;
37444 : 06E4;
37445 : 0C58;
37446 : 03F2;
37447 : F28A;
37448 : 03DF;
37449 : 0208;
37450 : 0529;
37451 : 1090;
37452 : 0BDC;
37453 : ECB1;
37454 : FDD1;
37455 : EE3B;
37456 : 0FA6;
37457 : ED77;
37458 : 0A96;
37459 : 07B8;
37460 : F11A;
37461 : FCF2;
37462 : 0EE2;
37463 : F66B;
37464 : 1504;
37465 : F416;
37466 : F807;
37467 : F6C0;
37468 : FA43;
37469 : 01A5;
37470 : 13B2;
37471 : F5AD;
37472 : FFC2;
37473 : 0F41;
37474 : F916;
37475 : 0C0B;
37476 : 0AF2;
37477 : 1065;
37478 : 04F9;
37479 : 0A5C;
37480 : 09A3;
37481 : 1154;
37482 : FDE2;
37483 : F2E8;
37484 : F051;
37485 : 0821;
37486 : F41F;
37487 : 09FE;
37488 : 038C;
37489 : F514;
37490 : F272;
37491 : F68B;
37492 : 1228;
37493 : 1830;
37494 : 0B9E;
37495 : F4DA;
37496 : 0C31;
37497 : 0DC7;
37498 : 0FBC;
37499 : 0FE1;
37500 : 0E05;
37501 : 0292;
37502 : 122E;
37503 : F4A5;
37504 : F714;
37505 : 0AB1;
37506 : F601;
37507 : FDBC;
37508 : 0808;
37509 : 024E;
37510 : 0B6A;
37511 : FCC0;
37512 : 0D96;
37513 : 052F;
37514 : 07CC;
37515 : EC70;
37516 : 0DB5;
37517 : FAE7;
37518 : F2B3;
37519 : 06BC;
37520 : 0FC2;
37521 : EE58;
37522 : 1029;
37523 : 0AD0;
37524 : 0B1C;
37525 : F27C;
37526 : ED57;
37527 : 0CC6;
37528 : 1245;
37529 : 124B;
37530 : FEFA;
37531 : 12C1;
37532 : FCD3;
37533 : 03FA;
37534 : F027;
37535 : F495;
37536 : F975;
37537 : F3B8;
37538 : 1472;
37539 : 064C;
37540 : ED3B;
37541 : FF93;
37542 : 0BCD;
37543 : F480;
37544 : 0B3C;
37545 : FD23;
37546 : F7BD;
37547 : FD77;
37548 : 15FF;
37549 : FF00;
37550 : EA8C;
37551 : EF16;
37552 : F7A2;
37553 : FB06;
37554 : 0890;
37555 : F35D;
37556 : 0A35;
37557 : 057A;
37558 : F0FA;
37559 : EBD6;
37560 : 0F77;
37561 : 1165;
37562 : FFE4;
37563 : F1B9;
37564 : F7B5;
37565 : F93C;
37566 : EF91;
37567 : FC89;
37568 : 136B;
37569 : FE50;
37570 : 05D2;
37571 : 09C9;
37572 : 0183;
37573 : 0D36;
37574 : EF90;
37575 : FC59;
37576 : FA54;
37577 : FFE4;
37578 : F528;
37579 : FAFF;
37580 : F5C4;
37581 : 0D2F;
37582 : 10DC;
37583 : F62F;
37584 : FC26;
37585 : F028;
37586 : FBC9;
37587 : EE27;
37588 : FEFB;
37589 : F7DA;
37590 : 090A;
37591 : 0C02;
37592 : 0183;
37593 : 02CB;
37594 : F0B5;
37595 : 09C4;
37596 : 100E;
37597 : EEBF;
37598 : 0E01;
37599 : F794;
37600 : FFA6;
37601 : 074C;
37602 : 0635;
37603 : EFD0;
37604 : 09F6;
37605 : 09F0;
37606 : EEC0;
37607 : 00C2;
37608 : FC2B;
37609 : F84B;
37610 : 0D40;
37611 : 0B8E;
37612 : EFD7;
37613 : F97E;
37614 : EEE6;
37615 : 0D64;
37616 : EFA3;
37617 : F687;
37618 : F33F;
37619 : FE4D;
37620 : EFBB;
37621 : 11A6;
37622 : FEEB;
37623 : F009;
37624 : FB94;
37625 : F604;
37626 : FC4D;
37627 : 0805;
37628 : EFDF;
37629 : 0C98;
37630 : F690;
37631 : 07AD;
37632 : FA50;
37633 : 0F52;
37634 : F951;
37635 : 007F;
37636 : 03CB;
37637 : F193;
37638 : F06F;
37639 : F262;
37640 : 0245;
37641 : 12F7;
37642 : F633;
37643 : EF49;
37644 : 10EA;
37645 : F807;
37646 : 051A;
37647 : FE59;
37648 : 0516;
37649 : 06C1;
37650 : 058E;
37651 : ECB1;
37652 : F90A;
37653 : FB18;
37654 : 0E61;
37655 : FE35;
37656 : F55A;
37657 : 068B;
37658 : FBA7;
37659 : 0688;
37660 : ECF4;
37661 : F532;
37662 : 0534;
37663 : 01E9;
37664 : 04BA;
37665 : FF99;
37666 : FF23;
37667 : 0558;
37668 : 0FB9;
37669 : 0A5C;
37670 : FCB8;
37671 : 0BC1;
37672 : 11E5;
37673 : 0916;
37674 : FEE8;
37675 : 0612;
37676 : FBAE;
37677 : FDF9;
37678 : 0382;
37679 : 05DB;
37680 : F114;
37681 : 0828;
37682 : 0F89;
37683 : F095;
37684 : 08AB;
37685 : 03C5;
37686 : FD63;
37687 : EFFF;
37688 : 120A;
37689 : 0591;
37690 : F464;
37691 : 007F;
37692 : 0356;
37693 : 028D;
37694 : EF97;
37695 : 02E3;
37696 : 143D;
37697 : F813;
37698 : 05F6;
37699 : 11AE;
37700 : 08D9;
37701 : 1212;
37702 : 11D4;
37703 : FA46;
37704 : 1198;
37705 : 0907;
37706 : 03B3;
37707 : 0728;
37708 : 10C0;
37709 : F710;
37710 : 1202;
37711 : 07BB;
37712 : 0097;
37713 : ECFC;
37714 : 0F7C;
37715 : FC5D;
37716 : ECBA;
37717 : FEDD;
37718 : EDE4;
37719 : FA65;
37720 : ED0A;
37721 : 0ADC;
37722 : FCBF;
37723 : F1C8;
37724 : 0A2A;
37725 : 034A;
37726 : 0768;
37727 : F9A0;
37728 : F827;
37729 : FEDE;
37730 : 0A40;
37731 : 0940;
37732 : 087F;
37733 : FA49;
37734 : 02DC;
37735 : 05E0;
37736 : 096F;
37737 : 025C;
37738 : 0BD8;
37739 : FF0D;
37740 : EF9B;
37741 : 0723;
37742 : 0C59;
37743 : FCA3;
37744 : 0FA4;
37745 : 113D;
37746 : F242;
37747 : EE24;
37748 : 0168;
37749 : F55E;
37750 : 0A7C;
37751 : 026C;
37752 : 0BF9;
37753 : FF1C;
37754 : 041B;
37755 : 1369;
37756 : 0231;
37757 : 03B8;
37758 : 03AF;
37759 : FF4B;
37760 : 0176;
37761 : 0929;
37762 : F9DF;
37763 : 04FA;
37764 : 0FED;
37765 : 0EC6;
37766 : F52A;
37767 : 10DE;
37768 : 0BC9;
37769 : 0F8E;
37770 : F8D6;
37771 : 01FF;
37772 : F8AF;
37773 : 0023;
37774 : 02AE;
37775 : 106A;
37776 : EF37;
37777 : 0A4B;
37778 : F165;
37779 : EFEC;
37780 : F962;
37781 : 03E1;
37782 : F860;
37783 : 0A1C;
37784 : 0671;
37785 : 0FC3;
37786 : F8E4;
37787 : ECE7;
37788 : F4DC;
37789 : FFA7;
37790 : F198;
37791 : F06B;
37792 : FCFC;
37793 : 1492;
37794 : 02C2;
37795 : 0787;
37796 : 01CD;
37797 : 00B3;
37798 : 0072;
37799 : 000D;
37800 : F410;
37801 : 0443;
37802 : 1328;
37803 : F646;
37804 : F787;
37805 : 0440;
37806 : EF1F;
37807 : 0156;
37808 : 0F5C;
37809 : F11C;
37810 : 108E;
37811 : FD39;
37812 : EF8F;
37813 : 01ED;
37814 : F521;
37815 : F532;
37816 : F78A;
37817 : EE66;
37818 : 0F4D;
37819 : EF9C;
37820 : 10A3;
37821 : EC70;
37822 : 0AB4;
37823 : FAD8;
37824 : 025B;
37825 : 0496;
37826 : 0ABF;
37827 : F42B;
37828 : 0D31;
37829 : 0AA5;
37830 : F8D1;
37831 : F7F6;
37832 : FD35;
37833 : 0F4A;
37834 : FA68;
37835 : 0195;
37836 : 0ED7;
37837 : 07DB;
37838 : F4BB;
37839 : FA5F;
37840 : 12E8;
37841 : F62F;
37842 : FCB1;
37843 : F4C5;
37844 : FC89;
37845 : F88F;
37846 : EE84;
37847 : 0925;
37848 : 0C82;
37849 : FE90;
37850 : EFCE;
37851 : 0B21;
37852 : 09C2;
37853 : 0FF7;
37854 : 1120;
37855 : 0A56;
37856 : F32C;
37857 : FC8E;
37858 : 1103;
37859 : FB54;
37860 : FD59;
37861 : 0905;
37862 : 1716;
37863 : 12B0;
37864 : 0574;
37865 : 066D;
37866 : FA36;
37867 : 0DB7;
37868 : FCCD;
37869 : 0901;
37870 : 046E;
37871 : ED98;
37872 : 07D1;
37873 : FEF0;
37874 : F7F2;
37875 : 037F;
37876 : EEDD;
37877 : 1BBB;
37878 : 156C;
37879 : F181;
37880 : 0EC3;
37881 : F82C;
37882 : EFBD;
37883 : 0385;
37884 : 002E;
37885 : EADD;
37886 : 1033;
37887 : EF87;
37888 : FB1E;
37889 : F715;
37890 : 031F;
37891 : F2D1;
37892 : FEF0;
37893 : 0F0D;
37894 : F8CD;
37895 : EDAF;
37896 : FB34;
37897 : 0B9A;
37898 : 023E;
37899 : ED5F;
37900 : F2E5;
37901 : 0809;
37902 : E9B9;
37903 : FA88;
37904 : F98C;
37905 : 1600;
37906 : F00D;
37907 : FED8;
37908 : 004A;
37909 : 044D;
37910 : 0BFC;
37911 : 0261;
37912 : F4A2;
37913 : F615;
37914 : 03DD;
37915 : 127C;
37916 : 0942;
37917 : 1070;
37918 : 0544;
37919 : 0B30;
37920 : 0C30;
37921 : FCB0;
37922 : ED9F;
37923 : 1054;
37924 : 0F60;
37925 : F7B0;
37926 : FC14;
37927 : 0CCF;
37928 : 0C00;
37929 : F63F;
37930 : EBAC;
37931 : F4D0;
37932 : F161;
37933 : 0BFE;
37934 : EAD8;
37935 : F9AC;
37936 : FADD;
37937 : 0C57;
37938 : F63F;
37939 : 01DA;
37940 : 053F;
37941 : 1AA6;
37942 : FEEA;
37943 : F09D;
37944 : FD8C;
37945 : F34F;
37946 : 012B;
37947 : F7B1;
37948 : F41E;
37949 : FF9A;
37950 : 0F39;
37951 : F807;
37952 : 0A6A;
37953 : 0754;
37954 : 0397;
37955 : FB6A;
37956 : 012B;
37957 : 1230;
37958 : F583;
37959 : 0665;
37960 : F7EA;
37961 : 02CF;
37962 : EF25;
37963 : F1B7;
37964 : 0E59;
37965 : 06C3;
37966 : 0A1D;
37967 : F04B;
37968 : FC32;
37969 : 0835;
37970 : FDA9;
37971 : 04D9;
37972 : F393;
37973 : FFD3;
37974 : 0B09;
37975 : EFF8;
37976 : F1DE;
37977 : EB5E;
37978 : FF16;
37979 : EF9A;
37980 : F4A3;
37981 : F62B;
37982 : 0326;
37983 : 08FC;
37984 : F6FF;
37985 : 0872;
37986 : FD2C;
37987 : F421;
37988 : 1563;
37989 : 0261;
37990 : FCFD;
37991 : 0F3C;
37992 : 0EA6;
37993 : EDBE;
37994 : FEE3;
37995 : 06B1;
37996 : EAB3;
37997 : F020;
37998 : FD22;
37999 : F3C2;
38000 : F5E3;
38001 : 01D5;
38002 : EF0F;
38003 : 00BE;
38004 : F781;
38005 : FABC;
38006 : 1100;
38007 : F54D;
38008 : FABE;
38009 : F4EF;
38010 : EEAC;
38011 : 15F2;
38012 : F891;
38013 : F116;
38014 : 0DBD;
38015 : 04FA;
38016 : FB75;
38017 : 0162;
38018 : 0665;
38019 : FF15;
38020 : FFFC;
38021 : F9F5;
38022 : 0AB9;
38023 : 022F;
38024 : 0C7E;
38025 : 0913;
38026 : 0BA6;
38027 : 0315;
38028 : 0B3A;
38029 : FD5F;
38030 : FB7F;
38031 : 0230;
38032 : 096E;
38033 : 05B0;
38034 : FE96;
38035 : F0FB;
38036 : 0B5C;
38037 : 03F6;
38038 : 086E;
38039 : F561;
38040 : 0625;
38041 : EB1F;
38042 : 01EE;
38043 : 01D3;
38044 : FA0F;
38045 : F57A;
38046 : F777;
38047 : FC0E;
38048 : 0864;
38049 : 0F8B;
38050 : FE16;
38051 : F164;
38052 : 10B4;
38053 : 0654;
38054 : 09ED;
38055 : 0A4D;
38056 : 0AA2;
38057 : EFD3;
38058 : F112;
38059 : 07A8;
38060 : FA85;
38061 : 0BDE;
38062 : F983;
38063 : 081E;
38064 : FC59;
38065 : FB18;
38066 : F0F6;
38067 : FA2F;
38068 : F65F;
38069 : 09D3;
38070 : 0DA1;
38071 : EFED;
38072 : F83B;
38073 : FEA1;
38074 : 0DF8;
38075 : FDF2;
38076 : F876;
38077 : F16D;
38078 : F0DC;
38079 : ED79;
38080 : 00D9;
38081 : F984;
38082 : 0882;
38083 : FD04;
38084 : FA92;
38085 : 1055;
38086 : F33B;
38087 : FE80;
38088 : 0028;
38089 : FEEB;
38090 : F4CF;
38091 : EFCF;
38092 : 09CB;
38093 : F04F;
38094 : ED4A;
38095 : EAF2;
38096 : FA2D;
38097 : 131D;
38098 : 0FBA;
38099 : 0205;
38100 : F1AB;
38101 : 110C;
38102 : F9EC;
38103 : 03C6;
38104 : 0197;
38105 : 07C1;
38106 : F376;
38107 : 007E;
38108 : F1AB;
38109 : 0201;
38110 : FF3D;
38111 : 0BCF;
38112 : 0D2F;
38113 : 1298;
38114 : 0F38;
38115 : 0288;
38116 : FEE8;
38117 : F1FE;
38118 : 126D;
38119 : F37D;
38120 : ED47;
38121 : 1293;
38122 : FA6A;
38123 : EFBD;
38124 : F8D1;
38125 : F399;
38126 : FB8B;
38127 : EA16;
38128 : 00E9;
38129 : FA15;
38130 : 0E99;
38131 : 00C0;
38132 : EB2D;
38133 : FBF1;
38134 : 0357;
38135 : 00BA;
38136 : F126;
38137 : EE8B;
38138 : 129F;
38139 : 0B0C;
38140 : EE30;
38141 : F4AD;
38142 : 0E2F;
38143 : FB31;
38144 : EE5D;
38145 : 08EA;
38146 : 09F3;
38147 : 035F;
38148 : F3D5;
38149 : F3B3;
38150 : F27B;
38151 : F2CB;
38152 : FA29;
38153 : 0837;
38154 : FBA3;
38155 : 0579;
38156 : F65E;
38157 : FD73;
38158 : 0C6B;
38159 : F2E5;
38160 : 03AD;
38161 : F1A7;
38162 : 040D;
38163 : 0234;
38164 : F173;
38165 : FDCA;
38166 : 062F;
38167 : F2D7;
38168 : FAE4;
38169 : 06A1;
38170 : F1F3;
38171 : 0BE5;
38172 : 0EBB;
38173 : F9EF;
38174 : 12B8;
38175 : FBF7;
38176 : FFCC;
38177 : 0299;
38178 : 0D70;
38179 : 048F;
38180 : 0922;
38181 : 07E9;
38182 : F578;
38183 : 14CB;
38184 : 093B;
38185 : 0B5E;
38186 : 04E6;
38187 : F9D9;
38188 : ECF8;
38189 : 02EE;
38190 : 0059;
38191 : 0BF5;
38192 : 0BB4;
38193 : 139D;
38194 : ED54;
38195 : F4EA;
38196 : 07F8;
38197 : 0C80;
38198 : 04A6;
38199 : 0857;
38200 : 0CF1;
38201 : 1065;
38202 : 0486;
38203 : F99E;
38204 : 01FC;
38205 : F7EC;
38206 : FC3A;
38207 : 0795;
38208 : 1219;
38209 : F6DD;
38210 : F7BF;
38211 : EE3B;
38212 : FB6E;
38213 : 0971;
38214 : 13F9;
38215 : F6DF;
38216 : EC21;
38217 : FF28;
38218 : F118;
38219 : FF37;
38220 : 0961;
38221 : FBBD;
38222 : F34F;
38223 : FAAC;
38224 : F81B;
38225 : 07CF;
38226 : F37E;
38227 : FADB;
38228 : FCD6;
38229 : F875;
38230 : F661;
38231 : 057A;
38232 : 0C9E;
38233 : FB26;
38234 : 02E9;
38235 : F3B2;
38236 : EC08;
38237 : 0BAA;
38238 : 13CB;
38239 : FC20;
38240 : FF01;
38241 : 1327;
38242 : 0BAE;
38243 : F2E4;
38244 : 06F3;
38245 : F6AF;
38246 : FA22;
38247 : 0CAE;
38248 : EC59;
38249 : F23D;
38250 : 0E99;
38251 : 1153;
38252 : 0A5E;
38253 : F5A4;
38254 : F382;
38255 : EEEA;
38256 : 0C0F;
38257 : F563;
38258 : 05E9;
38259 : F441;
38260 : 10BE;
38261 : 0250;
38262 : 0980;
38263 : 08F4;
38264 : FC29;
38265 : F83C;
38266 : F4E0;
38267 : FF4D;
38268 : ED3F;
38269 : 0A49;
38270 : F3A8;
38271 : 086B;
38272 : 066A;
38273 : 059F;
38274 : FDFB;
38275 : FA03;
38276 : 0CB8;
38277 : 02C6;
38278 : 0EBD;
38279 : F63B;
38280 : 00B5;
38281 : F985;
38282 : 0792;
38283 : 08E4;
38284 : 0C63;
38285 : EE17;
38286 : 0840;
38287 : 044E;
38288 : FEB3;
38289 : FAFD;
38290 : F560;
38291 : F2A6;
38292 : F4A0;
38293 : FA55;
38294 : EEF0;
38295 : FF69;
38296 : ED34;
38297 : 0A19;
38298 : 00E6;
38299 : 0417;
38300 : 07FD;
38301 : 0407;
38302 : F584;
38303 : F16F;
38304 : EC4A;
38305 : F153;
38306 : 114A;
38307 : F5DC;
38308 : 055B;
38309 : 07E4;
38310 : 10E0;
38311 : 0FBA;
38312 : 012E;
38313 : 01E0;
38314 : EFE0;
38315 : 116C;
38316 : F7AA;
38317 : 047F;
38318 : 0120;
38319 : 0433;
38320 : F6BA;
38321 : EED1;
38322 : 0D7B;
38323 : 117A;
38324 : 014B;
38325 : F72A;
38326 : 1344;
38327 : 06B9;
38328 : FBD8;
38329 : FC5E;
38330 : FE6A;
38331 : 0E1F;
38332 : 03C1;
38333 : EF0C;
38334 : FBA9;
38335 : F641;
38336 : F83E;
38337 : 11AF;
38338 : FF1F;
38339 : F76E;
38340 : 0DF5;
38341 : FA1C;
38342 : FC06;
38343 : ECD0;
38344 : F3CA;
38345 : FA96;
38346 : 0AEF;
38347 : F772;
38348 : F486;
38349 : 02EC;
38350 : 0BC4;
38351 : FD67;
38352 : 0E2E;
38353 : F2EC;
38354 : 0B2D;
38355 : FD47;
38356 : 05E1;
38357 : F997;
38358 : 0AB2;
38359 : 0DA1;
38360 : FEEE;
38361 : 14B7;
38362 : FEB4;
38363 : 1183;
38364 : 0537;
38365 : EBD6;
38366 : FE11;
38367 : F80A;
38368 : 0766;
38369 : 09EF;
38370 : 068B;
38371 : 0066;
38372 : F248;
38373 : 00B3;
38374 : 0F61;
38375 : 0D0D;
38376 : 0794;
38377 : F73C;
38378 : 0366;
38379 : F1E8;
38380 : F783;
38381 : FC0D;
38382 : EB13;
38383 : F401;
38384 : 0E4A;
38385 : 1205;
38386 : F5C0;
38387 : 0C3A;
38388 : FBF9;
38389 : 02F2;
38390 : 1290;
38391 : 1114;
38392 : 0975;
38393 : FE67;
38394 : F015;
38395 : 02F0;
38396 : EE89;
38397 : 0808;
38398 : 0095;
38399 : 0773;
38400 : FDE5;
38401 : 0328;
38402 : 063F;
38403 : 0B9D;
38404 : 0480;
38405 : F7C8;
38406 : 0183;
38407 : F18A;
38408 : 012F;
38409 : FB1C;
38410 : 004B;
38411 : 06F1;
38412 : F3F8;
38413 : F94B;
38414 : 0583;
38415 : 0859;
38416 : F814;
38417 : F805;
38418 : 0F96;
38419 : 04EE;
38420 : 0EE3;
38421 : 0283;
38422 : 1468;
38423 : ED72;
38424 : 02BC;
38425 : 076D;
38426 : 049C;
38427 : FA84;
38428 : EA4D;
38429 : F307;
38430 : F5F4;
38431 : FD40;
38432 : 13D4;
38433 : EE82;
38434 : 0F37;
38435 : 0A4F;
38436 : F7ED;
38437 : 1054;
38438 : EC04;
38439 : 14AC;
38440 : 0DCB;
38441 : 09D9;
38442 : 0824;
38443 : 1482;
38444 : 1488;
38445 : 095F;
38446 : FACC;
38447 : FF0A;
38448 : 12FA;
38449 : FD34;
38450 : ED7A;
38451 : 0058;
38452 : F7F2;
38453 : 0B5C;
38454 : FDE0;
38455 : F570;
38456 : F876;
38457 : EAFE;
38458 : 0894;
38459 : 05DE;
38460 : 0448;
38461 : 00DC;
38462 : 0595;
38463 : F82B;
38464 : 0694;
38465 : 05E1;
38466 : FA3D;
38467 : F60A;
38468 : 14DC;
38469 : 07B3;
38470 : 0517;
38471 : 07B6;
38472 : FFE3;
38473 : 0838;
38474 : FDDF;
38475 : EC28;
38476 : F2CD;
38477 : FEDF;
38478 : 0C1F;
38479 : 08A0;
38480 : F43D;
38481 : 055A;
38482 : F661;
38483 : 07D5;
38484 : FEE0;
38485 : F54C;
38486 : 03D4;
38487 : 06D2;
38488 : 085E;
38489 : F5A8;
38490 : 1303;
38491 : F751;
38492 : F72E;
38493 : FBF1;
38494 : F30A;
38495 : 0C97;
38496 : F638;
38497 : F4BE;
38498 : 0CD2;
38499 : ED8B;
38500 : FE8E;
38501 : 0ADF;
38502 : 075F;
38503 : F607;
38504 : FF4D;
38505 : F048;
38506 : 012F;
38507 : 01AC;
38508 : 177B;
38509 : F4FF;
38510 : 07F2;
38511 : EB7D;
38512 : F09B;
38513 : 06D7;
38514 : 04CC;
38515 : EF58;
38516 : FC53;
38517 : F8C2;
38518 : 0D3D;
38519 : FABF;
38520 : F727;
38521 : FB59;
38522 : 01B2;
38523 : 09DF;
38524 : FE96;
38525 : 07D1;
38526 : F693;
38527 : FC14;
38528 : 1244;
38529 : EFDF;
38530 : FE1D;
38531 : FEBA;
38532 : 0AD4;
38533 : F057;
38534 : F564;
38535 : 07C0;
38536 : 04AF;
38537 : FB46;
38538 : 0FEB;
38539 : ECD5;
38540 : 05A3;
38541 : 075D;
38542 : 113B;
38543 : 08FC;
38544 : 0DCF;
38545 : FD78;
38546 : EBE1;
38547 : 079E;
38548 : 0457;
38549 : FCE1;
38550 : F6B1;
38551 : 0E1C;
38552 : 07E2;
38553 : 0F42;
38554 : EDEB;
38555 : 0697;
38556 : F9EC;
38557 : 1107;
38558 : FD7A;
38559 : F450;
38560 : 1048;
38561 : F19D;
38562 : 0974;
38563 : 10EB;
38564 : 1161;
38565 : 0867;
38566 : 0F9D;
38567 : 0427;
38568 : 0D96;
38569 : FE7C;
38570 : 0E37;
38571 : F7FF;
38572 : 0DFB;
38573 : F264;
38574 : 05DC;
38575 : 06E0;
38576 : EF47;
38577 : EF9B;
38578 : 03E6;
38579 : EE6F;
38580 : 0A96;
38581 : F824;
38582 : F220;
38583 : 010E;
38584 : 0AD6;
38585 : F3B6;
38586 : 0252;
38587 : 138C;
38588 : ED52;
38589 : 0173;
38590 : F8A7;
38591 : F47F;
38592 : FEF4;
38593 : 11A9;
38594 : 06E5;
38595 : FB24;
38596 : F656;
38597 : EEEE;
38598 : 0472;
38599 : 0D86;
38600 : 018E;
38601 : FA2E;
38602 : F974;
38603 : 095D;
38604 : 0A0A;
38605 : 06ED;
38606 : 0FD2;
38607 : FEB0;
38608 : 01D0;
38609 : EEDB;
38610 : 081E;
38611 : F2A7;
38612 : F6BB;
38613 : 00B9;
38614 : 00AF;
38615 : EB5C;
38616 : F405;
38617 : 05C0;
38618 : F06B;
38619 : 024D;
38620 : F8D9;
38621 : 0815;
38622 : 0629;
38623 : FD11;
38624 : 0988;
38625 : 03C9;
38626 : F19A;
38627 : FA17;
38628 : 018B;
38629 : EF8E;
38630 : FE2F;
38631 : 0175;
38632 : 01A5;
38633 : 06E0;
38634 : 0F6F;
38635 : F2E4;
38636 : F76D;
38637 : 041D;
38638 : EF9B;
38639 : F678;
38640 : 1173;
38641 : 0469;
38642 : 099A;
38643 : 0A38;
38644 : EEC7;
38645 : 04D5;
38646 : FEA1;
38647 : F1FF;
38648 : F709;
38649 : F821;
38650 : 0252;
38651 : 1417;
38652 : 0A64;
38653 : FF00;
38654 : 0208;
38655 : 0719;
38656 : 11EA;
38657 : FA49;
38658 : F7B4;
38659 : 0C21;
38660 : F07F;
38661 : FD48;
38662 : FB5E;
38663 : 0657;
38664 : 0097;
38665 : 02F0;
38666 : 0615;
38667 : F917;
38668 : F964;
38669 : FB77;
38670 : 0339;
38671 : 108A;
38672 : 0578;
38673 : 06A8;
38674 : 0323;
38675 : ED40;
38676 : F199;
38677 : 08CC;
38678 : 02F4;
38679 : 104D;
38680 : 0D49;
38681 : FD68;
38682 : F0D6;
38683 : FB9E;
38684 : 047F;
38685 : 04B1;
38686 : 0C1D;
38687 : F906;
38688 : 0655;
38689 : 0362;
38690 : F62D;
38691 : F949;
38692 : 02D3;
38693 : 043C;
38694 : F16D;
38695 : 034C;
38696 : 0079;
38697 : FA37;
38698 : 1188;
38699 : 0243;
38700 : 0799;
38701 : E9B8;
38702 : FAE0;
38703 : 0A3F;
38704 : 0636;
38705 : 03AC;
38706 : EDA3;
38707 : 148E;
38708 : 109C;
38709 : FEDC;
38710 : F5C8;
38711 : FB10;
38712 : FBD7;
38713 : 0EFE;
38714 : 10CE;
38715 : 0209;
38716 : F607;
38717 : 0385;
38718 : 0206;
38719 : 0F73;
38720 : FC5F;
38721 : 091F;
38722 : F745;
38723 : EB64;
38724 : EFF9;
38725 : F72E;
38726 : 0A8E;
38727 : 005F;
38728 : ED09;
38729 : FCD5;
38730 : 0E1B;
38731 : 0222;
38732 : F352;
38733 : 0FB6;
38734 : 08CA;
38735 : 0074;
38736 : 0061;
38737 : 0BAF;
38738 : FF50;
38739 : 029E;
38740 : EE47;
38741 : FED1;
38742 : 0B72;
38743 : F621;
38744 : FE95;
38745 : 05C1;
38746 : 047B;
38747 : 0969;
38748 : FCCE;
38749 : F451;
38750 : F517;
38751 : EE20;
38752 : 01A2;
38753 : F868;
38754 : EBD9;
38755 : F616;
38756 : F9BF;
38757 : 089F;
38758 : 07DA;
38759 : 08AA;
38760 : 1016;
38761 : EF3F;
38762 : FE6B;
38763 : 0A34;
38764 : 060F;
38765 : F8AC;
38766 : F55E;
38767 : 09C4;
38768 : 1263;
38769 : 130A;
38770 : 02E7;
38771 : 03DA;
38772 : 0949;
38773 : 0187;
38774 : 0D4C;
38775 : 0052;
38776 : 039D;
38777 : F8DA;
38778 : FFF4;
38779 : 0B3E;
38780 : F2A8;
38781 : F48E;
38782 : FC9F;
38783 : 01B6;
38784 : 0E51;
38785 : F4D5;
38786 : F2A2;
38787 : FAD9;
38788 : 09E3;
38789 : EF39;
38790 : 0766;
38791 : EC5D;
38792 : FAF7;
38793 : 11E2;
38794 : F3DB;
38795 : 0388;
38796 : 041B;
38797 : 000C;
38798 : 105B;
38799 : F1F0;
38800 : 050C;
38801 : F692;
38802 : 119D;
38803 : 0EBD;
38804 : 0F36;
38805 : F776;
38806 : F037;
38807 : 140D;
38808 : F024;
38809 : F561;
38810 : 01C9;
38811 : F72D;
38812 : FDC4;
38813 : 0F00;
38814 : 0B0A;
38815 : 0C3D;
38816 : 08B8;
38817 : 0EA2;
38818 : F65A;
38819 : 05D6;
38820 : 06E2;
38821 : 0544;
38822 : EEE1;
38823 : 0684;
38824 : 0BB9;
38825 : F3A0;
38826 : FD68;
38827 : 0B51;
38828 : EC33;
38829 : E46B;
38830 : F481;
38831 : F958;
38832 : 07D2;
38833 : 1176;
38834 : F423;
38835 : F33C;
38836 : E9F2;
38837 : 0322;
38838 : FB47;
38839 : F514;
38840 : F7DD;
38841 : EE5E;
38842 : ED43;
38843 : FA9E;
38844 : FECF;
38845 : F495;
38846 : FB8A;
38847 : 0170;
38848 : 1032;
38849 : 0F2D;
38850 : FD5A;
38851 : 055E;
38852 : 106F;
38853 : EDB8;
38854 : 0DC3;
38855 : F20D;
38856 : 0458;
38857 : 0C02;
38858 : F3E2;
38859 : 0935;
38860 : 0CC0;
38861 : FF25;
38862 : EEA0;
38863 : F056;
38864 : F6FB;
38865 : 1209;
38866 : 0A91;
38867 : 0326;
38868 : 0A51;
38869 : 16EB;
38870 : FCB8;
38871 : 0262;
38872 : 0BF9;
38873 : FD49;
38874 : 0533;
38875 : F892;
38876 : 0CAC;
38877 : 0815;
38878 : 05A8;
38879 : FEAA;
38880 : F5F6;
38881 : 04E0;
38882 : FDCE;
38883 : F97B;
38884 : 010A;
38885 : F081;
38886 : F43B;
38887 : F9A3;
38888 : EA78;
38889 : EBAA;
38890 : FDCD;
38891 : 037D;
38892 : 024B;
38893 : 0C05;
38894 : F3F5;
38895 : 00E6;
38896 : 06D4;
38897 : 1383;
38898 : 027A;
38899 : 080D;
38900 : 087C;
38901 : 0CCB;
38902 : 084B;
38903 : EEF7;
38904 : F84E;
38905 : 0D36;
38906 : 0939;
38907 : 0B4C;
38908 : F2F3;
38909 : F2BE;
38910 : F09A;
38911 : FBC3;
38912 : F60D;
38913 : 0087;
38914 : 0563;
38915 : EEEA;
38916 : F13A;
38917 : 0026;
38918 : 126B;
38919 : 0AA1;
38920 : FC7F;
38921 : FC5B;
38922 : 0A07;
38923 : EECC;
38924 : 0677;
38925 : F7CC;
38926 : 140B;
38927 : FB99;
38928 : F4B3;
38929 : 02D2;
38930 : 1052;
38931 : 0605;
38932 : F4BE;
38933 : 110A;
38934 : 0E26;
38935 : 06C5;
38936 : 1069;
38937 : 0FC1;
38938 : F7B5;
38939 : F21E;
38940 : 02A5;
38941 : EE34;
38942 : F5C6;
38943 : 0B16;
38944 : F4F5;
38945 : FCFD;
38946 : 0DDC;
38947 : 0B8F;
38948 : FA82;
38949 : F1C6;
38950 : 0449;
38951 : 01FC;
38952 : ED42;
38953 : F5E3;
38954 : 016E;
38955 : 0C2E;
38956 : ED1E;
38957 : EB87;
38958 : 07EC;
38959 : F842;
38960 : ED25;
38961 : 024D;
38962 : 0F63;
38963 : FD5F;
38964 : EE32;
38965 : 0E27;
38966 : 0877;
38967 : F4BB;
38968 : 0A96;
38969 : 0502;
38970 : F164;
38971 : FA21;
38972 : 0556;
38973 : 051F;
38974 : 0633;
38975 : 05DC;
38976 : F829;
38977 : 0141;
38978 : 0980;
38979 : 0E7D;
38980 : 1139;
38981 : FF19;
38982 : FF0B;
38983 : 0831;
38984 : EDB6;
38985 : 0514;
38986 : 067E;
38987 : 09B2;
38988 : 0EF2;
38989 : 0A47;
38990 : 1198;
38991 : 0AD4;
38992 : 06AC;
38993 : 02BD;
38994 : F262;
38995 : F057;
38996 : FC28;
38997 : 13F1;
38998 : 0ACE;
38999 : 0BEB;
39000 : 0394;
39001 : FDA9;
39002 : 09BC;
39003 : FA79;
39004 : 0D11;
39005 : FDBB;
39006 : 060D;
39007 : F039;
39008 : FC42;
39009 : EF89;
39010 : F4D3;
39011 : 0A83;
39012 : F2A2;
39013 : F013;
39014 : ED40;
39015 : 08DF;
39016 : F795;
39017 : F985;
39018 : 0983;
39019 : 158F;
39020 : 04D1;
39021 : E58D;
39022 : F752;
39023 : F36A;
39024 : FE50;
39025 : 086B;
39026 : 07FA;
39027 : F5F3;
39028 : 0F3D;
39029 : 08F2;
39030 : FC92;
39031 : 07EB;
39032 : 0B3A;
39033 : FCE5;
39034 : FC06;
39035 : F1D1;
39036 : 12EF;
39037 : 0107;
39038 : 099E;
39039 : EE6B;
39040 : 1056;
39041 : 0297;
39042 : F8DE;
39043 : 0454;
39044 : EF51;
39045 : EB69;
39046 : F086;
39047 : F16B;
39048 : 009A;
39049 : F007;
39050 : 07A6;
39051 : F202;
39052 : 08CE;
39053 : EE61;
39054 : 01EE;
39055 : FCD4;
39056 : FBD5;
39057 : 0C18;
39058 : 03C6;
39059 : FBD8;
39060 : F5D7;
39061 : 0BBA;
39062 : 0EE4;
39063 : 015C;
39064 : FF35;
39065 : 0848;
39066 : 04DA;
39067 : 0AFD;
39068 : 10A8;
39069 : F53C;
39070 : 0249;
39071 : 0563;
39072 : F56C;
39073 : 0762;
39074 : 064B;
39075 : 0053;
39076 : 0EDB;
39077 : F1C9;
39078 : FAE4;
39079 : 053A;
39080 : 05B5;
39081 : 09C9;
39082 : EEF6;
39083 : F381;
39084 : 000E;
39085 : F731;
39086 : F0B9;
39087 : F62F;
39088 : EFCA;
39089 : F448;
39090 : FBEB;
39091 : F8B3;
39092 : F909;
39093 : FB0E;
39094 : 0CE0;
39095 : 0BCF;
39096 : 10A6;
39097 : EF28;
39098 : 01E0;
39099 : EF6E;
39100 : 07F5;
39101 : FBCB;
39102 : F137;
39103 : EEBE;
39104 : EADF;
39105 : 10BC;
39106 : F5C2;
39107 : 0457;
39108 : 0053;
39109 : 06AD;
39110 : F524;
39111 : F037;
39112 : F5E3;
39113 : FF4B;
39114 : 0008;
39115 : 041F;
39116 : 03AC;
39117 : 0A1F;
39118 : EF2A;
39119 : 097C;
39120 : F5F1;
39121 : 04E5;
39122 : 1063;
39123 : FC3B;
39124 : F33F;
39125 : F9AC;
39126 : 0310;
39127 : F6D0;
39128 : 142D;
39129 : F2C5;
39130 : F4BA;
39131 : EC5E;
39132 : FBC6;
39133 : EF66;
39134 : F831;
39135 : 0D1F;
39136 : FC4F;
39137 : F082;
39138 : 0431;
39139 : FE71;
39140 : 12C5;
39141 : F000;
39142 : FB16;
39143 : 124B;
39144 : 0F7F;
39145 : 0CB3;
39146 : F531;
39147 : FB88;
39148 : EE48;
39149 : 0766;
39150 : FA41;
39151 : 0B69;
39152 : 0218;
39153 : F43C;
39154 : F129;
39155 : 0D4C;
39156 : FE8F;
39157 : 1372;
39158 : F93C;
39159 : ED34;
39160 : 10C3;
39161 : 0690;
39162 : 1137;
39163 : ED13;
39164 : 01CE;
39165 : F46E;
39166 : 114A;
39167 : 09C8;
39168 : F894;
39169 : F03E;
39170 : FA8C;
39171 : 0BC7;
39172 : 03DB;
39173 : F5AD;
39174 : F219;
39175 : F2D3;
39176 : 098D;
39177 : F8D3;
39178 : FB1D;
39179 : FAD1;
39180 : 0517;
39181 : FCDC;
39182 : 083C;
39183 : 1236;
39184 : FEA6;
39185 : 081E;
39186 : 0994;
39187 : F17B;
39188 : 0872;
39189 : 03D2;
39190 : FFBE;
39191 : 08C1;
39192 : FA17;
39193 : FD43;
39194 : F475;
39195 : 0850;
39196 : F043;
39197 : 0A4C;
39198 : 0734;
39199 : 06D0;
39200 : 0C1D;
39201 : 0876;
39202 : 039F;
39203 : 0D39;
39204 : 0C30;
39205 : 0AD8;
39206 : FE55;
39207 : F528;
39208 : EE43;
39209 : FED1;
39210 : 0B59;
39211 : 102A;
39212 : 02DA;
39213 : 0D0E;
39214 : EC16;
39215 : FC4F;
39216 : F092;
39217 : 0EF4;
39218 : EFAA;
39219 : 13C3;
39220 : FB41;
39221 : FC25;
39222 : FB4C;
39223 : 0188;
39224 : F1FA;
39225 : EDBF;
39226 : F586;
39227 : 0385;
39228 : EDD6;
39229 : EA34;
39230 : 0DE4;
39231 : F07F;
39232 : FA6A;
39233 : 0DA8;
39234 : 0280;
39235 : 10FD;
39236 : 05B7;
39237 : F740;
39238 : ED52;
39239 : 07CE;
39240 : F18C;
39241 : 0352;
39242 : F8EB;
39243 : F9A2;
39244 : FBB9;
39245 : EB41;
39246 : F9A6;
39247 : 0725;
39248 : FE5D;
39249 : 0367;
39250 : 1284;
39251 : 0488;
39252 : F8F2;
39253 : 0162;
39254 : F260;
39255 : F5F3;
39256 : F3F9;
39257 : F22F;
39258 : F3FA;
39259 : 152D;
39260 : 01DA;
39261 : 03F0;
39262 : 1497;
39263 : F399;
39264 : 0853;
39265 : F5F2;
39266 : 072A;
39267 : FABE;
39268 : 00E1;
39269 : 0582;
39270 : 04F7;
39271 : F337;
39272 : F56C;
39273 : 02A9;
39274 : EE63;
39275 : 0FB8;
39276 : 113A;
39277 : EA78;
39278 : F49F;
39279 : 024A;
39280 : EAB4;
39281 : EDC4;
39282 : FA7A;
39283 : FD87;
39284 : 022C;
39285 : 0120;
39286 : 07F4;
39287 : F1DF;
39288 : F4FA;
39289 : F6B6;
39290 : 00B3;
39291 : 0CC3;
39292 : EEBA;
39293 : 1140;
39294 : 0663;
39295 : FE6C;
39296 : 0F19;
39297 : FEA4;
39298 : 0BF0;
39299 : F748;
39300 : 0F76;
39301 : F618;
39302 : F358;
39303 : 00C8;
39304 : FFDC;
39305 : F2EB;
39306 : F565;
39307 : 0C62;
39308 : 0218;
39309 : F17E;
39310 : F911;
39311 : FC96;
39312 : 12DE;
39313 : FAFE;
39314 : 0ABD;
39315 : F282;
39316 : FA43;
39317 : 082B;
39318 : 11F6;
39319 : F125;
39320 : 0767;
39321 : 0F80;
39322 : F680;
39323 : F14D;
39324 : FCDF;
39325 : F6C8;
39326 : EE25;
39327 : F800;
39328 : 00E1;
39329 : F49E;
39330 : 0A85;
39331 : 1216;
39332 : 004E;
39333 : 0C25;
39334 : 1104;
39335 : 05C6;
39336 : 0967;
39337 : 075B;
39338 : 0000;
39339 : F180;
39340 : FF8B;
39341 : 10AF;
39342 : 0077;
39343 : 0FAA;
39344 : FC3D;
39345 : FC77;
39346 : EFA4;
39347 : F4CB;
39348 : F7DB;
39349 : FF8E;
39350 : F3D6;
39351 : 0C38;
39352 : F3D8;
39353 : F6BC;
39354 : FC80;
39355 : 012A;
39356 : 0EFB;
39357 : F733;
39358 : 03EC;
39359 : 0F54;
39360 : FB9B;
39361 : FD5C;
39362 : 1187;
39363 : 0CE8;
39364 : 0E53;
39365 : 0404;
39366 : 02EF;
39367 : F1B3;
39368 : ED1F;
39369 : 0153;
39370 : 114B;
39371 : FC96;
39372 : EF6E;
39373 : F6F1;
39374 : F45D;
39375 : 06CD;
39376 : 0331;
39377 : EDC5;
39378 : ED16;
39379 : ED17;
39380 : 0024;
39381 : FD76;
39382 : F600;
39383 : 0F9E;
39384 : 0133;
39385 : F303;
39386 : 0CA4;
39387 : FA06;
39388 : 0336;
39389 : 026D;
39390 : 02EC;
39391 : FEBD;
39392 : 02E5;
39393 : 0C8F;
39394 : EE35;
39395 : FA94;
39396 : 0684;
39397 : 115A;
39398 : 08BD;
39399 : EE36;
39400 : 062F;
39401 : FBBD;
39402 : EE37;
39403 : 02E0;
39404 : F03E;
39405 : FC16;
39406 : 00F2;
39407 : F0C0;
39408 : F70A;
39409 : F8E4;
39410 : F686;
39411 : 01D3;
39412 : 0B40;
39413 : F6A2;
39414 : F8FA;
39415 : FEBE;
39416 : EE8D;
39417 : ECDE;
39418 : F8CF;
39419 : 04BF;
39420 : 1374;
39421 : FCDD;
39422 : FDBD;
39423 : 10B1;
39424 : 11A3;
39425 : EEF2;
39426 : F382;
39427 : F787;
39428 : 00B2;
39429 : 0E61;
39430 : 02AA;
39431 : ED1D;
39432 : ED0F;
39433 : 0EE0;
39434 : F047;
39435 : 056F;
39436 : 0278;
39437 : FDEA;
39438 : 09F1;
39439 : 0BD8;
39440 : EE7F;
39441 : 126A;
39442 : F9FE;
39443 : 00B5;
39444 : 08E3;
39445 : ECE6;
39446 : EF57;
39447 : F731;
39448 : 0C2C;
39449 : 1207;
39450 : ED6E;
39451 : F853;
39452 : F4DD;
39453 : EEDA;
39454 : F762;
39455 : 128A;
39456 : 031B;
39457 : 09FE;
39458 : 03C8;
39459 : FEE2;
39460 : 0CA6;
39461 : F2D8;
39462 : F6FB;
39463 : 12DB;
39464 : 071B;
39465 : F9EB;
39466 : 08F0;
39467 : FE60;
39468 : 0B17;
39469 : 053F;
39470 : 0E48;
39471 : EF33;
39472 : 0B4E;
39473 : F7A2;
39474 : F5F5;
39475 : 00C7;
39476 : F127;
39477 : 0090;
39478 : FBE1;
39479 : F572;
39480 : FA14;
39481 : FCF9;
39482 : EFAC;
39483 : F72A;
39484 : 0715;
39485 : 111C;
39486 : 0CB0;
39487 : F0D5;
39488 : 07EA;
39489 : F5EA;
39490 : 0F8B;
39491 : FB9A;
39492 : FEBC;
39493 : 0B04;
39494 : F552;
39495 : EFD5;
39496 : 1389;
39497 : 120A;
39498 : 0991;
39499 : F6C6;
39500 : F2F7;
39501 : 01E5;
39502 : F9FF;
39503 : FC7D;
39504 : 0501;
39505 : 080F;
39506 : 0EE6;
39507 : FC2C;
39508 : 06E4;
39509 : 0EC9;
39510 : 0B14;
39511 : F3E7;
39512 : F345;
39513 : 09EE;
39514 : 016B;
39515 : F1F5;
39516 : 05D6;
39517 : 0B8F;
39518 : EE1E;
39519 : 0760;
39520 : EDF7;
39521 : 0B79;
39522 : FEF2;
39523 : 123E;
39524 : F901;
39525 : ECA0;
39526 : 0E0B;
39527 : EFD0;
39528 : EC81;
39529 : 0AC0;
39530 : 06B8;
39531 : F6B3;
39532 : F698;
39533 : F2FF;
39534 : F6B2;
39535 : F60E;
39536 : 0F89;
39537 : 10AB;
39538 : EE08;
39539 : 06FF;
39540 : 11E9;
39541 : 0714;
39542 : 0748;
39543 : 0A4C;
39544 : F769;
39545 : 00F9;
39546 : 0283;
39547 : 0903;
39548 : 0E15;
39549 : 05B0;
39550 : 0AA7;
39551 : 0FE6;
39552 : 1531;
39553 : FB17;
39554 : FAB5;
39555 : 037F;
39556 : 100A;
39557 : F614;
39558 : F779;
39559 : F7C4;
39560 : 094D;
39561 : 01B5;
39562 : 01E5;
39563 : EFBF;
39564 : 008E;
39565 : 053C;
39566 : 0764;
39567 : ED85;
39568 : FB12;
39569 : 12F0;
39570 : 02C5;
39571 : 08E5;
39572 : 0FEC;
39573 : FF78;
39574 : 0E31;
39575 : 0A58;
39576 : 1157;
39577 : FDD1;
39578 : 0AA7;
39579 : 09CB;
39580 : FD70;
39581 : FEB9;
39582 : EFF9;
39583 : FF60;
39584 : 02EF;
39585 : 0D7B;
39586 : 0575;
39587 : 0B86;
39588 : 0FE3;
39589 : F6D4;
39590 : FBEE;
39591 : F11D;
39592 : F307;
39593 : F387;
39594 : FF44;
39595 : 091E;
39596 : F5B1;
39597 : F250;
39598 : FDFA;
39599 : EEAA;
39600 : 03E4;
39601 : 121D;
39602 : F44D;
39603 : 08DD;
39604 : 116B;
39605 : 0B11;
39606 : 080F;
39607 : 0534;
39608 : 0A17;
39609 : F600;
39610 : F22B;
39611 : F518;
39612 : ED9B;
39613 : 10EF;
39614 : 0B96;
39615 : F6E7;
39616 : FDCE;
39617 : 05E3;
39618 : F9E3;
39619 : EE1F;
39620 : F0BC;
39621 : EF20;
39622 : F932;
39623 : 0EFC;
39624 : 0C59;
39625 : F793;
39626 : EFB4;
39627 : 04C8;
39628 : 0190;
39629 : 005B;
39630 : F65A;
39631 : 103F;
39632 : F465;
39633 : F50D;
39634 : F496;
39635 : 0EB5;
39636 : FD0D;
39637 : 077D;
39638 : 0674;
39639 : 0914;
39640 : 0FCA;
39641 : FE32;
39642 : FEC7;
39643 : 0C1F;
39644 : 0A42;
39645 : FDF8;
39646 : FE58;
39647 : F78C;
39648 : F70E;
39649 : F248;
39650 : FFA6;
39651 : EE43;
39652 : 00FD;
39653 : F211;
39654 : 0AF2;
39655 : 0084;
39656 : FD13;
39657 : FEFF;
39658 : 09D5;
39659 : 07B1;
39660 : EC85;
39661 : F07E;
39662 : EE06;
39663 : F336;
39664 : 074C;
39665 : F9B0;
39666 : EF5A;
39667 : F29B;
39668 : F450;
39669 : F955;
39670 : F0FB;
39671 : FA07;
39672 : 02BD;
39673 : FA00;
39674 : F893;
39675 : 03B0;
39676 : 036D;
39677 : 0BD3;
39678 : F9ED;
39679 : F9A8;
39680 : FDEC;
39681 : FB7B;
39682 : 0AE3;
39683 : 0F60;
39684 : FC3E;
39685 : F826;
39686 : F92B;
39687 : FFD9;
39688 : 01D7;
39689 : 02B1;
39690 : 021C;
39691 : 0527;
39692 : EB03;
39693 : F520;
39694 : 09AE;
39695 : 07D8;
39696 : 00E4;
39697 : 1456;
39698 : 05AA;
39699 : ECF0;
39700 : FD11;
39701 : 0CB4;
39702 : F886;
39703 : F3AD;
39704 : FF3B;
39705 : 0A79;
39706 : EBEB;
39707 : F557;
39708 : F634;
39709 : FEFC;
39710 : F79B;
39711 : F348;
39712 : F8BF;
39713 : 00C3;
39714 : FA21;
39715 : 0BC2;
39716 : F36F;
39717 : 0486;
39718 : FD40;
39719 : 09E8;
39720 : F5F7;
39721 : 0829;
39722 : F1A5;
39723 : 109A;
39724 : 0E4C;
39725 : 0B00;
39726 : EA88;
39727 : EC7A;
39728 : F722;
39729 : 07DB;
39730 : 02D0;
39731 : 04E0;
39732 : 0FDA;
39733 : 1002;
39734 : EC3F;
39735 : 08B6;
39736 : 09D5;
39737 : 0BA6;
39738 : FB98;
39739 : 084F;
39740 : F5FC;
39741 : 097F;
39742 : 071B;
39743 : 00F5;
39744 : F2AB;
39745 : 0307;
39746 : 0C2F;
39747 : 026A;
39748 : EFFA;
39749 : 04D5;
39750 : FD23;
39751 : FD7F;
39752 : F7DE;
39753 : 0A7C;
39754 : 1113;
39755 : F7DD;
39756 : F796;
39757 : F880;
39758 : F2D6;
39759 : 0551;
39760 : FDFF;
39761 : 06D1;
39762 : 03E0;
39763 : F4E8;
39764 : F0AC;
39765 : F432;
39766 : FA63;
39767 : FFEF;
39768 : F47E;
39769 : 0D14;
39770 : 0E2C;
39771 : F72A;
39772 : 1828;
39773 : F057;
39774 : FE3F;
39775 : 107E;
39776 : 12FF;
39777 : 0217;
39778 : F883;
39779 : EF30;
39780 : 0422;
39781 : 0D88;
39782 : F941;
39783 : 0BA2;
39784 : 09A5;
39785 : F295;
39786 : 099B;
39787 : 10E5;
39788 : EE82;
39789 : F07E;
39790 : 0E06;
39791 : 1116;
39792 : EFF2;
39793 : F96D;
39794 : 0D71;
39795 : FF0D;
39796 : F344;
39797 : 12ED;
39798 : FFDB;
39799 : EF29;
39800 : 02FF;
39801 : 0524;
39802 : 0F86;
39803 : 0A9F;
39804 : ED00;
39805 : EB41;
39806 : EE79;
39807 : FC39;
39808 : 0F39;
39809 : 0886;
39810 : 003D;
39811 : FDA9;
39812 : F9FA;
39813 : F394;
39814 : FF59;
39815 : EEE3;
39816 : F340;
39817 : FA6D;
39818 : 06AF;
39819 : 05B0;
39820 : 0517;
39821 : 10DF;
39822 : ED90;
39823 : 0AE8;
39824 : 118A;
39825 : 0A75;
39826 : 00D8;
39827 : EF2C;
39828 : F9A6;
39829 : 1226;
39830 : F054;
39831 : 019F;
39832 : 08A7;
39833 : 0B98;
39834 : 018F;
39835 : 003F;
39836 : 1B91;
39837 : 0EC5;
39838 : 0AFF;
39839 : F3D0;
39840 : EE79;
39841 : 15DB;
39842 : 0070;
39843 : EC9F;
39844 : 1560;
39845 : F0CF;
39846 : F7A6;
39847 : 00C1;
39848 : 0CA7;
39849 : FC30;
39850 : 0D68;
39851 : F826;
39852 : F9A3;
39853 : 07CB;
39854 : 0737;
39855 : EDCC;
39856 : 0EDC;
39857 : 022D;
39858 : F1D6;
39859 : F9FF;
39860 : ED98;
39861 : 02BF;
39862 : F172;
39863 : EF2A;
39864 : EB6E;
39865 : EB41;
39866 : 0F6A;
39867 : 0F45;
39868 : F93A;
39869 : 0A1C;
39870 : F15E;
39871 : EF50;
39872 : F4A4;
39873 : 0A7B;
39874 : 0FA8;
39875 : FB4E;
39876 : 0310;
39877 : 0FCC;
39878 : 0015;
39879 : 10A4;
39880 : FF12;
39881 : 0B70;
39882 : 0834;
39883 : 0E8F;
39884 : 1200;
39885 : 10CA;
39886 : 1093;
39887 : FE7A;
39888 : F9E3;
39889 : F443;
39890 : 02A4;
39891 : F158;
39892 : ED0C;
39893 : 0589;
39894 : F35E;
39895 : 0709;
39896 : F93D;
39897 : F84E;
39898 : F7B4;
39899 : F3C8;
39900 : 003C;
39901 : FFEA;
39902 : 1400;
39903 : 0DB9;
39904 : 03E7;
39905 : FC06;
39906 : FEE5;
39907 : 0788;
39908 : 0DF8;
39909 : EF0B;
39910 : 0764;
39911 : 0153;
39912 : 0AB3;
39913 : 0A79;
39914 : F250;
39915 : 07F2;
39916 : 0F6E;
39917 : F8AA;
39918 : 0A22;
39919 : 0105;
39920 : 0EB7;
39921 : 099E;
39922 : 0909;
39923 : F87D;
39924 : 0FDE;
39925 : 0C0E;
39926 : F21B;
39927 : 1353;
39928 : F0CE;
39929 : 0CF4;
39930 : F445;
39931 : 0D66;
39932 : FA56;
39933 : ED6D;
39934 : FFF7;
39935 : F50C;
39936 : 0A74;
39937 : 04D3;
39938 : 0730;
39939 : EA15;
39940 : F595;
39941 : FB00;
39942 : FACB;
39943 : F839;
39944 : 10ED;
39945 : EDC3;
39946 : F377;
39947 : 0E9A;
39948 : 0C8D;
39949 : F46F;
39950 : F614;
39951 : 029C;
39952 : F794;
39953 : F42D;
39954 : FBF3;
39955 : 0B1A;
39956 : F572;
39957 : 0914;
39958 : 0065;
39959 : 0041;
39960 : F8E8;
39961 : F836;
39962 : F346;
39963 : ED51;
39964 : 10B0;
39965 : 0D77;
39966 : 1440;
39967 : F07B;
39968 : 069A;
39969 : FC7E;
39970 : 0BF3;
39971 : FB5E;
39972 : 12B4;
39973 : EE8C;
39974 : 0A0B;
39975 : 0A2C;
39976 : EEB4;
39977 : 01E0;
39978 : FF67;
39979 : F9A3;
39980 : 0E14;
39981 : 0753;
39982 : 0020;
39983 : FE30;
39984 : F42F;
39985 : F7C7;
39986 : FD9D;
39987 : F2A5;
39988 : F854;
39989 : 0F00;
39990 : F531;
39991 : 0D35;
39992 : 0765;
39993 : FE40;
39994 : 00A5;
39995 : 14BA;
39996 : 0A7D;
39997 : 08F7;
39998 : F892;
39999 : F12D;
40000 : F196;
40001 : 0C8C;
40002 : 0CAD;
40003 : 0C9D;
40004 : F689;
40005 : F0F7;
40006 : F32C;
40007 : EF9D;
40008 : 0CD6;
40009 : 0F64;
40010 : FEC4;
40011 : FF2B;
40012 : 0D80;
40013 : 004F;
40014 : 0169;
40015 : 03ED;
40016 : 0406;
40017 : 0872;
40018 : 053B;
40019 : FEDC;
40020 : F60F;
40021 : FF8A;
40022 : 0D0A;
40023 : 0CD1;
40024 : EF2C;
40025 : 0408;
40026 : F24F;
40027 : 07EB;
40028 : 006F;
40029 : 106E;
40030 : 0C54;
40031 : F843;
40032 : EFA7;
40033 : 10A8;
40034 : FFF9;
40035 : F3A1;
40036 : 03C3;
40037 : 02F8;
40038 : 0800;
40039 : 0BD5;
40040 : F0A9;
40041 : FC47;
40042 : F42D;
40043 : 0A1F;
40044 : 03BA;
40045 : 1394;
40046 : EE03;
40047 : 0BC6;
40048 : 0310;
40049 : FA41;
40050 : EC67;
40051 : 075B;
40052 : 02F8;
40053 : F898;
40054 : 0FCC;
40055 : 0D44;
40056 : 08AE;
40057 : 0F45;
40058 : 0630;
40059 : FC9F;
40060 : 0B74;
40061 : 0E3F;
40062 : EEB6;
40063 : FAEE;
40064 : F996;
40065 : 0704;
40066 : 1048;
40067 : 01A9;
40068 : 012D;
40069 : FEEF;
40070 : FBEE;
40071 : FDC6;
40072 : 0AC5;
40073 : 0288;
40074 : 095E;
40075 : FE6D;
40076 : F1A0;
40077 : 0A4B;
40078 : FC50;
40079 : F497;
40080 : F643;
40081 : 04F9;
40082 : 03A6;
40083 : 0AD7;
40084 : F51F;
40085 : 0711;
40086 : EF73;
40087 : 0F58;
40088 : 0E04;
40089 : F886;
40090 : 007C;
40091 : EFE7;
40092 : EF83;
40093 : 0764;
40094 : F966;
40095 : 07BB;
40096 : EBB3;
40097 : F266;
40098 : 0A94;
40099 : EE4D;
40100 : FC6B;
40101 : 0A87;
40102 : FA0D;
40103 : 1265;
40104 : 00A7;
40105 : F929;
40106 : FE58;
40107 : ED41;
40108 : F861;
40109 : FD00;
40110 : F6C7;
40111 : F16C;
40112 : FD80;
40113 : FC04;
40114 : 0D9D;
40115 : 0A8E;
40116 : 0F38;
40117 : FCEC;
40118 : FF62;
40119 : FCA7;
40120 : 0EBB;
40121 : F8AD;
40122 : 0606;
40123 : 0EE1;
40124 : F53C;
40125 : F1BC;
40126 : 0523;
40127 : EE03;
40128 : 06ED;
40129 : 06D6;
40130 : FB04;
40131 : 0449;
40132 : F6F7;
40133 : EE6B;
40134 : 016A;
40135 : 0224;
40136 : 0E58;
40137 : F635;
40138 : 1280;
40139 : 0883;
40140 : 114F;
40141 : 09FF;
40142 : FAF3;
40143 : 0ED3;
40144 : 1362;
40145 : 028D;
40146 : 12C2;
40147 : 013C;
40148 : EAFF;
40149 : FE95;
40150 : 08A8;
40151 : F2EF;
40152 : F476;
40153 : 0B7C;
40154 : 0690;
40155 : F011;
40156 : FD61;
40157 : 06E2;
40158 : 12EC;
40159 : FCFD;
40160 : FF36;
40161 : 01B6;
40162 : 0B7E;
40163 : F7A3;
40164 : 085B;
40165 : EDBF;
40166 : 10E4;
40167 : F234;
40168 : 0ED8;
40169 : FA4C;
40170 : FB1F;
40171 : 0A14;
40172 : F175;
40173 : F54A;
40174 : F848;
40175 : F266;
40176 : FD1D;
40177 : EEB3;
40178 : F148;
40179 : 1251;
40180 : F9F1;
40181 : F487;
40182 : F7A1;
40183 : F659;
40184 : 01FC;
40185 : FC22;
40186 : 063C;
40187 : F56E;
40188 : 0C35;
40189 : F5CA;
40190 : 075C;
40191 : EBD2;
40192 : FCCB;
40193 : F4BA;
40194 : 0058;
40195 : FF8D;
40196 : 05AD;
40197 : 101D;
40198 : 073A;
40199 : 0CE1;
40200 : F0E8;
40201 : 0281;
40202 : 0C49;
40203 : 025A;
40204 : 12A6;
40205 : F4BA;
40206 : FDD3;
40207 : 1079;
40208 : F53D;
40209 : FFB8;
40210 : 0BDD;
40211 : 1095;
40212 : 0AC9;
40213 : 020C;
40214 : FD81;
40215 : 035B;
40216 : F967;
40217 : 023D;
40218 : 00CE;
40219 : 10C7;
40220 : FFA0;
40221 : F24F;
40222 : ECE2;
40223 : F970;
40224 : 062E;
40225 : F206;
40226 : FDA0;
40227 : 034B;
40228 : FA36;
40229 : 0197;
40230 : FBE9;
40231 : 1305;
40232 : 0F60;
40233 : 04FC;
40234 : FA65;
40235 : 0061;
40236 : 00F0;
40237 : 0FD2;
40238 : 06E3;
40239 : F4F4;
40240 : 014F;
40241 : 123E;
40242 : F003;
40243 : FA29;
40244 : F74B;
40245 : 11AB;
40246 : FF39;
40247 : FF97;
40248 : 0F68;
40249 : EE84;
40250 : FEDA;
40251 : 0DA9;
40252 : EDF9;
40253 : 1243;
40254 : F2BD;
40255 : 0512;
40256 : 0F5B;
40257 : F711;
40258 : F7C8;
40259 : 0407;
40260 : F9B8;
40261 : 0C72;
40262 : 0CAE;
40263 : 05C9;
40264 : F5ED;
40265 : FA87;
40266 : F461;
40267 : 0B2E;
40268 : 0E2E;
40269 : F3E0;
40270 : 029D;
40271 : FE2C;
40272 : 0A78;
40273 : F6F2;
40274 : 054C;
40275 : FDE0;
40276 : 0B7A;
40277 : 07A0;
40278 : 00DD;
40279 : 0BED;
40280 : EA0F;
40281 : FCAB;
40282 : F394;
40283 : F47B;
40284 : FD6D;
40285 : EBDB;
40286 : F675;
40287 : F55D;
40288 : 0451;
40289 : 0B10;
40290 : F62F;
40291 : FDE4;
40292 : 07DC;
40293 : FFAC;
40294 : 0D34;
40295 : 0548;
40296 : F454;
40297 : F12F;
40298 : 07A8;
40299 : 0071;
40300 : EECB;
40301 : FF6F;
40302 : 08EB;
40303 : 07DC;
40304 : FD19;
40305 : 0246;
40306 : F412;
40307 : 1050;
40308 : 0F9F;
40309 : 08E9;
40310 : 00D8;
40311 : 0640;
40312 : 0CE9;
40313 : 00BF;
40314 : FC1B;
40315 : F46F;
40316 : 0097;
40317 : 03F1;
40318 : FA17;
40319 : 120F;
40320 : 1047;
40321 : F4E7;
40322 : F025;
40323 : 0651;
40324 : 0BEA;
40325 : FA07;
40326 : FA80;
40327 : ECA5;
40328 : 0B2F;
40329 : 0B1B;
40330 : 076C;
40331 : 013A;
40332 : 0457;
40333 : ED55;
40334 : 05B6;
40335 : 1040;
40336 : 0A07;
40337 : 0146;
40338 : 0E4B;
40339 : 0C0A;
40340 : F99B;
40341 : 0B83;
40342 : 0F09;
40343 : F927;
40344 : 09A2;
40345 : F23D;
40346 : FBF8;
40347 : 0ADB;
40348 : FA75;
40349 : ED9F;
40350 : 0A98;
40351 : 1171;
40352 : F931;
40353 : EEFD;
40354 : FB70;
40355 : 002C;
40356 : F5D6;
40357 : 09F9;
40358 : 087B;
40359 : 0FD8;
40360 : 0E59;
40361 : 0B52;
40362 : F849;
40363 : 0206;
40364 : 0AAD;
40365 : 0343;
40366 : 0553;
40367 : 02DC;
40368 : F519;
40369 : EE8F;
40370 : 013D;
40371 : FA93;
40372 : 0508;
40373 : FDD4;
40374 : F5F8;
40375 : FD08;
40376 : 0AF1;
40377 : 0F79;
40378 : EDEB;
40379 : 0484;
40380 : FA3A;
40381 : 1107;
40382 : F923;
40383 : F44C;
40384 : FE18;
40385 : 0CF4;
40386 : F9AB;
40387 : 0109;
40388 : 1369;
40389 : F469;
40390 : FDED;
40391 : F2B8;
40392 : FAF8;
40393 : 00EF;
40394 : 0C7A;
40395 : 008F;
40396 : F562;
40397 : FCAF;
40398 : 0A57;
40399 : ED60;
40400 : F595;
40401 : FCAE;
40402 : 11DC;
40403 : 0739;
40404 : F749;
40405 : F65B;
40406 : 14C4;
40407 : F6B2;
40408 : 04AB;
40409 : E85A;
40410 : F6A9;
40411 : F4DA;
40412 : 03A9;
40413 : 0B37;
40414 : EBFB;
40415 : ED55;
40416 : 1278;
40417 : EF60;
40418 : 083F;
40419 : FF00;
40420 : FD2F;
40421 : 0923;
40422 : F3E1;
40423 : 0540;
40424 : FA6B;
40425 : 1174;
40426 : 09ED;
40427 : 0BA8;
40428 : F6DC;
40429 : 08CB;
40430 : 0896;
40431 : 0A29;
40432 : 04D3;
40433 : 0E4C;
40434 : F450;
40435 : 04A9;
40436 : 0BD3;
40437 : 0AFE;
40438 : F381;
40439 : EE98;
40440 : 0973;
40441 : 0EF0;
40442 : 0109;
40443 : 031A;
40444 : 0071;
40445 : FF02;
40446 : 0DA4;
40447 : FF38;
40448 : FA35;
40449 : 0282;
40450 : 0891;
40451 : F5D6;
40452 : FBFB;
40453 : F7A9;
40454 : 12AC;
40455 : FFF1;
40456 : 0595;
40457 : 0125;
40458 : F8EA;
40459 : F3E9;
40460 : FEFD;
40461 : 0F77;
40462 : 0659;
40463 : ED3B;
40464 : 1020;
40465 : FA1B;
40466 : 0C85;
40467 : 0D8A;
40468 : 0EE3;
40469 : F179;
40470 : F7F7;
40471 : 1177;
40472 : 0679;
40473 : FD16;
40474 : F801;
40475 : EFE9;
40476 : 128C;
40477 : 003C;
40478 : 091C;
40479 : 017C;
40480 : 1170;
40481 : EE79;
40482 : F72C;
40483 : 0D50;
40484 : 0B74;
40485 : FC42;
40486 : F98F;
40487 : 0540;
40488 : F8F3;
40489 : 0E4D;
40490 : 056B;
40491 : 03B8;
40492 : ED72;
40493 : FA61;
40494 : F7AC;
40495 : FF6D;
40496 : 09FA;
40497 : 134B;
40498 : 0D4C;
40499 : FF00;
40500 : F92D;
40501 : 009D;
40502 : 0014;
40503 : 09D0;
40504 : F01C;
40505 : 0AAC;
40506 : FBC7;
40507 : 0A9E;
40508 : FB6F;
40509 : 0523;
40510 : EBAB;
40511 : F787;
40512 : 0127;
40513 : 0381;
40514 : 12B0;
40515 : F68E;
40516 : 114C;
40517 : F4CB;
40518 : F21B;
40519 : FE11;
40520 : 07D8;
40521 : 05EA;
40522 : 0768;
40523 : 065B;
40524 : F028;
40525 : 009F;
40526 : 0417;
40527 : EEC0;
40528 : 1079;
40529 : 1269;
40530 : 059E;
40531 : 0127;
40532 : FE13;
40533 : FFD9;
40534 : 0833;
40535 : FBB9;
40536 : FAE8;
40537 : F479;
40538 : 1159;
40539 : 0573;
40540 : 1099;
40541 : 0E87;
40542 : FA88;
40543 : F04F;
40544 : EE59;
40545 : 0E06;
40546 : 0FA7;
40547 : 071C;
40548 : 0B18;
40549 : EDD7;
40550 : EF9A;
40551 : 0507;
40552 : 0CF9;
40553 : 0CE5;
40554 : 1177;
40555 : FE94;
40556 : 0024;
40557 : 0628;
40558 : F6A2;
40559 : 051E;
40560 : F086;
40561 : FB4E;
40562 : 0F8F;
40563 : 05B6;
40564 : 01FF;
40565 : F735;
40566 : 02EB;
40567 : 0ABD;
40568 : 0066;
40569 : 0299;
40570 : F397;
40571 : EE17;
40572 : 0C8E;
40573 : F46B;
40574 : 0F8C;
40575 : 0FF7;
40576 : 06FB;
40577 : 0A0F;
40578 : 0759;
40579 : F32A;
40580 : 083E;
40581 : F0D5;
40582 : EE16;
40583 : F500;
40584 : F17F;
40585 : 0BFC;
40586 : 065B;
40587 : FDA6;
40588 : 0A0A;
40589 : F4EC;
40590 : 121D;
40591 : 064F;
40592 : 0C89;
40593 : 150C;
40594 : F221;
40595 : 058C;
40596 : F3F3;
40597 : 1107;
40598 : F7D8;
40599 : 00B8;
40600 : FAD4;
40601 : E9E8;
40602 : 0856;
40603 : EA59;
40604 : F437;
40605 : 0B89;
40606 : EEB3;
40607 : 006C;
40608 : EFDC;
40609 : 0ADF;
40610 : 11B0;
40611 : 0C94;
40612 : 0418;
40613 : FD1B;
40614 : 004E;
40615 : 1079;
40616 : 0EB5;
40617 : F672;
40618 : 113B;
40619 : 0840;
40620 : FB59;
40621 : E825;
40622 : 0BE2;
40623 : F227;
40624 : EE66;
40625 : F6DD;
40626 : 0EE4;
40627 : 01D4;
40628 : 04D3;
40629 : 0CE8;
40630 : 116A;
40631 : FF17;
40632 : FC88;
40633 : F121;
40634 : 102A;
40635 : F030;
40636 : F70C;
40637 : F6FD;
40638 : FF9E;
40639 : EEAA;
40640 : 1111;
40641 : F026;
40642 : F2EC;
40643 : FD67;
40644 : 0DB8;
40645 : F594;
40646 : FFF3;
40647 : F6E7;
40648 : EEC3;
40649 : F906;
40650 : F320;
40651 : EDAB;
40652 : 0EA2;
40653 : F324;
40654 : 068C;
40655 : 0C2E;
40656 : 00C0;
40657 : 0595;
40658 : F7E5;
40659 : 0519;
40660 : 0E00;
40661 : 07F3;
40662 : F50F;
40663 : FA12;
40664 : 15FD;
40665 : F81A;
40666 : 1059;
40667 : FCC3;
40668 : FBD0;
40669 : EDDE;
40670 : 0DBA;
40671 : 0D0E;
40672 : 0B75;
40673 : EEB0;
40674 : F14B;
40675 : EF78;
40676 : FD83;
40677 : 14BB;
40678 : EDBF;
40679 : 0A25;
40680 : EF9A;
40681 : F590;
40682 : 0938;
40683 : 04B9;
40684 : F5AA;
40685 : FDE4;
40686 : FB34;
40687 : 08D3;
40688 : FD6E;
40689 : F06C;
40690 : FAEE;
40691 : 0E73;
40692 : ED8D;
40693 : 05C7;
40694 : 0FE6;
40695 : 0CC5;
40696 : F904;
40697 : 0D06;
40698 : 062E;
40699 : EADD;
40700 : EDBA;
40701 : 0B24;
40702 : 0148;
40703 : 05B8;
40704 : ECBF;
40705 : F930;
40706 : EE5A;
40707 : 0F4D;
40708 : EC9A;
40709 : FA5C;
40710 : 059A;
40711 : F304;
40712 : 077A;
40713 : F0B6;
40714 : 0431;
40715 : F4A5;
40716 : F184;
40717 : F3FF;
40718 : 13AB;
40719 : 0325;
40720 : 08E3;
40721 : 19B6;
40722 : F388;
40723 : FC22;
40724 : 0129;
40725 : 0AE9;
40726 : F34E;
40727 : 1193;
40728 : FB9B;
40729 : 0F68;
40730 : F141;
40731 : 0C63;
40732 : 0B1E;
40733 : F1BE;
40734 : F854;
40735 : 0A0E;
40736 : 08E7;
40737 : 01F2;
40738 : FC65;
40739 : FE05;
40740 : FD99;
40741 : F805;
40742 : 02B4;
40743 : F300;
40744 : ED8F;
40745 : EEA8;
40746 : F311;
40747 : 0800;
40748 : 082B;
40749 : F1DC;
40750 : 0377;
40751 : 0CFC;
40752 : 0CD5;
40753 : 0A76;
40754 : FC99;
40755 : EFB5;
40756 : 06D7;
40757 : FEA4;
40758 : 0715;
40759 : 0A9E;
40760 : FFBC;
40761 : FAC1;
40762 : F2EE;
40763 : F59C;
40764 : F1B4;
40765 : 1209;
40766 : 0628;
40767 : 07B4;
40768 : ED1C;
40769 : F8B7;
40770 : 0EEC;
40771 : F8C6;
40772 : F79B;
40773 : 1034;
40774 : F04A;
40775 : F0D5;
40776 : EC2F;
40777 : 0E3B;
40778 : 0847;
40779 : 04DF;
40780 : 0035;
40781 : F2EF;
40782 : 0CEC;
40783 : 0517;
40784 : 0CDC;
40785 : 0A1E;
40786 : 11AC;
40787 : 0F0E;
40788 : F07F;
40789 : 02C2;
40790 : 04A9;
40791 : 08E0;
40792 : 0430;
40793 : EB99;
40794 : F8B6;
40795 : 02E0;
40796 : F7DF;
40797 : F61A;
40798 : F182;
40799 : 0982;
40800 : 0F51;
40801 : F910;
40802 : FCE6;
40803 : 0473;
40804 : F30F;
40805 : 01AE;
40806 : E981;
40807 : F366;
40808 : FB2F;
40809 : F679;
40810 : F3E1;
40811 : 08CD;
40812 : F343;
40813 : FD5E;
40814 : EFDC;
40815 : F449;
40816 : FD23;
40817 : F251;
40818 : 02A5;
40819 : 070C;
40820 : F1E1;
40821 : 0C34;
40822 : 09A5;
40823 : 0480;
40824 : FE86;
40825 : FF6E;
40826 : 0EBC;
40827 : FD6A;
40828 : 0749;
40829 : ED73;
40830 : 06DF;
40831 : 075C;
40832 : F6DD;
40833 : 011C;
40834 : F3D0;
40835 : 0ADA;
40836 : FA84;
40837 : F7F0;
40838 : 0718;
40839 : 0EC8;
40840 : EBC3;
40841 : 0888;
40842 : 04F6;
40843 : FE4D;
40844 : 0B77;
40845 : 08CE;
40846 : 00B3;
40847 : F426;
40848 : EDD7;
40849 : FC7B;
40850 : F0CC;
40851 : 1524;
40852 : F6B0;
40853 : FCEE;
40854 : 0BF5;
40855 : 0525;
40856 : 0374;
40857 : 06AF;
40858 : 0850;
40859 : F2D3;
40860 : F4E5;
40861 : 0321;
40862 : 1014;
40863 : FF20;
40864 : F1D3;
40865 : F65D;
40866 : 0E1B;
40867 : 1158;
40868 : F85D;
40869 : 0096;
40870 : FFB7;
40871 : 13E8;
40872 : E8CF;
40873 : 0AA8;
40874 : 0DFE;
40875 : 0FEA;
40876 : F157;
40877 : 03B2;
40878 : 03BB;
40879 : FB0D;
40880 : 0B65;
40881 : 0071;
40882 : F654;
40883 : 05B1;
40884 : 1277;
40885 : F74A;
40886 : 0B05;
40887 : 0B99;
40888 : 069A;
40889 : 0831;
40890 : F67F;
40891 : EB37;
40892 : FC52;
40893 : F4C9;
40894 : FCB1;
40895 : 0232;
40896 : FD11;
40897 : F0A4;
40898 : 06A6;
40899 : 0F7B;
40900 : F4E3;
40901 : F6F6;
40902 : 0FF8;
40903 : 05F8;
40904 : 027C;
40905 : FBEE;
40906 : ECBC;
40907 : 0E6D;
40908 : EB0A;
40909 : F333;
40910 : 05AF;
40911 : F987;
40912 : F4F7;
40913 : 080C;
40914 : FF80;
40915 : 134F;
40916 : F270;
40917 : 00A2;
40918 : 1185;
40919 : EB19;
40920 : F66A;
40921 : 0557;
40922 : F749;
40923 : FAF3;
40924 : 0E29;
40925 : F5A0;
40926 : 11DC;
40927 : 0464;
40928 : F85C;
40929 : 0EA0;
40930 : 03D0;
40931 : F0D6;
40932 : 0B6E;
40933 : 077B;
40934 : F392;
40935 : F5A9;
40936 : 0765;
40937 : 08BF;
40938 : EC0E;
40939 : 0C9F;
40940 : F8FE;
40941 : E966;
40942 : F22B;
40943 : 055A;
40944 : 089A;
40945 : 026E;
40946 : 0DE4;
40947 : 138C;
40948 : EF8A;
40949 : 0AB2;
40950 : F413;
40951 : FB78;
40952 : F226;
40953 : 074D;
40954 : F61A;
40955 : 079B;
40956 : F8A8;
40957 : F3CC;
40958 : EF3B;
40959 : 04CA;
40960 : FE9B;
40961 : 1033;
40962 : 06EB;
40963 : 07B2;
40964 : 0198;
40965 : 10DC;
40966 : 003E;
40967 : 0681;
40968 : F44C;
40969 : FC12;
40970 : FF4E;
40971 : 0C49;
40972 : 09F4;
40973 : 00BE;
40974 : 105A;
40975 : EE0B;
40976 : ECCE;
40977 : F4AF;
40978 : F4C3;
40979 : 02EF;
40980 : FC79;
40981 : 0639;
40982 : 1132;
40983 : 128E;
40984 : FBE3;
40985 : 0B3F;
40986 : 0373;
40987 : EFAC;
40988 : 031A;
40989 : 05D7;
40990 : 111D;
40991 : 04CD;
40992 : 0771;
40993 : 0E79;
40994 : ECD2;
40995 : 1419;
40996 : 0C1F;
40997 : F3DA;
40998 : 0A03;
40999 : 08F8;
41000 : 035D;
41001 : EE2E;
41002 : 0F0E;
41003 : EFFB;
41004 : F3BC;
41005 : F6A5;
41006 : F48F;
41007 : FEA3;
41008 : EA84;
41009 : 044B;
41010 : 115B;
41011 : 026E;
41012 : 0BE6;
41013 : 0811;
41014 : 0264;
41015 : F1C0;
41016 : F16D;
41017 : EBEC;
41018 : 0AAB;
41019 : 00E1;
41020 : 115F;
41021 : F66A;
41022 : F57F;
41023 : 0001;
41024 : 1127;
41025 : 02BE;
41026 : FB37;
41027 : FAF3;
41028 : 0655;
41029 : 10B1;
41030 : 033B;
41031 : EF2D;
41032 : EFBF;
41033 : F22F;
41034 : FDAA;
41035 : 0B60;
41036 : FE40;
41037 : 0BA4;
41038 : F947;
41039 : F4F4;
41040 : 05B6;
41041 : ED39;
41042 : F268;
41043 : 0D37;
41044 : 059C;
41045 : 0366;
41046 : 0934;
41047 : 05FC;
41048 : 0B68;
41049 : 03CC;
41050 : ECE3;
41051 : F205;
41052 : FABB;
41053 : F8B2;
41054 : F263;
41055 : F8D6;
41056 : 10C6;
41057 : F1A0;
41058 : F0AD;
41059 : 1682;
41060 : EF50;
41061 : 0396;
41062 : F50A;
41063 : 037F;
41064 : EC1A;
41065 : FAB0;
41066 : F143;
41067 : 0EE2;
41068 : F34D;
41069 : FB5A;
41070 : FBA0;
41071 : 0F99;
41072 : 0670;
41073 : FA0F;
41074 : 07C0;
41075 : F745;
41076 : 0C6E;
41077 : 008F;
41078 : F7AB;
41079 : 075E;
41080 : 0C6C;
41081 : FC81;
41082 : 14BB;
41083 : F657;
41084 : EA42;
41085 : F780;
41086 : 0756;
41087 : EF9A;
41088 : FF6B;
41089 : 0A95;
41090 : F46B;
41091 : 07DE;
41092 : 044C;
41093 : 113F;
41094 : 1267;
41095 : 0867;
41096 : 0AA7;
41097 : 069D;
41098 : F0E9;
41099 : 11C3;
41100 : F424;
41101 : EEAE;
41102 : 063E;
41103 : F115;
41104 : F427;
41105 : FC0C;
41106 : F94B;
41107 : F72F;
41108 : F9F4;
41109 : EFB3;
41110 : 0B56;
41111 : 0C8A;
41112 : 00FC;
41113 : F534;
41114 : F11E;
41115 : 094B;
41116 : 002F;
41117 : FB6B;
41118 : 0A02;
41119 : F3ED;
41120 : 0FAB;
41121 : FB79;
41122 : 096A;
41123 : 11EC;
41124 : 0485;
41125 : 0574;
41126 : F67A;
41127 : 0F5A;
41128 : F691;
41129 : FE93;
41130 : 0F5A;
41131 : FFCA;
41132 : EEF8;
41133 : 00AD;
41134 : F82E;
41135 : 00C8;
41136 : 0F95;
41137 : 0709;
41138 : FC7D;
41139 : F2DD;
41140 : 0085;
41141 : FF91;
41142 : 090F;
41143 : FEE5;
41144 : FF82;
41145 : F70C;
41146 : F2BE;
41147 : 0DB4;
41148 : F79F;
41149 : 07C5;
41150 : 0153;
41151 : 0B3F;
41152 : 0BDA;
41153 : 0574;
41154 : 0273;
41155 : 1181;
41156 : FD7B;
41157 : F736;
41158 : F52C;
41159 : EDA5;
41160 : F4B3;
41161 : EE2D;
41162 : 04D8;
41163 : 017E;
41164 : 035C;
41165 : F987;
41166 : F1BD;
41167 : FD33;
41168 : F7EC;
41169 : 035F;
41170 : 12BB;
41171 : 1343;
41172 : 08AF;
41173 : F209;
41174 : 000A;
41175 : F3D6;
41176 : 0562;
41177 : FD7E;
41178 : 0293;
41179 : 0505;
41180 : 1353;
41181 : 0828;
41182 : 0E65;
41183 : FA33;
41184 : 0B58;
41185 : F9A3;
41186 : 0DAD;
41187 : 066C;
41188 : 00DF;
41189 : FBA3;
41190 : F539;
41191 : 1016;
41192 : 0AFA;
41193 : 090B;
41194 : F92C;
41195 : 07FF;
41196 : 0EB9;
41197 : 0A91;
41198 : 0C32;
41199 : F5D5;
41200 : F6B5;
41201 : 0537;
41202 : FD00;
41203 : F473;
41204 : 047C;
41205 : FC9C;
41206 : EE69;
41207 : F4B3;
41208 : F84E;
41209 : FDC5;
41210 : 0951;
41211 : 1328;
41212 : 083F;
41213 : 0C84;
41214 : FB06;
41215 : F3EC;
41216 : 053D;
41217 : FFC6;
41218 : FED0;
41219 : F51A;
41220 : 12CC;
41221 : ED0B;
41222 : 0727;
41223 : 03E0;
41224 : ECE6;
41225 : 1352;
41226 : F023;
41227 : F78C;
41228 : FDDF;
41229 : 02CA;
41230 : 0DCC;
41231 : EFEA;
41232 : 0E97;
41233 : 0B11;
41234 : 0F60;
41235 : EEF5;
41236 : F368;
41237 : F57D;
41238 : 0C73;
41239 : 08E0;
41240 : F857;
41241 : 0DC7;
41242 : FB1D;
41243 : 10C7;
41244 : FA7B;
41245 : F1B5;
41246 : 042B;
41247 : FBB7;
41248 : EF5A;
41249 : EF8C;
41250 : F17E;
41251 : F225;
41252 : 08DD;
41253 : 0C01;
41254 : 07D3;
41255 : F4C5;
41256 : 05E8;
41257 : 131D;
41258 : 0245;
41259 : 1003;
41260 : 0A8D;
41261 : 0171;
41262 : FEDE;
41263 : 071B;
41264 : 05C2;
41265 : 1239;
41266 : 0503;
41267 : 0391;
41268 : 0740;
41269 : FE0F;
41270 : F4D4;
41271 : 0447;
41272 : 0B6D;
41273 : F2F0;
41274 : FBE2;
41275 : F07E;
41276 : 058A;
41277 : FC27;
41278 : 1127;
41279 : FCCA;
41280 : 09B2;
41281 : F42C;
41282 : 1287;
41283 : F571;
41284 : FD1D;
41285 : 032D;
41286 : 0F14;
41287 : FDDF;
41288 : 029B;
41289 : F2E1;
41290 : 0723;
41291 : FCCA;
41292 : 0DA8;
41293 : 0EE6;
41294 : 04BA;
41295 : 114B;
41296 : F503;
41297 : F4D9;
41298 : 0DED;
41299 : 003D;
41300 : 0AD7;
41301 : 12D0;
41302 : FFA3;
41303 : 1366;
41304 : F7EC;
41305 : 0B0C;
41306 : FCD4;
41307 : F124;
41308 : 0C79;
41309 : F497;
41310 : F6D3;
41311 : 0945;
41312 : F65A;
41313 : F66A;
41314 : F55B;
41315 : 0ED8;
41316 : 1315;
41317 : FBC5;
41318 : 0136;
41319 : EE4C;
41320 : 0628;
41321 : FBE8;
41322 : 0DA4;
41323 : F3EA;
41324 : FC29;
41325 : F246;
41326 : F679;
41327 : 0D9E;
41328 : F6C8;
41329 : F8E1;
41330 : EE38;
41331 : 01B0;
41332 : 1098;
41333 : FD87;
41334 : ECE3;
41335 : F18B;
41336 : F650;
41337 : F793;
41338 : FEFE;
41339 : 0BB4;
41340 : FEF6;
41341 : 0436;
41342 : F8BF;
41343 : FF72;
41344 : 0023;
41345 : 0343;
41346 : F29F;
41347 : 0DF5;
41348 : 0A58;
41349 : ED1D;
41350 : 077B;
41351 : 09AA;
41352 : F204;
41353 : 0D07;
41354 : F83E;
41355 : FED8;
41356 : FA8F;
41357 : F539;
41358 : EF35;
41359 : FCA5;
41360 : 02B5;
41361 : F413;
41362 : FF58;
41363 : ED97;
41364 : F7C6;
41365 : 0A7F;
41366 : FA8B;
41367 : EFF0;
41368 : FFB7;
41369 : F248;
41370 : ED3C;
41371 : 0235;
41372 : F737;
41373 : FB99;
41374 : F78F;
41375 : F5FF;
41376 : F885;
41377 : FB14;
41378 : F95A;
41379 : F708;
41380 : FC3B;
41381 : FFBD;
41382 : FE9D;
41383 : 03F7;
41384 : F03E;
41385 : 0841;
41386 : 1281;
41387 : EEBA;
41388 : F61A;
41389 : F0A5;
41390 : F7C3;
41391 : F0DF;
41392 : 05BA;
41393 : 047B;
41394 : 1178;
41395 : F2DC;
41396 : FD8B;
41397 : F29A;
41398 : FD53;
41399 : 09E1;
41400 : F9E5;
41401 : 05AA;
41402 : F3D9;
41403 : 007B;
41404 : 0163;
41405 : 11DE;
41406 : F97B;
41407 : 0992;
41408 : 16EA;
41409 : 0A8B;
41410 : F962;
41411 : F6DB;
41412 : F96F;
41413 : 020D;
41414 : 1358;
41415 : 0AC8;
41416 : 08D7;
41417 : 0F65;
41418 : F544;
41419 : FD43;
41420 : FBD5;
41421 : 13E3;
41422 : F721;
41423 : 0334;
41424 : 13CB;
41425 : FC49;
41426 : F2C9;
41427 : F905;
41428 : F0F0;
41429 : 0A0B;
41430 : 0BF9;
41431 : F9D5;
41432 : 07F1;
41433 : F9BE;
41434 : F46D;
41435 : 09E3;
41436 : 0019;
41437 : 0DA9;
41438 : E85C;
41439 : FBB8;
41440 : FE0B;
41441 : 13BA;
41442 : 0A78;
41443 : 09D8;
41444 : 1200;
41445 : EE78;
41446 : 14C6;
41447 : 0D00;
41448 : 0326;
41449 : 0058;
41450 : F2DF;
41451 : F0FF;
41452 : 1193;
41453 : 077E;
41454 : 0AC5;
41455 : F05A;
41456 : FE98;
41457 : F340;
41458 : 0496;
41459 : FDA7;
41460 : F01D;
41461 : F23A;
41462 : 0BE4;
41463 : F514;
41464 : EFFB;
41465 : EEBD;
41466 : 05EF;
41467 : F9EF;
41468 : F079;
41469 : F763;
41470 : FE6D;
41471 : 1076;
41472 : FBC4;
41473 : F474;
41474 : 04B6;
41475 : FD6E;
41476 : FAB2;
41477 : 0DCC;
41478 : 099A;
41479 : 0FA1;
41480 : 0585;
41481 : 0AA5;
41482 : 04DA;
41483 : 0C6F;
41484 : 0509;
41485 : 0404;
41486 : F277;
41487 : F3E0;
41488 : 0BEB;
41489 : 07E6;
41490 : FB3B;
41491 : 0EFC;
41492 : 0BEF;
41493 : 06F0;
41494 : F71C;
41495 : 07C2;
41496 : EF59;
41497 : 0091;
41498 : F835;
41499 : 0442;
41500 : FEE1;
41501 : F4AC;
41502 : 003A;
41503 : 050D;
41504 : 126B;
41505 : 150A;
41506 : 07D3;
41507 : F0A6;
41508 : 03E4;
41509 : FDD0;
41510 : F809;
41511 : F13F;
41512 : 0AB5;
41513 : FF99;
41514 : F4C2;
41515 : F413;
41516 : F908;
41517 : 0295;
41518 : FCEA;
41519 : E5C2;
41520 : EC68;
41521 : 01D4;
41522 : F5E0;
41523 : 0472;
41524 : 072F;
41525 : F6BF;
41526 : F227;
41527 : F6CC;
41528 : F86B;
41529 : FACB;
41530 : F7B8;
41531 : F5F7;
41532 : F1E6;
41533 : F5B0;
41534 : FDDB;
41535 : F13C;
41536 : F4E8;
41537 : 0E1F;
41538 : 0815;
41539 : 01BD;
41540 : F9E3;
41541 : F34D;
41542 : F638;
41543 : FB87;
41544 : FAFC;
41545 : FECF;
41546 : 061E;
41547 : F771;
41548 : 06DE;
41549 : 0F05;
41550 : FBFD;
41551 : ED51;
41552 : F47E;
41553 : 0BD9;
41554 : FECF;
41555 : 006E;
41556 : F2D5;
41557 : 0AA1;
41558 : 0A0A;
41559 : F2D1;
41560 : 0B1E;
41561 : FB92;
41562 : EFCA;
41563 : F361;
41564 : F4F0;
41565 : F1B5;
41566 : 00FA;
41567 : 030E;
41568 : F30E;
41569 : 15E3;
41570 : 0304;
41571 : F385;
41572 : 0834;
41573 : 0DB4;
41574 : FF12;
41575 : 01B1;
41576 : FB39;
41577 : FF20;
41578 : 0938;
41579 : 0E97;
41580 : F573;
41581 : 00B9;
41582 : 0F19;
41583 : FAFA;
41584 : F6E1;
41585 : 03A6;
41586 : 011B;
41587 : FECB;
41588 : FC0B;
41589 : F0BD;
41590 : FE4F;
41591 : EC5A;
41592 : FCF6;
41593 : FE68;
41594 : F193;
41595 : 044A;
41596 : EC34;
41597 : 0507;
41598 : 09DD;
41599 : 0574;
41600 : 02FB;
41601 : 12AB;
41602 : F8CA;
41603 : 0BFE;
41604 : FC54;
41605 : F17B;
41606 : 021F;
41607 : 0B5D;
41608 : F327;
41609 : 0916;
41610 : 0CDD;
41611 : FE05;
41612 : 0C2D;
41613 : F43A;
41614 : 03E9;
41615 : F8AA;
41616 : 0A01;
41617 : 0304;
41618 : F4FD;
41619 : FBF4;
41620 : F021;
41621 : F550;
41622 : 0422;
41623 : EFAC;
41624 : EDCB;
41625 : ECEF;
41626 : F294;
41627 : 06E7;
41628 : FE91;
41629 : FBB1;
41630 : 198C;
41631 : 09BE;
41632 : 0F4F;
41633 : F39B;
41634 : 0AD3;
41635 : 1104;
41636 : F467;
41637 : F998;
41638 : 0EFD;
41639 : 0A57;
41640 : 0424;
41641 : 0BAC;
41642 : 0F9C;
41643 : 017B;
41644 : FBFC;
41645 : 140D;
41646 : 0598;
41647 : F73F;
41648 : 06DD;
41649 : F0F0;
41650 : 03C5;
41651 : F3D0;
41652 : F4BF;
41653 : 0654;
41654 : 0FFA;
41655 : F8B1;
41656 : 03CD;
41657 : FF75;
41658 : 0B60;
41659 : F678;
41660 : F015;
41661 : 0ADC;
41662 : ECB7;
41663 : F553;
41664 : 0F49;
41665 : 1026;
41666 : 0FCA;
41667 : F3FE;
41668 : 07AC;
41669 : 048C;
41670 : FF1B;
41671 : F582;
41672 : 0CB1;
41673 : 06C3;
41674 : F8A5;
41675 : F756;
41676 : 0F1E;
41677 : 0126;
41678 : ECD8;
41679 : F03D;
41680 : 0EA7;
41681 : 0309;
41682 : 0CE1;
41683 : 1091;
41684 : 113B;
41685 : FA86;
41686 : F642;
41687 : F94D;
41688 : 0027;
41689 : F412;
41690 : 0548;
41691 : 0F47;
41692 : 096F;
41693 : 0514;
41694 : 15CB;
41695 : F870;
41696 : F23A;
41697 : FD32;
41698 : F1E6;
41699 : 0AE3;
41700 : F476;
41701 : F72D;
41702 : 05E5;
41703 : 0007;
41704 : F85D;
41705 : F69B;
41706 : FFD2;
41707 : 041F;
41708 : FA51;
41709 : 13F1;
41710 : 01A0;
41711 : EAD3;
41712 : 0D7A;
41713 : 00B4;
41714 : 10FD;
41715 : F257;
41716 : F670;
41717 : 0C39;
41718 : 0F83;
41719 : FEE7;
41720 : 0228;
41721 : 03CC;
41722 : 09D4;
41723 : 08EE;
41724 : 093E;
41725 : EC7F;
41726 : 0608;
41727 : FED4;
41728 : EC3A;
41729 : 0CC3;
41730 : FA7A;
41731 : 0FD6;
41732 : 1246;
41733 : 08A3;
41734 : 07A8;
41735 : FDE0;
41736 : 03A8;
41737 : E7D4;
41738 : FC4F;
41739 : 0F9B;
41740 : F8C3;
41741 : 12AA;
41742 : EFEE;
41743 : E9D4;
41744 : 003E;
41745 : 020D;
41746 : FBFF;
41747 : 125D;
41748 : EB97;
41749 : 03BE;
41750 : F41C;
41751 : F5A2;
41752 : 0790;
41753 : 0D9B;
41754 : 0A2D;
41755 : 066F;
41756 : 0978;
41757 : 0286;
41758 : 05E5;
41759 : 02EB;
41760 : F47C;
41761 : F067;
41762 : 0600;
41763 : F6EA;
41764 : FD1E;
41765 : 07E9;
41766 : F3DC;
41767 : 003D;
41768 : 06F5;
41769 : FB9F;
41770 : F6E8;
41771 : F198;
41772 : EEEE;
41773 : 0161;
41774 : F94A;
41775 : 0A8F;
41776 : F693;
41777 : 116C;
41778 : EEAE;
41779 : F43B;
41780 : F77D;
41781 : 05ED;
41782 : 00BC;
41783 : 10BE;
41784 : F49F;
41785 : 03E3;
41786 : 06C5;
41787 : FBE8;
41788 : 0274;
41789 : 0993;
41790 : F11F;
41791 : EEEC;
41792 : 0106;
41793 : FFC4;
41794 : 06D2;
41795 : 0710;
41796 : 0F09;
41797 : 0F86;
41798 : F4B5;
41799 : 08CD;
41800 : 0879;
41801 : FA69;
41802 : 0304;
41803 : F010;
41804 : FF9C;
41805 : 123A;
41806 : F2F0;
41807 : 0E91;
41808 : 02BC;
41809 : 0648;
41810 : 01E4;
41811 : EDD4;
41812 : F05F;
41813 : F513;
41814 : FE0C;
41815 : FD36;
41816 : F451;
41817 : 0B0B;
41818 : FBD1;
41819 : 0BA4;
41820 : 1AC3;
41821 : 0FE1;
41822 : 1345;
41823 : FDD4;
41824 : 0C3F;
41825 : FAFC;
41826 : EDBC;
41827 : FEAB;
41828 : 0BB1;
41829 : 0DEE;
41830 : 0923;
41831 : FB33;
41832 : E8AE;
41833 : 0838;
41834 : F632;
41835 : F396;
41836 : F230;
41837 : 1035;
41838 : 0CED;
41839 : F013;
41840 : F87D;
41841 : 045E;
41842 : 0482;
41843 : 073D;
41844 : EE2B;
41845 : 0C28;
41846 : 054D;
41847 : FE17;
41848 : F77E;
41849 : F189;
41850 : FDE1;
41851 : 016C;
41852 : 01E7;
41853 : F171;
41854 : 08A8;
41855 : 0C01;
41856 : F433;
41857 : 087D;
41858 : F1AC;
41859 : 10C3;
41860 : 0C8E;
41861 : 0B35;
41862 : 092F;
41863 : F0D5;
41864 : 0F37;
41865 : FE70;
41866 : F40D;
41867 : 048D;
41868 : F262;
41869 : 118F;
41870 : F40F;
41871 : F27B;
41872 : 0A22;
41873 : F89A;
41874 : 0635;
41875 : FAC9;
41876 : F526;
41877 : 0544;
41878 : 0FBA;
41879 : 081A;
41880 : 0313;
41881 : F294;
41882 : F140;
41883 : 1057;
41884 : 12DC;
41885 : F3A5;
41886 : F43C;
41887 : 10EF;
41888 : F1DA;
41889 : 080E;
41890 : F393;
41891 : FD30;
41892 : 064F;
41893 : EB54;
41894 : 0DFF;
41895 : F5FD;
41896 : F4BF;
41897 : FF17;
41898 : 10A4;
41899 : F97F;
41900 : 03B7;
41901 : F437;
41902 : F49D;
41903 : EEE7;
41904 : 086C;
41905 : FDDD;
41906 : 0995;
41907 : 043A;
41908 : FA54;
41909 : 01B7;
41910 : F3EB;
41911 : 0E7A;
41912 : 0197;
41913 : 0AC0;
41914 : 04D0;
41915 : 08F7;
41916 : F513;
41917 : 09C3;
41918 : EFEB;
41919 : 0E86;
41920 : 07B7;
41921 : 09C6;
41922 : 0DE8;
41923 : F9F4;
41924 : 14E3;
41925 : F01C;
41926 : 01CF;
41927 : FF4D;
41928 : 08D1;
41929 : 0AC0;
41930 : 096E;
41931 : FAC4;
41932 : F822;
41933 : 0A63;
41934 : 0006;
41935 : 051B;
41936 : 02B3;
41937 : FCAC;
41938 : EFFB;
41939 : F061;
41940 : F8B8;
41941 : FD82;
41942 : 0392;
41943 : F61E;
41944 : F1C3;
41945 : F183;
41946 : EDBF;
41947 : EF54;
41948 : 0ED7;
41949 : FC48;
41950 : FFCD;
41951 : EE3C;
41952 : 0E23;
41953 : F763;
41954 : FB3D;
41955 : FDAE;
41956 : 0DF8;
41957 : EE75;
41958 : 13B7;
41959 : 0548;
41960 : 044C;
41961 : 0BDC;
41962 : 04CA;
41963 : FD99;
41964 : FCAD;
41965 : 1022;
41966 : F8CE;
41967 : 1110;
41968 : 09ED;
41969 : 0F3B;
41970 : 10A9;
41971 : 09DE;
41972 : 0A9F;
41973 : FAE5;
41974 : 0D2F;
41975 : ED9F;
41976 : F6D9;
41977 : 0071;
41978 : 1311;
41979 : 0579;
41980 : F5AD;
41981 : 06D9;
41982 : 09EA;
41983 : F0D6;
41984 : 065C;
41985 : FFC7;
41986 : 0977;
41987 : FB7A;
41988 : FDAA;
41989 : 02E3;
41990 : 08E1;
41991 : 07F4;
41992 : FF5B;
41993 : EF79;
41994 : 0294;
41995 : 0E9F;
41996 : 0AC0;
41997 : 0F3B;
41998 : 0CF1;
41999 : FFE9;
42000 : 0DC8;
42001 : 015A;
42002 : EEB2;
42003 : F512;
42004 : 01BF;
42005 : 0F0C;
42006 : 1290;
42007 : EF5B;
42008 : 0291;
42009 : 101B;
42010 : F665;
42011 : F5B9;
42012 : 145F;
42013 : FECA;
42014 : ED03;
42015 : 0724;
42016 : 0012;
42017 : 0B26;
42018 : 0E6C;
42019 : EE82;
42020 : 08F3;
42021 : 09A1;
42022 : FE0A;
42023 : FDC0;
42024 : 0C57;
42025 : F9AE;
42026 : FD51;
42027 : F881;
42028 : EAFE;
42029 : F992;
42030 : 0D6F;
42031 : 04EA;
42032 : 02E5;
42033 : EE11;
42034 : FDA5;
42035 : F264;
42036 : ED77;
42037 : EEB6;
42038 : 0D3C;
42039 : F571;
42040 : EBB1;
42041 : F8B0;
42042 : 12A4;
42043 : FCB1;
42044 : 06E9;
42045 : F75B;
42046 : 0094;
42047 : FE39;
42048 : 06E4;
42049 : F307;
42050 : 088F;
42051 : 079E;
42052 : 0F52;
42053 : 05F2;
42054 : 10A9;
42055 : FFDC;
42056 : 0083;
42057 : 0ABE;
42058 : FC27;
42059 : F77E;
42060 : 066D;
42061 : EDC4;
42062 : FBD6;
42063 : 0D9E;
42064 : 0FE7;
42065 : FF9F;
42066 : FD51;
42067 : 04F7;
42068 : FE8E;
42069 : FC22;
42070 : F397;
42071 : 1017;
42072 : 0C1A;
42073 : FB46;
42074 : 017D;
42075 : 0204;
42076 : F596;
42077 : F67F;
42078 : F9AB;
42079 : 0137;
42080 : FFF6;
42081 : FBCA;
42082 : F5B8;
42083 : F8E0;
42084 : FAA2;
42085 : ECE0;
42086 : FB45;
42087 : 0186;
42088 : EF76;
42089 : 0DB8;
42090 : 07F1;
42091 : 0D19;
42092 : 0A01;
42093 : F8FF;
42094 : F37A;
42095 : F635;
42096 : 04E7;
42097 : 060A;
42098 : FA7F;
42099 : 0F9C;
42100 : 07B2;
42101 : F81C;
42102 : 0E8B;
42103 : 0FCC;
42104 : 0C4F;
42105 : 0F61;
42106 : 0FA3;
42107 : F662;
42108 : 0584;
42109 : 0D1F;
42110 : FD48;
42111 : 102A;
42112 : 0A1B;
42113 : F7CF;
42114 : 0372;
42115 : 0A94;
42116 : 0CC6;
42117 : 0715;
42118 : FF2F;
42119 : F717;
42120 : EDDA;
42121 : 0305;
42122 : 0625;
42123 : 0C88;
42124 : 0F45;
42125 : 10A5;
42126 : FD16;
42127 : F167;
42128 : 13D8;
42129 : 0364;
42130 : F80C;
42131 : F38C;
42132 : 0989;
42133 : FA76;
42134 : F3AF;
42135 : 0379;
42136 : 0A38;
42137 : F34C;
42138 : 091C;
42139 : F08F;
42140 : FFA0;
42141 : F822;
42142 : ED53;
42143 : EC51;
42144 : 0F4E;
42145 : 0C87;
42146 : 0F37;
42147 : 06F4;
42148 : 159F;
42149 : FA67;
42150 : 13FF;
42151 : 0551;
42152 : 02FD;
42153 : EBAE;
42154 : EE07;
42155 : 000C;
42156 : FD89;
42157 : F678;
42158 : 0933;
42159 : FB2F;
42160 : 10CB;
42161 : 0303;
42162 : F7C9;
42163 : 12F2;
42164 : 0818;
42165 : F423;
42166 : F74F;
42167 : 0AE4;
42168 : EF31;
42169 : 0B00;
42170 : FCAB;
42171 : F03A;
42172 : F1DB;
42173 : FDEF;
42174 : 0C9E;
42175 : ECD1;
42176 : 0F89;
42177 : F359;
42178 : 0E9B;
42179 : 103A;
42180 : 0AF3;
42181 : EDF6;
42182 : F5EE;
42183 : FEB4;
42184 : 06D8;
42185 : 0C38;
42186 : F011;
42187 : FC4F;
42188 : F97A;
42189 : 0EBB;
42190 : 0A2B;
42191 : 045C;
42192 : 0A0A;
42193 : F858;
42194 : 0A3A;
42195 : FCB7;
42196 : 08F8;
42197 : F421;
42198 : 03B5;
42199 : 00D5;
42200 : FEF7;
42201 : 08E2;
42202 : FA8C;
42203 : FFE3;
42204 : 05A7;
42205 : F5E6;
42206 : 0154;
42207 : 0D28;
42208 : 0C26;
42209 : F5D1;
42210 : 0CCE;
42211 : 07E1;
42212 : F0C5;
42213 : F353;
42214 : F51E;
42215 : 1713;
42216 : 074D;
42217 : 0873;
42218 : F943;
42219 : 1062;
42220 : F467;
42221 : FB20;
42222 : 0F1B;
42223 : 0C53;
42224 : F5D6;
42225 : F6AE;
42226 : 0B0A;
42227 : FD28;
42228 : 0A8B;
42229 : F293;
42230 : 0357;
42231 : FD9C;
42232 : 04CE;
42233 : F483;
42234 : 00DB;
42235 : F4DA;
42236 : 0551;
42237 : 14AB;
42238 : ECD1;
42239 : 046A;
42240 : FE14;
42241 : 0D3B;
42242 : 1006;
42243 : FFB7;
42244 : 0437;
42245 : 100C;
42246 : 04B9;
42247 : FC09;
42248 : F2E9;
42249 : 0BFD;
42250 : FD89;
42251 : 0E5F;
42252 : 03F6;
42253 : FE12;
42254 : 0186;
42255 : 05BE;
42256 : 012D;
42257 : 16EB;
42258 : EDFD;
42259 : 0871;
42260 : F6CE;
42261 : 08AC;
42262 : 0D8A;
42263 : F120;
42264 : F0F8;
42265 : EB11;
42266 : F033;
42267 : FB92;
42268 : 06CB;
42269 : F349;
42270 : F362;
42271 : F359;
42272 : EE2C;
42273 : FCDF;
42274 : F7CD;
42275 : F1EE;
42276 : F42F;
42277 : 04A7;
42278 : 0F9F;
42279 : 003A;
42280 : 0060;
42281 : 0074;
42282 : 0D2E;
42283 : 065B;
42284 : FDB9;
42285 : 06FF;
42286 : 03CA;
42287 : 0685;
42288 : F891;
42289 : EF63;
42290 : FD9A;
42291 : 1531;
42292 : 0218;
42293 : F9D8;
42294 : 0A7E;
42295 : EDD0;
42296 : 02A5;
42297 : 03A0;
42298 : 0EA0;
42299 : FFB3;
42300 : 116D;
42301 : 07B3;
42302 : EE87;
42303 : EFDD;
42304 : F59F;
42305 : FA4B;
42306 : F427;
42307 : 0B3B;
42308 : 0FAE;
42309 : F027;
42310 : 0499;
42311 : FF56;
42312 : 10E9;
42313 : F822;
42314 : F7AB;
42315 : 0A9D;
42316 : FD69;
42317 : 05B7;
42318 : FF22;
42319 : ED2B;
42320 : 07A6;
42321 : 0A01;
42322 : F038;
42323 : F900;
42324 : 0E22;
42325 : F6D6;
42326 : 0A35;
42327 : 0614;
42328 : F048;
42329 : F714;
42330 : 1379;
42331 : EBF8;
42332 : 0A1F;
42333 : 0401;
42334 : F124;
42335 : 1226;
42336 : EFB8;
42337 : FA16;
42338 : F18B;
42339 : FA17;
42340 : 13BF;
42341 : F84C;
42342 : EBD1;
42343 : F8EF;
42344 : 0E2D;
42345 : FD5C;
42346 : EEBC;
42347 : 015A;
42348 : F6F8;
42349 : EC16;
42350 : 089E;
42351 : F3C5;
42352 : FE39;
42353 : F8C7;
42354 : F44C;
42355 : F7B3;
42356 : F939;
42357 : FB6E;
42358 : 00E1;
42359 : 0987;
42360 : 11BB;
42361 : 0216;
42362 : FECF;
42363 : ECA5;
42364 : 0AD2;
42365 : F04B;
42366 : 0676;
42367 : 0FB3;
42368 : FF4E;
42369 : F77A;
42370 : FD02;
42371 : ED0B;
42372 : EE3C;
42373 : F606;
42374 : FB7C;
42375 : EFF7;
42376 : FC0E;
42377 : 072C;
42378 : 0633;
42379 : 08E6;
42380 : 09EC;
42381 : 0A78;
42382 : F865;
42383 : 0568;
42384 : 0745;
42385 : F99A;
42386 : 0F8B;
42387 : 0CF2;
42388 : 0429;
42389 : 0BA7;
42390 : 0E1A;
42391 : F047;
42392 : 09E0;
42393 : FCD3;
42394 : 0495;
42395 : FD33;
42396 : FFA9;
42397 : FD98;
42398 : 0F32;
42399 : F45B;
42400 : 10BB;
42401 : FADA;
42402 : 0E2D;
42403 : F04B;
42404 : EDBD;
42405 : FB60;
42406 : 04C6;
42407 : 06CE;
42408 : F38A;
42409 : F4F1;
42410 : F3C3;
42411 : FB9F;
42412 : 0149;
42413 : 026C;
42414 : 0387;
42415 : 0DED;
42416 : ED9D;
42417 : 07B4;
42418 : 0C40;
42419 : 08E3;
42420 : EE42;
42421 : FF14;
42422 : F261;
42423 : FD6D;
42424 : FFB4;
42425 : 0114;
42426 : 11D7;
42427 : F78C;
42428 : F104;
42429 : F313;
42430 : ED8E;
42431 : FB34;
42432 : F1AC;
42433 : F46C;
42434 : F801;
42435 : F8DB;
42436 : EF05;
42437 : 0F08;
42438 : 0827;
42439 : 0B61;
42440 : EDDB;
42441 : 078C;
42442 : F92A;
42443 : EF27;
42444 : 0F87;
42445 : 0DD4;
42446 : F4AF;
42447 : 0D58;
42448 : F4D3;
42449 : 060E;
42450 : F7C4;
42451 : 02E6;
42452 : 0692;
42453 : 04BE;
42454 : 0C16;
42455 : 1141;
42456 : F658;
42457 : 0A73;
42458 : F46D;
42459 : F8C5;
42460 : 1812;
42461 : 024E;
42462 : FD62;
42463 : FAA7;
42464 : F82A;
42465 : 03E1;
42466 : 00C8;
42467 : 061A;
42468 : FDE6;
42469 : 0522;
42470 : 0CD9;
42471 : FA6C;
42472 : 07AA;
42473 : 1135;
42474 : EF2E;
42475 : 066A;
42476 : E7E3;
42477 : FBFC;
42478 : 08CC;
42479 : ECCB;
42480 : ED3F;
42481 : EE12;
42482 : F0BD;
42483 : 16C8;
42484 : 0F3E;
42485 : 08F4;
42486 : 0CBA;
42487 : F277;
42488 : 1052;
42489 : F069;
42490 : F275;
42491 : F23A;
42492 : EFC4;
42493 : 0744;
42494 : 0F55;
42495 : 08A5;
42496 : F469;
42497 : 0D69;
42498 : 0B86;
42499 : 0242;
42500 : FA17;
42501 : 0BA0;
42502 : 0AB9;
42503 : 0C23;
42504 : F82E;
42505 : F82B;
42506 : EBE3;
42507 : 0327;
42508 : F1FB;
42509 : 0B55;
42510 : 08CF;
42511 : 0AF2;
42512 : 0A10;
42513 : 05C0;
42514 : 0D54;
42515 : 07F6;
42516 : 0E9D;
42517 : 0CF2;
42518 : EE0A;
42519 : FE81;
42520 : FF66;
42521 : FD20;
42522 : 0FD1;
42523 : 01C7;
42524 : 1018;
42525 : F76E;
42526 : 1296;
42527 : EE09;
42528 : 0988;
42529 : 0883;
42530 : 08A5;
42531 : FAC0;
42532 : F9DF;
42533 : 05C6;
42534 : EBFC;
42535 : 0C3F;
42536 : 1015;
42537 : 01AC;
42538 : F4D3;
42539 : F613;
42540 : FB6F;
42541 : FC3D;
42542 : 0219;
42543 : F43D;
42544 : 0C88;
42545 : 1128;
42546 : FEA3;
42547 : 149A;
42548 : F15D;
42549 : F76B;
42550 : F040;
42551 : F94C;
42552 : FCEA;
42553 : F9B7;
42554 : FACD;
42555 : FC4A;
42556 : 07B6;
42557 : ECA6;
42558 : F43E;
42559 : F525;
42560 : EE5F;
42561 : FEA7;
42562 : 0D7A;
42563 : EE92;
42564 : ED85;
42565 : F2F8;
42566 : 059B;
42567 : EDC8;
42568 : 0072;
42569 : EBEB;
42570 : ED18;
42571 : 0BCF;
42572 : FD98;
42573 : ECE7;
42574 : F5F2;
42575 : 0812;
42576 : 1161;
42577 : 0A49;
42578 : 0B1C;
42579 : F979;
42580 : 0D4E;
42581 : 0AC5;
42582 : F73E;
42583 : 1158;
42584 : 1125;
42585 : 0C6F;
42586 : 07D8;
42587 : F07F;
42588 : 0C26;
42589 : FEBF;
42590 : F98C;
42591 : FCA9;
42592 : F61F;
42593 : FABD;
42594 : F19E;
42595 : 0D76;
42596 : 0237;
42597 : F9D8;
42598 : 01E0;
42599 : 07A8;
42600 : EA1B;
42601 : EC92;
42602 : EEE9;
42603 : 0489;
42604 : 0215;
42605 : 0769;
42606 : 0E53;
42607 : F31C;
42608 : 04F8;
42609 : F799;
42610 : FE9A;
42611 : F5B9;
42612 : EC98;
42613 : F407;
42614 : 0576;
42615 : FDD2;
42616 : FE57;
42617 : F246;
42618 : F935;
42619 : 0655;
42620 : F19E;
42621 : EF91;
42622 : EF9B;
42623 : 0FDD;
42624 : FAFA;
42625 : FAFF;
42626 : F87C;
42627 : FA52;
42628 : FEB5;
42629 : 0E73;
42630 : 0BFC;
42631 : 0582;
42632 : 00FE;
42633 : EC4E;
42634 : FC60;
42635 : 0E6A;
42636 : F14D;
42637 : F6CA;
42638 : 0EDA;
42639 : 0E1B;
42640 : 0D78;
42641 : EDBF;
42642 : FE2B;
42643 : 08F1;
42644 : F9AA;
42645 : 080D;
42646 : 146A;
42647 : 11CE;
42648 : 0FC4;
42649 : 0766;
42650 : 07CC;
42651 : 0F0D;
42652 : F933;
42653 : FC17;
42654 : 08FD;
42655 : F139;
42656 : F1D0;
42657 : F8FF;
42658 : F4B8;
42659 : 11E9;
42660 : 0C83;
42661 : FBFF;
42662 : 10D0;
42663 : 0085;
42664 : F70B;
42665 : FB89;
42666 : FE80;
42667 : F321;
42668 : F107;
42669 : EB7D;
42670 : 0B5F;
42671 : FDBE;
42672 : FB1B;
42673 : ECF9;
42674 : FFA8;
42675 : 104E;
42676 : F2A9;
42677 : 0D09;
42678 : 0832;
42679 : 1292;
42680 : 12E8;
42681 : 0FC2;
42682 : 083B;
42683 : 099C;
42684 : F176;
42685 : 12E6;
42686 : 1253;
42687 : 0AF6;
42688 : F70D;
42689 : 12CC;
42690 : 0A79;
42691 : 0A25;
42692 : EF7E;
42693 : 0712;
42694 : 0190;
42695 : 01E9;
42696 : EF73;
42697 : EF97;
42698 : EF58;
42699 : F599;
42700 : F4B4;
42701 : 05F6;
42702 : FC5E;
42703 : FDF2;
42704 : EC45;
42705 : EF23;
42706 : 0E80;
42707 : FEBA;
42708 : F730;
42709 : F1A8;
42710 : F4E8;
42711 : 03BF;
42712 : 06B1;
42713 : 0FEB;
42714 : F23F;
42715 : F6F7;
42716 : FB02;
42717 : 0BD3;
42718 : 0477;
42719 : 08D8;
42720 : FEA4;
42721 : ED84;
42722 : FE43;
42723 : 0674;
42724 : 1381;
42725 : 0747;
42726 : FD59;
42727 : 0FDC;
42728 : 0BD1;
42729 : 0501;
42730 : EF4F;
42731 : F75D;
42732 : FA55;
42733 : 0F35;
42734 : FCFB;
42735 : 0AEE;
42736 : FEAB;
42737 : F446;
42738 : 063A;
42739 : F6A4;
42740 : FE7D;
42741 : 03F9;
42742 : FBFF;
42743 : FFEB;
42744 : 122C;
42745 : 03CD;
42746 : 02EE;
42747 : 0233;
42748 : 0271;
42749 : 10D5;
42750 : 082E;
42751 : F566;
42752 : F0B2;
42753 : 0B0B;
42754 : FE07;
42755 : 0436;
42756 : F7E9;
42757 : 04DB;
42758 : FA4B;
42759 : 0DBB;
42760 : 061E;
42761 : F721;
42762 : F3B1;
42763 : EFA9;
42764 : 0AB3;
42765 : 0490;
42766 : 127B;
42767 : 06B0;
42768 : 0514;
42769 : 109C;
42770 : F1DF;
42771 : 0E2C;
42772 : F648;
42773 : EFBA;
42774 : 11CD;
42775 : 0096;
42776 : F60C;
42777 : F32B;
42778 : 0ADC;
42779 : 039F;
42780 : F22B;
42781 : 0144;
42782 : F557;
42783 : 05C3;
42784 : 0DBC;
42785 : F36E;
42786 : FEDE;
42787 : 13AC;
42788 : EEC1;
42789 : 03D5;
42790 : 0675;
42791 : FF64;
42792 : 0F5D;
42793 : F685;
42794 : 0796;
42795 : FAE2;
42796 : EE91;
42797 : 107B;
42798 : F208;
42799 : 0879;
42800 : 0B2D;
42801 : 114A;
42802 : 0A2C;
42803 : EAB9;
42804 : F9CE;
42805 : 0D1E;
42806 : 026E;
42807 : EF63;
42808 : F02B;
42809 : 0439;
42810 : F52D;
42811 : 0D7C;
42812 : 0EDD;
42813 : EB0C;
42814 : 1036;
42815 : F79E;
42816 : F8DF;
42817 : 0177;
42818 : FA1D;
42819 : FC05;
42820 : 047E;
42821 : EEDD;
42822 : 07A3;
42823 : 0BA6;
42824 : 00AD;
42825 : 03EA;
42826 : 094B;
42827 : 04C5;
42828 : 1150;
42829 : FE99;
42830 : 07A2;
42831 : FC8F;
42832 : F6C6;
42833 : 030B;
42834 : F520;
42835 : EA0A;
42836 : 0734;
42837 : 0C3D;
42838 : ED1A;
42839 : F55C;
42840 : F1DA;
42841 : F8AC;
42842 : EC92;
42843 : F6A1;
42844 : 0B5B;
42845 : 0B42;
42846 : 0FBE;
42847 : EA89;
42848 : F2CF;
42849 : EB5D;
42850 : F11F;
42851 : F6C3;
42852 : F442;
42853 : FA0F;
42854 : 04D8;
42855 : 1488;
42856 : 07F7;
42857 : F6D3;
42858 : F366;
42859 : 17C2;
42860 : 0AE5;
42861 : 0FAD;
42862 : EA7D;
42863 : 0BCA;
42864 : 0456;
42865 : 0EDF;
42866 : EDD4;
42867 : 04C3;
42868 : F076;
42869 : F550;
42870 : 15B5;
42871 : F39B;
42872 : F9B8;
42873 : ED51;
42874 : 03C0;
42875 : FB6A;
42876 : F5B7;
42877 : FEB8;
42878 : FCD4;
42879 : 02EE;
42880 : F45D;
42881 : F964;
42882 : 10FA;
42883 : 0D9E;
42884 : F4B8;
42885 : 0981;
42886 : FB85;
42887 : 0DD9;
42888 : 1328;
42889 : 0529;
42890 : 0130;
42891 : FF6C;
42892 : F375;
42893 : FFBB;
42894 : 0739;
42895 : 1155;
42896 : 0AB0;
42897 : 00BE;
42898 : 0823;
42899 : FAEE;
42900 : 0212;
42901 : E9E6;
42902 : ECC5;
42903 : 11DF;
42904 : F37C;
42905 : 0819;
42906 : 0328;
42907 : 0C89;
42908 : 123F;
42909 : 010E;
42910 : 1330;
42911 : 0AAD;
42912 : EDF6;
42913 : 042A;
42914 : 0240;
42915 : F95A;
42916 : 0E6D;
42917 : 112A;
42918 : ECE8;
42919 : F736;
42920 : 0042;
42921 : EEFA;
42922 : 1273;
42923 : 01E7;
42924 : F275;
42925 : 09DD;
42926 : F335;
42927 : 1072;
42928 : 089E;
42929 : EF24;
42930 : 0729;
42931 : FC4C;
42932 : FE3D;
42933 : 005E;
42934 : 06CC;
42935 : FE69;
42936 : F1F8;
42937 : FBE1;
42938 : F273;
42939 : 0927;
42940 : FE25;
42941 : 102B;
42942 : 01B4;
42943 : 02BD;
42944 : 014E;
42945 : F3DA;
42946 : F290;
42947 : F308;
42948 : EDAE;
42949 : FCAB;
42950 : F083;
42951 : FB43;
42952 : 0F67;
42953 : 0367;
42954 : F057;
42955 : 0E1B;
42956 : ECD8;
42957 : 039E;
42958 : 0B60;
42959 : FA92;
42960 : F7CE;
42961 : F755;
42962 : F61C;
42963 : F430;
42964 : FC5C;
42965 : 0F74;
42966 : FCFC;
42967 : 1381;
42968 : F9B8;
42969 : 0465;
42970 : 12D9;
42971 : FFD4;
42972 : FEBB;
42973 : 133C;
42974 : EDBB;
42975 : FDC3;
42976 : F37F;
42977 : 0106;
42978 : 0601;
42979 : 05C5;
42980 : 088B;
42981 : 00C8;
42982 : EE25;
42983 : EE00;
42984 : 10B6;
42985 : FCF8;
42986 : 0433;
42987 : EC75;
42988 : ECCC;
42989 : 0B6B;
42990 : 12AC;
42991 : EFEE;
42992 : F4B9;
42993 : 0721;
42994 : FDC7;
42995 : 040D;
42996 : F908;
42997 : EDD2;
42998 : 132D;
42999 : FAAA;
43000 : F786;
43001 : F274;
43002 : ECB8;
43003 : 1332;
43004 : 03B9;
43005 : 0C79;
43006 : FAC6;
43007 : 0C4F;
43008 : 0B7B;
43009 : FFCD;
43010 : 1361;
43011 : 0A20;
43012 : 02A1;
43013 : F969;
43014 : 01C3;
43015 : FEDE;
43016 : 0FE4;
43017 : F18F;
43018 : 03E7;
43019 : 071D;
43020 : 1047;
43021 : F23F;
43022 : EE4C;
43023 : 0F06;
43024 : F257;
43025 : EDCC;
43026 : ED39;
43027 : ECD8;
43028 : F8E6;
43029 : EE3C;
43030 : 06B3;
43031 : F394;
43032 : FAA1;
43033 : ED46;
43034 : 0D6B;
43035 : F618;
43036 : 0D2F;
43037 : 07EB;
43038 : F102;
43039 : 0495;
43040 : EEAA;
43041 : 0F88;
43042 : 0BC8;
43043 : 0C7C;
43044 : 119D;
43045 : F8D6;
43046 : F012;
43047 : 0C6E;
43048 : 0915;
43049 : F68B;
43050 : F2D8;
43051 : 0E4A;
43052 : 00A6;
43053 : 0F6E;
43054 : FE85;
43055 : F2F3;
43056 : EC81;
43057 : 09C1;
43058 : FCC9;
43059 : 0DB0;
43060 : 0240;
43061 : F60A;
43062 : 04B7;
43063 : FABA;
43064 : F236;
43065 : 133A;
43066 : F967;
43067 : F1D8;
43068 : F412;
43069 : 03E0;
43070 : 0325;
43071 : 0A3E;
43072 : 0161;
43073 : F44F;
43074 : 135F;
43075 : F16F;
43076 : FAB0;
43077 : 01B3;
43078 : 1292;
43079 : 11A5;
43080 : 1090;
43081 : 0EA1;
43082 : 00F2;
43083 : 1295;
43084 : F6E6;
43085 : 0EDC;
43086 : 0627;
43087 : EDED;
43088 : F426;
43089 : 0ABA;
43090 : F7DB;
43091 : EE69;
43092 : 0E05;
43093 : 0C69;
43094 : 0E81;
43095 : F66B;
43096 : 00A0;
43097 : F76A;
43098 : F077;
43099 : FAA2;
43100 : 1137;
43101 : 0080;
43102 : F67F;
43103 : F9FC;
43104 : ED80;
43105 : F18E;
43106 : FD68;
43107 : 0647;
43108 : 01C6;
43109 : F099;
43110 : 025A;
43111 : 0F77;
43112 : FBE7;
43113 : 0C3E;
43114 : 002A;
43115 : F045;
43116 : 0C64;
43117 : 013B;
43118 : EE83;
43119 : 0108;
43120 : F286;
43121 : EE88;
43122 : 04AE;
43123 : FB3B;
43124 : F54F;
43125 : 1360;
43126 : 0B95;
43127 : F084;
43128 : F18D;
43129 : 1037;
43130 : FD18;
43131 : FC7E;
43132 : FAD5;
43133 : FFC1;
43134 : 11AA;
43135 : 0D30;
43136 : 119B;
43137 : 0BFF;
43138 : EB12;
43139 : 131C;
43140 : EE5B;
43141 : F4C5;
43142 : 065B;
43143 : 07C4;
43144 : 0ED6;
43145 : 015D;
43146 : 0CFB;
43147 : 06A3;
43148 : 12F3;
43149 : FD90;
43150 : 1137;
43151 : FB15;
43152 : FD6D;
43153 : 046D;
43154 : 060D;
43155 : FCCA;
43156 : F861;
43157 : F5A4;
43158 : FCFF;
43159 : F8AD;
43160 : F80F;
43161 : FB43;
43162 : 0C28;
43163 : 0DCA;
43164 : F9DD;
43165 : 0D52;
43166 : 1264;
43167 : F686;
43168 : F296;
43169 : FD40;
43170 : EFB3;
43171 : F229;
43172 : 0458;
43173 : 02D3;
43174 : 0BDC;
43175 : F969;
43176 : 09B2;
43177 : 1096;
43178 : 0515;
43179 : 0FE5;
43180 : F51C;
43181 : 0E8F;
43182 : FE2A;
43183 : 11EE;
43184 : 0094;
43185 : ECF2;
43186 : 0296;
43187 : 0BB3;
43188 : EE50;
43189 : 0C38;
43190 : FF2A;
43191 : F67C;
43192 : F694;
43193 : FD03;
43194 : 0C27;
43195 : 028C;
43196 : F817;
43197 : FFD5;
43198 : 0DF1;
43199 : 0A05;
43200 : FB0A;
43201 : F806;
43202 : 0902;
43203 : 00D0;
43204 : EE11;
43205 : 0961;
43206 : 08E1;
43207 : F95C;
43208 : F400;
43209 : 0F38;
43210 : EE8F;
43211 : 037C;
43212 : 1260;
43213 : 00B3;
43214 : F3F9;
43215 : 14C6;
43216 : 02C5;
43217 : FAEB;
43218 : F355;
43219 : F2B6;
43220 : FFC9;
43221 : F2DF;
43222 : 152F;
43223 : F3EA;
43224 : 02A5;
43225 : 05BB;
43226 : F296;
43227 : 060E;
43228 : F3B4;
43229 : F71E;
43230 : F877;
43231 : F7AA;
43232 : FC98;
43233 : 06AF;
43234 : 0E38;
43235 : 10FA;
43236 : F8E1;
43237 : F3A4;
43238 : 0761;
43239 : F66D;
43240 : 0C4D;
43241 : 1190;
43242 : F715;
43243 : 0E27;
43244 : 10B5;
43245 : F498;
43246 : 004D;
43247 : 0D1F;
43248 : 107E;
43249 : 0BF6;
43250 : 1208;
43251 : EDC8;
43252 : FA32;
43253 : 01AF;
43254 : EC0F;
43255 : FE83;
43256 : F70F;
43257 : F671;
43258 : 0189;
43259 : 0DFF;
43260 : FE2A;
43261 : FE83;
43262 : EFE4;
43263 : FED1;
43264 : 008D;
43265 : 12C3;
43266 : F5BE;
43267 : 0FA8;
43268 : 117B;
43269 : 0303;
43270 : 05A1;
43271 : 090D;
43272 : 0B69;
43273 : EF39;
43274 : FBC4;
43275 : 0AE6;
43276 : F596;
43277 : 0E7D;
43278 : FF49;
43279 : F503;
43280 : 0308;
43281 : FE93;
43282 : 0289;
43283 : 02D2;
43284 : 0859;
43285 : F5C6;
43286 : 09DA;
43287 : F5DD;
43288 : 01E5;
43289 : 09D6;
43290 : F2CD;
43291 : F407;
43292 : 1420;
43293 : FB07;
43294 : 06B9;
43295 : 0C71;
43296 : 0283;
43297 : F1B1;
43298 : 0E13;
43299 : 0B6A;
43300 : 063C;
43301 : 0370;
43302 : 08D6;
43303 : 184C;
43304 : FC91;
43305 : 06BA;
43306 : 0151;
43307 : 0E04;
43308 : 14A3;
43309 : 0AB4;
43310 : 0D6B;
43311 : 0AEF;
43312 : 0F65;
43313 : F679;
43314 : FC35;
43315 : F81F;
43316 : FB2A;
43317 : FA54;
43318 : FEC9;
43319 : EE88;
43320 : 0519;
43321 : F194;
43322 : 00AC;
43323 : 0382;
43324 : F912;
43325 : 0E1C;
43326 : 0BE2;
43327 : 0A21;
43328 : 0174;
43329 : F3EB;
43330 : FEE3;
43331 : 0E78;
43332 : 07C8;
43333 : F087;
43334 : F909;
43335 : 0220;
43336 : FCC2;
43337 : F7DA;
43338 : FA9A;
43339 : EC3A;
43340 : F7F4;
43341 : F0C2;
43342 : 0051;
43343 : 0024;
43344 : 0DF9;
43345 : 00D5;
43346 : FC8D;
43347 : F502;
43348 : 0E92;
43349 : E36B;
43350 : FC20;
43351 : 0D8C;
43352 : FC47;
43353 : 03DF;
43354 : EF51;
43355 : F829;
43356 : 0AC6;
43357 : FCAE;
43358 : 030C;
43359 : FCEC;
43360 : EFA2;
43361 : 12D3;
43362 : 0EBC;
43363 : 0215;
43364 : EC4E;
43365 : FAD4;
43366 : 0C95;
43367 : 1124;
43368 : 03A4;
43369 : ECE3;
43370 : 0511;
43371 : 0F84;
43372 : 06CB;
43373 : 1093;
43374 : FF70;
43375 : 0442;
43376 : F190;
43377 : 077D;
43378 : ED60;
43379 : FB43;
43380 : F2EF;
43381 : 0160;
43382 : EC69;
43383 : F4D0;
43384 : 0CF1;
43385 : 0233;
43386 : EA76;
43387 : 04B3;
43388 : EDC1;
43389 : EBB5;
43390 : FEA3;
43391 : 06E3;
43392 : 04E2;
43393 : F786;
43394 : FB3B;
43395 : F105;
43396 : F920;
43397 : 01DA;
43398 : F0E0;
43399 : F747;
43400 : FC3F;
43401 : F3F5;
43402 : 0CD7;
43403 : FC39;
43404 : EF30;
43405 : FCFE;
43406 : FF5E;
43407 : 03ED;
43408 : 0DE5;
43409 : 0ED7;
43410 : FF38;
43411 : FD51;
43412 : 0128;
43413 : EEF1;
43414 : 0481;
43415 : EF7D;
43416 : FFDC;
43417 : 0B8B;
43418 : 0A6C;
43419 : FC38;
43420 : 06E2;
43421 : F29A;
43422 : FFE8;
43423 : F979;
43424 : F453;
43425 : F463;
43426 : EBB2;
43427 : F447;
43428 : EE59;
43429 : 0A16;
43430 : 0560;
43431 : 1450;
43432 : 068B;
43433 : FD96;
43434 : ED6B;
43435 : 0A51;
43436 : F7BE;
43437 : F32F;
43438 : 02A2;
43439 : F5F6;
43440 : F0D5;
43441 : FBEE;
43442 : 078F;
43443 : F087;
43444 : FAF3;
43445 : F8F0;
43446 : FD66;
43447 : 040F;
43448 : 0C21;
43449 : F2D3;
43450 : F7F9;
43451 : FC98;
43452 : F179;
43453 : F5C5;
43454 : ED37;
43455 : 136E;
43456 : 0AE0;
43457 : 03D1;
43458 : 0D60;
43459 : F61E;
43460 : 0B9F;
43461 : F29E;
43462 : 091F;
43463 : ED7B;
43464 : EC8C;
43465 : FC6E;
43466 : FEAB;
43467 : F96B;
43468 : EB4E;
43469 : 1211;
43470 : FF96;
43471 : F0E7;
43472 : F3E2;
43473 : 0FC4;
43474 : 08F6;
43475 : 068B;
43476 : F5FC;
43477 : F910;
43478 : 1192;
43479 : 0D9D;
43480 : 0A7A;
43481 : 0332;
43482 : 0353;
43483 : FF6B;
43484 : 11F7;
43485 : EFE2;
43486 : F8E0;
43487 : F977;
43488 : 051C;
43489 : F304;
43490 : FCDF;
43491 : EA1F;
43492 : 02F1;
43493 : 0362;
43494 : 131C;
43495 : 084C;
43496 : FC65;
43497 : F830;
43498 : F1F2;
43499 : 0228;
43500 : 0166;
43501 : F1E1;
43502 : FF73;
43503 : ED49;
43504 : F015;
43505 : 12BA;
43506 : ECD4;
43507 : EE15;
43508 : 0A95;
43509 : ED5B;
43510 : EA74;
43511 : F75B;
43512 : FEA4;
43513 : F980;
43514 : F939;
43515 : 02FB;
43516 : 0C6B;
43517 : F043;
43518 : F9D7;
43519 : FC2F;
43520 : F40A;
43521 : 03E0;
43522 : 0BF7;
43523 : EF83;
43524 : F3DD;
43525 : 0D2D;
43526 : 120F;
43527 : 0EE5;
43528 : 0A3F;
43529 : 0351;
43530 : ED93;
43531 : F602;
43532 : ED8F;
43533 : 037E;
43534 : 1263;
43535 : EB16;
43536 : 119F;
43537 : F1FD;
43538 : 051D;
43539 : EF0A;
43540 : 0E83;
43541 : 0340;
43542 : 0217;
43543 : FEE1;
43544 : 0C0F;
43545 : FEFC;
43546 : F9B3;
43547 : 0776;
43548 : 0FB0;
43549 : 0915;
43550 : FBBE;
43551 : F615;
43552 : 0DB5;
43553 : 1063;
43554 : EE0C;
43555 : 02FB;
43556 : 0F89;
43557 : 1024;
43558 : 05FA;
43559 : 076D;
43560 : 0753;
43561 : F05D;
43562 : F669;
43563 : F3B4;
43564 : ED7E;
43565 : 0626;
43566 : 07F7;
43567 : 0207;
43568 : 02A3;
43569 : 05E3;
43570 : EBC4;
43571 : 0EA3;
43572 : F347;
43573 : F93F;
43574 : EBC5;
43575 : EA8C;
43576 : EF0D;
43577 : FE0F;
43578 : FF85;
43579 : 09DF;
43580 : 07C7;
43581 : 07C3;
43582 : F8A3;
43583 : F625;
43584 : FE2A;
43585 : 00CD;
43586 : 1053;
43587 : 0EE7;
43588 : 036F;
43589 : FEAD;
43590 : EEE1;
43591 : FBF0;
43592 : FC4A;
43593 : F765;
43594 : F8C9;
43595 : 072B;
43596 : 03A9;
43597 : 14F5;
43598 : F573;
43599 : EE84;
43600 : 05F1;
43601 : 0C4C;
43602 : FA85;
43603 : 0706;
43604 : EBC6;
43605 : EFD0;
43606 : 1059;
43607 : 0B16;
43608 : F78B;
43609 : F942;
43610 : F1B2;
43611 : FFE8;
43612 : F827;
43613 : 032B;
43614 : 0E23;
43615 : 0CF5;
43616 : EE9D;
43617 : F074;
43618 : 0092;
43619 : F3F6;
43620 : 15B2;
43621 : 01BB;
43622 : 1132;
43623 : 18AA;
43624 : EC43;
43625 : 07A1;
43626 : 0201;
43627 : 092A;
43628 : F2B5;
43629 : FDEB;
43630 : FD84;
43631 : F50D;
43632 : 039D;
43633 : 004F;
43634 : F0F2;
43635 : FAB7;
43636 : 0B44;
43637 : FF2B;
43638 : F006;
43639 : EC1C;
43640 : 0A42;
43641 : 1137;
43642 : F1AE;
43643 : F9F7;
43644 : 0FEE;
43645 : F09D;
43646 : F147;
43647 : FA8E;
43648 : 0C40;
43649 : FC5A;
43650 : 0DFA;
43651 : FAE5;
43652 : F17A;
43653 : EDDE;
43654 : F795;
43655 : F2F3;
43656 : FBA3;
43657 : EA99;
43658 : 0DFF;
43659 : F568;
43660 : 032E;
43661 : FE90;
43662 : 14DF;
43663 : 0A14;
43664 : 0F29;
43665 : 0436;
43666 : EF65;
43667 : FA41;
43668 : 07AF;
43669 : 0662;
43670 : FE7A;
43671 : 07C9;
43672 : EBD2;
43673 : 0FDD;
43674 : F1D5;
43675 : 0F8F;
43676 : FD14;
43677 : F2D4;
43678 : FF10;
43679 : 06EF;
43680 : 06B9;
43681 : 01DD;
43682 : F25F;
43683 : F698;
43684 : 01E8;
43685 : FD4D;
43686 : F176;
43687 : FF15;
43688 : 0849;
43689 : 1107;
43690 : FA7E;
43691 : 0CA5;
43692 : 0E6D;
43693 : 0683;
43694 : 1098;
43695 : EC85;
43696 : F2C7;
43697 : FBB9;
43698 : F885;
43699 : F94E;
43700 : 060A;
43701 : 0118;
43702 : 01F7;
43703 : 1209;
43704 : 00A8;
43705 : 059E;
43706 : 0EDE;
43707 : FD54;
43708 : FF59;
43709 : 0712;
43710 : 0B16;
43711 : FCB4;
43712 : FDB2;
43713 : FB38;
43714 : 06BD;
43715 : 0132;
43716 : F896;
43717 : 0AE8;
43718 : 0F90;
43719 : 015E;
43720 : F56F;
43721 : 0BAB;
43722 : 0455;
43723 : 0ECE;
43724 : F34C;
43725 : 1418;
43726 : FBE8;
43727 : F3F3;
43728 : F675;
43729 : 0BC7;
43730 : 06DE;
43731 : F3AF;
43732 : 0D02;
43733 : FAFD;
43734 : F1F2;
43735 : F044;
43736 : FBBD;
43737 : F8F4;
43738 : FA29;
43739 : 0AB3;
43740 : 147F;
43741 : 08BA;
43742 : 044D;
43743 : 0F13;
43744 : 06B2;
43745 : 0AD2;
43746 : F844;
43747 : F78D;
43748 : 0362;
43749 : EFB0;
43750 : FC2C;
43751 : 0444;
43752 : FE0D;
43753 : EDA6;
43754 : F221;
43755 : F3D2;
43756 : FEEB;
43757 : FA1A;
43758 : 098E;
43759 : FC68;
43760 : 096E;
43761 : 0AE8;
43762 : 0D42;
43763 : F74D;
43764 : FAD0;
43765 : EDD4;
43766 : F36E;
43767 : F568;
43768 : EE52;
43769 : FB3F;
43770 : 07D8;
43771 : 057C;
43772 : 07B2;
43773 : 10A9;
43774 : F26E;
43775 : FBB3;
43776 : 0A3A;
43777 : FA13;
43778 : FBF4;
43779 : 0FDE;
43780 : 1390;
43781 : F7EF;
43782 : FA7C;
43783 : FAF8;
43784 : 068A;
43785 : F5AE;
43786 : FB40;
43787 : 0B71;
43788 : 0AB5;
43789 : FCC3;
43790 : F157;
43791 : FE92;
43792 : 130D;
43793 : F33B;
43794 : 136B;
43795 : 028D;
43796 : 0BC6;
43797 : 1358;
43798 : 0593;
43799 : 03FE;
43800 : EB90;
43801 : 09E4;
43802 : 0305;
43803 : EE7A;
43804 : 0982;
43805 : 0403;
43806 : EEA0;
43807 : 06DC;
43808 : FCDC;
43809 : FF7C;
43810 : 0413;
43811 : 112D;
43812 : 11AF;
43813 : 09FB;
43814 : FC66;
43815 : FC94;
43816 : 094D;
43817 : F0FC;
43818 : FA84;
43819 : 05FE;
43820 : E8C4;
43821 : 1261;
43822 : FE76;
43823 : FEDB;
43824 : 09E8;
43825 : FC3D;
43826 : F482;
43827 : 116E;
43828 : F732;
43829 : F65A;
43830 : F1F7;
43831 : 084C;
43832 : 116B;
43833 : 0BD2;
43834 : F5D1;
43835 : FDDB;
43836 : F6F3;
43837 : 0570;
43838 : F529;
43839 : 0FC0;
43840 : EFAA;
43841 : 12FA;
43842 : 0E63;
43843 : 06C4;
43844 : 114B;
43845 : EC72;
43846 : F884;
43847 : F101;
43848 : F626;
43849 : F408;
43850 : FC55;
43851 : 0C17;
43852 : F06D;
43853 : 0B95;
43854 : FEEC;
43855 : FCB5;
43856 : F966;
43857 : 155C;
43858 : FB0A;
43859 : 10DC;
43860 : F8F8;
43861 : F722;
43862 : FCA6;
43863 : 01CA;
43864 : FA0C;
43865 : F539;
43866 : F374;
43867 : 058C;
43868 : 1579;
43869 : 0A91;
43870 : 0865;
43871 : 0EED;
43872 : F6D1;
43873 : 0670;
43874 : 0EBA;
43875 : EF5E;
43876 : FCAE;
43877 : F836;
43878 : 0750;
43879 : 18CE;
43880 : 12C0;
43881 : F9C7;
43882 : F923;
43883 : 04D7;
43884 : E2B7;
43885 : 0D2D;
43886 : F973;
43887 : FA20;
43888 : 0622;
43889 : EDB9;
43890 : 1132;
43891 : 0090;
43892 : EBDD;
43893 : 0938;
43894 : FE5E;
43895 : FE64;
43896 : 0427;
43897 : 0A9B;
43898 : 0DCD;
43899 : FC95;
43900 : F78B;
43901 : 09E1;
43902 : 09E1;
43903 : 0435;
43904 : 03C6;
43905 : ED7B;
43906 : FB0A;
43907 : 0CA9;
43908 : 0A63;
43909 : 0572;
43910 : F6DF;
43911 : 0990;
43912 : F7BC;
43913 : 086F;
43914 : 02A4;
43915 : FE23;
43916 : F636;
43917 : 081D;
43918 : 1241;
43919 : EDCD;
43920 : 0A78;
43921 : 105A;
43922 : 000E;
43923 : 0FE1;
43924 : FDD4;
43925 : 0C7C;
43926 : 0008;
43927 : F990;
43928 : 06D5;
43929 : F59D;
43930 : 0A20;
43931 : 0552;
43932 : 028F;
43933 : 0FD4;
43934 : FBDD;
43935 : 0771;
43936 : 0EE6;
43937 : 0597;
43938 : EF8A;
43939 : 0862;
43940 : FCE5;
43941 : 0D0A;
43942 : 0850;
43943 : 08F4;
43944 : 0B00;
43945 : FBD8;
43946 : 10A4;
43947 : 1969;
43948 : E442;
43949 : FC06;
43950 : 0D08;
43951 : 0121;
43952 : 04E8;
43953 : EE16;
43954 : FEBE;
43955 : 0672;
43956 : 0E64;
43957 : 0300;
43958 : EFB0;
43959 : F0DA;
43960 : 059A;
43961 : F806;
43962 : F3C0;
43963 : 01F9;
43964 : F390;
43965 : 0882;
43966 : EE28;
43967 : F6B0;
43968 : FD3C;
43969 : EEA3;
43970 : 1230;
43971 : F457;
43972 : FA79;
43973 : 0674;
43974 : 002C;
43975 : F848;
43976 : 015E;
43977 : F876;
43978 : F440;
43979 : 0CBC;
43980 : FD7C;
43981 : F535;
43982 : 04B4;
43983 : F1AB;
43984 : 1431;
43985 : 075C;
43986 : FEA7;
43987 : EB51;
43988 : EC94;
43989 : 112A;
43990 : FFC5;
43991 : F37F;
43992 : 0AAC;
43993 : F275;
43994 : F43D;
43995 : 0A87;
43996 : 140C;
43997 : 046E;
43998 : 0693;
43999 : FC1B;
44000 : F7EF;
44001 : 0525;
44002 : 053C;
44003 : 0305;
44004 : 1163;
44005 : 0701;
44006 : 068A;
44007 : 1086;
44008 : 060A;
44009 : 05CC;
44010 : 0B6C;
44011 : 00B4;
44012 : EBD0;
44013 : 0F67;
44014 : 0AF2;
44015 : F87A;
44016 : FA01;
44017 : ED85;
44018 : FC9B;
44019 : 14EA;
44020 : FE4A;
44021 : 0B07;
44022 : 01B9;
44023 : FAEA;
44024 : EF83;
44025 : F9C4;
44026 : 0F3C;
44027 : F9CF;
44028 : 121E;
44029 : 05D6;
44030 : F696;
44031 : EDB4;
44032 : 0EBD;
44033 : F658;
44034 : 09B2;
44035 : EE32;
44036 : 1340;
44037 : 0960;
44038 : 0146;
44039 : 0365;
44040 : 07A2;
44041 : F12F;
44042 : 1388;
44043 : F8C3;
44044 : F60C;
44045 : 1296;
44046 : 0B0A;
44047 : FB8E;
44048 : FC8A;
44049 : 0FAC;
44050 : F241;
44051 : F46C;
44052 : F247;
44053 : 01E0;
44054 : 004C;
44055 : 01CE;
44056 : 06ED;
44057 : EBBB;
44058 : F89B;
44059 : F83D;
44060 : F50A;
44061 : 003D;
44062 : 04AF;
44063 : F590;
44064 : 0128;
44065 : 08AB;
44066 : F33E;
44067 : 0B45;
44068 : 03A6;
44069 : 00F0;
44070 : 0C35;
44071 : 0E51;
44072 : FD9C;
44073 : FCEA;
44074 : 03EC;
44075 : FF7A;
44076 : F6E3;
44077 : 0111;
44078 : 1725;
44079 : 14A7;
44080 : 095C;
44081 : F7B3;
44082 : F22D;
44083 : F227;
44084 : 0143;
44085 : FA42;
44086 : F969;
44087 : 093A;
44088 : 11C7;
44089 : FC35;
44090 : 0CA7;
44091 : 03D0;
44092 : FA96;
44093 : 01E7;
44094 : 0FAC;
44095 : 0B55;
44096 : 0177;
44097 : F063;
44098 : FAEE;
44099 : 0D4D;
44100 : 0553;
44101 : F489;
44102 : 0D24;
44103 : FDAC;
44104 : F2BF;
44105 : FA80;
44106 : F068;
44107 : 0DDC;
44108 : FD9D;
44109 : F958;
44110 : FB3B;
44111 : 0BD6;
44112 : 1110;
44113 : 0CDF;
44114 : F2ED;
44115 : F646;
44116 : EC9D;
44117 : FDB2;
44118 : 0469;
44119 : 0D52;
44120 : 0D68;
44121 : FCB0;
44122 : FCEC;
44123 : F599;
44124 : 127A;
44125 : FFDD;
44126 : FD10;
44127 : F344;
44128 : EFA5;
44129 : EBA7;
44130 : ED38;
44131 : 0694;
44132 : EEAC;
44133 : F309;
44134 : 064E;
44135 : 0E53;
44136 : 0401;
44137 : F700;
44138 : 025E;
44139 : 0CC4;
44140 : E696;
44141 : 008E;
44142 : 0EE4;
44143 : FCB5;
44144 : F071;
44145 : 0DF3;
44146 : F010;
44147 : 0961;
44148 : EC77;
44149 : 1034;
44150 : FF9F;
44151 : F9BC;
44152 : 0297;
44153 : F4F4;
44154 : 0A09;
44155 : F031;
44156 : ECAA;
44157 : 101A;
44158 : FA5F;
44159 : EF36;
44160 : EC12;
44161 : FA90;
44162 : ECE0;
44163 : F2E5;
44164 : F479;
44165 : EB56;
44166 : F8D8;
44167 : F0FC;
44168 : 0E65;
44169 : F33E;
44170 : 0DBB;
44171 : 03A7;
44172 : F408;
44173 : EF32;
44174 : 1236;
44175 : FF98;
44176 : F9D1;
44177 : 0D81;
44178 : 0059;
44179 : 04C1;
44180 : 04F3;
44181 : FD6B;
44182 : 0477;
44183 : F0C7;
44184 : F479;
44185 : F444;
44186 : F320;
44187 : FBD5;
44188 : 0F75;
44189 : F6CA;
44190 : 0C15;
44191 : F5AD;
44192 : F44D;
44193 : F3EC;
44194 : F1CB;
44195 : FFAC;
44196 : F1D7;
44197 : 1336;
44198 : 012C;
44199 : FC41;
44200 : F799;
44201 : 123F;
44202 : F4CE;
44203 : F03B;
44204 : F098;
44205 : 08D0;
44206 : 0CC3;
44207 : 00AF;
44208 : 069A;
44209 : F103;
44210 : F964;
44211 : 0525;
44212 : 01D5;
44213 : 0FE5;
44214 : F94A;
44215 : F486;
44216 : 06A5;
44217 : EE2D;
44218 : EF71;
44219 : 06F6;
44220 : 0291;
44221 : FEC7;
44222 : EE5E;
44223 : 0836;
44224 : 01C9;
44225 : F34E;
44226 : FCE9;
44227 : 0A62;
44228 : 01E8;
44229 : 0729;
44230 : FA05;
44231 : FD28;
44232 : F32E;
44233 : 0D6F;
44234 : 007C;
44235 : 1162;
44236 : FE0C;
44237 : EBE3;
44238 : 104C;
44239 : 07A5;
44240 : F07F;
44241 : 0C8D;
44242 : 084F;
44243 : 1130;
44244 : 08FE;
44245 : 068E;
44246 : F668;
44247 : FA05;
44248 : F67A;
44249 : FB3E;
44250 : 126F;
44251 : 05B8;
44252 : 0129;
44253 : F714;
44254 : 0EA9;
44255 : 0599;
44256 : F4D6;
44257 : F030;
44258 : 07D6;
44259 : 0C16;
44260 : 0FA3;
44261 : 0E0E;
44262 : F7DD;
44263 : F51C;
44264 : 072A;
44265 : 101B;
44266 : FD5B;
44267 : FC9A;
44268 : F297;
44269 : 0AA7;
44270 : 0B32;
44271 : 01F2;
44272 : 0FEE;
44273 : E9A0;
44274 : FBD1;
44275 : 099C;
44276 : 0A7F;
44277 : 061D;
44278 : FEB2;
44279 : F70A;
44280 : 0903;
44281 : 01FF;
44282 : ECF2;
44283 : 0FB6;
44284 : E9D9;
44285 : FB80;
44286 : FB4E;
44287 : 12FB;
44288 : FCD9;
44289 : F40D;
44290 : F475;
44291 : ECDF;
44292 : E7D8;
44293 : 0861;
44294 : ED00;
44295 : EDF2;
44296 : 0E06;
44297 : EEA5;
44298 : 08F8;
44299 : F1B4;
44300 : FC38;
44301 : F1B1;
44302 : F9D0;
44303 : EB8B;
44304 : F77E;
44305 : 0D4A;
44306 : FFFD;
44307 : F590;
44308 : F2A2;
44309 : 085C;
44310 : FA8B;
44311 : F307;
44312 : FDA2;
44313 : F70F;
44314 : FEC6;
44315 : 1135;
44316 : 0A4E;
44317 : 08ED;
44318 : 13D8;
44319 : F7AA;
44320 : 0374;
44321 : 05B6;
44322 : F8CA;
44323 : 1567;
44324 : 0994;
44325 : F845;
44326 : F95F;
44327 : FD67;
44328 : 0399;
44329 : F308;
44330 : 00DB;
44331 : 0340;
44332 : E858;
44333 : F16E;
44334 : 056B;
44335 : 0E41;
44336 : 0F69;
44337 : F576;
44338 : FEB5;
44339 : 06A8;
44340 : EE6B;
44341 : 0EB9;
44342 : 0729;
44343 : 0231;
44344 : 0267;
44345 : 0F9E;
44346 : 0B94;
44347 : F7C4;
44348 : F319;
44349 : F9FE;
44350 : F50B;
44351 : F10C;
44352 : F8D8;
44353 : 0FD6;
44354 : 0842;
44355 : 0C01;
44356 : EF1A;
44357 : 0755;
44358 : F28E;
44359 : 01FA;
44360 : 0AEC;
44361 : 01E1;
44362 : F35E;
44363 : F4A2;
44364 : F76A;
44365 : FCF5;
44366 : 0428;
44367 : FEA2;
44368 : 085A;
44369 : FB46;
44370 : F2C5;
44371 : 0EEA;
44372 : FF5A;
44373 : 0CCF;
44374 : FADD;
44375 : EF6B;
44376 : 02AA;
44377 : F255;
44378 : 016A;
44379 : 143A;
44380 : 02A5;
44381 : 124E;
44382 : 08D2;
44383 : 0B7B;
44384 : FC99;
44385 : FB55;
44386 : 0724;
44387 : 1477;
44388 : 0A53;
44389 : 0EE1;
44390 : 10D7;
44391 : 11DA;
44392 : EE1F;
44393 : F3E7;
44394 : FE0C;
44395 : FD62;
44396 : F63A;
44397 : EE05;
44398 : 1522;
44399 : 0D54;
44400 : FC94;
44401 : 141A;
44402 : FAED;
44403 : FCBB;
44404 : 0823;
44405 : 0DA2;
44406 : F454;
44407 : FD68;
44408 : 0F46;
44409 : F7EC;
44410 : 0C35;
44411 : EDFE;
44412 : 08D7;
44413 : FBEE;
44414 : EB28;
44415 : 0606;
44416 : 00A1;
44417 : F039;
44418 : 0ABE;
44419 : F6FB;
44420 : FCF0;
44421 : FC93;
44422 : FBEE;
44423 : F56F;
44424 : 0C47;
44425 : 0CA5;
44426 : FB89;
44427 : 0E78;
44428 : 0A0C;
44429 : 09EA;
44430 : 043E;
44431 : 0981;
44432 : 10DE;
44433 : 0A3B;
44434 : F3E9;
44435 : 09A7;
44436 : F005;
44437 : 011C;
44438 : 02D6;
44439 : 1323;
44440 : 06AC;
44441 : 12E5;
44442 : 052B;
44443 : 10DE;
44444 : F4FB;
44445 : 0E7C;
44446 : 0FCF;
44447 : FEE9;
44448 : FB02;
44449 : 090A;
44450 : 05BB;
44451 : 0E20;
44452 : 05FC;
44453 : 018E;
44454 : ED0B;
44455 : 0CC1;
44456 : F59D;
44457 : EE8E;
44458 : ED57;
44459 : E9EE;
44460 : 02B6;
44461 : 08AB;
44462 : 0137;
44463 : F6DB;
44464 : 1131;
44465 : 0E82;
44466 : FF2D;
44467 : FDF1;
44468 : F5E8;
44469 : EBB2;
44470 : 087C;
44471 : 0386;
44472 : ECD7;
44473 : FA1F;
44474 : F368;
44475 : 0BFA;
44476 : 07C5;
44477 : 09F6;
44478 : 0A52;
44479 : 0944;
44480 : FF8C;
44481 : EC94;
44482 : F1E9;
44483 : 0AC3;
44484 : FF2C;
44485 : ED5D;
44486 : F880;
44487 : 0692;
44488 : FC9E;
44489 : 10A0;
44490 : FDC7;
44491 : F13E;
44492 : FCB6;
44493 : 09F4;
44494 : F755;
44495 : F8F0;
44496 : F6EA;
44497 : FCF8;
44498 : F561;
44499 : 0D70;
44500 : 0AF3;
44501 : F3D9;
44502 : F55D;
44503 : FF83;
44504 : 0E02;
44505 : F349;
44506 : 0A56;
44507 : FEE1;
44508 : 0ECC;
44509 : 0E07;
44510 : FFB8;
44511 : 0FBC;
44512 : 0960;
44513 : F53C;
44514 : 00AB;
44515 : 0F88;
44516 : F798;
44517 : 0DF6;
44518 : 0E75;
44519 : 0116;
44520 : F750;
44521 : 0E31;
44522 : 0EB6;
44523 : EFE5;
44524 : F6F8;
44525 : 0FA9;
44526 : F83E;
44527 : 0B79;
44528 : 1243;
44529 : 047C;
44530 : 02C0;
44531 : FFB8;
44532 : 021C;
44533 : 086A;
44534 : FEB9;
44535 : 1489;
44536 : F2C6;
44537 : FA83;
44538 : 0B76;
44539 : 00AE;
44540 : 08A4;
44541 : F925;
44542 : FC9E;
44543 : 154D;
44544 : 0719;
44545 : F69F;
44546 : 00C1;
44547 : F1B1;
44548 : 10D5;
44549 : 1111;
44550 : F4C3;
44551 : F96A;
44552 : F9FE;
44553 : F1D1;
44554 : 0CF4;
44555 : 0C5C;
44556 : FE32;
44557 : 10EA;
44558 : EB5E;
44559 : 004B;
44560 : 03AF;
44561 : 0EF1;
44562 : 13FE;
44563 : 08DE;
44564 : 06B4;
44565 : 0EBD;
44566 : EBAB;
44567 : F886;
44568 : 0305;
44569 : EDBA;
44570 : FC4B;
44571 : FC12;
44572 : F1CE;
44573 : 0CA5;
44574 : 0BB7;
44575 : 06B3;
44576 : 10CA;
44577 : FAC9;
44578 : FCB5;
44579 : 1184;
44580 : FDCE;
44581 : F7EC;
44582 : F4CA;
44583 : FDEA;
44584 : 0269;
44585 : EDDC;
44586 : 0E84;
44587 : F570;
44588 : F34A;
44589 : 11F0;
44590 : F157;
44591 : 0058;
44592 : 0B2F;
44593 : 0A1C;
44594 : EF1A;
44595 : 004C;
44596 : F0F1;
44597 : 133C;
44598 : 0CB0;
44599 : F2C8;
44600 : EE4E;
44601 : F79F;
44602 : 16B2;
44603 : 047D;
44604 : FE26;
44605 : 05C4;
44606 : 0B12;
44607 : 0BCA;
44608 : 05FD;
44609 : 1235;
44610 : 0E45;
44611 : 00DE;
44612 : FB28;
44613 : F34D;
44614 : F66A;
44615 : E874;
44616 : FFAA;
44617 : FCE9;
44618 : 07EC;
44619 : 1377;
44620 : F99D;
44621 : 050E;
44622 : 0BD2;
44623 : F94D;
44624 : FC3E;
44625 : 0AAC;
44626 : 0601;
44627 : 0AF2;
44628 : F83E;
44629 : F3CC;
44630 : 0D58;
44631 : 153C;
44632 : FFAA;
44633 : 0F7A;
44634 : EC79;
44635 : 0195;
44636 : 039A;
44637 : 00BD;
44638 : F89E;
44639 : 0198;
44640 : F593;
44641 : FA81;
44642 : F2FF;
44643 : F42F;
44644 : F7D7;
44645 : 0D4B;
44646 : F6EB;
44647 : 069A;
44648 : 0C3F;
44649 : FEED;
44650 : F699;
44651 : 04F4;
44652 : 052A;
44653 : 12BC;
44654 : FC31;
44655 : 04DA;
44656 : 09BA;
44657 : F11E;
44658 : 12F7;
44659 : 01D8;
44660 : 0375;
44661 : 13C2;
44662 : 052D;
44663 : FF66;
44664 : 0CA7;
44665 : 070A;
44666 : 0378;
44667 : F4CE;
44668 : 0C4F;
44669 : 053E;
44670 : 09FE;
44671 : FA39;
44672 : 0663;
44673 : F53C;
44674 : F6F3;
44675 : FDE7;
44676 : EC92;
44677 : 0396;
44678 : F97C;
44679 : FFB1;
44680 : 0724;
44681 : 0152;
44682 : 0CAA;
44683 : F989;
44684 : F78C;
44685 : EF38;
44686 : FBBD;
44687 : 0A49;
44688 : 0D78;
44689 : F050;
44690 : F647;
44691 : 1198;
44692 : F0D4;
44693 : F722;
44694 : 0B39;
44695 : 10FD;
44696 : 024E;
44697 : F1C5;
44698 : 0BA5;
44699 : F456;
44700 : F078;
44701 : 0361;
44702 : 0856;
44703 : 02A9;
44704 : FD56;
44705 : 100A;
44706 : 0CBA;
44707 : EDD9;
44708 : 0DAD;
44709 : EFFD;
44710 : 0012;
44711 : FF7F;
44712 : F3C7;
44713 : FEF7;
44714 : 1086;
44715 : FE86;
44716 : 0DEF;
44717 : 102D;
44718 : EDF3;
44719 : F916;
44720 : 0D17;
44721 : 05C3;
44722 : 0A00;
44723 : FCF8;
44724 : F23A;
44725 : EF62;
44726 : FFE8;
44727 : 0827;
44728 : FAE7;
44729 : 036F;
44730 : 0F52;
44731 : F713;
44732 : 0FAB;
44733 : 05C7;
44734 : 12D5;
44735 : EDAA;
44736 : 1018;
44737 : 0A3F;
44738 : 07D2;
44739 : F553;
44740 : F2E0;
44741 : F4F5;
44742 : 11F5;
44743 : EED1;
44744 : F225;
44745 : F346;
44746 : F634;
44747 : 0636;
44748 : FB03;
44749 : FBFB;
44750 : 0287;
44751 : 1093;
44752 : F237;
44753 : F9CF;
44754 : F41B;
44755 : F4E5;
44756 : F2EC;
44757 : FF97;
44758 : F5F4;
44759 : 1206;
44760 : 0576;
44761 : 085B;
44762 : 1216;
44763 : 057B;
44764 : 080B;
44765 : FC76;
44766 : 10C4;
44767 : F095;
44768 : F8AA;
44769 : FA62;
44770 : 0653;
44771 : 09C7;
44772 : 001A;
44773 : FC08;
44774 : 08A2;
44775 : F75E;
44776 : 0AFF;
44777 : F2CA;
44778 : 0106;
44779 : 0EA2;
44780 : 03C5;
44781 : FA7F;
44782 : 0EF8;
44783 : 01B9;
44784 : F358;
44785 : F1EA;
44786 : 018D;
44787 : F081;
44788 : 0C65;
44789 : EF09;
44790 : FFBF;
44791 : 0254;
44792 : F214;
44793 : F092;
44794 : 0476;
44795 : F6FF;
44796 : ECCF;
44797 : FF96;
44798 : F358;
44799 : 082D;
44800 : F7B5;
44801 : F8DE;
44802 : F9A8;
44803 : 015F;
44804 : 09DE;
44805 : F7A5;
44806 : FD2D;
44807 : 119B;
44808 : 0DA2;
44809 : F604;
44810 : EF1A;
44811 : F197;
44812 : 131E;
44813 : F3A5;
44814 : 0F25;
44815 : F693;
44816 : F464;
44817 : 04A5;
44818 : F724;
44819 : 082B;
44820 : 11D1;
44821 : F0D3;
44822 : F9FC;
44823 : F91D;
44824 : FF8B;
44825 : FA41;
44826 : 0099;
44827 : EE69;
44828 : 10CA;
44829 : 07F6;
44830 : 0208;
44831 : FC05;
44832 : F8A7;
44833 : F64A;
44834 : F1AC;
44835 : 073B;
44836 : F189;
44837 : 0CA6;
44838 : 049A;
44839 : F5CF;
44840 : 0E69;
44841 : FEEF;
44842 : 0AEF;
44843 : FF34;
44844 : FFAA;
44845 : ECF5;
44846 : FE78;
44847 : EF72;
44848 : F0F2;
44849 : F7C0;
44850 : F1D2;
44851 : 0325;
44852 : F50F;
44853 : 0F22;
44854 : EFF5;
44855 : F032;
44856 : F0FE;
44857 : 0B76;
44858 : F617;
44859 : 046E;
44860 : EF48;
44861 : F316;
44862 : F148;
44863 : F26D;
44864 : EC81;
44865 : 0104;
44866 : 0859;
44867 : ED39;
44868 : F999;
44869 : 0A98;
44870 : EED8;
44871 : FD4A;
44872 : FFED;
44873 : 01EA;
44874 : 04E4;
44875 : FEF9;
44876 : 1292;
44877 : 088C;
44878 : 0907;
44879 : EE15;
44880 : ECE8;
44881 : FB9E;
44882 : 0C28;
44883 : 050F;
44884 : F6EC;
44885 : 0269;
44886 : FA4D;
44887 : 0AD8;
44888 : 0943;
44889 : FBFB;
44890 : FE26;
44891 : F85C;
44892 : 11C4;
44893 : FEF1;
44894 : F894;
44895 : 05EF;
44896 : 0A76;
44897 : 0A31;
44898 : FA66;
44899 : 1093;
44900 : EEE3;
44901 : 0E79;
44902 : 11CA;
44903 : 1392;
44904 : F458;
44905 : F214;
44906 : EDA0;
44907 : 0096;
44908 : 0A2B;
44909 : 03DC;
44910 : 0083;
44911 : 11CE;
44912 : F0A3;
44913 : ED02;
44914 : 04D0;
44915 : FC9B;
44916 : 0D61;
44917 : 030A;
44918 : F855;
44919 : 0138;
44920 : 12D7;
44921 : 0C25;
44922 : F5FD;
44923 : F06B;
44924 : FBDE;
44925 : 1262;
44926 : 0A07;
44927 : 0F9A;
44928 : FC5C;
44929 : 06A7;
44930 : FECE;
44931 : 0EAD;
44932 : 0DCA;
44933 : F375;
44934 : 05C0;
44935 : 0214;
44936 : FE6B;
44937 : 07E7;
44938 : FB13;
44939 : F6D6;
44940 : 0F1B;
44941 : 0CB0;
44942 : ED2C;
44943 : 0B0E;
44944 : F257;
44945 : F9B6;
44946 : F4F6;
44947 : F48E;
44948 : 08A7;
44949 : F593;
44950 : F3C3;
44951 : FF43;
44952 : FC68;
44953 : 12E1;
44954 : 0DD0;
44955 : FF2C;
44956 : 000F;
44957 : 074A;
44958 : FA73;
44959 : 022B;
44960 : F977;
44961 : FECA;
44962 : 1145;
44963 : 0E24;
44964 : 0D44;
44965 : F1F1;
44966 : F264;
44967 : 05BB;
44968 : FF4D;
44969 : 0DAE;
44970 : 06A5;
44971 : 0881;
44972 : EF9C;
44973 : 0F0E;
44974 : 079E;
44975 : 08F9;
44976 : 03D1;
44977 : 1122;
44978 : FBAD;
44979 : 0589;
44980 : EE14;
44981 : F07D;
44982 : F87E;
44983 : 0B8B;
44984 : F66C;
44985 : 0AE5;
44986 : EFD1;
44987 : EFBA;
44988 : FA0F;
44989 : F8A9;
44990 : FDB8;
44991 : F842;
44992 : ECD2;
44993 : 1354;
44994 : 0A8D;
44995 : 1086;
44996 : F746;
44997 : EEFB;
44998 : 097F;
44999 : FAC1;
45000 : 0F25;
45001 : 10DC;
45002 : 10BB;
45003 : 0E71;
45004 : 0D7D;
45005 : FD92;
45006 : 0004;
45007 : 0B5D;
45008 : 0B16;
45009 : F47D;
45010 : 0D5D;
45011 : FE63;
45012 : 11C5;
45013 : 06D1;
45014 : 10BC;
45015 : 09B2;
45016 : FE4F;
45017 : 0356;
45018 : 0A89;
45019 : 14E0;
45020 : FE1D;
45021 : 117F;
45022 : F3D7;
45023 : FFEA;
45024 : 03D1;
45025 : EEB1;
45026 : E97D;
45027 : 098A;
45028 : ED14;
45029 : FDB1;
45030 : 125B;
45031 : 06FE;
45032 : F5C4;
45033 : EF86;
45034 : FE95;
45035 : F46E;
45036 : F813;
45037 : 0783;
45038 : FB34;
45039 : F735;
45040 : 019D;
45041 : 002E;
45042 : EFDF;
45043 : 0B7B;
45044 : F0FE;
45045 : FF1B;
45046 : 01B6;
45047 : 039E;
45048 : 083A;
45049 : F089;
45050 : 002F;
45051 : FF3B;
45052 : 02CB;
45053 : F0BC;
45054 : 0A29;
45055 : 0602;
45056 : 0C3F;
45057 : F300;
45058 : 05FC;
45059 : 023F;
45060 : F0AE;
45061 : 062A;
45062 : 0C13;
45063 : 1237;
45064 : 101E;
45065 : F2B9;
45066 : 0486;
45067 : F98B;
45068 : F2EB;
45069 : 08BA;
45070 : FDF5;
45071 : 053D;
45072 : 0094;
45073 : 0CFE;
45074 : EF19;
45075 : F8A9;
45076 : 0B54;
45077 : F779;
45078 : 139B;
45079 : 0F5E;
45080 : F2CA;
45081 : 09F8;
45082 : 1561;
45083 : FF14;
45084 : EF7F;
45085 : FC71;
45086 : 098D;
45087 : F609;
45088 : 0DA3;
45089 : F21F;
45090 : FEF4;
45091 : 08C9;
45092 : 0261;
45093 : FE97;
45094 : F41A;
45095 : 0E4E;
45096 : 137B;
45097 : 0F8F;
45098 : 0E44;
45099 : 134C;
45100 : 0A4A;
45101 : FB76;
45102 : F48C;
45103 : EE85;
45104 : EF1F;
45105 : 0848;
45106 : 0317;
45107 : FCE0;
45108 : 0E7C;
45109 : 0032;
45110 : 0DE6;
45111 : 04DF;
45112 : 0E2D;
45113 : 0C1C;
45114 : FFD2;
45115 : 13A5;
45116 : FE4A;
45117 : 0FC3;
45118 : EAAE;
45119 : 0F22;
45120 : FEAF;
45121 : 0167;
45122 : 1557;
45123 : 05D3;
45124 : EEAA;
45125 : EF2D;
45126 : 00EA;
45127 : 14B9;
45128 : 0E01;
45129 : 0821;
45130 : 09C2;
45131 : EF59;
45132 : FEA3;
45133 : EDA3;
45134 : F3D4;
45135 : F739;
45136 : F8D4;
45137 : EDE2;
45138 : F9F7;
45139 : F8E9;
45140 : F0C6;
45141 : 0558;
45142 : F9F8;
45143 : 00EA;
45144 : F3EA;
45145 : FE01;
45146 : 1074;
45147 : FA0A;
45148 : 1156;
45149 : EFD8;
45150 : 0BB5;
45151 : 1211;
45152 : FAF4;
45153 : 0229;
45154 : E890;
45155 : 0F64;
45156 : 00FB;
45157 : 0479;
45158 : 02D5;
45159 : 04F8;
45160 : F3AB;
45161 : 04EC;
45162 : 0C05;
45163 : F12E;
45164 : ED7E;
45165 : FB09;
45166 : F4E4;
45167 : FABB;
45168 : 0D5B;
45169 : 11A0;
45170 : 0773;
45171 : 0269;
45172 : 0747;
45173 : E9E6;
45174 : F977;
45175 : F95E;
45176 : EED3;
45177 : 0F6E;
45178 : 0F38;
45179 : 1421;
45180 : FD7D;
45181 : FF52;
45182 : 0680;
45183 : 0B30;
45184 : F94D;
45185 : FF94;
45186 : 0F8A;
45187 : F17B;
45188 : FF9E;
45189 : 0923;
45190 : FED5;
45191 : 1285;
45192 : FE51;
45193 : 01B0;
45194 : F22F;
45195 : F49E;
45196 : 1617;
45197 : F82C;
45198 : F266;
45199 : EEA8;
45200 : F417;
45201 : EEA5;
45202 : ED87;
45203 : 0B92;
45204 : F55B;
45205 : 02F8;
45206 : F250;
45207 : 05F1;
45208 : 0061;
45209 : 01F5;
45210 : FEFC;
45211 : 165B;
45212 : 12A9;
45213 : 0AAF;
45214 : F3E0;
45215 : F421;
45216 : 10E1;
45217 : 0FBD;
45218 : FD52;
45219 : 1506;
45220 : EF4D;
45221 : 0C90;
45222 : F632;
45223 : F7CE;
45224 : 0A3A;
45225 : F1C6;
45226 : EA71;
45227 : F513;
45228 : 020E;
45229 : FFA7;
45230 : F235;
45231 : 0A4B;
45232 : F22D;
45233 : FA65;
45234 : 0D6F;
45235 : F73B;
45236 : FD5C;
45237 : FDAE;
45238 : F0D0;
45239 : F2D2;
45240 : FBCD;
45241 : F8CB;
45242 : 10E5;
45243 : EFEE;
45244 : 0C10;
45245 : 035B;
45246 : F833;
45247 : 073C;
45248 : 1666;
45249 : F991;
45250 : F7F9;
45251 : FC59;
45252 : F18C;
45253 : EFE5;
45254 : F59C;
45255 : F9BD;
45256 : FDFF;
45257 : 0D85;
45258 : F148;
45259 : 037A;
45260 : 0B16;
45261 : FF14;
45262 : FDB6;
45263 : 0A71;
45264 : FC65;
45265 : 0A25;
45266 : F08A;
45267 : EF8D;
45268 : 037A;
45269 : EF00;
45270 : 091D;
45271 : 0F06;
45272 : FC8D;
45273 : 08FA;
45274 : 0809;
45275 : 08E7;
45276 : FAA5;
45277 : F537;
45278 : 0742;
45279 : F548;
45280 : 0FF6;
45281 : FADA;
45282 : EE6E;
45283 : 1113;
45284 : 0E0B;
45285 : 00A7;
45286 : FF79;
45287 : 0EB3;
45288 : F1E7;
45289 : 0D93;
45290 : 0202;
45291 : 0A60;
45292 : 046A;
45293 : 004B;
45294 : 135A;
45295 : F80A;
45296 : EDC9;
45297 : 16F4;
45298 : 0643;
45299 : 00E7;
45300 : F9AC;
45301 : FAD0;
45302 : F878;
45303 : FDB6;
45304 : 0006;
45305 : FAEC;
45306 : F813;
45307 : FF72;
45308 : ECBD;
45309 : F76D;
45310 : F526;
45311 : 0DD9;
45312 : 1160;
45313 : FCD2;
45314 : 1975;
45315 : 1633;
45316 : 0BB4;
45317 : FE06;
45318 : EFF1;
45319 : 0CD9;
45320 : 159E;
45321 : 0628;
45322 : F00E;
45323 : 10D4;
45324 : 08E8;
45325 : F40A;
45326 : FE61;
45327 : EDF4;
45328 : FD0B;
45329 : F37A;
45330 : 006C;
45331 : F11D;
45332 : FE54;
45333 : F22C;
45334 : 1215;
45335 : ED90;
45336 : FE7D;
45337 : F7CF;
45338 : F129;
45339 : 1183;
45340 : 055F;
45341 : EF70;
45342 : F727;
45343 : F10F;
45344 : FE41;
45345 : FA84;
45346 : 0310;
45347 : F09D;
45348 : 0EF6;
45349 : 05EC;
45350 : F758;
45351 : F53E;
45352 : 03BA;
45353 : F513;
45354 : F7A3;
45355 : 0EA0;
45356 : E9F8;
45357 : 02DF;
45358 : 11AE;
45359 : 02CA;
45360 : 0776;
45361 : F814;
45362 : 0A31;
45363 : E883;
45364 : 04C0;
45365 : 0427;
45366 : F78A;
45367 : 0C27;
45368 : F6FA;
45369 : F6A7;
45370 : F45B;
45371 : FEA1;
45372 : EAE9;
45373 : F97D;
45374 : F104;
45375 : FECA;
45376 : FB88;
45377 : F7FA;
45378 : F563;
45379 : F780;
45380 : F909;
45381 : F455;
45382 : 0559;
45383 : EED2;
45384 : FEFA;
45385 : EE02;
45386 : FB5B;
45387 : 0606;
45388 : F668;
45389 : FB8A;
45390 : 03C4;
45391 : F0C5;
45392 : FD00;
45393 : FE43;
45394 : 0B44;
45395 : F27D;
45396 : F27F;
45397 : E5D2;
45398 : 10DC;
45399 : EE1F;
45400 : EF6B;
45401 : 0077;
45402 : 0FD5;
45403 : 0C77;
45404 : 11F1;
45405 : 0946;
45406 : FDAE;
45407 : 061B;
45408 : FD3E;
45409 : F2D1;
45410 : FF81;
45411 : FAA0;
45412 : FD66;
45413 : F8E3;
45414 : 0E3E;
45415 : 165C;
45416 : F17B;
45417 : 0713;
45418 : F8F0;
45419 : 0D10;
45420 : EB36;
45421 : 0E67;
45422 : 1090;
45423 : FCDA;
45424 : F064;
45425 : 0237;
45426 : 0066;
45427 : F6F4;
45428 : 0157;
45429 : 114D;
45430 : FE56;
45431 : FF47;
45432 : 0D73;
45433 : FDB5;
45434 : F7B0;
45435 : FE64;
45436 : F594;
45437 : 0255;
45438 : 0654;
45439 : FA9F;
45440 : 114C;
45441 : F687;
45442 : 0FA0;
45443 : FC06;
45444 : 054B;
45445 : 02E9;
45446 : EACC;
45447 : F151;
45448 : FF7E;
45449 : F059;
45450 : EE5B;
45451 : 01F1;
45452 : F522;
45453 : FF10;
45454 : 06DB;
45455 : 10D5;
45456 : FFF8;
45457 : EBB2;
45458 : FC19;
45459 : F4FC;
45460 : 0D3E;
45461 : F1E0;
45462 : FE13;
45463 : F475;
45464 : FBDD;
45465 : 077D;
45466 : F2B6;
45467 : FF1F;
45468 : FF5D;
45469 : 0708;
45470 : EBE7;
45471 : 0AC4;
45472 : 171B;
45473 : 122A;
45474 : 0CEE;
45475 : 0FF8;
45476 : 0C51;
45477 : 0189;
45478 : 0B15;
45479 : 0DEF;
45480 : 0794;
45481 : 0A0F;
45482 : 0ACF;
45483 : F77D;
45484 : FC12;
45485 : F0A9;
45486 : 03DE;
45487 : 0B55;
45488 : FF19;
45489 : F2DF;
45490 : 0472;
45491 : F406;
45492 : 06A9;
45493 : F013;
45494 : 0E51;
45495 : 002B;
45496 : EB89;
45497 : F69B;
45498 : 073B;
45499 : 08CE;
45500 : FE98;
45501 : F077;
45502 : F8F4;
45503 : F419;
45504 : 06C5;
45505 : FCA2;
45506 : 118C;
45507 : 06CD;
45508 : 099E;
45509 : 03AA;
45510 : ECB4;
45511 : 08E7;
45512 : 0BED;
45513 : 0CB3;
45514 : 0662;
45515 : EDE9;
45516 : 012F;
45517 : F2BD;
45518 : 0F57;
45519 : 0054;
45520 : 06C7;
45521 : F1EF;
45522 : F08F;
45523 : 04D8;
45524 : F6F4;
45525 : EBD4;
45526 : 12DD;
45527 : F218;
45528 : EE06;
45529 : EFEC;
45530 : F851;
45531 : 02D4;
45532 : 07E0;
45533 : 0636;
45534 : F8E9;
45535 : 09DF;
45536 : 1105;
45537 : 0477;
45538 : FB52;
45539 : F63C;
45540 : FEA4;
45541 : 03D2;
45542 : F6FC;
45543 : 00BA;
45544 : EF44;
45545 : F004;
45546 : 0E33;
45547 : 0F06;
45548 : F397;
45549 : 15C4;
45550 : 0373;
45551 : 096E;
45552 : FB12;
45553 : F7EC;
45554 : F41A;
45555 : 006A;
45556 : 114D;
45557 : 0346;
45558 : F722;
45559 : FF45;
45560 : 092D;
45561 : EF0E;
45562 : 0D41;
45563 : 034F;
45564 : 038E;
45565 : 05C4;
45566 : EE5E;
45567 : F62F;
45568 : F937;
45569 : 1302;
45570 : 139A;
45571 : 0551;
45572 : F961;
45573 : 0C8D;
45574 : 03DF;
45575 : 0E11;
45576 : 1005;
45577 : 11E8;
45578 : F945;
45579 : 13C2;
45580 : F107;
45581 : EB40;
45582 : F6C5;
45583 : EAF1;
45584 : FAA3;
45585 : FB33;
45586 : 0D4B;
45587 : F8D5;
45588 : FFD3;
45589 : EC6C;
45590 : F86D;
45591 : 0AD1;
45592 : EEB7;
45593 : 0EEC;
45594 : FEC1;
45595 : F672;
45596 : 0CE9;
45597 : F8B1;
45598 : FBD8;
45599 : F35C;
45600 : F89B;
45601 : F58C;
45602 : 007D;
45603 : 0637;
45604 : 11A4;
45605 : 07EC;
45606 : 1587;
45607 : 037F;
45608 : FE59;
45609 : 12B0;
45610 : ECB1;
45611 : 0520;
45612 : E58D;
45613 : 0E4F;
45614 : F838;
45615 : FC3B;
45616 : 0CBD;
45617 : 1202;
45618 : F084;
45619 : F655;
45620 : 0AFC;
45621 : 0FCB;
45622 : F0C2;
45623 : FE7A;
45624 : 0CFC;
45625 : 0F37;
45626 : 03EC;
45627 : F49D;
45628 : 0E18;
45629 : 078F;
45630 : FE74;
45631 : FDE1;
45632 : F811;
45633 : F55D;
45634 : 07B1;
45635 : 0926;
45636 : 0001;
45637 : FBC4;
45638 : FDC4;
45639 : FA8E;
45640 : 0BF9;
45641 : FA18;
45642 : 0B6A;
45643 : 0EDF;
45644 : 121B;
45645 : 086C;
45646 : FF35;
45647 : F08E;
45648 : 0E16;
45649 : F1EA;
45650 : F304;
45651 : 1338;
45652 : 000E;
45653 : F174;
45654 : FC49;
45655 : FE00;
45656 : 0583;
45657 : FD41;
45658 : EA9E;
45659 : 0512;
45660 : 0B28;
45661 : FF24;
45662 : FD85;
45663 : EE57;
45664 : 016A;
45665 : FC3D;
45666 : F3D0;
45667 : F64A;
45668 : 0DA2;
45669 : 0972;
45670 : FD63;
45671 : 0B97;
45672 : FE0C;
45673 : F81B;
45674 : F50A;
45675 : FA7D;
45676 : 0247;
45677 : 1AE3;
45678 : 0FEB;
45679 : 065F;
45680 : FF0A;
45681 : 0C96;
45682 : ED8E;
45683 : 00D1;
45684 : F3FE;
45685 : 0358;
45686 : 0ABE;
45687 : 0FD8;
45688 : F2BE;
45689 : ECF7;
45690 : FA86;
45691 : 0B34;
45692 : FAD2;
45693 : F54A;
45694 : F838;
45695 : FAFF;
45696 : FBBB;
45697 : 0A75;
45698 : 1710;
45699 : 000C;
45700 : F13A;
45701 : 01D6;
45702 : F8D2;
45703 : F6DF;
45704 : 089C;
45705 : 04BB;
45706 : 0EEF;
45707 : FB76;
45708 : EF8C;
45709 : F28A;
45710 : 0825;
45711 : F10D;
45712 : F811;
45713 : F70A;
45714 : F180;
45715 : FA12;
45716 : EB41;
45717 : FB6E;
45718 : 0555;
45719 : EDA5;
45720 : 088D;
45721 : ED87;
45722 : E95E;
45723 : F393;
45724 : 11A5;
45725 : FB7C;
45726 : 0067;
45727 : 11BB;
45728 : F478;
45729 : FC73;
45730 : 0BA1;
45731 : F7DB;
45732 : 036A;
45733 : FE11;
45734 : 06AE;
45735 : F445;
45736 : 031B;
45737 : 0BCA;
45738 : F855;
45739 : EC6D;
45740 : E8BA;
45741 : F6DA;
45742 : FE98;
45743 : EBB3;
45744 : 07E5;
45745 : 10B2;
45746 : 0842;
45747 : EE55;
45748 : 0E36;
45749 : FC32;
45750 : 04B3;
45751 : 0C53;
45752 : FFB7;
45753 : 0A5F;
45754 : 0551;
45755 : 054E;
45756 : FD11;
45757 : 0413;
45758 : 0EEF;
45759 : FD1D;
45760 : F2F9;
45761 : F678;
45762 : 0C69;
45763 : FA1E;
45764 : F60E;
45765 : FFB9;
45766 : 0F48;
45767 : F816;
45768 : 0092;
45769 : FB56;
45770 : F699;
45771 : 0C74;
45772 : FD5A;
45773 : EE40;
45774 : 0A28;
45775 : FA9F;
45776 : 0137;
45777 : F61A;
45778 : FA11;
45779 : EBDF;
45780 : F675;
45781 : EDEE;
45782 : 0A31;
45783 : 0DB8;
45784 : EB90;
45785 : F9C0;
45786 : 0C4A;
45787 : FE6C;
45788 : 055F;
45789 : 0C59;
45790 : 0B29;
45791 : 0350;
45792 : FA22;
45793 : 01CA;
45794 : 09F2;
45795 : 10A8;
45796 : 048C;
45797 : FC2F;
45798 : 1046;
45799 : FBD2;
45800 : 0BA8;
45801 : 0117;
45802 : F0F5;
45803 : F747;
45804 : ED08;
45805 : F393;
45806 : 0D93;
45807 : F296;
45808 : F5C1;
45809 : F720;
45810 : EE3A;
45811 : FD57;
45812 : 0B3C;
45813 : EFC8;
45814 : F59B;
45815 : F534;
45816 : F079;
45817 : 0C21;
45818 : 0967;
45819 : ED2B;
45820 : F803;
45821 : 0C33;
45822 : 088B;
45823 : 0BDD;
45824 : 09B8;
45825 : 071E;
45826 : 0190;
45827 : FDF1;
45828 : 0B12;
45829 : 0627;
45830 : 106A;
45831 : FEBC;
45832 : FFDD;
45833 : F5A2;
45834 : FC12;
45835 : FD94;
45836 : FC72;
45837 : E772;
45838 : 0811;
45839 : 0227;
45840 : F11D;
45841 : F813;
45842 : 1348;
45843 : 09BA;
45844 : 12CC;
45845 : 0FCE;
45846 : F314;
45847 : FF8D;
45848 : EDB3;
45849 : 1144;
45850 : EECA;
45851 : 12DC;
45852 : 04F2;
45853 : 00D9;
45854 : 065F;
45855 : 02EF;
45856 : F615;
45857 : 0144;
45858 : 10F6;
45859 : FA50;
45860 : F813;
45861 : 066A;
45862 : 1101;
45863 : 0A4F;
45864 : 0615;
45865 : FCE5;
45866 : 027F;
45867 : 029C;
45868 : 072E;
45869 : 0B4A;
45870 : F8B1;
45871 : 0455;
45872 : FAA6;
45873 : 0FF4;
45874 : F653;
45875 : 0DCC;
45876 : 0C28;
45877 : FA89;
45878 : F0CF;
45879 : EEC1;
45880 : F206;
45881 : 069C;
45882 : 079A;
45883 : F6CF;
45884 : F8CF;
45885 : F111;
45886 : 0371;
45887 : F6AD;
45888 : FB87;
45889 : F304;
45890 : 0808;
45891 : 0FBE;
45892 : 102A;
45893 : 0105;
45894 : 0436;
45895 : F146;
45896 : 07C9;
45897 : F584;
45898 : 1185;
45899 : F3C2;
45900 : FAC2;
45901 : EB53;
45902 : EEAA;
45903 : F111;
45904 : 02DF;
45905 : F239;
45906 : 0B84;
45907 : 0BC6;
45908 : F96A;
45909 : 050F;
45910 : 0B10;
45911 : 1143;
45912 : 151D;
45913 : 1167;
45914 : EECB;
45915 : FC99;
45916 : EEAC;
45917 : F8FC;
45918 : EF4F;
45919 : 16B0;
45920 : 0EC7;
45921 : 02BF;
45922 : ECA3;
45923 : 132A;
45924 : F16B;
45925 : 03A8;
45926 : 056B;
45927 : 0DC2;
45928 : F98A;
45929 : FC23;
45930 : F88B;
45931 : 08A6;
45932 : FE41;
45933 : 00F1;
45934 : 019E;
45935 : F574;
45936 : 1148;
45937 : 0143;
45938 : 04D7;
45939 : 0353;
45940 : FBC8;
45941 : FE91;
45942 : F8AB;
45943 : EE7F;
45944 : F946;
45945 : 07C2;
45946 : FF1A;
45947 : 0906;
45948 : F7AF;
45949 : ECD1;
45950 : F448;
45951 : 10BA;
45952 : 0BF1;
45953 : 0D40;
45954 : F414;
45955 : 05E0;
45956 : F51C;
45957 : FD8F;
45958 : F59B;
45959 : 0406;
45960 : 0A6F;
45961 : F125;
45962 : 067A;
45963 : F138;
45964 : 0D48;
45965 : 0697;
45966 : FCDE;
45967 : F2B1;
45968 : 06E8;
45969 : E513;
45970 : FF52;
45971 : F5D0;
45972 : 093C;
45973 : F8A9;
45974 : 07A8;
45975 : 0DA1;
45976 : 0E6F;
45977 : EF77;
45978 : FCEB;
45979 : F93E;
45980 : 0FE8;
45981 : FB88;
45982 : 0003;
45983 : 0572;
45984 : FAB4;
45985 : F417;
45986 : 11AA;
45987 : FFDA;
45988 : 0C36;
45989 : 127A;
45990 : EE93;
45991 : 092E;
45992 : F4FA;
45993 : F710;
45994 : 0FE7;
45995 : 0AB5;
45996 : FBCF;
45997 : 0311;
45998 : 0A7E;
45999 : 02E4;
46000 : 13B8;
46001 : 137D;
46002 : 0604;
46003 : 11BB;
46004 : 0BCF;
46005 : FF9E;
46006 : FB34;
46007 : 00D5;
46008 : E9F8;
46009 : F852;
46010 : 0428;
46011 : F97D;
46012 : EBA5;
46013 : FB67;
46014 : EFE1;
46015 : 0A8D;
46016 : 07E2;
46017 : F456;
46018 : 0D43;
46019 : FE44;
46020 : F3D0;
46021 : E89E;
46022 : 06CE;
46023 : 0238;
46024 : EF73;
46025 : 0CEC;
46026 : 00F1;
46027 : 0783;
46028 : 03DE;
46029 : F81E;
46030 : FB6E;
46031 : FCA3;
46032 : 1280;
46033 : F5C5;
46034 : F930;
46035 : FE82;
46036 : F64F;
46037 : 0176;
46038 : 0824;
46039 : EE75;
46040 : E826;
46041 : 0A0E;
46042 : F431;
46043 : 0512;
46044 : 04BE;
46045 : FA2C;
46046 : FDBB;
46047 : FF18;
46048 : EDC2;
46049 : 0FCE;
46050 : 0D91;
46051 : 0ED3;
46052 : 0B45;
46053 : F1B0;
46054 : 11CF;
46055 : EEFB;
46056 : F199;
46057 : FDA3;
46058 : F23D;
46059 : 0DB9;
46060 : EB8B;
46061 : FAB0;
46062 : 1063;
46063 : 0185;
46064 : 0634;
46065 : F5B5;
46066 : F1A0;
46067 : 13FC;
46068 : F346;
46069 : 0443;
46070 : 01CF;
46071 : F49E;
46072 : 0205;
46073 : F55B;
46074 : 0660;
46075 : F770;
46076 : F900;
46077 : 0B94;
46078 : FE26;
46079 : FA53;
46080 : F235;
46081 : FEEE;
46082 : 0435;
46083 : 0200;
46084 : FA17;
46085 : EE4B;
46086 : F216;
46087 : FBA1;
46088 : F4C2;
46089 : F333;
46090 : F556;
46091 : FD77;
46092 : F323;
46093 : FB75;
46094 : 0765;
46095 : FEB9;
46096 : F982;
46097 : E87A;
46098 : 07C0;
46099 : 1232;
46100 : 0AEC;
46101 : 07A8;
46102 : FF4A;
46103 : EF7D;
46104 : E81C;
46105 : F4DD;
46106 : 0E3A;
46107 : 02A1;
46108 : 012E;
46109 : F6EF;
46110 : 1192;
46111 : 19F1;
46112 : EDEE;
46113 : F966;
46114 : EA99;
46115 : 11C9;
46116 : FB83;
46117 : EF0D;
46118 : FD30;
46119 : EB00;
46120 : F5EC;
46121 : F827;
46122 : FBB9;
46123 : 01DB;
46124 : EF25;
46125 : F546;
46126 : F950;
46127 : F30E;
46128 : F6BF;
46129 : 0FC6;
46130 : 001F;
46131 : FFEA;
46132 : FF5F;
46133 : 13CB;
46134 : 0665;
46135 : F328;
46136 : 031F;
46137 : ECBE;
46138 : 0CFA;
46139 : F9A1;
46140 : F813;
46141 : F309;
46142 : 06BD;
46143 : FB52;
46144 : 17CB;
46145 : 0A31;
46146 : 1165;
46147 : 01F4;
46148 : EF86;
46149 : FD53;
46150 : FA5E;
46151 : 11B8;
46152 : 11B4;
46153 : 123A;
46154 : EDD4;
46155 : 0D8E;
46156 : EB00;
46157 : F88F;
46158 : 0256;
46159 : 02B0;
46160 : F586;
46161 : 0287;
46162 : FA2E;
46163 : FD92;
46164 : F156;
46165 : 023F;
46166 : 05D1;
46167 : EEEF;
46168 : 084A;
46169 : FE68;
46170 : 025B;
46171 : 13E5;
46172 : 1411;
46173 : 073E;
46174 : 0415;
46175 : 0196;
46176 : FA4D;
46177 : FD6A;
46178 : E978;
46179 : F8D2;
46180 : 03D5;
46181 : F719;
46182 : F70F;
46183 : 0781;
46184 : 087D;
46185 : F1E8;
46186 : 02E3;
46187 : 0C9C;
46188 : FFAF;
46189 : 08F4;
46190 : 0794;
46191 : F9C4;
46192 : 0775;
46193 : 01E4;
46194 : EBD2;
46195 : 0740;
46196 : FB75;
46197 : 0220;
46198 : 0075;
46199 : F0B6;
46200 : 051E;
46201 : 0150;
46202 : 088B;
46203 : EEEA;
46204 : FA51;
46205 : FB6D;
46206 : 0731;
46207 : F870;
46208 : F9FC;
46209 : FBC6;
46210 : EE03;
46211 : 035C;
46212 : 0E31;
46213 : 1093;
46214 : 04E9;
46215 : F829;
46216 : 0531;
46217 : 0EAD;
46218 : FECB;
46219 : F41A;
46220 : 0AC4;
46221 : FE24;
46222 : 04FF;
46223 : F747;
46224 : 0520;
46225 : F5B4;
46226 : 0B9C;
46227 : F71C;
46228 : 0B1E;
46229 : 0DCE;
46230 : 151B;
46231 : 05E3;
46232 : 0955;
46233 : F3D9;
46234 : F833;
46235 : 1315;
46236 : 0B90;
46237 : 029D;
46238 : 0803;
46239 : 024A;
46240 : F8EC;
46241 : F7F0;
46242 : FF44;
46243 : 08A7;
46244 : 01D5;
46245 : F31E;
46246 : EE79;
46247 : 0451;
46248 : 056A;
46249 : 10B3;
46250 : EE10;
46251 : FC27;
46252 : F352;
46253 : 015C;
46254 : 0DB6;
46255 : 1181;
46256 : FC59;
46257 : 0F3D;
46258 : 0DA5;
46259 : F8EC;
46260 : FFD7;
46261 : 024F;
46262 : FF84;
46263 : F586;
46264 : FCE3;
46265 : 0962;
46266 : 151E;
46267 : 1383;
46268 : FC2C;
46269 : 1239;
46270 : 0713;
46271 : 0447;
46272 : FBEE;
46273 : 0B02;
46274 : FAFC;
46275 : 10DE;
46276 : 0110;
46277 : F191;
46278 : 09D3;
46279 : 03C7;
46280 : 106E;
46281 : 083C;
46282 : EC01;
46283 : 0494;
46284 : FACB;
46285 : 047F;
46286 : 072B;
46287 : FA11;
46288 : 0866;
46289 : FACF;
46290 : FF01;
46291 : F23C;
46292 : 03DC;
46293 : EDDE;
46294 : 061A;
46295 : F9FF;
46296 : F7CE;
46297 : 0932;
46298 : F810;
46299 : 0CBC;
46300 : FBEE;
46301 : 0DB9;
46302 : F044;
46303 : F904;
46304 : 0FF1;
46305 : F4C7;
46306 : F032;
46307 : F0E7;
46308 : F4DB;
46309 : 074F;
46310 : FB23;
46311 : F91B;
46312 : F0D3;
46313 : 04DF;
46314 : F348;
46315 : 0704;
46316 : 003D;
46317 : 1170;
46318 : 14EA;
46319 : FF60;
46320 : 068D;
46321 : 10F9;
46322 : F99C;
46323 : 10B0;
46324 : 0204;
46325 : EB76;
46326 : 043F;
46327 : 12D3;
46328 : EB91;
46329 : EF50;
46330 : 0206;
46331 : FF52;
46332 : E916;
46333 : 0F88;
46334 : F6E9;
46335 : 0AD3;
46336 : EF6D;
46337 : 041D;
46338 : F92D;
46339 : F2B6;
46340 : 12C7;
46341 : EC8F;
46342 : FEE9;
46343 : FF16;
46344 : F886;
46345 : F910;
46346 : 0428;
46347 : FA60;
46348 : 0A0A;
46349 : EA75;
46350 : 004C;
46351 : 0521;
46352 : 0C83;
46353 : 04D7;
46354 : 102E;
46355 : 13EA;
46356 : F1BA;
46357 : EA94;
46358 : FCBC;
46359 : FFF9;
46360 : 0060;
46361 : 08B6;
46362 : 0D52;
46363 : EE5C;
46364 : F71D;
46365 : F962;
46366 : F0BE;
46367 : 0BE8;
46368 : 09D1;
46369 : F185;
46370 : 0EB6;
46371 : 07EB;
46372 : 0B34;
46373 : FC90;
46374 : EFBA;
46375 : FB17;
46376 : 0785;
46377 : F25A;
46378 : FBC7;
46379 : F09B;
46380 : FD1C;
46381 : 142A;
46382 : F7BD;
46383 : 0C46;
46384 : EE4C;
46385 : 022E;
46386 : FC98;
46387 : FCD7;
46388 : ECCF;
46389 : F353;
46390 : 1108;
46391 : F0B7;
46392 : 0E4D;
46393 : EDE1;
46394 : 14D9;
46395 : F56C;
46396 : FAE4;
46397 : 06A9;
46398 : FBBF;
46399 : F155;
46400 : FABE;
46401 : 0E75;
46402 : 1015;
46403 : 0182;
46404 : 0254;
46405 : 022C;
46406 : ED9A;
46407 : F0E6;
46408 : 01E0;
46409 : 10B9;
46410 : FC61;
46411 : FB47;
46412 : F49D;
46413 : 08C6;
46414 : F445;
46415 : F90A;
46416 : ED1C;
46417 : 0153;
46418 : 00E0;
46419 : FB7E;
46420 : F21C;
46421 : 026F;
46422 : 0CB1;
46423 : F9C5;
46424 : F46D;
46425 : 06D5;
46426 : F91B;
46427 : FC3D;
46428 : 017F;
46429 : 0415;
46430 : 0A77;
46431 : 0249;
46432 : 019B;
46433 : F26F;
46434 : F34B;
46435 : EE45;
46436 : F52C;
46437 : 0912;
46438 : 0C45;
46439 : EED2;
46440 : EC83;
46441 : 0B9E;
46442 : 104C;
46443 : FA17;
46444 : 01C6;
46445 : 1001;
46446 : F32A;
46447 : 0D40;
46448 : F54D;
46449 : F374;
46450 : EE0B;
46451 : 12AE;
46452 : 0891;
46453 : F76F;
46454 : 06E0;
46455 : EEC7;
46456 : F62A;
46457 : F5CE;
46458 : 0807;
46459 : F497;
46460 : 0878;
46461 : F4B5;
46462 : F623;
46463 : FF17;
46464 : 0687;
46465 : 10FA;
46466 : 101F;
46467 : 0B80;
46468 : FFA8;
46469 : F116;
46470 : 0C14;
46471 : FA3C;
46472 : 0AF4;
46473 : 0D0C;
46474 : 02B1;
46475 : F693;
46476 : 134D;
46477 : F16B;
46478 : 06B3;
46479 : 06EE;
46480 : 08C9;
46481 : 101A;
46482 : 103C;
46483 : FE9D;
46484 : 07FF;
46485 : 0801;
46486 : 1272;
46487 : 0D97;
46488 : F84D;
46489 : FEB8;
46490 : FE1C;
46491 : 0A5D;
46492 : F13C;
46493 : 04F9;
46494 : 0DE5;
46495 : EDB1;
46496 : FD9C;
46497 : EFA9;
46498 : 0CC0;
46499 : FCE6;
46500 : 1001;
46501 : 02B4;
46502 : F1CD;
46503 : 0BD2;
46504 : F5FA;
46505 : F294;
46506 : 1291;
46507 : FC9C;
46508 : 0508;
46509 : 070E;
46510 : EDC8;
46511 : F9A1;
46512 : F2FC;
46513 : 05EC;
46514 : 0A69;
46515 : 00C8;
46516 : 10EA;
46517 : 00A4;
46518 : 083B;
46519 : F677;
46520 : 11A4;
46521 : 06E5;
46522 : 0735;
46523 : 04D1;
46524 : FA41;
46525 : F177;
46526 : FC97;
46527 : 0C58;
46528 : 024E;
46529 : 0508;
46530 : FE4E;
46531 : 0B56;
46532 : 014A;
46533 : EE4B;
46534 : F620;
46535 : F82C;
46536 : F8BE;
46537 : FF08;
46538 : F92B;
46539 : ECD4;
46540 : 06A8;
46541 : FA34;
46542 : FDBF;
46543 : EED0;
46544 : 12D1;
46545 : 128E;
46546 : 060A;
46547 : 1011;
46548 : FAF0;
46549 : F714;
46550 : 0D17;
46551 : EF35;
46552 : 09F7;
46553 : FA32;
46554 : ECD2;
46555 : FEBC;
46556 : FB55;
46557 : 0849;
46558 : EF9A;
46559 : 06A1;
46560 : 038D;
46561 : 12C0;
46562 : 07A8;
46563 : 0FDB;
46564 : F2AC;
46565 : EF32;
46566 : 0B4F;
46567 : 0B6E;
46568 : F6FE;
46569 : 0FBE;
46570 : 0C6B;
46571 : 0CE3;
46572 : EFD1;
46573 : FADF;
46574 : F6FF;
46575 : F4DA;
46576 : 044D;
46577 : F4F1;
46578 : 09DC;
46579 : 134B;
46580 : F639;
46581 : F916;
46582 : 11A6;
46583 : FBEE;
46584 : ECE8;
46585 : 1131;
46586 : FB0C;
46587 : ED00;
46588 : 0A5B;
46589 : 109C;
46590 : F614;
46591 : 01DC;
46592 : 09D8;
46593 : F522;
46594 : 012A;
46595 : 00DD;
46596 : EDF4;
46597 : FF08;
46598 : FEFC;
46599 : 0045;
46600 : 1107;
46601 : 0F96;
46602 : F31B;
46603 : 0C5F;
46604 : ECA3;
46605 : F2AA;
46606 : 0B2C;
46607 : 1145;
46608 : 0451;
46609 : FC26;
46610 : F7AE;
46611 : F52C;
46612 : EFF0;
46613 : 041A;
46614 : FBF4;
46615 : F8F6;
46616 : FF8F;
46617 : 118F;
46618 : FF8F;
46619 : FFD6;
46620 : 0A62;
46621 : 1014;
46622 : 0BD1;
46623 : FB58;
46624 : F819;
46625 : 0BD7;
46626 : 0CB8;
46627 : F60B;
46628 : 0E1A;
46629 : 0D22;
46630 : FCD5;
46631 : 0C2B;
46632 : F381;
46633 : 0775;
46634 : EC95;
46635 : 01F7;
46636 : F6AE;
46637 : ED85;
46638 : EF35;
46639 : F5A1;
46640 : 0A78;
46641 : 002A;
46642 : 0AFE;
46643 : FC8E;
46644 : 1276;
46645 : 0953;
46646 : 092F;
46647 : 0BFE;
46648 : EF20;
46649 : ED0C;
46650 : F1DF;
46651 : ECFA;
46652 : F134;
46653 : FD54;
46654 : 0D1B;
46655 : 12F3;
46656 : 0309;
46657 : 1316;
46658 : F748;
46659 : 066E;
46660 : 02C9;
46661 : 0969;
46662 : F269;
46663 : 02DE;
46664 : FC68;
46665 : EE59;
46666 : 07C2;
46667 : 0774;
46668 : F123;
46669 : EEA3;
46670 : FD79;
46671 : 0D67;
46672 : FE36;
46673 : FE1B;
46674 : FEAA;
46675 : 10C8;
46676 : 0FED;
46677 : EE34;
46678 : 022F;
46679 : F82F;
46680 : F21E;
46681 : 0335;
46682 : 0BA1;
46683 : 0631;
46684 : 10EE;
46685 : F737;
46686 : 0AA1;
46687 : 0EFC;
46688 : 11B0;
46689 : F8FC;
46690 : F598;
46691 : FA0B;
46692 : 0238;
46693 : F532;
46694 : 0988;
46695 : 0E0E;
46696 : 0FF1;
46697 : 095F;
46698 : F41A;
46699 : FE5E;
46700 : 0B2D;
46701 : 0D68;
46702 : F550;
46703 : EC98;
46704 : 0B10;
46705 : F478;
46706 : F2F1;
46707 : 0C51;
46708 : F40C;
46709 : F715;
46710 : F607;
46711 : F686;
46712 : FE80;
46713 : F1BF;
46714 : F608;
46715 : 06A6;
46716 : FEED;
46717 : EEFA;
46718 : 0449;
46719 : FD35;
46720 : F631;
46721 : F330;
46722 : 030C;
46723 : 123F;
46724 : 10A2;
46725 : FF7E;
46726 : F0C9;
46727 : F95F;
46728 : ED6E;
46729 : FE7C;
46730 : 1293;
46731 : ED34;
46732 : 06D7;
46733 : FE27;
46734 : F257;
46735 : FAB9;
46736 : F00B;
46737 : 04D8;
46738 : 0736;
46739 : FF6D;
46740 : FA05;
46741 : FCCE;
46742 : 01EE;
46743 : F054;
46744 : EFDA;
46745 : 0E65;
46746 : F28B;
46747 : FBBD;
46748 : 02BA;
46749 : FAFC;
46750 : EEAA;
46751 : ED5C;
46752 : F3AC;
46753 : 0B9B;
46754 : F643;
46755 : EFAD;
46756 : 022E;
46757 : EE6F;
46758 : 0EF5;
46759 : EC6B;
46760 : F6BC;
46761 : FE2B;
46762 : F5F6;
46763 : 0086;
46764 : 0E7E;
46765 : EFB0;
46766 : 10AE;
46767 : F13C;
46768 : 0C2E;
46769 : 1175;
46770 : F303;
46771 : F253;
46772 : F120;
46773 : F511;
46774 : EE00;
46775 : 06FA;
46776 : 0811;
46777 : FC06;
46778 : FAB1;
46779 : FAFC;
46780 : EFED;
46781 : 028E;
46782 : 0950;
46783 : EDB9;
46784 : 0D0E;
46785 : 0819;
46786 : 11BA;
46787 : F946;
46788 : 1094;
46789 : ED7E;
46790 : 12BB;
46791 : ED44;
46792 : 0D4D;
46793 : 11F9;
46794 : 0EEE;
46795 : 04C4;
46796 : 03BB;
46797 : F10E;
46798 : FE41;
46799 : F669;
46800 : 06B4;
46801 : F8D6;
46802 : 12E3;
46803 : F6F2;
46804 : 12EE;
46805 : EFBB;
46806 : FE2E;
46807 : F2D9;
46808 : F5A3;
46809 : 09EA;
46810 : F568;
46811 : F79F;
46812 : EE28;
46813 : F8A5;
46814 : F47B;
46815 : F806;
46816 : F522;
46817 : F035;
46818 : 11C3;
46819 : 0D8B;
46820 : 08BE;
46821 : F5EF;
46822 : FA0C;
46823 : F306;
46824 : F19F;
46825 : 05B2;
46826 : 0087;
46827 : F94B;
46828 : EDC2;
46829 : FAD3;
46830 : 0401;
46831 : 00A6;
46832 : F009;
46833 : FCC5;
46834 : 10E3;
46835 : FE87;
46836 : F53B;
46837 : ED11;
46838 : 0AD8;
46839 : 0C7D;
46840 : F26A;
46841 : 038E;
46842 : FCEB;
46843 : F7EF;
46844 : 1067;
46845 : FA87;
46846 : EEA0;
46847 : 034B;
46848 : F28D;
46849 : F966;
46850 : E7FA;
46851 : FC00;
46852 : 0DB1;
46853 : F37E;
46854 : F7FB;
46855 : 0F43;
46856 : 1097;
46857 : F7EB;
46858 : 047D;
46859 : 01B1;
46860 : F1D7;
46861 : 02B6;
46862 : 1319;
46863 : F99C;
46864 : ED6B;
46865 : FA03;
46866 : 086B;
46867 : EC77;
46868 : F120;
46869 : 010A;
46870 : FF35;
46871 : 0D2B;
46872 : F31A;
46873 : 04D6;
46874 : 07AB;
46875 : 036A;
46876 : 0190;
46877 : FEF5;
46878 : ECB9;
46879 : F73A;
46880 : 01C6;
46881 : 0CF8;
46882 : F289;
46883 : F5B8;
46884 : EEFC;
46885 : 12BA;
46886 : EF02;
46887 : 0697;
46888 : 1299;
46889 : ED21;
46890 : F92A;
46891 : FDF2;
46892 : FD22;
46893 : 143B;
46894 : FC0F;
46895 : FFB4;
46896 : F834;
46897 : FB77;
46898 : F1A6;
46899 : EBE5;
46900 : 008C;
46901 : 1228;
46902 : F766;
46903 : FC6D;
46904 : 0314;
46905 : 0D6C;
46906 : 1435;
46907 : F174;
46908 : 118F;
46909 : F410;
46910 : 0C18;
46911 : 05C2;
46912 : 1190;
46913 : 0477;
46914 : FC90;
46915 : F84F;
46916 : 0B7E;
46917 : 0FB7;
46918 : 0ACA;
46919 : F1E4;
46920 : FA91;
46921 : 05E4;
46922 : F43F;
46923 : 0EFF;
46924 : 0614;
46925 : FD74;
46926 : FFB7;
46927 : 002A;
46928 : F421;
46929 : FC00;
46930 : FDA5;
46931 : 006E;
46932 : 12D1;
46933 : FC5E;
46934 : 11B8;
46935 : F414;
46936 : F8C8;
46937 : 05F2;
46938 : 0432;
46939 : FA2B;
46940 : F9C0;
46941 : F82C;
46942 : 0BBA;
46943 : 0FE5;
46944 : 0065;
46945 : FB8E;
46946 : F0B7;
46947 : 0398;
46948 : 018D;
46949 : F378;
46950 : 0D25;
46951 : 0D64;
46952 : F2EA;
46953 : F399;
46954 : F10D;
46955 : 112C;
46956 : 0326;
46957 : F360;
46958 : 0A64;
46959 : F5E5;
46960 : F13A;
46961 : 00AC;
46962 : FC86;
46963 : 05F4;
46964 : F484;
46965 : FD50;
46966 : 139D;
46967 : F300;
46968 : F18E;
46969 : EDD4;
46970 : F274;
46971 : 1093;
46972 : 03F3;
46973 : 1397;
46974 : FBA4;
46975 : 0A7C;
46976 : 08FF;
46977 : 05BE;
46978 : EDE4;
46979 : FB27;
46980 : 0432;
46981 : 075A;
46982 : EFDB;
46983 : 010E;
46984 : 0AB6;
46985 : F09C;
46986 : 1121;
46987 : 11F4;
46988 : 07B7;
46989 : ED1E;
46990 : 00F7;
46991 : 0B38;
46992 : 12C9;
46993 : FE3F;
46994 : F9E7;
46995 : 108C;
46996 : 046E;
46997 : F7F4;
46998 : FA38;
46999 : F586;
47000 : EFCB;
47001 : FC66;
47002 : 0A4B;
47003 : 0333;
47004 : FB67;
47005 : 01AA;
47006 : F90F;
47007 : 0590;
47008 : 0474;
47009 : 0D0C;
47010 : 0525;
47011 : F951;
47012 : EC49;
47013 : 01F6;
47014 : F082;
47015 : 0F68;
47016 : 05F5;
47017 : 0F71;
47018 : 0552;
47019 : F9F1;
47020 : ED11;
47021 : F666;
47022 : 0FEB;
47023 : F78F;
47024 : F4A1;
47025 : F574;
47026 : 09C0;
47027 : FED6;
47028 : 1205;
47029 : F7BB;
47030 : F898;
47031 : ED35;
47032 : EC61;
47033 : F81B;
47034 : F6AF;
47035 : 05E1;
47036 : 10FB;
47037 : F9D5;
47038 : FC3C;
47039 : F9B2;
47040 : F2A4;
47041 : 05AA;
47042 : FE15;
47043 : 058E;
47044 : 0F52;
47045 : EF28;
47046 : F658;
47047 : ED83;
47048 : F019;
47049 : F761;
47050 : FE30;
47051 : EDF9;
47052 : 0708;
47053 : F372;
47054 : FC3D;
47055 : F3AF;
47056 : F697;
47057 : FFAA;
47058 : EE5A;
47059 : F6B0;
47060 : 0C9F;
47061 : 0817;
47062 : 046C;
47063 : 016F;
47064 : 0578;
47065 : FC9C;
47066 : 0E04;
47067 : 0DF7;
47068 : 0205;
47069 : 09ED;
47070 : 06B8;
47071 : EFBD;
47072 : F6A0;
47073 : 00CB;
47074 : 0639;
47075 : FACB;
47076 : EF68;
47077 : EEFF;
47078 : 035C;
47079 : 1583;
47080 : 0594;
47081 : EAC1;
47082 : F3AF;
47083 : 01DE;
47084 : 0E6A;
47085 : F3FA;
47086 : F42D;
47087 : F751;
47088 : 073C;
47089 : FF55;
47090 : EADF;
47091 : FA08;
47092 : 0EE2;
47093 : 03D8;
47094 : 00D9;
47095 : 06D8;
47096 : FCB0;
47097 : FAC7;
47098 : 0081;
47099 : 1065;
47100 : 0AD9;
47101 : 0C78;
47102 : 0707;
47103 : FA25;
47104 : F973;
47105 : 0592;
47106 : 0FA4;
47107 : 0915;
47108 : EBC2;
47109 : 0F85;
47110 : FD46;
47111 : FE5D;
47112 : 02C2;
47113 : F875;
47114 : 0646;
47115 : 0CEA;
47116 : FBE0;
47117 : F826;
47118 : 0D99;
47119 : 0E9D;
47120 : F361;
47121 : F95C;
47122 : 053A;
47123 : EDFC;
47124 : F540;
47125 : 0778;
47126 : 11C0;
47127 : F483;
47128 : FC43;
47129 : 032B;
47130 : 0B33;
47131 : F57A;
47132 : F479;
47133 : 015D;
47134 : 14CB;
47135 : FB5A;
47136 : F506;
47137 : 0687;
47138 : F885;
47139 : 0A25;
47140 : F2F2;
47141 : F8AB;
47142 : 135D;
47143 : 0B25;
47144 : EA31;
47145 : FE3C;
47146 : EF5D;
47147 : EB05;
47148 : 096E;
47149 : 1138;
47150 : 0050;
47151 : 100D;
47152 : EE88;
47153 : 0471;
47154 : FCAA;
47155 : F27D;
47156 : F056;
47157 : 0078;
47158 : 0D4B;
47159 : EB6C;
47160 : F1A7;
47161 : 02CC;
47162 : 0789;
47163 : FF30;
47164 : F508;
47165 : F499;
47166 : 03C3;
47167 : 1217;
47168 : 082D;
47169 : 08D1;
47170 : 0985;
47171 : 0352;
47172 : F94D;
47173 : 13B7;
47174 : 0A3F;
47175 : 04E2;
47176 : 05E9;
47177 : FF55;
47178 : 0684;
47179 : 0936;
47180 : EED1;
47181 : F343;
47182 : 0110;
47183 : 00E4;
47184 : 0B09;
47185 : FF7C;
47186 : FE75;
47187 : EF66;
47188 : 0623;
47189 : F8A2;
47190 : 14B1;
47191 : 0D6E;
47192 : 0D94;
47193 : 1709;
47194 : 0828;
47195 : F129;
47196 : 0D03;
47197 : 1334;
47198 : FBAC;
47199 : 058E;
47200 : F3A1;
47201 : F5C6;
47202 : 0DBF;
47203 : 00BB;
47204 : F1CD;
47205 : 0741;
47206 : FF59;
47207 : 05A1;
47208 : F797;
47209 : FBEE;
47210 : FF26;
47211 : 0D17;
47212 : 02B6;
47213 : F736;
47214 : 0819;
47215 : F8E9;
47216 : FC1F;
47217 : FCD1;
47218 : EE5C;
47219 : EFAA;
47220 : 089E;
47221 : 02A8;
47222 : 079E;
47223 : 034B;
47224 : FF5F;
47225 : 0103;
47226 : 08DF;
47227 : EA33;
47228 : 01B5;
47229 : 094F;
47230 : 02F4;
47231 : EE79;
47232 : 0C06;
47233 : 0A60;
47234 : FD15;
47235 : F8AB;
47236 : 0BC7;
47237 : 0EBF;
47238 : E7FB;
47239 : 092F;
47240 : F1A5;
47241 : 0296;
47242 : F8B4;
47243 : EF6F;
47244 : F4BD;
47245 : 133B;
47246 : 0806;
47247 : F548;
47248 : FACA;
47249 : F0F2;
47250 : 0A83;
47251 : 0C35;
47252 : 0DE8;
47253 : F047;
47254 : 1716;
47255 : 094A;
47256 : F4AA;
47257 : FD5C;
47258 : EFEE;
47259 : F69C;
47260 : F810;
47261 : F925;
47262 : FC16;
47263 : F1C5;
47264 : EDC2;
47265 : F2D2;
47266 : EF44;
47267 : 1255;
47268 : EA7D;
47269 : 095A;
47270 : 15DC;
47271 : 1168;
47272 : ECCD;
47273 : EC53;
47274 : 027F;
47275 : 08DF;
47276 : EAD9;
47277 : FC08;
47278 : F72E;
47279 : 1100;
47280 : EC71;
47281 : 0219;
47282 : F446;
47283 : 0E0E;
47284 : FBED;
47285 : F867;
47286 : 0DDC;
47287 : F0A4;
47288 : EDE8;
47289 : 1058;
47290 : 0336;
47291 : 0266;
47292 : FD5D;
47293 : ECDD;
47294 : 0A5E;
47295 : 015A;
47296 : 172D;
47297 : 0084;
47298 : FCDC;
47299 : 0A46;
47300 : 0B28;
47301 : 088F;
47302 : 0570;
47303 : EB94;
47304 : 152C;
47305 : F8DB;
47306 : F1D8;
47307 : F8E3;
47308 : 0B4F;
47309 : 058A;
47310 : F952;
47311 : 0AB7;
47312 : 019E;
47313 : FCD1;
47314 : FC5D;
47315 : 04DC;
47316 : 0BB5;
47317 : FE0B;
47318 : 0F89;
47319 : 08B6;
47320 : FB33;
47321 : ED80;
47322 : F2BC;
47323 : F60F;
47324 : FF2B;
47325 : 0C90;
47326 : 1158;
47327 : FCD9;
47328 : 0675;
47329 : FFBC;
47330 : F129;
47331 : 0533;
47332 : FC42;
47333 : 0789;
47334 : 0682;
47335 : 0E59;
47336 : 07D9;
47337 : FE30;
47338 : EF16;
47339 : FE1E;
47340 : F210;
47341 : F62E;
47342 : F1C5;
47343 : ECB8;
47344 : 0896;
47345 : EE49;
47346 : FBB8;
47347 : 0895;
47348 : 052B;
47349 : 14F7;
47350 : 0967;
47351 : 0719;
47352 : FD58;
47353 : 0FBD;
47354 : FDDC;
47355 : FFA0;
47356 : 11F0;
47357 : 051E;
47358 : 125F;
47359 : FDDB;
47360 : 03FF;
47361 : 118B;
47362 : 103D;
47363 : 05D1;
47364 : F56F;
47365 : 1201;
47366 : EEAD;
47367 : FCEA;
47368 : FB38;
47369 : F64D;
47370 : 131E;
47371 : 0E5F;
47372 : 0DC2;
47373 : EC1D;
47374 : EBEC;
47375 : 0D52;
47376 : 0BEE;
47377 : FC69;
47378 : 0A8C;
47379 : FE68;
47380 : 0220;
47381 : F3CB;
47382 : F904;
47383 : 08A5;
47384 : E99F;
47385 : 0D6D;
47386 : 063D;
47387 : FF03;
47388 : 0CD5;
47389 : F0C5;
47390 : 1350;
47391 : EFA2;
47392 : 0049;
47393 : 08A2;
47394 : FE52;
47395 : F882;
47396 : ED31;
47397 : FE38;
47398 : FFDB;
47399 : 05F6;
47400 : F3B5;
47401 : F33E;
47402 : 0501;
47403 : 0F54;
47404 : FA15;
47405 : 0830;
47406 : 13BB;
47407 : 062B;
47408 : F632;
47409 : F493;
47410 : F130;
47411 : F267;
47412 : FE23;
47413 : 0518;
47414 : 07C7;
47415 : 0BA4;
47416 : FDBC;
47417 : F581;
47418 : 01A8;
47419 : F2E7;
47420 : 0A8D;
47421 : EA33;
47422 : FA6F;
47423 : FBB8;
47424 : F8FB;
47425 : 0E1A;
47426 : 0232;
47427 : FCC5;
47428 : 0392;
47429 : 1259;
47430 : FCFC;
47431 : 0038;
47432 : 0683;
47433 : 0983;
47434 : F433;
47435 : F887;
47436 : 0268;
47437 : 066A;
47438 : 0B0B;
47439 : 02FB;
47440 : F652;
47441 : 0203;
47442 : 0F50;
47443 : EE20;
47444 : FA4C;
47445 : EAAC;
47446 : 034B;
47447 : 069F;
47448 : F3C9;
47449 : 104D;
47450 : 0957;
47451 : 1591;
47452 : 0CF6;
47453 : 0734;
47454 : 09AE;
47455 : F60B;
47456 : 0933;
47457 : F28C;
47458 : 0A3A;
47459 : 1815;
47460 : 0B13;
47461 : F0E0;
47462 : FF7B;
47463 : ED52;
47464 : 04BC;
47465 : FB11;
47466 : F007;
47467 : EDA7;
47468 : F570;
47469 : 1320;
47470 : 0692;
47471 : F9B8;
47472 : 0BFD;
47473 : 0917;
47474 : 06C6;
47475 : F6B0;
47476 : FC15;
47477 : 08AF;
47478 : ED78;
47479 : F8E7;
47480 : 06A0;
47481 : 03E4;
47482 : 04DC;
47483 : F625;
47484 : 1002;
47485 : EF47;
47486 : EE97;
47487 : FEE4;
47488 : 005B;
47489 : 0C0F;
47490 : 017E;
47491 : F892;
47492 : FAAD;
47493 : 068C;
47494 : 0BF2;
47495 : 09F4;
47496 : 131A;
47497 : E9FA;
47498 : 0E38;
47499 : FCBB;
47500 : 046D;
47501 : E49F;
47502 : EC08;
47503 : F9A1;
47504 : 067C;
47505 : ED5D;
47506 : F096;
47507 : 0604;
47508 : 097E;
47509 : F744;
47510 : FDD7;
47511 : F9BD;
47512 : FA51;
47513 : F1B0;
47514 : 0390;
47515 : F6C3;
47516 : 06D4;
47517 : F3D2;
47518 : F580;
47519 : F0D7;
47520 : EE30;
47521 : 01A1;
47522 : EF6D;
47523 : 0C66;
47524 : ECF4;
47525 : 0386;
47526 : 142B;
47527 : 09EF;
47528 : FA3B;
47529 : EA92;
47530 : 0E68;
47531 : 0BCC;
47532 : 0F5B;
47533 : 0C64;
47534 : 0E5D;
47535 : F388;
47536 : EEEE;
47537 : FAC3;
47538 : F468;
47539 : 0174;
47540 : 05B4;
47541 : FB24;
47542 : EF5C;
47543 : F235;
47544 : ECE8;
47545 : EDEE;
47546 : 0FAE;
47547 : 02E8;
47548 : FD5E;
47549 : 0F1A;
47550 : 0A91;
47551 : 0139;
47552 : 0E04;
47553 : 04A8;
47554 : 024E;
47555 : 116E;
47556 : F12A;
47557 : F183;
47558 : EBF4;
47559 : F2E2;
47560 : F379;
47561 : 0F2F;
47562 : FF20;
47563 : 0F1A;
47564 : F32C;
47565 : F3A4;
47566 : E989;
47567 : F893;
47568 : 0708;
47569 : FCAE;
47570 : 0734;
47571 : F77B;
47572 : F786;
47573 : F071;
47574 : FCD0;
47575 : FC1D;
47576 : 0E0E;
47577 : 0BD0;
47578 : F28B;
47579 : 0278;
47580 : E950;
47581 : 0447;
47582 : 116B;
47583 : 01A0;
47584 : 116C;
47585 : EDB4;
47586 : F7C0;
47587 : 13C8;
47588 : F904;
47589 : F5D6;
47590 : 1307;
47591 : F5B4;
47592 : 0C41;
47593 : 0B72;
47594 : 0CA3;
47595 : EBD0;
47596 : FFD2;
47597 : F4A6;
47598 : 12F9;
47599 : F1C0;
47600 : 0FD2;
47601 : 055C;
47602 : EC56;
47603 : 013B;
47604 : 0D13;
47605 : F5D1;
47606 : 0331;
47607 : F0C2;
47608 : 09AD;
47609 : 0CB6;
47610 : 0D1D;
47611 : EC70;
47612 : 0205;
47613 : 0BD5;
47614 : 0D02;
47615 : F2C5;
47616 : FA16;
47617 : 055E;
47618 : 0D31;
47619 : FF9D;
47620 : FAE3;
47621 : F5E5;
47622 : 0409;
47623 : F3B6;
47624 : FEA3;
47625 : 0B60;
47626 : 10F8;
47627 : 124F;
47628 : 034F;
47629 : E6CF;
47630 : 0CF2;
47631 : F5E8;
47632 : 0A39;
47633 : E7C6;
47634 : 01E4;
47635 : F537;
47636 : 05D1;
47637 : F3C6;
47638 : F034;
47639 : 0785;
47640 : F17E;
47641 : 0F93;
47642 : 0007;
47643 : 0542;
47644 : FEAA;
47645 : 11B6;
47646 : 1217;
47647 : 09BA;
47648 : 0CE1;
47649 : F622;
47650 : FBEF;
47651 : FB83;
47652 : EA6D;
47653 : 0A13;
47654 : F520;
47655 : F44C;
47656 : 0ECB;
47657 : E91F;
47658 : EBD4;
47659 : F14B;
47660 : E77F;
47661 : 0FFB;
47662 : 06B5;
47663 : FFAD;
47664 : F07F;
47665 : 0AB1;
47666 : F886;
47667 : 0630;
47668 : 0BCF;
47669 : 0B7A;
47670 : 05E8;
47671 : F996;
47672 : EF17;
47673 : FBDE;
47674 : F4AD;
47675 : F24E;
47676 : 07B5;
47677 : 0D25;
47678 : EF95;
47679 : F2AC;
47680 : 042C;
47681 : 0C5F;
47682 : 0724;
47683 : 15FB;
47684 : 0ADE;
47685 : ECB7;
47686 : F84A;
47687 : EBCE;
47688 : FD5C;
47689 : FC33;
47690 : F5CF;
47691 : 0AAC;
47692 : EC6B;
47693 : FE72;
47694 : EBFB;
47695 : F909;
47696 : 0E59;
47697 : E319;
47698 : 06D3;
47699 : 13D3;
47700 : 0156;
47701 : 024D;
47702 : 0A19;
47703 : FB05;
47704 : F36E;
47705 : FE09;
47706 : EDC3;
47707 : 037E;
47708 : 0B0F;
47709 : F0CB;
47710 : F646;
47711 : 10B7;
47712 : F0AF;
47713 : F850;
47714 : 02D4;
47715 : 1744;
47716 : F5DB;
47717 : 0D3B;
47718 : 0F67;
47719 : F0B6;
47720 : 0886;
47721 : F6DE;
47722 : FE08;
47723 : FA72;
47724 : F7EA;
47725 : 0FB7;
47726 : F8AD;
47727 : F9FA;
47728 : 0A96;
47729 : F700;
47730 : 0C45;
47731 : FFEE;
47732 : 1169;
47733 : F5AA;
47734 : 02B6;
47735 : 0104;
47736 : F9A9;
47737 : F3CD;
47738 : FF09;
47739 : FC20;
47740 : 08B4;
47741 : F90A;
47742 : EEBD;
47743 : F00C;
47744 : 1869;
47745 : 05C7;
47746 : F363;
47747 : 0D3C;
47748 : F244;
47749 : ECB6;
47750 : 007F;
47751 : 0472;
47752 : F4E2;
47753 : F569;
47754 : 1322;
47755 : 1227;
47756 : 0BBC;
47757 : FC41;
47758 : FF72;
47759 : FD55;
47760 : F24D;
47761 : EF10;
47762 : 140F;
47763 : 1697;
47764 : FECB;
47765 : E7BE;
47766 : 0AB3;
47767 : 0D84;
47768 : 0570;
47769 : F8A9;
47770 : F935;
47771 : 07CD;
47772 : 0656;
47773 : F862;
47774 : EEC7;
47775 : 017C;
47776 : 0C5E;
47777 : 0910;
47778 : 0949;
47779 : FCD3;
47780 : 0C56;
47781 : F80D;
47782 : 146D;
47783 : F5CF;
47784 : F253;
47785 : F2BA;
47786 : FCF5;
47787 : 05FA;
47788 : F1F1;
47789 : 02CC;
47790 : 00AD;
47791 : 0630;
47792 : 00FA;
47793 : F848;
47794 : 09D5;
47795 : 0F57;
47796 : EED4;
47797 : 0B30;
47798 : 0DE2;
47799 : F678;
47800 : F603;
47801 : 045D;
47802 : F523;
47803 : 0E10;
47804 : F23A;
47805 : 0D54;
47806 : 03A7;
47807 : F3F3;
47808 : 0714;
47809 : 11DB;
47810 : 0EE2;
47811 : F8E1;
47812 : 0E79;
47813 : EEE9;
47814 : FCAE;
47815 : FCA5;
47816 : 02A1;
47817 : 081F;
47818 : 14AE;
47819 : 1128;
47820 : F182;
47821 : EAE2;
47822 : 0D54;
47823 : 11D9;
47824 : F5D9;
47825 : 0286;
47826 : 0F44;
47827 : F34B;
47828 : 068C;
47829 : 0368;
47830 : 0E92;
47831 : EECA;
47832 : FD87;
47833 : FC44;
47834 : FDE7;
47835 : F333;
47836 : 0E37;
47837 : FA16;
47838 : 169C;
47839 : 013C;
47840 : 0BDC;
47841 : 0135;
47842 : F3B6;
47843 : 03EC;
47844 : F96E;
47845 : 0230;
47846 : F95E;
47847 : F5F8;
47848 : 13C6;
47849 : 0299;
47850 : EFD2;
47851 : 07EE;
47852 : F150;
47853 : FFE5;
47854 : 0EB2;
47855 : FD1C;
47856 : F5FE;
47857 : FA4D;
47858 : F7B3;
47859 : FD44;
47860 : FB8C;
47861 : FE24;
47862 : 1347;
47863 : 02A1;
47864 : F7B0;
47865 : F5AB;
47866 : FFB0;
47867 : 08D8;
47868 : F279;
47869 : 0963;
47870 : 0F2B;
47871 : F708;
47872 : 0582;
47873 : 0AC1;
47874 : 00B3;
47875 : 1027;
47876 : 0DF7;
47877 : F3B2;
47878 : 0199;
47879 : FF0E;
47880 : 003E;
47881 : 095B;
47882 : 07CE;
47883 : EF9B;
47884 : 0DCD;
47885 : 0798;
47886 : F9C4;
47887 : 0F7F;
47888 : F580;
47889 : F7E7;
47890 : 13BF;
47891 : F952;
47892 : F843;
47893 : E956;
47894 : 010D;
47895 : 0379;
47896 : EF3D;
47897 : 15CD;
47898 : F0EF;
47899 : 013B;
47900 : F7E5;
47901 : 036A;
47902 : 0F5F;
47903 : 1468;
47904 : FE54;
47905 : F698;
47906 : 0D6D;
47907 : 1822;
47908 : 0123;
47909 : 0862;
47910 : 0A54;
47911 : 0702;
47912 : 0AE8;
47913 : F49B;
47914 : FA75;
47915 : FBC0;
47916 : 04E3;
47917 : FD3D;
47918 : F6C2;
47919 : F133;
47920 : EF95;
47921 : F1DB;
47922 : F36C;
47923 : 0588;
47924 : 0AB9;
47925 : 12FF;
47926 : 0B46;
47927 : F0AC;
47928 : 0F80;
47929 : 0077;
47930 : FFC9;
47931 : 12AD;
47932 : 04D6;
47933 : 0147;
47934 : F0EC;
47935 : 1761;
47936 : F7F6;
47937 : 037A;
47938 : F417;
47939 : F91C;
47940 : 081A;
47941 : 019B;
47942 : FA5B;
47943 : 0A70;
47944 : 0E30;
47945 : F64C;
47946 : FEF7;
47947 : 1467;
47948 : F218;
47949 : 0C20;
47950 : F54C;
47951 : EB60;
47952 : 0DD2;
47953 : 04A2;
47954 : FD4D;
47955 : F890;
47956 : FBA3;
47957 : E5DA;
47958 : FDF1;
47959 : 00C0;
47960 : F597;
47961 : 060E;
47962 : EA93;
47963 : 0DEB;
47964 : 0C7E;
47965 : FB6F;
47966 : F51E;
47967 : 1134;
47968 : F399;
47969 : F55A;
47970 : 08F4;
47971 : 0A4C;
47972 : FDAE;
47973 : 0907;
47974 : 0D94;
47975 : F906;
47976 : F646;
47977 : 0ED0;
47978 : ECA5;
47979 : F056;
47980 : 1206;
47981 : FF40;
47982 : 0362;
47983 : FCBE;
47984 : FCCC;
47985 : 05B5;
47986 : 0D07;
47987 : 07D5;
47988 : EE3D;
47989 : EF21;
47990 : 03DD;
47991 : 10EC;
47992 : 0877;
47993 : 0496;
47994 : FD50;
47995 : 08EC;
47996 : F790;
47997 : 1352;
47998 : F169;
47999 : F897;
48000 : 045C;
48001 : EE3B;
48002 : 0666;
48003 : 10C5;
48004 : 12C1;
48005 : 09EE;
48006 : F7DC;
48007 : F8D5;
48008 : F9B8;
48009 : EB7E;
48010 : 0BE8;
48011 : ECD3;
48012 : 0FB1;
48013 : EA54;
48014 : 0735;
48015 : FCFB;
48016 : 05FC;
48017 : 023F;
48018 : 0B5B;
48019 : 0B1D;
48020 : F637;
48021 : 0CFD;
48022 : 0169;
48023 : FCA9;
48024 : F7D1;
48025 : 15A2;
48026 : FD79;
48027 : 046D;
48028 : 07BF;
48029 : FFDC;
48030 : F87D;
48031 : 00D3;
48032 : EF9D;
48033 : 06B3;
48034 : 0FCB;
48035 : 0482;
48036 : EE5B;
48037 : F20D;
48038 : F454;
48039 : F81E;
48040 : FECF;
48041 : 04AD;
48042 : 0678;
48043 : 02D2;
48044 : FFB4;
48045 : 0502;
48046 : 0962;
48047 : ED81;
48048 : FEA6;
48049 : 0262;
48050 : 0CAA;
48051 : ED38;
48052 : 06B9;
48053 : 05A3;
48054 : FC8E;
48055 : 0DB7;
48056 : FBE2;
48057 : 053A;
48058 : 0389;
48059 : 0E97;
48060 : 0A8A;
48061 : 0B39;
48062 : EDF9;
48063 : F9B3;
48064 : 08AC;
48065 : FE5D;
48066 : 02EF;
48067 : 07BE;
48068 : F7D2;
48069 : 0C97;
48070 : 0740;
48071 : 07C0;
48072 : 0A0C;
48073 : FE99;
48074 : 08E2;
48075 : 0E46;
48076 : 0EAA;
48077 : EF2A;
48078 : F309;
48079 : 0706;
48080 : FADC;
48081 : 0D0F;
48082 : 0E51;
48083 : 0670;
48084 : FF68;
48085 : 1056;
48086 : F13F;
48087 : 0C8A;
48088 : 0919;
48089 : 093A;
48090 : FE36;
48091 : 0E46;
48092 : 07DA;
48093 : 0CC6;
48094 : F902;
48095 : 11DC;
48096 : FDCA;
48097 : F08E;
48098 : 06AD;
48099 : F746;
48100 : 10A3;
48101 : F067;
48102 : 03C2;
48103 : 0BBE;
48104 : 0474;
48105 : FFF1;
48106 : F3A0;
48107 : F9F9;
48108 : EF1F;
48109 : F39B;
48110 : EEA8;
48111 : 09F1;
48112 : 0D66;
48113 : 0B5C;
48114 : F71E;
48115 : 0158;
48116 : F71A;
48117 : 0AA5;
48118 : F39E;
48119 : 0BCB;
48120 : 0EE7;
48121 : EEBF;
48122 : 0F48;
48123 : 0A75;
48124 : 0008;
48125 : 0FB9;
48126 : 0E08;
48127 : 0533;
48128 : 114B;
48129 : F16A;
48130 : 031F;
48131 : 0D8D;
48132 : 0F55;
48133 : 0272;
48134 : F53A;
48135 : F12E;
48136 : 09B7;
48137 : 0759;
48138 : EEF5;
48139 : 0EA6;
48140 : FFCC;
48141 : 0BB5;
48142 : F4FB;
48143 : 1134;
48144 : 0CBE;
48145 : F753;
48146 : 1301;
48147 : 0ABA;
48148 : 0A8D;
48149 : F707;
48150 : 035F;
48151 : 086C;
48152 : FAF9;
48153 : FB9B;
48154 : FED6;
48155 : 0E48;
48156 : F9A4;
48157 : F958;
48158 : 1186;
48159 : FF90;
48160 : F094;
48161 : F152;
48162 : 01F8;
48163 : 05BB;
48164 : EF13;
48165 : 038C;
48166 : EC7F;
48167 : 0CEF;
48168 : FD4E;
48169 : 1154;
48170 : 0ABD;
48171 : 085E;
48172 : EF1F;
48173 : 0355;
48174 : 0D86;
48175 : 0CF1;
48176 : F95C;
48177 : F3E6;
48178 : FC2B;
48179 : F5C7;
48180 : F952;
48181 : F45F;
48182 : EDCF;
48183 : 0532;
48184 : 10F4;
48185 : F973;
48186 : 0CF1;
48187 : FA3B;
48188 : F5A3;
48189 : 00EF;
48190 : 1272;
48191 : EEA7;
48192 : F21C;
48193 : EC93;
48194 : 0A07;
48195 : 0AAF;
48196 : 0A78;
48197 : FD0E;
48198 : 0F39;
48199 : FF52;
48200 : 0888;
48201 : F79B;
48202 : 0209;
48203 : F160;
48204 : EDF7;
48205 : FDFE;
48206 : F447;
48207 : F2CD;
48208 : 0ACF;
48209 : 05FD;
48210 : F13C;
48211 : 0866;
48212 : 0A2B;
48213 : F43F;
48214 : F879;
48215 : EC73;
48216 : 0BD2;
48217 : 0030;
48218 : 1143;
48219 : EDFF;
48220 : 07CB;
48221 : FCBA;
48222 : F45A;
48223 : 0831;
48224 : F86F;
48225 : FA25;
48226 : 12F2;
48227 : 0765;
48228 : 04B0;
48229 : 0D0F;
48230 : 02C9;
48231 : EDB8;
48232 : FAA4;
48233 : 0FEF;
48234 : F1D6;
48235 : 069D;
48236 : 079E;
48237 : FE66;
48238 : 0211;
48239 : F27C;
48240 : F169;
48241 : F486;
48242 : FF23;
48243 : 012A;
48244 : 00BC;
48245 : FE90;
48246 : F992;
48247 : 0AB0;
48248 : 036B;
48249 : F918;
48250 : 10A7;
48251 : 04AC;
48252 : 0608;
48253 : EF61;
48254 : 0CE0;
48255 : FE88;
48256 : F896;
48257 : 0BB6;
48258 : F772;
48259 : F8D8;
48260 : 10B1;
48261 : 09F4;
48262 : 08EF;
48263 : 0842;
48264 : F440;
48265 : 0F88;
48266 : F21B;
48267 : 0DC2;
48268 : F08D;
48269 : 09B8;
48270 : EEE6;
48271 : F7CA;
48272 : 0A50;
48273 : 0AF4;
48274 : 0BF0;
48275 : 0F3D;
48276 : 01EC;
48277 : 1155;
48278 : 0FD3;
48279 : 0E4F;
48280 : F791;
48281 : 1061;
48282 : F781;
48283 : 12EB;
48284 : F143;
48285 : 0EFB;
48286 : EEB7;
48287 : FF34;
48288 : 0A97;
48289 : 0034;
48290 : 0082;
48291 : EECD;
48292 : 1041;
48293 : 0463;
48294 : 1355;
48295 : F6E1;
48296 : F428;
48297 : 0D02;
48298 : F200;
48299 : 06A1;
48300 : EDB2;
48301 : F0E3;
48302 : 12D7;
48303 : FBF4;
48304 : F562;
48305 : 0F8F;
48306 : 08B0;
48307 : 040D;
48308 : 1025;
48309 : 081E;
48310 : 111A;
48311 : 0276;
48312 : F5BD;
48313 : FED6;
48314 : 001E;
48315 : F5FB;
48316 : F7EC;
48317 : EDB9;
48318 : 1008;
48319 : 0F8C;
48320 : F0CB;
48321 : 09F0;
48322 : FD2A;
48323 : 088A;
48324 : FF7E;
48325 : 0C1F;
48326 : 031C;
48327 : 0E55;
48328 : F70F;
48329 : EEC8;
48330 : 088B;
48331 : EFDD;
48332 : 125A;
48333 : F383;
48334 : 0BF4;
48335 : 0FA2;
48336 : F611;
48337 : FEA2;
48338 : 02F0;
48339 : ED42;
48340 : 04B3;
48341 : 0190;
48342 : 1357;
48343 : 0D7A;
48344 : 016C;
48345 : 0C45;
48346 : F690;
48347 : EE1E;
48348 : 0A7B;
48349 : 0C42;
48350 : FE18;
48351 : F4BB;
48352 : 0461;
48353 : FE24;
48354 : FC2F;
48355 : 041F;
48356 : F6BE;
48357 : 0FB4;
48358 : 0A68;
48359 : F726;
48360 : 0F53;
48361 : FCDB;
48362 : F19A;
48363 : F3C5;
48364 : 0FB5;
48365 : F55D;
48366 : 034E;
48367 : 1310;
48368 : F155;
48369 : F8DD;
48370 : 0B8E;
48371 : 0FFC;
48372 : F714;
48373 : F7E7;
48374 : 0560;
48375 : F209;
48376 : 0733;
48377 : 0247;
48378 : ECB3;
48379 : 09F3;
48380 : F843;
48381 : 0A61;
48382 : F7DD;
48383 : 00E3;
48384 : F7B0;
48385 : F625;
48386 : FFB4;
48387 : F56A;
48388 : 0C66;
48389 : 0C7D;
48390 : 023E;
48391 : FDB2;
48392 : 0127;
48393 : EF12;
48394 : FF16;
48395 : 114C;
48396 : F2A9;
48397 : FF9B;
48398 : 0C5C;
48399 : 07E1;
48400 : 0761;
48401 : F7CC;
48402 : FC56;
48403 : 0FF3;
48404 : F4C1;
48405 : ECE1;
48406 : 0C8A;
48407 : 0FA1;
48408 : 0803;
48409 : 039F;
48410 : F7FD;
48411 : ED4F;
48412 : 11E6;
48413 : 00C8;
48414 : 0CBD;
48415 : 10D5;
48416 : 005A;
48417 : EDEC;
48418 : FB41;
48419 : F6D4;
48420 : EE5B;
48421 : FEE4;
48422 : 0F3A;
48423 : 02F9;
48424 : FC61;
48425 : 0701;
48426 : ECE2;
48427 : 0A5B;
48428 : EED5;
48429 : FAEA;
48430 : 1314;
48431 : FCF0;
48432 : EFF7;
48433 : 01AC;
48434 : 00E1;
48435 : 0DB2;
48436 : F72F;
48437 : 0FAF;
48438 : F022;
48439 : 118C;
48440 : 1168;
48441 : 0B19;
48442 : 0F9A;
48443 : FDFF;
48444 : 1274;
48445 : FA33;
48446 : 01C3;
48447 : 06AB;
48448 : 0DBA;
48449 : F573;
48450 : EEDE;
48451 : 049A;
48452 : 12C6;
48453 : FD49;
48454 : FF3C;
48455 : 1152;
48456 : FB81;
48457 : F6B1;
48458 : FA65;
48459 : 03B3;
48460 : 1367;
48461 : 0E98;
48462 : 0B0D;
48463 : F7B7;
48464 : F3D4;
48465 : 0E4D;
48466 : F623;
48467 : 090A;
48468 : 0B5B;
48469 : 0C00;
48470 : EE52;
48471 : EECB;
48472 : FE2B;
48473 : 0EED;
48474 : EE80;
48475 : ED39;
48476 : FE11;
48477 : 04FF;
48478 : F6AA;
48479 : 0B2A;
48480 : F6D7;
48481 : 11C4;
48482 : FE08;
48483 : F401;
48484 : F8B5;
48485 : 12F7;
48486 : F344;
48487 : 1251;
48488 : 0818;
48489 : F323;
48490 : 1393;
48491 : EE0E;
48492 : FFEB;
48493 : 0199;
48494 : EFA1;
48495 : EF84;
48496 : 06AF;
48497 : 0D96;
48498 : F15C;
48499 : FC63;
48500 : F998;
48501 : 0A69;
48502 : EE79;
48503 : F9ED;
48504 : F7D6;
48505 : ED36;
48506 : 034A;
48507 : 019D;
48508 : 013E;
48509 : F66F;
48510 : F8A9;
48511 : FD63;
48512 : 08EF;
48513 : FB03;
48514 : FAA7;
48515 : FD3B;
48516 : ED8B;
48517 : FBC3;
48518 : 0ED3;
48519 : 07B2;
48520 : 0FF0;
48521 : 08C7;
48522 : 0D0B;
48523 : EEED;
48524 : 0987;
48525 : 0199;
48526 : 03BA;
48527 : 07D6;
48528 : EFB4;
48529 : 0D84;
48530 : ED80;
48531 : EE88;
48532 : 048F;
48533 : FEBC;
48534 : 1128;
48535 : F203;
48536 : 04A6;
48537 : 0A71;
48538 : 122E;
48539 : 0F34;
48540 : 0F2D;
48541 : 004E;
48542 : 0F92;
48543 : FA69;
48544 : 0F98;
48545 : EDEE;
48546 : 074A;
48547 : FD09;
48548 : FF6F;
48549 : FCC8;
48550 : F0A5;
48551 : 0706;
48552 : FDF1;
48553 : FCDE;
48554 : FA3B;
48555 : F96A;
48556 : 1220;
48557 : 04DA;
48558 : 0AC7;
48559 : F4CB;
48560 : 056F;
48561 : F6A9;
48562 : 0D32;
48563 : F581;
48564 : F48B;
48565 : 00D8;
48566 : 069C;
48567 : 0207;
48568 : 1392;
48569 : 0449;
48570 : 03A4;
48571 : FCCD;
48572 : 129B;
48573 : 0232;
48574 : F0D5;
48575 : 0DC2;
48576 : 0274;
48577 : ED83;
48578 : 11DB;
48579 : 0E67;
48580 : 03D1;
48581 : 0D44;
48582 : EE31;
48583 : F713;
48584 : 02D8;
48585 : 0141;
48586 : 0FA7;
48587 : FB5F;
48588 : F442;
48589 : 0C4F;
48590 : 0A2C;
48591 : F33C;
48592 : 000A;
48593 : FFDE;
48594 : 0ADD;
48595 : F03D;
48596 : 135A;
48597 : 04A7;
48598 : F3E2;
48599 : 0AEA;
48600 : 0128;
48601 : 0556;
48602 : F5DC;
48603 : EFF6;
48604 : FDA7;
48605 : F09C;
48606 : FDC5;
48607 : 111F;
48608 : 0DEB;
48609 : F986;
48610 : F444;
48611 : FF13;
48612 : 11EC;
48613 : FF5B;
48614 : F472;
48615 : F932;
48616 : F94E;
48617 : 0DB4;
48618 : F358;
48619 : FBE3;
48620 : FDCF;
48621 : 0231;
48622 : F6AF;
48623 : F563;
48624 : 0B8D;
48625 : 0DCA;
48626 : F814;
48627 : 03E3;
48628 : 088E;
48629 : 03E3;
48630 : F08B;
48631 : F5D2;
48632 : FC52;
48633 : 0D89;
48634 : FA75;
48635 : F652;
48636 : 085E;
48637 : F60E;
48638 : 10F0;
48639 : F61F;
48640 : F525;
48641 : 0A7D;
48642 : F67B;
48643 : 1338;
48644 : 0E7D;
48645 : FD1F;
48646 : 0FAA;
48647 : 0056;
48648 : EED3;
48649 : FD96;
48650 : FEA1;
48651 : F6F8;
48652 : F6D8;
48653 : 0F61;
48654 : 000F;
48655 : 0934;
48656 : FAA2;
48657 : 11C2;
48658 : 0875;
48659 : 0536;
48660 : 0699;
48661 : FDD1;
48662 : 0D95;
48663 : FDE9;
48664 : 1219;
48665 : 0A13;
48666 : 0B8D;
48667 : 114A;
48668 : 1104;
48669 : FCB8;
48670 : 1121;
48671 : 1127;
48672 : 0A5E;
48673 : 12E4;
48674 : 12FC;
48675 : F9CE;
48676 : 0989;
48677 : 137B;
48678 : F7C5;
48679 : 070C;
48680 : EE3E;
48681 : FA85;
48682 : FBED;
48683 : 0D97;
48684 : 00B4;
48685 : F2AB;
48686 : FED5;
48687 : F2BF;
48688 : FF29;
48689 : FBAF;
48690 : FADC;
48691 : FD22;
48692 : F9FB;
48693 : 06A9;
48694 : F397;
48695 : F5BA;
48696 : EFBD;
48697 : FC1C;
48698 : 0246;
48699 : FEC8;
48700 : 102C;
48701 : F900;
48702 : 090A;
48703 : 113D;
48704 : 144D;
48705 : F687;
48706 : F55C;
48707 : FB8A;
48708 : F37C;
48709 : F783;
48710 : F45E;
48711 : EE2E;
48712 : F3DE;
48713 : 0D88;
48714 : F4C7;
48715 : FF94;
48716 : 0932;
48717 : 06C0;
48718 : F1F8;
48719 : F859;
48720 : 10FD;
48721 : 0AA6;
48722 : FD6C;
48723 : 029F;
48724 : EC6F;
48725 : 061C;
48726 : ED54;
48727 : 12A3;
48728 : 09EE;
48729 : 01A7;
48730 : 0752;
48731 : 05A4;
48732 : F22B;
48733 : FDDC;
48734 : 0FDE;
48735 : 0EAC;
48736 : 0C27;
48737 : F533;
48738 : 0DD3;
48739 : EFF4;
48740 : F749;
48741 : F9BA;
48742 : 120C;
48743 : FE2F;
48744 : F658;
48745 : 00EE;
48746 : 1321;
48747 : 075F;
48748 : 03B0;
48749 : 15A2;
48750 : 0AB7;
48751 : F990;
48752 : F5D0;
48753 : 1323;
48754 : FFF4;
48755 : 12A2;
48756 : FF08;
48757 : 099E;
48758 : 0D11;
48759 : 07C0;
48760 : F877;
48761 : 05A6;
48762 : F15A;
48763 : F689;
48764 : FFBD;
48765 : 010B;
48766 : FE45;
48767 : F8B8;
48768 : EDD4;
48769 : FC8C;
48770 : F6B1;
48771 : 1357;
48772 : F51A;
48773 : 05DF;
48774 : F617;
48775 : 05C2;
48776 : FAFE;
48777 : F9C1;
48778 : 0BCE;
48779 : 010D;
48780 : FAA4;
48781 : 0DA4;
48782 : 0724;
48783 : 0C4B;
48784 : 0654;
48785 : FDE9;
48786 : F4F8;
48787 : 015E;
48788 : 0DE3;
48789 : 1253;
48790 : 0CD3;
48791 : 0216;
48792 : 0F05;
48793 : 06DA;
48794 : FEF8;
48795 : FDB9;
48796 : 1047;
48797 : FBCD;
48798 : 0917;
48799 : FCB7;
48800 : 0F3E;
48801 : 0E3D;
48802 : F0C0;
48803 : 12EF;
48804 : E9A6;
48805 : 0668;
48806 : EFEE;
48807 : F464;
48808 : 0FC8;
48809 : FE1C;
48810 : 0A96;
48811 : 08B7;
48812 : 03AE;
48813 : 15C1;
48814 : FA46;
48815 : ED5F;
48816 : EF6C;
48817 : F199;
48818 : F3E4;
48819 : 114B;
48820 : 01B5;
48821 : 004E;
48822 : F6DC;
48823 : 0907;
48824 : F061;
48825 : EE93;
48826 : 1290;
48827 : EE14;
48828 : 0094;
48829 : 01EE;
48830 : FC6A;
48831 : 10A4;
48832 : 0204;
48833 : 0220;
48834 : 0B9F;
48835 : 0EC1;
48836 : EF5F;
48837 : FA82;
48838 : F129;
48839 : 0F70;
48840 : FD90;
48841 : F710;
48842 : 1332;
48843 : 11D7;
48844 : F799;
48845 : 0FA0;
48846 : 0311;
48847 : 081D;
48848 : F77F;
48849 : 11B4;
48850 : FDBF;
48851 : 1206;
48852 : 09FC;
48853 : F5EE;
48854 : 0039;
48855 : FFB3;
48856 : 0038;
48857 : 0820;
48858 : F451;
48859 : EBF5;
48860 : 0466;
48861 : 09B0;
48862 : F4AD;
48863 : FBE4;
48864 : 071D;
48865 : 03F0;
48866 : ECF1;
48867 : 11DB;
48868 : 0738;
48869 : F97C;
48870 : F0B5;
48871 : 1060;
48872 : 0566;
48873 : F371;
48874 : 0DC7;
48875 : 0C9C;
48876 : F48C;
48877 : 1657;
48878 : 0B9F;
48879 : 071D;
48880 : F657;
48881 : 0C90;
48882 : 06EC;
48883 : F64F;
48884 : 0B28;
48885 : F98C;
48886 : 0728;
48887 : FBA1;
48888 : 07DE;
48889 : 0F41;
48890 : 01C3;
48891 : FAA2;
48892 : 1238;
48893 : FF17;
48894 : 10CE;
48895 : 0ADA;
48896 : 0C50;
48897 : FAC8;
48898 : 1196;
48899 : 0928;
48900 : 092D;
48901 : F6A5;
48902 : F113;
48903 : F91B;
48904 : F9A0;
48905 : EDAB;
48906 : 029D;
48907 : F809;
48908 : FDC8;
48909 : 0568;
48910 : 0E98;
48911 : 02D1;
48912 : EBB0;
48913 : ED48;
48914 : 00B0;
48915 : F656;
48916 : F644;
48917 : 03DD;
48918 : 07AC;
48919 : F3B1;
48920 : 022E;
48921 : 121B;
48922 : FD43;
48923 : 01F3;
48924 : F4D8;
48925 : F6FD;
48926 : 0AEF;
48927 : EFDE;
48928 : FC07;
48929 : F5FF;
48930 : 1214;
48931 : 0246;
48932 : FD9C;
48933 : 03D0;
48934 : FE3C;
48935 : F12A;
48936 : FBDE;
48937 : ECBE;
48938 : 0877;
48939 : 0A01;
48940 : FC1E;
48941 : 0EE2;
48942 : ED37;
48943 : FDD5;
48944 : 0889;
48945 : EDE3;
48946 : F595;
48947 : 04AD;
48948 : FB76;
48949 : F2D1;
48950 : 0F24;
48951 : 0F71;
48952 : 04C3;
48953 : 0F37;
48954 : F927;
48955 : F601;
48956 : 0CCD;
48957 : EB71;
48958 : F9AA;
48959 : F666;
48960 : 08B2;
48961 : F640;
48962 : 0E1E;
48963 : 1452;
48964 : 0944;
48965 : 0C84;
48966 : FA4C;
48967 : F1C1;
48968 : F43D;
48969 : F1C3;
48970 : FD56;
48971 : FAAF;
48972 : F580;
48973 : 110A;
48974 : F6F7;
48975 : 059F;
48976 : EE3C;
48977 : 09E6;
48978 : F99A;
48979 : 098B;
48980 : 0E44;
48981 : 0E74;
48982 : 0188;
48983 : F243;
48984 : 1273;
48985 : 0885;
48986 : 0AB2;
48987 : 0EF3;
48988 : F878;
48989 : 0B1D;
48990 : 03F0;
48991 : EDBD;
48992 : 109E;
48993 : 06D1;
48994 : 07A1;
48995 : F707;
48996 : 0488;
48997 : FF7A;
48998 : FECA;
48999 : F80A;
49000 : 0472;
49001 : FF1F;
49002 : 03AC;
49003 : F1C7;
49004 : 0BB2;
49005 : FB76;
49006 : 13D0;
49007 : F845;
49008 : 04F0;
49009 : 0723;
49010 : ED75;
49011 : F447;
49012 : F5FE;
49013 : 01AF;
49014 : 04FC;
49015 : 05BF;
49016 : 0C3E;
49017 : ECE5;
49018 : FB91;
49019 : FD50;
49020 : 07D3;
49021 : 0454;
49022 : F646;
49023 : 098F;
49024 : FFC2;
49025 : 12AF;
49026 : 13B8;
49027 : 0294;
49028 : 0931;
49029 : FE69;
49030 : 11C6;
49031 : 0852;
49032 : 130B;
49033 : 0F5D;
49034 : 0A7C;
49035 : 0B09;
49036 : 0640;
49037 : 0DE3;
49038 : FEFF;
49039 : 0E33;
49040 : EFED;
49041 : 06E8;
49042 : FA7D;
49043 : 0AB8;
49044 : 0E36;
49045 : 0901;
49046 : F9E3;
49047 : ECA8;
49048 : 03CE;
49049 : F122;
49050 : 04F4;
49051 : 031A;
49052 : F48F;
49053 : FCDF;
49054 : 071D;
49055 : F946;
49056 : 10C7;
49057 : 0B84;
49058 : EED5;
49059 : 071F;
49060 : 11BC;
49061 : FB99;
49062 : 1041;
49063 : F72D;
49064 : F4B5;
49065 : 0266;
49066 : 063A;
49067 : F2AE;
49068 : 07C2;
49069 : FDDD;
49070 : 06C6;
49071 : 05B4;
49072 : F0D7;
49073 : 0CA8;
49074 : 0B04;
49075 : 0314;
49076 : FB11;
49077 : 0406;
49078 : 0A0F;
49079 : F322;
49080 : 048E;
49081 : FF7C;
49082 : F68D;
49083 : F7F9;
49084 : 11DE;
49085 : 059B;
49086 : FC41;
49087 : 02D1;
49088 : 14C0;
49089 : 0A9A;
49090 : 0B80;
49091 : 0553;
49092 : 04F1;
49093 : F368;
49094 : FB90;
49095 : ED0F;
49096 : FC91;
49097 : FB11;
49098 : 12FF;
49099 : 00E0;
49100 : F788;
49101 : F62F;
49102 : 0A78;
49103 : EF13;
49104 : F66B;
49105 : 07F3;
49106 : F8EF;
49107 : 0A0C;
49108 : 0D9C;
49109 : F614;
49110 : F042;
49111 : 0D7A;
49112 : 00C6;
49113 : FFC1;
49114 : F67F;
49115 : F190;
49116 : 01B5;
49117 : 08F4;
49118 : 0340;
49119 : 0C42;
49120 : F008;
49121 : F68A;
49122 : F72D;
49123 : 0194;
49124 : F7E9;
49125 : 0393;
49126 : FB1E;
49127 : 0261;
49128 : F654;
49129 : F714;
49130 : FF52;
49131 : EC24;
49132 : EDC0;
49133 : FC98;
49134 : FD09;
49135 : 103C;
49136 : 0F15;
49137 : EE03;
49138 : FF29;
49139 : F207;
49140 : 0CCE;
49141 : F8EB;
49142 : FAE3;
49143 : F007;
49144 : 1169;
49145 : F209;
49146 : 03B5;
49147 : 0AFF;
49148 : 0BA8;
49149 : EEB1;
49150 : 06E2;
49151 : F6DD;
49152 : FB0E;
49153 : F93C;
49154 : F49F;
49155 : F3BE;
49156 : EDDB;
49157 : F244;
49158 : F9C9;
49159 : ECF4;
49160 : 0399;
49161 : 0362;
49162 : 09BE;
49163 : EFF9;
49164 : 0195;
49165 : 0B5A;
49166 : 079B;
49167 : 067B;
49168 : FEBC;
49169 : 0CEB;
49170 : 01CB;
49171 : 024F;
49172 : 03B6;
49173 : F5D3;
49174 : 0BFA;
49175 : F2B2;
49176 : FF45;
49177 : 07E6;
49178 : F1F1;
49179 : FE21;
49180 : F58D;
49181 : 0727;
49182 : F273;
49183 : FEBE;
49184 : F580;
49185 : 0512;
49186 : F736;
49187 : 13BA;
49188 : 08B4;
49189 : F0D3;
49190 : EDA6;
49191 : EED0;
49192 : 0704;
49193 : 0F96;
49194 : FD8D;
49195 : F807;
49196 : 0603;
49197 : F1F9;
49198 : F6D9;
49199 : 043B;
49200 : 03D8;
49201 : 013D;
49202 : 0A41;
49203 : F626;
49204 : EEFC;
49205 : F005;
49206 : F55B;
49207 : 0946;
49208 : F54E;
49209 : 04AF;
49210 : 11A7;
49211 : F0E2;
49212 : 0A03;
49213 : EA1B;
49214 : F3FC;
49215 : 0E5C;
49216 : 001E;
49217 : FEC7;
49218 : 0F33;
49219 : FF2C;
49220 : 0ACF;
49221 : 0043;
49222 : EA75;
49223 : 0111;
49224 : 0A31;
49225 : 055E;
49226 : F1A6;
49227 : 0A39;
49228 : 0B33;
49229 : F294;
49230 : F8CE;
49231 : F68A;
49232 : 1386;
49233 : F360;
49234 : 0E2A;
49235 : FFDF;
49236 : FA79;
49237 : 0A2E;
49238 : 0AB0;
49239 : FAA9;
49240 : 06BA;
49241 : F9F5;
49242 : FDAB;
49243 : 02BA;
49244 : ED5A;
49245 : 025A;
49246 : 099C;
49247 : 0858;
49248 : EFD0;
49249 : 0EF4;
49250 : 00E9;
49251 : 14F9;
49252 : F549;
49253 : F6E8;
49254 : F5FB;
49255 : 01D4;
49256 : FD4B;
49257 : 0F64;
49258 : FA39;
49259 : FA74;
49260 : 064C;
49261 : 0D8B;
49262 : F427;
49263 : ED67;
49264 : FB40;
49265 : 0F9B;
49266 : 05E6;
49267 : FF00;
49268 : F43C;
49269 : FF78;
49270 : EEF7;
49271 : ECC7;
49272 : FC50;
49273 : F26C;
49274 : F4B1;
49275 : EF0F;
49276 : EF4B;
49277 : FE48;
49278 : F6E8;
49279 : FA6B;
49280 : 0AA7;
49281 : 07C7;
49282 : 0692;
49283 : 0901;
49284 : 0149;
49285 : EEDA;
49286 : 0C41;
49287 : F4C4;
49288 : 024C;
49289 : F193;
49290 : 0A4E;
49291 : F413;
49292 : 0E17;
49293 : 0092;
49294 : 005F;
49295 : ED85;
49296 : EF78;
49297 : FB0D;
49298 : F480;
49299 : F87E;
49300 : FD50;
49301 : F64D;
49302 : F7F8;
49303 : F39A;
49304 : 0B65;
49305 : 07A0;
49306 : FD19;
49307 : 11BD;
49308 : 07BE;
49309 : 0CAA;
49310 : FFA7;
49311 : 0D0C;
49312 : F721;
49313 : 0F25;
49314 : F57D;
49315 : 128F;
49316 : 09A8;
49317 : 0E56;
49318 : FCF9;
49319 : FD0C;
49320 : 0A73;
49321 : 1061;
49322 : F7B9;
49323 : F138;
49324 : 0BDF;
49325 : FEEC;
49326 : F84B;
49327 : F585;
49328 : ED67;
49329 : F610;
49330 : 0044;
49331 : F454;
49332 : 0131;
49333 : 0CA1;
49334 : F763;
49335 : 019C;
49336 : F315;
49337 : F303;
49338 : 0553;
49339 : F49E;
49340 : FE48;
49341 : F883;
49342 : 0668;
49343 : FFDB;
49344 : 156C;
49345 : FEE6;
49346 : F6C6;
49347 : 1088;
49348 : 01C4;
49349 : EE39;
49350 : 0E26;
49351 : F385;
49352 : 11BE;
49353 : F5E5;
49354 : F47F;
49355 : F66D;
49356 : FD8B;
49357 : F7D5;
49358 : F94F;
49359 : FB71;
49360 : FEF0;
49361 : 0A41;
49362 : F16F;
49363 : F8F6;
49364 : FF5A;
49365 : F809;
49366 : 1017;
49367 : 0B88;
49368 : F3A0;
49369 : F84C;
49370 : 0429;
49371 : 02A3;
49372 : FC5B;
49373 : EC87;
49374 : F745;
49375 : 0B4F;
49376 : F969;
49377 : 1145;
49378 : FE18;
49379 : 0833;
49380 : 05C8;
49381 : 05A5;
49382 : FFB9;
49383 : 0268;
49384 : EFC9;
49385 : F343;
49386 : FD18;
49387 : 0EAC;
49388 : FDBF;
49389 : F60A;
49390 : F9C3;
49391 : FDE7;
49392 : F49A;
49393 : 10C8;
49394 : ED86;
49395 : FB9C;
49396 : F8B4;
49397 : EF6C;
49398 : ED65;
49399 : 0162;
49400 : EC29;
49401 : FC0A;
49402 : ED44;
49403 : FC34;
49404 : FFE6;
49405 : F23D;
49406 : F3AF;
49407 : 0381;
49408 : 064D;
49409 : 0E89;
49410 : 0AE0;
49411 : F8D3;
49412 : F4BC;
49413 : F9DD;
49414 : 0B61;
49415 : ED4B;
49416 : F1F8;
49417 : 13A5;
49418 : 0C6F;
49419 : F3D7;
49420 : 12BC;
49421 : 063C;
49422 : 03D5;
49423 : 1006;
49424 : 0DEA;
49425 : 0A09;
49426 : FAA5;
49427 : 1124;
49428 : F97D;
49429 : 0E4B;
49430 : 003A;
49431 : 08DE;
49432 : F11E;
49433 : 0F84;
49434 : F78C;
49435 : 0221;
49436 : 0390;
49437 : 0F92;
49438 : 0B64;
49439 : 08A2;
49440 : 0806;
49441 : FBF1;
49442 : 0422;
49443 : 0AE2;
49444 : 0CC6;
49445 : FC69;
49446 : 039F;
49447 : EC71;
49448 : 0237;
49449 : F675;
49450 : 05FB;
49451 : FD5E;
49452 : 052F;
49453 : FE5B;
49454 : F0EF;
49455 : F9E8;
49456 : 0753;
49457 : 1429;
49458 : F454;
49459 : 0DF1;
49460 : 0F28;
49461 : 1028;
49462 : 0901;
49463 : 1118;
49464 : F7AE;
49465 : ECE4;
49466 : 07BA;
49467 : 117A;
49468 : 0694;
49469 : FEEB;
49470 : EFE3;
49471 : 072E;
49472 : 05A7;
49473 : 0E8C;
49474 : 092C;
49475 : 0378;
49476 : 00C0;
49477 : 05F8;
49478 : EEAB;
49479 : F5D4;
49480 : F6F6;
49481 : FDEB;
49482 : F139;
49483 : EFAF;
49484 : F7DA;
49485 : F328;
49486 : 1052;
49487 : F022;
49488 : 0890;
49489 : FBA6;
49490 : 09D1;
49491 : 0E6D;
49492 : 0FD0;
49493 : F85B;
49494 : 049D;
49495 : 07AD;
49496 : 013B;
49497 : F5E8;
49498 : FDC9;
49499 : 052F;
49500 : F261;
49501 : 0D45;
49502 : 0C24;
49503 : EFE3;
49504 : F8ED;
49505 : F720;
49506 : 0AAB;
49507 : 120F;
49508 : EC80;
49509 : 070B;
49510 : 0C67;
49511 : ED97;
49512 : 1672;
49513 : 119B;
49514 : 0121;
49515 : 0D11;
49516 : 0466;
49517 : 13A2;
49518 : 0DBB;
49519 : F9BC;
49520 : 0D71;
49521 : FB7C;
49522 : F5CA;
49523 : F91E;
49524 : 0723;
49525 : 0AF1;
49526 : F969;
49527 : F286;
49528 : EDD2;
49529 : 015C;
49530 : 0891;
49531 : 0B84;
49532 : 10AC;
49533 : 03B0;
49534 : 1076;
49535 : FF26;
49536 : 0BEA;
49537 : 0A90;
49538 : F727;
49539 : F5CF;
49540 : 0998;
49541 : FDD2;
49542 : F359;
49543 : 10B1;
49544 : F39D;
49545 : FFF2;
49546 : F67A;
49547 : F316;
49548 : 10E7;
49549 : FCEC;
49550 : ED86;
49551 : 0551;
49552 : 028A;
49553 : 00E2;
49554 : FBFC;
49555 : F89C;
49556 : 0FF8;
49557 : FB42;
49558 : 055A;
49559 : 10E8;
49560 : 0171;
49561 : 12B0;
49562 : F6D8;
49563 : 0B15;
49564 : 062C;
49565 : F560;
49566 : F862;
49567 : ED22;
49568 : F2BD;
49569 : 0F34;
49570 : 0A3C;
49571 : 0AA2;
49572 : 06D5;
49573 : 042D;
49574 : F90C;
49575 : 129E;
49576 : 021E;
49577 : 0942;
49578 : 009D;
49579 : F6AA;
49580 : 0170;
49581 : 07D0;
49582 : 0BBD;
49583 : 0D8C;
49584 : 0E31;
49585 : 0778;
49586 : EB4C;
49587 : 0FD8;
49588 : 1246;
49589 : F402;
49590 : F9A7;
49591 : FB0C;
49592 : EFA6;
49593 : FC2F;
49594 : FAB3;
49595 : FB3C;
49596 : F858;
49597 : 0D37;
49598 : 012A;
49599 : FEE4;
49600 : 100D;
49601 : 0358;
49602 : F101;
49603 : EF47;
49604 : 0E89;
49605 : F044;
49606 : 0470;
49607 : 0D5A;
49608 : 1221;
49609 : 01C7;
49610 : 005B;
49611 : F7F2;
49612 : FC25;
49613 : F721;
49614 : 06E4;
49615 : 0B78;
49616 : 0635;
49617 : F206;
49618 : FBE0;
49619 : F8C8;
49620 : 1237;
49621 : 0190;
49622 : F570;
49623 : 0CAE;
49624 : ED52;
49625 : FE16;
49626 : 0EA5;
49627 : 116A;
49628 : FD22;
49629 : F83C;
49630 : 0D2C;
49631 : F6A3;
49632 : 0608;
49633 : F53C;
49634 : 061E;
49635 : 164F;
49636 : 0A56;
49637 : 12D4;
49638 : 1118;
49639 : EEF9;
49640 : 01F7;
49641 : 09F2;
49642 : 0A18;
49643 : FB5A;
49644 : 0DDA;
49645 : FEB4;
49646 : 03AB;
49647 : 079F;
49648 : FAD3;
49649 : 03A6;
49650 : FDE7;
49651 : 089D;
49652 : 0E56;
49653 : 1321;
49654 : F896;
49655 : 0F43;
49656 : F4FE;
49657 : FFEA;
49658 : 0B59;
49659 : 0D81;
49660 : 119C;
49661 : F4F5;
49662 : 0F37;
49663 : 073C;
49664 : 0A4C;
49665 : 0ADA;
49666 : F2DF;
49667 : F02A;
49668 : FD37;
49669 : 0E32;
49670 : F5C0;
49671 : 0212;
49672 : 0D13;
49673 : F3AC;
49674 : 1327;
49675 : F9AB;
49676 : FFFC;
49677 : 112E;
49678 : 01DD;
49679 : 1233;
49680 : 120B;
49681 : F04D;
49682 : FAE3;
49683 : EE15;
49684 : 0B85;
49685 : EE6F;
49686 : 05F2;
49687 : 0AEB;
49688 : 173D;
49689 : 00B4;
49690 : F3A1;
49691 : 06AE;
49692 : 0856;
49693 : EDFF;
49694 : 06D5;
49695 : 0FEE;
49696 : 01C0;
49697 : FD84;
49698 : FA44;
49699 : 11D2;
49700 : F0E0;
49701 : EFB9;
49702 : F690;
49703 : 0BD3;
49704 : FC16;
49705 : 02DD;
49706 : 1286;
49707 : 0D2D;
49708 : 0A4C;
49709 : FFC8;
49710 : F86F;
49711 : F490;
49712 : 10DE;
49713 : F730;
49714 : 1137;
49715 : 13F1;
49716 : 059D;
49717 : 0FFB;
49718 : 0AC8;
49719 : EC9A;
49720 : 0EB4;
49721 : F540;
49722 : F180;
49723 : 12A6;
49724 : FA65;
49725 : 04E6;
49726 : 075C;
49727 : F4F7;
49728 : 0214;
49729 : FDD8;
49730 : 00EE;
49731 : 0E23;
49732 : 135F;
49733 : EE73;
49734 : 0202;
49735 : 08E6;
49736 : 12D7;
49737 : 0D5D;
49738 : FB3D;
49739 : F337;
49740 : FEFD;
49741 : 0BAF;
49742 : 0802;
49743 : EE21;
49744 : F5FE;
49745 : EF76;
49746 : ED87;
49747 : 00E9;
49748 : 0F8A;
49749 : 12F2;
49750 : 10EE;
49751 : 052B;
49752 : F1F1;
49753 : 12E6;
49754 : EFA4;
49755 : 029B;
49756 : 1190;
49757 : F14A;
49758 : 030F;
49759 : F33F;
49760 : EF91;
49761 : FEB7;
49762 : FA45;
49763 : 06DE;
49764 : 0A33;
49765 : F2D4;
49766 : F8C1;
49767 : 06DE;
49768 : FE96;
49769 : 0C13;
49770 : F181;
49771 : 0B39;
49772 : 0802;
49773 : 0946;
49774 : 007A;
49775 : 0F60;
49776 : 1065;
49777 : 1290;
49778 : EE3B;
49779 : EF16;
49780 : 07A7;
49781 : F164;
49782 : F571;
49783 : FE43;
49784 : 0822;
49785 : 03AA;
49786 : F3B1;
49787 : 0C22;
49788 : FE3A;
49789 : FC36;
49790 : 0673;
49791 : F194;
49792 : FC7D;
49793 : 0D1C;
49794 : F676;
49795 : FF45;
49796 : F843;
49797 : F17C;
49798 : F356;
49799 : 11BE;
49800 : F439;
49801 : F714;
49802 : 0BC1;
49803 : EF40;
49804 : 1216;
49805 : 02FE;
49806 : F9D0;
49807 : FFEB;
49808 : 1044;
49809 : F351;
49810 : 1192;
49811 : FE14;
49812 : 0B5C;
49813 : ECFC;
49814 : 092F;
49815 : F905;
49816 : 1502;
49817 : 0275;
49818 : F5C6;
49819 : F278;
49820 : F77D;
49821 : FBC4;
49822 : 106A;
49823 : FFC1;
49824 : 0B87;
49825 : EEB3;
49826 : F9BB;
49827 : 03C7;
49828 : 115E;
49829 : 0D13;
49830 : FB39;
49831 : 0D47;
49832 : 0796;
49833 : 0F16;
49834 : 0012;
49835 : 0D8C;
49836 : FF86;
49837 : 0FED;
49838 : 06AC;
49839 : 029A;
49840 : 0495;
49841 : FD41;
49842 : 0033;
49843 : FCF9;
49844 : F4D9;
49845 : F76A;
49846 : 010C;
49847 : 0863;
49848 : FA62;
49849 : 0492;
49850 : 0C07;
49851 : FDD9;
49852 : 01C9;
49853 : FD9D;
49854 : EF04;
49855 : 035B;
49856 : FC7E;
49857 : 0DD2;
49858 : F108;
49859 : 02FA;
49860 : 0F49;
49861 : 1008;
49862 : 01D1;
49863 : 01E7;
49864 : ECA8;
49865 : 0B11;
49866 : 0A48;
49867 : ED09;
49868 : ED54;
49869 : FD73;
49870 : F8DF;
49871 : 096C;
49872 : 0E70;
49873 : 009A;
49874 : 109A;
49875 : 070F;
49876 : EFBB;
49877 : FCFC;
49878 : 0C6E;
49879 : EED0;
49880 : 100F;
49881 : FB1B;
49882 : EF22;
49883 : 1287;
49884 : 04CC;
49885 : EF33;
49886 : FEF9;
49887 : EE6F;
49888 : F070;
49889 : FEF8;
49890 : 05C3;
49891 : 12BF;
49892 : 0255;
49893 : F1EB;
49894 : EE46;
49895 : EE08;
49896 : 0485;
49897 : FCB5;
49898 : 12E5;
49899 : FAD8;
49900 : FE04;
49901 : FD4E;
49902 : FAEE;
49903 : F1B1;
49904 : FD46;
49905 : 07E4;
49906 : FF50;
49907 : F5AB;
49908 : 0A48;
49909 : 0622;
49910 : EE7D;
49911 : 105F;
49912 : FFB2;
49913 : 0BA8;
49914 : 0E86;
49915 : 04DF;
49916 : 087D;
49917 : ECFE;
49918 : EDE7;
49919 : 06FE;
49920 : EE5E;
49921 : FAB5;
49922 : 0647;
49923 : 08DB;
49924 : 0750;
49925 : F584;
49926 : 02A1;
49927 : 0289;
49928 : FC5E;
49929 : EF6F;
49930 : 0E0B;
49931 : 0099;
49932 : 040A;
49933 : 06E0;
49934 : 04BA;
49935 : FCC3;
49936 : 1345;
49937 : 00C5;
49938 : 002A;
49939 : FF7C;
49940 : 0D6C;
49941 : 06A9;
49942 : 084E;
49943 : 0B7D;
49944 : 0A7F;
49945 : 1391;
49946 : 0027;
49947 : F510;
49948 : 081A;
49949 : 0B7E;
49950 : 01AC;
49951 : FD45;
49952 : FE15;
49953 : 049B;
49954 : 0B99;
49955 : FCE8;
49956 : F26E;
49957 : EE29;
49958 : 074E;
49959 : F59F;
49960 : 0FEF;
49961 : F0D5;
49962 : 098A;
49963 : 1026;
49964 : F7C7;
49965 : F160;
49966 : EEB7;
49967 : 1169;
49968 : EF9B;
49969 : 0D46;
49970 : FDEB;
49971 : 127E;
49972 : 0CBE;
49973 : 042B;
49974 : 0B8C;
49975 : F60B;
49976 : FC28;
49977 : FFC1;
49978 : 11F0;
49979 : ECBB;
49980 : 1391;
49981 : F449;
49982 : EEFF;
49983 : 0C29;
49984 : 0429;
49985 : FB51;
49986 : 0F3C;
49987 : 039A;
49988 : 0D19;
49989 : 0C50;
49990 : 08E2;
49991 : ED4E;
49992 : EFA7;
49993 : F91C;
49994 : FED5;
49995 : EEB3;
49996 : 12A8;
49997 : 1020;
49998 : 10E5;
49999 : FBE9;
50000 : 0BC1;
50001 : FB4C;
50002 : 0F42;
50003 : F137;
50004 : 07BF;
50005 : 1367;
50006 : F0A1;
50007 : 0EDF;
50008 : 0A99;
50009 : 084A;
50010 : 1267;
50011 : F4C5;
50012 : 02DD;
50013 : EE5C;
50014 : F2C9;
50015 : 0D0C;
50016 : 0F5F;
50017 : F60C;
50018 : F865;
50019 : 1199;
50020 : 05CC;
50021 : 114C;
50022 : F549;
50023 : 030B;
50024 : FF35;
50025 : 0851;
50026 : 0770;
50027 : 0F03;
50028 : 007A;
50029 : F1BC;
50030 : 09EE;
50031 : F478;
50032 : 0C87;
50033 : 0A21;
50034 : 090E;
50035 : F7E7;
50036 : EE92;
50037 : FCE1;
50038 : FB3C;
50039 : F2B3;
50040 : F496;
50041 : 01BF;
50042 : ED96;
50043 : F395;
50044 : 07C9;
50045 : 0F85;
50046 : F3A6;
50047 : 0474;
50048 : F9D8;
50049 : 0EE1;
50050 : 1372;
50051 : F276;
50052 : F812;
50053 : 0F12;
50054 : EF58;
50055 : 103B;
50056 : F99F;
50057 : FB4E;
50058 : EFB2;
50059 : F81D;
50060 : F41D;
50061 : F08C;
50062 : 0F5A;
50063 : F041;
50064 : FA72;
50065 : 070C;
50066 : F9FB;
50067 : 0C55;
50068 : 0FAA;
50069 : 0515;
50070 : FD9A;
50071 : F60F;
50072 : F26E;
50073 : 0C22;
50074 : EC70;
50075 : F76B;
50076 : EF61;
50077 : 0973;
50078 : ECDE;
50079 : 058A;
50080 : 0380;
50081 : 118A;
50082 : F4C6;
50083 : 0802;
50084 : 025E;
50085 : 0E94;
50086 : 02D9;
50087 : 12C1;
50088 : F0BD;
50089 : F274;
50090 : 0F9F;
50091 : FA2E;
50092 : F853;
50093 : 134E;
50094 : FB08;
50095 : FD56;
50096 : 0229;
50097 : 1204;
50098 : 129C;
50099 : EC6F;
50100 : 0AAE;
50101 : 0951;
50102 : FF45;
50103 : EF43;
50104 : 1045;
50105 : F7A6;
50106 : F6F8;
50107 : 0C02;
50108 : F11F;
50109 : F663;
50110 : F38A;
50111 : 09DB;
50112 : FACB;
50113 : F3CC;
50114 : FBBF;
50115 : 0A02;
50116 : FA1B;
50117 : EE8A;
50118 : FD63;
50119 : 043D;
50120 : FB10;
50121 : F8D6;
50122 : 0304;
50123 : F00C;
50124 : 105D;
50125 : EF34;
50126 : 0672;
50127 : 0922;
50128 : F9B3;
50129 : 0BFC;
50130 : 0905;
50131 : 09FB;
50132 : F31B;
50133 : 0248;
50134 : 0195;
50135 : F763;
50136 : 10C8;
50137 : 01ED;
50138 : EE54;
50139 : 0CB6;
50140 : F707;
50141 : EFC9;
50142 : 0B4E;
50143 : F06B;
50144 : F579;
50145 : ED47;
50146 : EEF2;
50147 : F350;
50148 : 1389;
50149 : FFD2;
50150 : 136E;
50151 : 0CB5;
50152 : F212;
50153 : FA7B;
50154 : F325;
50155 : 07C1;
50156 : F4C7;
50157 : FB89;
50158 : FED6;
50159 : F014;
50160 : F4EA;
50161 : 053F;
50162 : 0B35;
50163 : F263;
50164 : FE84;
50165 : ECB3;
50166 : FAB3;
50167 : F7A8;
50168 : 0466;
50169 : EE70;
50170 : 02B5;
50171 : EE2D;
50172 : 0E84;
50173 : EE8B;
50174 : F322;
50175 : 0438;
END;
