0BAD
EF8B
ED4F
0DB3
F563
F8CD
11F1
F179
116C
F871
0115
F7D3
1340
0B12
0F6F
0D0F
00EA
0F95
EF20
FB1A
004A
EE56
019A
0E4E
F95D
F6FD
F8BB
10BC
0F07
F896
014F
0106
F846
003F
EE63
1085
FC40
F775
F04E
0E7D
FFDA
F120
FAC8
F6CC
0508
0A65
0813
02E0
F05E
0A8D
0DC0
0095
06B4
08F3
F903
FEB5
0DB6
F475
0110
ED72
FD9A
FE5B
0D46
1274
FE4A
F872
FA4A
0DC6
0845
06CA
0F9B
EF9A
01DD
10DB
00A5
FCA2
12D6
1380
F0F2
F454
F277
05D8
0162
EE14
F60B
F565
F6A9
F855
ED93
08A5
1187
0D9A
ECF3
01AC
ED36
084A
0D85
EEBC
F551
FC1F
0017
0EBE
FF50
0915
ED81
FAD0
F317
0D3B
FB95
EFF4
0AA7
FD87
F6A3
033C
0F75
F33C
0A97
FA2E
0C60
FB5A
FD10
0F01
F2A2
0B24
FF26
04F0
EE18
FC74
F3A1
089C
0025
F0CB
004D
1175
F1E9
11C3
F770
10CA
0C0F
ECBB
F913
EEB6
1207
F0FA
0A05
088E
FC0F
01E7
0E55
EF89
1162
0F5B
064D
FA59
EF4E
FE3D
FD60
FF5C
F873
F9E2
F9DC
126A
FCA8
08DB
09F3
F6A0
005F
0FE2
1271
F9C5
03F3
F076
103F
10B1
EEE9
FFD3
0685
10A7
ED2D
FFFB
F48D
07B4
1292
F86C
FB1B
F896
03F3
0BB6
F333
EFDD
FA55
F9E2
F112
F392
0206
1109
0B16
FB3C
0E52
03C1
FB9B
01E7
F521
F9A0
F1D8
EFBF
ECCA
0A12
0A05
F71A
07FE
0B94
F192
F0AD
F1CC
F749
09B9
F34A
F833
F7C7
FFB9
FB14
FF5C
0D30
0227
0268
0A83
11D9
F77A
0052
1135
FE69
FD72
F783
0FC8
0AC3
0069
FEA4
127F
07BD
F7BF
0B08
EE92
0193
F4B7
FC13
067F
F909
FDD8
F8A6
F921
09E5
F0B6
F020
F7AB
F5C8
F971
FA44
F5A8
FC05
0524
F7FB
0C9E
F514
F8E7
0EE2
096B
1317
FC9D
0E21
F7D7
F552
0544
1379
035A
F252
FDAB
EEA3
06E5
F2C2
FD52
EEDC
FB39
00D4
EC78
F692
0C7D
118A
FA38
F87F
F641
0460
1337
0EF3
0008
F228
FD8C
10AD
0C02
ED1E
06F7
1365
FE72
FFEF
F6FD
1202
0A69
131D
0752
FAA7
F609
1292
12E9
0BE2
08E0
EE60
F7A7
F5E8
F49B
119B
086A
06B9
0B16
FA7F
0335
F209
0A15
FA7E
08C2
04E6
077C
0A5D
FE87
FC3C
00CC
F432
00DB
FB5D
0D61
08C2
FE3E
F909
F027
EFDF
0722
0105
0643
052E
F2B1
F4D3
0FC4
01FC
0997
ED9B
0AAB
FEDB
0C52
F500
F7CF
EF76
00E2
ED3F
FFF5
F2DF
F2F0
FE2E
1363
F7FB
102E
FC27
0818
09B0
FF0F
1137
096F
0EA1
0469
F2CF
F95F
0B23
0790
F251
F830
046C
01D1
0F26
0CA0
1032
FA6F
0BD1
FD58
07FE
0861
EF6F
F838
1010
FB1C
FE37
FC61
F0E7
F5A2
03ED
F69C
02BA
F084
0D1A
FA16
07B2
FF89
051D
064D
FB91
F0C1
F198
F72A
F3D1
F73B
0B5C
0E00
F0A6
0FFA
138D
0105
F556
FD55
F3EF
EDBF
0305
09A1
F9AE
00CD
F0C5
ED95
EFD4
FA28
F685
0487
0BC4
ECEE
FBE0
F0D3
FE7F
0EC7
12CC
F205
1300
0496
0BA9
F7B0
F61A
F745
FA10
F14B
0190
F2E7
F35A
0013
F43B
0361
FB72
0567
0C7B
1254
ECAB
F0A4
F733
0D18
FE1A
06BD
0858
00D2
0CFB
F6CC
FF71
06FD
0C34
FEFD
F2B9
F119
015E
0228
0760
FBA6
104D
F484
FDCD
FF63
F5DC
FE23
F325
11DF
F7EF
F244
0071
0139
F255
0370
0F0C
FA13
10D1
ED07
0958
01AE
F80A
EFEF
F29C
F95A
EFF9
FE37
0A94
0F5E
05A0
032F
FB8D
0333
0A2E
F531
1249
F729
01F3
022F
0139
00E8
EDEA
EC82
1038
0044
0907
F2E4
0087
F83D
0A29
0953
EE1A
EC77
FE7D
11CE
0946
0D2F
F51E
F594
1120
F7FE
F404
F3DB
F10C
F75E
F98D
0916
0C1F
F8AB
F38B
FD06
05FB
0E06
F8EB
FF5B
0509
095F
05EC
08A8
083A
F2C7
FD78
0B20
0271
FDBB
0E87
054F
109A
F20F
072E
F402
F390
12D9
FEDD
0E27
F27F
00DA
F8C6
EE43
F201
1310
FCC7
0ED5
112C
F2C8
09D2
FFD7
EE48
0159
12EF
F8B8
0741
0B33
01FB
F8B8
F1EE
0A6E
FB11
096F
FC36
F036
0E2B
EDE5
0E83
1227
0601
11CC
0E57
EC74
1102
FD3C
075F
FE2E
F082
03A1
F6DB
F33E
ECEB
F564
0E48
1085
FC14
03C1
0306
FBA6
0E68
FD7F
0621
F43D
F850
109A
F9E0
0710
0720
0CC8
0722
ED47
FB84
FB84
F249
0D83
0467
F643
01BA
EF11
F3B3
F8BC
F606
F7BF
F969
FCFB
FB0D
051B
05B5
F3B3
F53B
1378
065C
0A50
0549
F855
0CF1
F791
0A2C
ED43
EFFC
FA89
0000
12AC
ECA4
0C61
FA81
ECF4
048C
1091
0722
0EAA
FA10
EE5A
089E
0035
136F
EEDC
F1F9
00E2
F11D
F4B6
F98F
FE6A
FCA9
0348
0936
FEFC
1193
075B
F892
0A6A
0F10
FBBA
0965
1041
08F4
F056
FB7D
FBE0
EFFB
ED93
0554
F586
F8F1
1097
F930
F700
FB8C
05D9
0BBB
0505
FF98
FB1B
066E
EE23
03C1
12DF
0D1E
01AC
10BC
059D
F6D2
FA71
F36F
1227
088E
F3F9
F44B
0EC6
0CC8
FEB8
1303
FC96
0C9C
F9BC
F0B9
FA3B
1342
EE1B
01D5
037A
0649
FEA3
F510
03FF
F5DA
1166
F3D2
ECA6
F91B
0102
F2D6
037C
FA72
0E6A
0704
0326
F031
EE5F
03F9
F1BB
0947
1357
126B
FC60
F0C3
FD1B
0E97
076B
F2FB
F86D
F715
06A4
05A3
05CF
F29C
0E34
07CB
F6EA
09AA
F1DE
F989
F21A
0592
ECD6
0B86
102E
012D
0FDC
1050
FE40
F507
0B76
0C15
0116
0720
F2F6
F78A
062D
FBC9
091C
0D5F
118C
F0CF
F103
065D
04AC
ED87
00C1
F026
FDB0
0116
FE6A
0E41
EF83
0057
ECF2
F254
F8F3
EE6A
03F8
1206
0EFD
0431
ECAF
0C33
FC90
FA11
02C5
F89C
0F66
FB79
0D71
FD5D
003C
0FEC
0146
F474
EDCB
F791
F3FF
06E8
F7F7
F2FB
F4A7
0074
F745
11D7
F3AA
F6A1
02D8
0632
FBCC
F21A
ECEB
0CF5
F9E5
FCEC
1390
EF3A
10FE
03B4
FAB8
F3C0
116D
FBBE
F577
FDF2
09CC
FB39
FD79
0BBA
F9A7
0EE8
0F11
FA24
1000
0265
ED73
0D4F
0B1C
101E
FAB1
0251
F7F2
0D09
FA2E
F6A5
EF73
007B
102E
091D
F9C6
F9B9
F965
0253
FCFB
F5BA
EC77
EFCB
FEF3
0E80
FA08
F5FA
0326
FD9A
018F
0A55
0668
079E
0AFD
F919
0690
0810
ECE8
0C10
04C4
08C4
056C
0913
F0C3
00BD
F017
F745
06A7
F454
02BD
FC7A
F7EF
F88F
018A
F04D
04DD
FA72
0B49
FB0B
EF60
F30B
130A
1096
0426
F286
0DBC
039B
FAD4
F9B3
117C
0A83
F261
F54F
0197
EE3B
0988
089F
122A
0644
F309
F898
F964
1259
F9A9
096C
F25F
EF92
03B5
11B3
1143
0965
0C1E
059B
11A1
0395
EDE0
F259
10D7
0917
0F5B
ED3D
083C
0EDA
F331
FEB7
0EEE
0E82
F0D5
EEF3
F549
12A5
0F12
005F
1091
ED07
0351
F410
F305
F7D9
03F9
0282
0C52
04BD
F298
033C
F7BE
09FD
F499
EEA8
FFA0
06BF
F9FE
FA7F
073B
12AF
EF65
FE09
FE1A
F939
03B5
04AE
045C
02E8
F436
0B92
05F4
00AD
094C
0A5A
F042
1093
06E2
FDB0
FFBA
F901
F15E
0E96
F6A0
080C
F67E
0FCD
00D9
EF3E
F794
FBF1
F75F
0E27
F703
0877
05FC
0727
03CF
F5EF
F70D
FBD5
F05C
F39C
F72F
0DCC
0828
F8F0
031B
1164
FD3A
F75F
11DD
079A
F0A9
0C08
0D18
0A31
036B
000E
0A98
ED30
0882
0635
ECAD
0C66
ED07
0408
EF13
FB43
F6E1
0BAF
0976
0733
0569
FBDF
0583
F75C
0BFF
000D
0EFD
0525
0F17
F47F
FF4B
F0AF
EED2
12CE
F547
F272
134B
12CB
12DB
FBED
0B92
EC8D
0496
0C12
F8DD
FA9F
FDFA
03C2
F384
F4BC
03C1
F6E0
ED0C
0FE6
0A2B
FF18
12B0
FF15
0932
F555
0B7C
1118
FC25
F937
0040
0476
09DD
0C9A
F136
ECBA
096B
FBF6
0D67
F85C
0D34
0377
1348
F0E1
F4D8
0F47
018C
F0B7
F467
FF7D
0693
EDE5
07C1
FA13
FB93
045F
0F95
0BCB
FB6E
0035
0F32
03B5
F490
FB29
00D7
0BE7
054A
FC5B
FDE0
0607
02AB
0AD3
EE09
0906
F3B4
F72C
0764
0DC2
0989
06FD
F75B
0E85
FF7F
058D
F73D
F8F8
11FE
03AD
0D03
1199
F0E4
F683
F582
0852
FF92
1174
ECAD
FE4F
04AD
F42A
EE26
F14E
0FBF
01EB
0060
EE2D
0DBF
FFF8
0FD6
FABB
FE02
ECC7
ECC5
F7A4
F7A0
EDB1
11DE
0DF8
ECE1
EEC6
ED93
0763
F434
009E
F593
013F
FC28
F070
0CE7
FAE4
062C
F4BC
0938
FCB7
F1A6
F2BF
0ADD
0E08
FA6E
078F
01C5
F860
113E
0593
1294
F0BE
09A8
1232
112B
0309
0DC5
0FF8
0837
0FA6
0796
FEF0
0913
F845
0997
0C0E
EDD5
0EDC
12A7
F477
0A84
0F3D
06EC
1056
F255
0646
FF96
0890
F84A
ECE2
129A
1265
1218
1295
F192
11F3
FEB3
FDE8
F490
EE8A
EE92
F709
0C50
FE5D
0E03
F13F
0267
EE79
FB7D
FEE7
08EB
1056
07AD
EF13
F745
01C3
1180
0A28
FF7D
03F9
F9F6
FB09
EEB3
F956
EFF0
11CA
FE7A
01AF
032C
F34B
03C4
F47C
067B
057E
FDEB
0999
FFD1
11FA
FFE6
FF19
FCB6
FA2C
F1D6
12BD
03FD
F1BB
0BCE
063A
F3C3
F090
FC3F
FC5F
071E
0F38
0788
F866
061C
F193
132F
FC3A
F089
F89E
0C86
F6E6
04CC
F451
000F
01E7
F17B
ECD4
0C6E
F40A
0E51
F8F7
02DE
0932
F7C5
EED1
1280
F11A
0FC6
FB88
030A
023C
F0CC
F49B
0DCB
0188
1095
10F2
07C3
1206
F0DB
02CC
0EDA
0609
0B5F
040A
FDCE
F34B
0B03
136F
0C7C
0C28
FBB1
0C13
04BF
0290
F93F
0F5E
FB81
0FFB
077B
F476
0AA8
12E7
EF9D
FECB
EE95
0EF2
09BB
ECDA
F94D
00B1
FF09
007A
FFF9
07EC
0034
F4A6
07CA
FEF8
F62E
138A
1176
0B6A
0335
FAB2
0668
F94A
FFE2
0D3B
F1D3
0CE8
F959
EFA7
F88F
FCC4
0906
0FDB
0FF0
F874
07D4
FD06
EE3F
0A88
0D9B
09B9
EE48
F26F
FF79
0F0F
F5A6
0072
FD3F
0EF1
F2E6
0852
0117
F144
07A3
EF0E
F22E
FDF2
F7ED
0856
06E7
FA98
0B89
0B19
F7C0
08F7
F87D
F2E6
FE38
F662
0E0D
0173
0932
0180
F363
0C8B
FD31
02AD
052E
090E
F99D
069E
0421
1257
0AFD
0619
F27E
0766
F838
FB76
ED77
0D92
F98E
F438
F5A9
100F
F213
118F
FAB2
F18D
03FE
F4DA
F849
F221
0E46
043A
F39B
00E0
FFA6
081F
F715
EF17
0FB6
0AB1
0B66
F4FC
00A8
07B2
0D63
F693
0C1F
0F4D
F68C
1070
EE60
11FC
057A
F575
FD0F
0040
0CEF
F7EB
0E58
107F
F439
0039
FCF8
FD4C
0872
ECD9
F595
FAD8
F61E
ED9C
0118
FACE
02DD
0FDC
FF55
078A
0FCF
EE48
0C1C
F99A
ED59
EF05
ED72
0BC4
FE1D
0922
EE48
0E28
1032
F72C
11DE
F395
EF56
F769
EF58
05A8
0FB4
0055
F6D0
0159
F576
01F1
07D1
F22D
06CC
FF34
F396
F929
FB9D
EF76
07F5
12CF
0C88
F99C
EF11
F86D
1091
F32A
08E8
F6FD
FF44
1360
0506
037B
F989
F164
0C23
FF62
FA83
F67F
FCD0
098A
07FE
11FE
0808
0B9E
FA73
00BB
0869
0CD4
034D
ECC9
EDC0
0B07
FE25
08C3
0B8A
EFF8
FEB6
F780
06EB
EE03
035D
04D7
EDE0
F1B7
0CF9
0F03
06B5
11C3
10D5
F383
F64E
EF99
0AFB
FFD0
F43D
0864
FB50
0CD8
0EE2
FBC5
EF31
FC90
09F3
0F30
0EF7
0996
F8FD
FF3F
0653
0B1A
F630
01BA
0989
EDBC
F6D0
F68B
F961
0D8F
F655
EE34
FE08
09A5
116A
0CC8
089A
0939
FB30
083C
001E
F8FC
0219
0478
ED29
FDB2
F893
EE48
0DC2
FBD4
F7A3
F643
F0A2
0AAD
F69F
0A0A
0D5D
F985
F40B
0987
0C56
F8F4
07AB
F63F
0AB5
FFF9
10D7
FCBC
0660
F81E
F8E2
FFE7
F9D9
EF51
0A9F
FD64
0234
FD17
0250
0EC7
05B4
05B1
0A0D
0D23
07E9
0C97
0AD3
EEA4
10B7
0D88
0CAA
00B0
FC60
0EFB
0449
078A
FC0F
EE12
F323
1276
FA99
0992
ECBE
06B6
F236
F389
FA9E
FDDE
0CFD
EDA3
054C
EF30
F504
F72E
F1BE
FCCA
FBD0
F18B
0048
F121
05AC
F976
0231
0E5A
0ECC
F269
F69C
0933
F8CA
0F57
F53F
003C
F09A
EFD7
F31F
101E
FDF2
FD14
F491
F5A6
09E7
ECDA
046F
00A2
F263
131C
0E40
EE1C
EFE0
07AE
F2A4
F0A3
FD85
F1AA
0CFC
EE07
F7EF
F3B1
0554
0329
F8A1
1384
065B
06DE
F4E3
FCE4
FE69
FB3D
F1E4
0936
F965
0282
F53C
0277
12EF
F7AF
FBB8
0DB5
06E9
126D
093A
EEF0
0F98
0387
FBAE
F75B
1094
0643
F65D
ECB0
09F9
12AF
0A40
ECF5
074B
FC64
0A9E
F02A
0BBA
0A2F
FC3C
0170
FC8F
EE4D
1122
02BF
0CEE
F857
FC8A
FA13
0A53
F46B
ED01
F028
0F50
ED59
FB95
FD4A
FEFE
F1E2
F5E9
0B5A
0FFE
0163
FF4B
0B55
F0E7
0CD8
0FE6
09D9
FDA2
0DC2
FC5F
FE12
0CE7
F78A
0E1C
FA29
FA3E
12F7
0833
F53F
FEB1
03BC
F581
FBF7
FD3D
1351
0EC7
0B43
FD85
F538
10AD
0F1B
F181
0545
0619
0B21
0D5F
0A55
126B
EE5F
F3CF
ED02
F195
0ADC
0919
10AB
0815
00BF
EE37
128A
F6B3
FCDC
12BD
F7D2
0BCB
F32C
FDD9
0EFF
F345
051E
F53E
0AEE
F4DC
00C0
FF49
EFE0
102B
F59D
FC89
FA99
EE9F
EC77
FE96
0181
0FE3
F708
011A
FF05
FC6C
128F
0E87
ECC7
F8B4
F234
F1BE
F44A
F89E
F361
FB68
051E
F996
137C
07C0
1325
11FF
ED2A
0B8F
0640
1320
097E
F442
F3B0
F11B
F4FE
FEA6
EEA3
EF3C
F943
0EB0
120C
F7F4
F715
11E2
0892
F446
0BF4
F6A0
00A9
F048
038B
EF3C
0809
F99B
0365
06B7
FA9A
118D
134D
0C79
0495
1338
F967
F668
F3B3
030A
00EA
F279
F82E
12A0
0D02
F20A
11A3
EE1F
EDBB
03C6
0DBD
F4E3
0C99
FAAB
08E4
FF63
F932
0BE8
FC36
0F86
EC8C
077C
EF28
F6F2
0897
F394
FD97
1323
FFC0
134C
EE88
03C8
F9E3
0ED5
112C
F714
F373
F38F
F0CF
0BA4
0509
F093
F470
09DC
FA18
F3F9
02D4
FA32
10F0
0560
F78E
FB40
0AA7
06CB
0927
094E
11A7
01CC
FA7D
FFB5
0EED
FEDD
0612
EEBB
11E4
FC4F
F15A
0688
07EB
FA70
013A
08C5
0F13
FE93
FF7C
EC74
FBF0
0A5E
F189
0C13
034D
F051
0CF6
F39A
0B30
FBF9
FE6F
FB6D
F699
F355
FE3C
F838
0786
F08F
F8B5
F96F
FBA9
EF29
088D
F9BF
F9FA
03EB
0EF5
F969
00C2
F42D
03C4
F9D9
12DA
138F
0234
0554
F9DA
0D72
067C
0B36
0824
0C12
0C77
06E1
EDE5
05CD
1105
F39B
FABF
04B6
F858
EFC4
FC9E
08BF
F2C9
FCD7
0079
FEC5
07B4
0615
EF09
1346
F7F1
0698
0A3B
EFD6
03AD
0576
1001
FACB
EFF4
027D
034F
100B
ECC4
FA3A
FAE4
FD6F
FB37
F64D
04A0
FE51
F329
FDF7
FA29
FBCF
0FE8
F8C3
F61D
100F
107F
FD7A
1084
0400
080D
0756
0CFA
F3E5
F190
0D28
0DF5
0AE0
F543
F44F
0968
FB6C
FC2A
F2B1
EB1E
F6B0
F7BE
EE15
10F5
040D
11B6
FB78
FC2B
0C20
FFFF
F8DD
0133
F3ED
1298
F684
F59D
EBCC
117D
EF52
1105
0727
EE2F
0008
0B01
F36F
FB95
0F65
010F
094D
FD4F
0863
0AAC
0F27
06EF
FBC5
F365
09B2
02DF
FDF6
0A0D
F90E
F2F6
FEDD
0A46
FFFE
F44E
FEBC
FC80
FF4A
F9F1
08AD
F649
EF8A
FC53
0DCA
F60C
FD1D
0A8A
0C06
141D
F702
0865
05AE
F70A
F9EA
F884
0BC0
F30C
EEA4
10E7
EE31
EFE2
F353
1229
0DAE
1188
072A
F47D
0834
0CE2
0C0F
0B5E
13D7
F56C
FB41
ECF0
F2D3
F300
0A21
011E
F976
1420
F858
F232
0196
FBBF
FF1B
F236
0D53
1185
1590
1449
FF29
F7A0
EB4D
0068
067E
0458
F724
F113
F485
EF18
F91B
014C
FDA3
F471
043E
0803
F73E
042F
0706
EF8E
ED67
F39E
0E45
F522
F6A2
F969
FF13
0A28
EF9E
FEDB
F3F7
051F
F479
FB94
FFF4
F962
158C
0613
F420
F87E
0668
07E3
FFED
0881
FF29
FF83
0312
F025
FD55
073F
02A2
F050
FF66
F5E6
1557
EDBD
101B
ED78
F05A
09E9
F97D
F7BF
0D04
EEAE
14E8
FA7C
07E3
04AD
064E
FAD6
01D3
FB03
EC8D
0F0A
EF61
0077
F758
F759
FF71
07CF
FA11
FA46
0B05
F230
0959
FAE8
078F
F08D
FC31
0CC7
111F
1210
049A
03F5
0F4E
F6F7
0030
FB7B
038B
F462
F84E
EEC0
0242
EDCA
03A4
F83E
F801
F9E9
F809
0736
F82F
00C5
0EC4
F5F6
0E8A
F5B4
1040
F948
F5CF
0598
095E
FB0B
EF2E
02B1
10B7
0723
1011
F91D
15A5
FF2A
EE67
F884
101B
EE54
0EA1
FB27
06F6
09D0
EE3E
030F
0E04
F802
0F64
F2E1
127F
FD74
0E8D
064E
F005
0A6A
F1DB
0A50
0CE8
F928
09A4
F14F
EF0D
F176
F14C
F9CD
F9E3
FC03
0D99
00E5
1097
F401
07CE
045B
025F
F6F9
F821
F469
14AB
F17F
F6D2
EFEA
EF43
1084
0477
0815
FC4D
0578
F664
E9C0
EE40
11F6
038D
0F6E
06FD
0BC4
07CA
07F7
125A
FDBD
ED5E
0AB3
FC7E
05A4
FD47
0AB2
EF71
079C
ED9B
1389
F97A
EF0B
09B2
0809
F0EB
0A07
11B5
F822
09F6
0EDB
1104
0185
F5FE
0DEB
151D
0730
0C2B
F551
FAFC
00D4
05CD
155F
0BBB
0895
02B0
FE71
000F
07C6
F8DF
01B7
0D21
EBDA
0BA2
EE74
EF92
E899
EF2A
0A4C
EF79
06EE
FEE2
F1BB
F309
0DF3
11CD
F136
F18A
0A3F
F99B
FA05
0010
12F3
1AF4
0EB6
EBDE
0A56
04FA
04EB
F323
0D49
0E89
FE58
FE19
ED4F
F332
F6FD
0AC2
111B
FC5C
F231
EF3B
104E
F312
0E8A
F612
EF99
00AF
EB24
0514
0031
0291
0384
1191
01B1
05C0
FD7A
0F81
0C78
10EE
F70D
EFEE
F237
F78A
FCFB
EE8D
063D
F777
0E67
0382
03BA
F1E8
EFFB
0F51
04F4
F58F
F990
FA2C
F907
0C0F
0544
EFCA
1230
04B5
1263
F97E
0801
0795
0A80
FE89
03C1
04ED
0129
1211
E986
F0B1
F263
0859
09F1
FA0C
F686
F58C
0290
F9CB
0564
0971
1036
EC95
F548
F769
F012
F261
0E4B
0CDD
0A35
0AAE
F0BF
FDD5
F4DB
04D9
0746
0F77
F005
079E
EBAE
0D07
0523
F6EA
FC98
F9EC
07C9
084C
EDED
0D7D
ED74
FFDD
111C
12C7
EC9B
0634
0CEC
FBB3
F30F
F1B4
F79E
1005
FDDD
0B49
0BDD
17ED
1723
1A4B
F767
0069
0B79
026C
F1D8
FFE1
FF45
EE8A
F5A6
ECED
F619
F062
0FF5
F181
1247
F9A4
0D87
EF1E
012F
0D23
F5C6
10D9
F934
ED30
FCB6
103B
0445
0FF0
0A79
123E
F91A
1261
EE52
04C0
F623
F971
0FF5
EE50
F787
0C5C
0927
FA6B
0199
EB16
F0BD
11F3
127E
0CF9
FB45
F1AB
FA79
1074
F5E3
FBA7
FE63
05AF
0D03
0B14
F2AC
FAAA
11DF
F879
116D
ECED
0190
F37A
0D48
FD6D
F4EC
0016
0695
0D7C
04E1
11BB
10A3
FE2C
F837
0142
0600
F687
14E4
FD44
FE3E
0AFA
F0FC
0944
F72B
EE10
0A87
14FD
F8AA
054D
0D14
EADF
03B4
0BFB
F225
08DB
FFC8
0372
EEF8
FB2C
F6DB
0936
0614
F4CF
F89A
EFDF
F208
0CD2
0CC6
0B43
0A9C
F1D3
05A9
FBED
0B69
0146
EABD
F7B1
F1D0
0426
F445
1197
0505
1088
0C11
F964
13E0
EC2D
053C
F21A
FBC1
1445
028D
0FDE
FD09
FA81
0E04
ECD3
F3D2
0FC1
F022
F261
F521
F2C6
FBD5
E9A9
F796
012C
03A0
EE30
EAB3
FE2B
FA5A
017C
099A
F729
F912
FF19
0B3B
0B54
EDFE
F755
0A2C
F4BB
EF24
FB1D
026E
F9B4
FE0D
F46C
FEDC
06FD
ED79
F0C4
14D3
0468
F8C3
F39E
F034
F740
0AC3
08AD
0492
0524
127D
0AD6
F19B
0115
EEBF
063B
F4BE
E644
F017
05B9
FBC1
0428
EBCB
071B
FCA9
1044
F585
0DE8
F272
F46E
F3B6
EC10
F248
03D3
F917
0CE9
08A9
083A
05F6
F383
0246
0C1A
0241
08E7
F50E
FC58
FE9E
F98B
0FBC
0AAD
09CC
0C34
09EF
FAE0
09A9
0427
0497
071E
0099
FC1A
F371
0736
EFA5
13E5
0626
F9A5
EBDE
F501
067A
03EB
FA59
F144
ED9A
0541
166B
F8B5
0450
1219
05E1
FB17
0003
0F3B
06BC
0E21
076A
F726
0CEA
0269
110B
FECB
0FA5
F045
EC66
F96B
0947
F1EE
FD59
F782
FDC0
0A84
1031
EC99
0C66
11B5
F5DC
0605
0B29
EFDC
EEBA
FBC6
03A4
0189
F36C
F7FB
ED6A
FC23
FB60
044F
0E36
0597
E9FF
F2C8
FD97
F6D2
0DC5
F89B
0287
F311
06E0
0C20
F017
0CDC
0F83
022A
F4A8
0960
0F53
F37F
FC31
002D
FDCD
07C6
0182
1698
F900
F4CA
0AAD
0EBE
FC42
01BB
0E40
048D
F081
0921
F301
0CEE
10AB
FE14
FE6E
039E
01F0
0364
0E6F
1169
FC6A
ED52
114D
02D1
FDC0
03B8
F740
0BC2
112C
0C54
01CC
0630
1070
0F4F
049E
0B06
F45F
0371
F3F6
04AD
0DCC
FEDC
F7E4
0D79
F5DB
F855
F161
0677
0FC3
FA3F
FBAE
FE79
F043
0148
FA25
FB20
010E
F66D
F9BC
0A6D
F631
FA1B
EE0E
020E
056A
ED2F
FDE4
04E0
FE1F
05E4
05E5
0980
0114
0251
0CCA
042D
0148
0843
FDF7
F0FA
F351
EEAF
0ED8
EC7D
03A2
0B8E
0FE6
103D
EDD8
EF4B
06B2
F0D7
FD20
1020
0F1C
0F57
0D2D
EF51
F231
FCA7
01DE
EDEB
09F7
F024
F543
F94C
EE5C
EDD2
F984
F616
EA96
0B00
07A6
F3F4
F3DB
FEBE
0484
07F1
ED2D
FF2D
F4A5
EF74
0F4A
0724
0020
FF64
F02B
0C22
0694
0369
0B9C
F1DF
FF5C
F52A
F749
052C
FBE2
08B3
F7F1
0F5C
11C6
ED7C
0D76
FF8D
007F
0830
043D
F8FA
0D7A
05C1
0AEF
FE94
0887
045B
EF47
FE20
0D8C
ED6B
EE3D
EE62
153F
F790
F648
FB47
0FA2
F99E
EE35
07F3
09BA
F8C8
079A
F821
04B3
0979
F031
EFA4
F3D9
F9F8
04E9
FAE5
091A
FD50
F764
0EE8
10B6
FA3F
10F1
11DC
0D4C
0906
FDE2
0659
03DA
F463
0E8A
09B6
0AB2
02B4
00E9
0198
FE4E
0F2C
0E2D
FA25
050E
054F
EAAA
0ABB
F319
09BF
0F7A
0EC3
F5EF
EFE1
F96F
0C30
FC7D
08F6
06A5
F6B9
F2D2
FFC4
FB3B
F5E6
EEE5
FD20
0D64
F906
0414
F379
0F38
FC4D
150F
04E4
079C
0123
1219
F71D
0F81
FE15
F729
0AB6
0870
10BC
F638
FF59
F7A3
EE62
FA8B
0A95
13A6
EC5B
EFBE
0D33
0CF6
095D
F0D6
0345
FB0B
FAF8
ED26
0273
0758
EECE
13C2
FF31
F772
F885
FF94
F4C6
F5AD
FE64
F7CC
0CF9
FC09
129A
FA73
EA49
F93E
01BB
ED25
F57F
1124
F0D3
F80E
FEC9
0B07
F6C6
F130
0DDD
FDAA
F036
F700
01ED
F4A9
FAB0
0F42
EE74
066A
FC04
0131
EE17
ECC4
08DB
0EE5
EB9D
0769
F641
F74E
1039
0CE9
FAA0
03BF
0151
FD1A
FEBA
F19F
07C7
00A0
FD7F
F563
F646
05E7
12AF
1200
F947
EE8C
0F3D
FBAE
04F5
1071
F070
EFD6
FA38
1265
FFF2
EF34
10C9
09EF
F71A
F8DF
0601
003B
F823
F059
F5B2
FECB
0CF0
FA23
0F2C
EE42
FE46
FDD8
FC85
EC84
EE8E
F146
ED90
004B
0C4A
0B3F
035D
0CF8
F97A
08A5
FCD0
113E
F372
FA78
EF2E
FFEB
F980
F41E
0B2F
F72F
EE62
F13A
0112
0B10
0074
0A1F
EEB9
F8E0
F565
FB30
F048
F7DF
11CA
F1AD
F0EB
07A7
F5FC
02EF
0828
F70E
129A
FC3B
ED0C
1169
0A39
1240
0AC8
ECFA
F937
F19D
F30D
0496
0C93
F641
FAC0
F7C5
0A1E
F8F4
0BB6
FF76
00BC
F424
F53F
0205
02D8
0521
F437
0B20
FE76
ECBD
123F
F26A
0E6B
FC9C
0B15
EECD
053F
ED0C
0D5B
0128
ED12
116E
1138
ECF3
0687
F816
ECE6
F69F
FF39
102D
FFBE
0806
ED4C
067C
ED57
0453
00A1
077E
F8C4
1321
02B9
F0BC
05FE
0AB5
0E81
FF6A
FEEE
EE3D
0735
F3B8
FC3A
1044
EFF6
02BE
FF96
07A0
FB20
0F99
09FA
F3DD
0F66
1192
FE81
118C
10E1
FEFA
FE56
0F77
0190
093F
F71E
F06F
0832
0FF4
F03A
0F6D
0538
FFFD
0BB5
07F5
0D40
0D0A
F9B9
087D
0AFB
EE35
FA61
065F
FD8F
035B
F418
ECBC
F3F8
EE02
1285
F51A
EFB4
0690
FD36
FB14
F2BA
1243
FC9B
F3A6
F48A
0810
0E99
099D
0992
0F1B
FE77
F217
FADE
FFC2
EDD1
0FAD
FE30
EFF7
0592
FA13
EF25
0290
024B
FF99
FFE3
F58C
0481
FAFE
080C
F60B
FF32
F0FA
01DC
0847
FE6D
095F
EF42
0279
068F
1030
EF4E
F50B
EFBD
F5F0
F865
FBEE
FBFE
12A1
F2E7
0C51
101A
0567
FE91
0FB0
06E9
ED90
F0A3
EE1F
F490
FA53
EF7A
0F0E
0184
00BB
109D
0DB5
FA46
F7DC
1261
0CE0
FFB7
FAE4
016D
F913
03BF
EC9A
FBD1
086C
EDBD
070D
F40C
05C9
F72F
10D0
FEEB
F679
1251
F2BB
F799
0A77
F99F
F34C
F70C
03EC
FA4B
0574
0970
0059
FC4B
FAF8
F1B6
0DC7
F3F0
0F21
02A2
1019
0A7A
104C
0149
FD5C
FB80
0D1E
FEAE
0F58
EF14
0C4D
0E3B
0E7B
0D8E
0139
0FA0
F2DB
1205
136A
1280
0567
07A6
03DF
F005
0244
043D
0A46
F6E7
F590
0C24
0E93
EE1D
0848
F0C9
FB23
086A
0E8B
F78D
0AB3
1101
0A20
ECB1
1193
0E29
FF47
F725
FF42
F329
0ABC
FCEF
0731
0706
F293
12BC
11B6
11DF
EF03
EC8D
F5BF
11A8
0F78
11BD
FA09
0E8C
EE4E
1147
0F01
0406
0366
023D
05FF
EFD7
07C9
F112
EFD7
0969
FF6B
F168
ED51
1210
100F
04C2
F37F
FC4C
0727
F88E
FB24
FFE0
FE42
FBC5
030D
F2CF
F632
F967
013E
0AC2
0AF8
0B10
F33F
0DE8
01E1
F9EF
058B
F820
06DA
ECF1
0332
05A9
00C6
0270
1310
006D
0311
FFA5
0D49
F894
F3EE
F67A
04E7
132F
FD16
10AC
0BD8
0D60
0831
F6CA
0B49
F146
0056
0C47
12AB
FCFC
0147
05DA
106A
0A6B
0058
FEC6
EE76
FD31
FE56
F2AF
EFA5
1101
08A4
EE2F
0126
F958
EF74
1270
063E
0B5E
F1AB
EE25
05CD
F7EB
10B0
1241
EFB4
0C77
EFE5
F56B
EF20
02A4
03FE
FBF8
1278
ECEB
F090
135E
FB58
EF6A
0855
F63F
035B
0327
079B
FE19
0AC5
0B06
11AA
0FE0
1004
F6E2
08BF
FCB1
0D7B
068F
F08B
1102
051C
FB78
0180
F919
EEE6
F37D
12E8
F464
FE9B
0583
01A2
0AD2
06DD
F60C
01E5
04B2
FC46
05FB
FE3F
FFD5
F882
0068
0011
09D5
F776
FA74
F41E
07CC
F294
0583
0A59
F58E
F14A
FFC6
ED50
F643
11CF
0C69
0070
F5A2
FA0A
0F17
02D0
0C69
FBB1
ED53
0FCF
0CB3
111B
0056
FADC
FB17
123D
1445
FD47
014F
FA98
FF26
ED0D
F017
12FB
FFF3
10D3
F3D5
F32A
01E4
080D
FD5C
F116
001A
F087
F8E4
1352
1310
F03E
0DBE
EEB4
EE56
EF1D
F79B
018A
F524
00A9
F9D8
1145
F135
0743
EF5A
0061
F696
11BF
FEFF
FF61
F208
F46A
FECD
F310
FE13
FED0
F846
11BD
0090
FC57
08BF
0C90
EE4E
F2C5
FDE3
06BC
F6BF
FB0F
06B4
FBDA
EF1E
0FB3
F9D9
09A1
138F
F56C
F730
F1CB
01C9
FB8D
F5CB
FF3A
00DA
11FA
01DE
0284
FA82
0415
F3AC
0927
EEEB
00CA
02A2
0D20
07B2
05D0
F909
ED63
0EB0
04AE
04F0
07E1
01E0
FD8E
10EC
0E47
0A7A
FBA3
0F09
0695
F7FB
ED2E
FDFB
082B
F141
FF5D
0EE1
1022
F479
FC9E
0756
12B3
0F69
0543
0388
0EA2
EDBC
EF60
019E
0BC7
FA7C
0DF5
09C6
FB5B
F333
F36D
FAE7
FE49
F075
0A08
1255
EC42
EF98
108A
1026
126C
FF96
01E7
EED0
0D68
1185
FE47
0046
F25B
FBF9
F8BB
F79F
F1F4
FB65
08B7
0071
084F
0F9B
ECFA
03FF
1391
F697
0BD1
06F4
04F7
F307
016E
F7E7
1167
F251
FDB9
005A
0791
F340
EC2F
FDFC
0412
F7CA
0D55
EE62
F0EE
F680
FE47
F282
F7C1
0B92
F6AC
04F0
0CC9
FD72
0DE8
0BEE
FCF3
F0D0
0424
EE7E
FB05
0300
0166
FCEA
F3B4
FFA6
01B1
05D7
0E2D
F5EA
FED9
08D9
0BE7
F84E
010F
FBC4
F461
FD71
112D
10B3
EF16
144E
0D03
10ED
0297
002B
0F25
F20E
FCAE
F610
ECEC
11F1
1298
FC2C
10A6
077A
FA96
F054
F945
07A1
02E2
0659
F263
F830
06B5
FF22
EDCA
FFA6
FF39
F112
EC89
0741
0646
FBC1
0054
F6A4
0B46
F99E
FBCB
05C3
F5F6
FE16
0475
010E
0C25
FAFC
FA56
F363
FADC
134E
FCA5
0A81
0F2A
F26A
F255
FEB9
1177
0DB0
0CF4
1113
04D8
0E76
034E
F45E
F3B8
0080
F1AD
136A
0142
EF28
F7CE
020F
FB27
FE3B
FFD2
F78E
F080
FD9A
F849
0138
0D26
117F
07C9
04FB
0AC9
FBAF
09C1
EF0C
F8D8
FA09
FEB1
0228
EF9A
0414
FE8B
0B2C
00AE
07CC
026C
10EE
F958
0D58
EB4F
0089
01AD
F584
EC9B
ED93
F798
F5D1
0AFD
F3FE
14C5
F9A2
FFE6
0423
F8DE
FF72
1576
F55C
F74F
F3C7
FA9A
F6D9
F0FF
FBE5
FF00
04F9
F215
17E2
0288
08E3
F589
0A13
FC89
FD71
F548
F1A7
0FAC
0B23
0A53
F5C3
F0A6
F094
F5A8
1156
F2D9
FDCC
F1CB
FF89
F251
EFE4
1415
0C9E
FF90
F473
0C5A
0E3A
0924
F2DD
FAC5
03C5
0813
F1CB
FE90
FF39
EDB5
059D
1488
F3E0
F4AD
01EF
FCF4
0817
0FCC
FA89
F6F2
FBAF
F56B
0C76
053C
0BDA
0078
01F9
FC70
F926
FADA
FBDF
E9A3
F741
F351
EFD1
058D
07BA
00E4
F50C
F40E
0F97
0E69
0638
F9FE
0A50
0E21
FA96
F3EF
FD1F
FC6A
F578
FECE
0D27
FDF0
0DE2
0B07
0556
04C4
0EC4
00D7
146A
11D4
FCD0
F561
1090
0C3E
ECC5
1033
068A
0AAF
02C1
0AF1
FE78
F3D8
EEE6
F102
F36B
084E
0351
FE25
FCC3
F186
009F
ED35
F58E
FF47
FED8
1004
F97E
06E4
EA16
FDCB
10F0
EC98
ED5F
037C
F5BD
F343
F96F
0430
087A
F65A
17DC
FE56
00E6
07EF
E984
F60E
EDFF
FBE6
FBCF
0035
F8C5
EFE4
F418
0547
0F51
FBFA
0B12
FA74
0984
01C0
F355
F48B
0B2C
FFE6
0B5E
0E2C
FBD3
08D8
ECFB
F625
F6AF
06BA
0E44
0689
1170
FDAA
F6CE
0A47
0369
1061
074F
F4EA
FC61
F38D
FEB7
F4A0
1199
EE04
0DEA
F824
FC2D
07DF
0AB2
ECD4
06CE
F8D6
114A
F76A
FB81
EBC0
E906
FB0E
FEDA
06D5
F4D4
E8B1
F7AD
F812
FB8E
F76C
01BC
0663
13CC
0CA0
0B94
03C7
036B
FA6C
F78F
FAA7
FB63
F8C6
0EDC
0610
107D
FBF7
0146
FB8C
EE21
0CAB
FF3C
F6E6
0658
083E
11CF
0DEE
F48D
EE39
04F8
067C
FF1C
FD10
ED75
09BC
FA08
0D03
F5AA
04B1
0269
1689
0861
080C
0F09
0EDE
02F4
049D
E8B5
0214
F189
EDEB
1110
0C48
FBED
0E15
050A
F323
06CE
F649
F916
00D1
F663
FD38
F217
09D8
F4DD
F5F4
FFCC
0045
F96E
0727
E791
0309
EDCD
0913
F721
04B5
0A0D
15B5
086E
EFC3
FC90
0E22
F8B0
FC41
0A5B
F77F
F003
0215
FCD5
0308
1193
07DC
0D68
029D
FB7D
08B3
09BF
0972
0502
0D79
EF3E
118B
EFC1
FFF2
0545
F251
0365
09FD
EFEC
F334
0DD2
F7E9
0FFC
FD96
F957
0330
1528
F109
ED19
F8DD
FFDD
0C70
09FB
0464
EEFC
02A6
0DD8
144F
EBE2
F3D0
FFA9
0582
133B
F1CD
01D9
F263
FC79
1400
FDCC
F853
FC3F
0ADC
0E0E
000A
0ED6
015C
004C
EB67
0E99
1497
EB02
F78C
ED6C
F826
F04C
07EC
04C4
0E32
026B
0AB7
EF48
F9B8
FDAD
01D0
F833
0455
0699
0E6D
0B9C
FFB6
0F06
FC69
0161
0665
0FC8
FC8F
11BB
07C9
0A8E
F3E7
FBEA
F758
F2CC
0D1C
0851
F79E
0F27
EF7E
0641
F1C9
FC97
FBAA
FA65
0522
FB6D
0C8A
1618
0555
051C
08DE
EE31
0D08
E9DC
FF9B
FC2B
1542
F478
02A3
00FE
F503
FBB6
F42E
F117
00B1
FF5D
FC32
FF0A
09D4
F84C
FF56
113D
EBC2
FD52
FCD7
EEF2
1058
08A9
F636
F021
F7AE
EC90
FB6F
F689
F99A
F06B
0F9D
10D4
FC4E
F101
E93A
EEE9
FCAE
0104
F484
F0F9
0C5E
0538
09EF
0FA7
EFB0
13D3
F0EB
062D
FFF0
FF70
F558
0563
12D6
088F
F261
0BAC
0A14
09D5
06B7
0F07
124B
F348
FB04
0AFB
179E
0C5B
0231
FD05
FB17
0DB2
0280
F764
F3C0
F60D
00A7
EAA5
140E
0362
EF62
EFDC
022A
025D
F64B
F5A7
0021
FF71
F60F
0FC1
F213
F549
FAB1
F3B2
03A1
FAA4
F7C8
0122
118A
F562
F80E
0AA0
01AC
0178
F820
FE5D
F705
FC7E
ED4A
F15E
0727
05A1
FC16
FD50
EF26
F08E
EEED
038D
F13E
0EF1
00B6
FDD8
FAEB
0055
0ABA
010A
0DCE
F9C3
01B3
0016
05D0
F80C
FBB0
0BD1
F2D8
EE1F
0740
ED21
FDBA
0D45
0262
03B4
0511
089B
E9F4
12AB
0436
FC71
087A
F678
0C63
F340
1085
F1EE
F67F
04A8
F6FE
003F
EFA4
F774
FD0D
F42C
0C21
F960
F668
FFA7
F893
01A0
0A9A
F3A9
0284
F904
EF0A
F88A
F45E
0135
F416
0DA8
F649
027E
0CB0
FE37
029B
EFDD
167F
F5B4
0931
ED73
E9DE
F7E3
04D4
EFAA
FA71
F60F
F883
ECCD
F8AD
0BB1
0C9C
FC30
032C
FC77
0E2B
FE7D
13DD
F370
164F
0725
0894
121F
0914
F357
0437
116A
EB35
1085
ED90
15DE
FCEF
EB4C
F790
F972
073C
EE7F
EB99
FBEC
FFD1
FFA4
F9A5
F466
F6DD
13E8
ED09
EEFD
F447
0032
02EE
1774
EB21
F082
E9DB
04C4
F496
EB52
020D
F9B5
EEF1
F9C4
F51F
13D2
E7ED
FD7A
02E5
0C67
FEFB
12DC
06F1
0F2B
F27D
FE06
F44B
F6B4
0A61
FB65
0479
0C02
F502
F6D1
F5CD
F26A
0EFF
F1B0
02E4
0C8E
0447
0BD2
0452
F1E5
0715
F779
0362
02AA
FFF4
0C49
01F5
FB9D
F6FF
F003
F01F
FFD1
0ACF
0CBA
EAB5
0A43
FBC7
0CE7
0AEF
F5D1
0A7E
F2B6
F4F9
FDC2
020F
0AEA
EFC9
F359
03F5
089E
FF77
0857
F22D
0B14
0BCD
152A
04F1
F9B6
0B09
0A7C
F5F9
0D02
09E3
0E1A
0C41
FCA5
FBFB
F420
0C4C
0E7D
1228
ED3D
EE93
EF0C
F876
025A
FFC2
F421
03BC
F874
10BA
0C4B
0FC1
F985
1205
FB3F
FA40
09EE
F622
06C2
02F5
0AB6
0340
EE96
FF25
FA71
F1C1
FFC5
06E7
0D4E
0D68
F1FC
F0EC
F0B5
E92E
EAA7
F2BB
1882
F899
FDAE
EF41
F253
04DC
FAF2
FAE5
FA6D
138E
F453
1097
0F6A
ECBE
F3B7
E9A8
0209
F6C0
0FCB
0D29
09DA
F56E
0852
0D99
F214
EE15
0AD1
05F9
06DD
F655
01E5
077A
F5AE
0037
07DF
FC36
0175
F127
F314
1611
06A0
02DD
0201
0571
FA89
FF65
FD2E
037C
1191
03EA
F550
11C0
FCC3
F48B
FAE6
0DCD
0564
0BA4
1332
F6C4
FA9C
F855
1036
FCC1
121D
EF73
0F34
0352
FF84
0713
FE49
0D39
06BE
F6DC
0337
FE91
F57A
018C
0C89
00B1
FE43
FCC4
1257
11EC
F921
07C0
05C4
107E
0335
FEA9
FFC2
069D
03B6
030F
025B
04AF
07D9
1119
0466
F529
EDED
071B
EE5B
F5EF
00E2
F388
FEF1
F66C
FE48
F0BE
ECE7
0510
0AC5
F3D8
02F6
01F7
F952
1126
ED38
FA25
0FB2
06C5
FEF6
07E4
EF73
F0F2
0793
FEEB
F3AC
11DC
0E4D
F93B
0EF3
05EF
F5B9
0DCF
F857
07AD
10B3
0F4A
F4BC
03DA
0D02
0BC8
F61D
0200
F5E6
07C8
F930
F5FD
0CEC
EC30
03E9
1285
EDE5
0BDA
0B4F
10CD
FAE8
F234
061E
03CB
10DC
FE9E
EF11
F002
093D
1391
F584
F1DC
F158
0838
F775
11DE
05E6
F0DF
0BB5
0CA0
0FF8
09F0
F182
FD54
FBFE
FB3F
F9BF
0A4D
0AE5
032A
0DCA
F0CC
F3FE
08E2
04AF
0AE9
075D
0D78
FF9F
01D3
0022
0258
00DC
FD9C
06AF
0325
03A9
09E8
EC98
F2BD
FA11
F6E3
068D
075D
EE43
11F2
F0F8
028F
08E6
13C1
0055
0489
043F
F0EB
F467
088A
056B
FB42
F0C7
F0D4
FC9D
FAFC
0B3E
F4A6
0905
02BE
FC84
0583
0350
0DCB
03FA
07C6
FF97
0861
114C
0170
0467
050D
08D5
FCE7
12C6
01D4
03A1
089C
F600
FE9F
F0DF
0007
1180
04E4
0F32
FC13
F3B1
04BB
F581
0940
F510
0997
EFF1
FEB4
F299
FC39
F7D1
FB17
F335
1086
10CB
0672
0BD0
0439
EE47
0B38
F7ED
10C3
F3AE
FBC4
0A39
1244
0C74
FB48
F28C
FA12
0917
0518
F7B1
F6BE
08C6
0B6A
F6F7
FAB5
0072
F3C9
0ACB
F7C9
EF86
058D
09DC
06AE
05F2
F770
0A57
12D4
0A7F
095D
F479
136C
12B4
0575
005F
031F
EEDC
089C
F246
0F56
FB8E
F040
0298
EF26
F3E5
F4C2
EE98
F498
026C
1333
FE86
0084
F684
ECF9
F11F
0C74
0C56
EFB4
F3E5
FEC0
11CC
0684
0D89
0982
FC48
10DE
EFB2
0291
0858
F882
089D
10C0
EC79
04C4
EF6A
EC74
FAFB
FD90
1364
0526
FDAA
F7B2
FD59
F739
0C6F
FA0C
04B9
03B1
F58B
0C95
EDAF
FE62
0D4C
036E
0B2D
0F2F
03B9
0CED
FEB9
0280
F95D
0027
01C7
0179
11B1
F66A
01A8
1394
12F3
1375
ED52
FD42
136F
0697
01B0
EE25
09F6
0698
F9C4
F84D
FD88
EF42
FC68
F4E1
07DA
F6C2
0B2E
F555
F3C3
0FB8
0A8A
F1B3
F4CD
12F5
F512
FD24
F593
FDE3
0E27
0C9F
F0B3
F507
FC20
017E
FA83
F284
1181
037E
EEB1
EF58
F50F
0DEC
00B6
085B
0394
07C1
04E3
0A33
EEBA
FCCE
02AF
0A26
02A3
F8F0
FE1B
068E
ED1A
F31A
0B62
112A
0E39
F251
FF15
129A
11AF
08FC
F150
0A59
ED17
F0F2
FD99
05AB
F514
F468
F847
FF8A
0EE4
0CC2
0683
F7BE
012C
09E7
1031
F339
F920
FE02
FA37
11A1
ED64
FB0A
0303
125D
0963
0AE6
0E13
F360
F9B5
FFA9
0220
0310
122D
054D
07C3
06C6
F27D
128C
F5A3
02C3
094C
04A5
0D08
F312
F8EE
0473
0F5A
FDB9
05DC
0726
012A
0B6B
02C0
F7EF
ED88
F436
F5D2
07F2
0494
FFEF
0BE5
0345
02F1
F023
FAC0
FD92
ED89
EF8B
F37E
0E15
EE2A
0B5C
0D63
FAC5
EE0D
FF0D
05BA
036D
128F
EDF7
F114
021A
025D
F02A
F5DE
F848
EFA6
040B
F77F
F06F
0A2A
083C
F1D6
07EE
EE73
FD49
F1FC
0B16
F55B
F1B9
EE16
055A
0786
F4A9
F64C
019D
FD8F
F44B
07B0
043B
14D1
0838
F993
F141
ED33
FC5F
080A
EC6C
F06B
F4E6
F15A
05D1
F712
F57F
0B45
F56A
F0CB
F4FF
F289
0C45
0DF4
EEC0
FF6F
00BD
F9CD
FA69
063C
F403
04E9
039C
0E45
0DEB
0F3E
FD2B
0CAC
1009
1074
0A45
F3F2
F6EA
FB9D
0B2F
0A3B
1048
02BD
FBB2
0F4E
11E3
F88A
F95B
F9B7
F774
0B1C
FB3F
0BB9
017B
0A77
F1BC
F7E4
FC3C
0DB0
F977
0C91
F6A7
03CC
F1F8
F281
04A9
0FC5
09BD
FB25
0427
EF66
EF66
FDA7
06E1
F901
F522
EE49
FDB3
F05B
0B24
03F5
0838
0A22
05C3
0809
1282
0075
F987
0949
0507
065F
018A
09E1
102D
0298
F190
0836
ECF9
0676
09CA
07EC
03F0
F692
F2FA
0766
EF58
FB4F
EE84
0296
0ECE
F31A
100E
05E4
046D
0C1A
1170
0804
10A0
FBAF
01A1
F000
F926
FE82
0F1E
F87C
F3A3
1387
031D
F013
0B6F
03CB
0441
F778
FB16
EDDA
FEF5
FB3A
F1A0
F89C
0A4F
0759
0A66
EE75
FA94
F9EF
FB89
FE3C
0B23
FE7E
02F4
0426
FCF5
F66A
F16F
0D9C
0ABE
0FE3
F9F3
0B61
EDCA
F4F1
F3D0
EFAD
FEC8
F55A
14A9
FB92
07A0
123A
0ED1
0CF7
052B
EFE7
F7BA
1057
FD8F
F18E
FBD0
06E4
F531
FAE0
00A3
F614
044C
FE76
09FA
EF78
0B57
F10B
0CEF
F08A
F41E
F0C3
00C7
0182
F32F
F8A7
0021
FDF0
0883
F1B0
F386
10E8
0119
EB64
EF35
F229
FD00
F988
EE40
0163
153D
114D
F42C
0704
FA8E
0DFB
0123
0952
0896
057F
047C
F3EA
F4F4
F897
FCF2
F9FC
0F8F
0DE3
07D3
02B6
06B5
EF90
F51C
05D0
EEF1
03A0
0298
FCD1
121D
0516
029F
FD1F
F90F
1306
02E8
F2FA
FC08
FA8D
1417
EF1F
F611
FE34
FCB1
0EAD
F261
06AC
EF5D
0FAF
FAFD
1395
F93F
F58B
0581
0EE3
12E2
06AB
FFBA
FFD3
FADE
F433
FEFF
1034
F2CC
F2E6
F031
ED27
F7EE
F895
EEEE
0BA8
F577
04A2
1149
0268
0CD9
05B8
0001
F0EE
0B81
03A7
004E
0544
12B7
FD49
EF77
FEB9
F53F
F791
F0C7
0E44
F4E3
0DED
06AF
0758
1358
ED0C
0638
F70D
0CFF
EFF8
0DF3
F60C
07B6
113A
0A6A
1219
F4D2
F08F
FCD4
0CD9
01B3
FBD1
F94F
0840
1180
051A
F2AA
FF8C
FCE0
F21E
03A6
EC8C
F79F
0880
0112
1689
03A4
0022
0EB8
FB00
EF21
ED20
F93F
07CF
161F
0FF7
FB13
F18C
0631
F163
FD2B
0D18
EC3F
0A52
F466
F43C
13F7
F467
0C74
0DDF
0513
FC7F
F4D8
0622
0EB1
FDAD
ECB2
F90A
0303
0897
07B9
1342
0404
07B9
FCF7
F254
050B
0F1F
0470
0B9E
0ED1
008D
F2FC
0AFC
FADE
0681
105D
FBB9
F68E
01A9
F2C0
002D
0B1B
0716
FCF6
0F24
0038
0DED
F4A7
FA84
EBD7
E89C
F04C
03FC
059F
EF95
F807
0C76
FBEE
F2CC
F226
0397
0617
0190
0CD6
01B6
FC7F
F124
040C
F7BB
0D6C
0530
FD2C
EB22
0435
FF26
0D61
F774
F159
057F
018B
007A
F544
EF8B
0DF4
F57B
06BB
025B
F2C2
0913
045C
F0CB
0F09
12C9
0283
0083
EE0A
00CA
087A
E9FB
0A07
F523
EE48
F990
07C3
F8F3
0049
0EDA
1125
F68C
F9E3
02DB
08E7
032B
0EAA
FBD9
0F1C
F7BF
ED22
003D
FB80
01F6
07E1
F9DA
FDCD
F5AA
F37E
1081
FBE2
1000
F28A
0E70
0D97
0584
0900
0798
005A
FADC
0349
0A29
FF7F
073B
00A5
ED39
F992
FBEA
0A09
F993
F2D0
1618
055F
F882
ED79
F6DF
1064
EC1F
EF3A
1150
004F
06BB
05D7
FF9F
F989
0351
0F6A
FE27
0DA3
122B
0990
0FE5
F2C4
07C9
138F
0288
F5B5
0567
F460
00CE
EA6D
EE56
09FB
F34C
F64B
F729
0917
FB1D
091E
FE6B
EFF8
EF40
0A04
088E
F153
0539
EC9B
11E7
10A7
0CA6
0492
FE10
01D3
0F2F
F159
0047
F5F3
0AFD
F932
F333
F80D
F00E
11DF
FE96
F516
F16E
0CA2
F45C
F2B5
15F2
0EDD
02BB
007E
0C8C
FF99
07A2
FD36
F5AA
EEBF
FBFB
F7DF
15C9
F0C8
0F61
102B
F472
0C72
F33E
111D
0D1C
F355
12E6
F3C4
0140
F928
F674
FE3A
08A4
10A6
0B53
EBD1
FDD4
F6F5
F741
F085
0993
0CE3
FA24
FEE2
0E6E
0AC3
FC49
11FB
00AE
000D
08CE
0D14
0B42
F674
F512
0F18
FE63
FC86
F337
FF28
F8C4
0284
EFD7
EF62
F1B7
022E
FF49
F3C0
FDC4
059C
ED3B
F8AE
0D79
066E
FCC8
F677
024D
0D3C
E76D
F441
F999
F850
F269
04B3
FD47
0632
FA75
07D8
F586
0D1D
FF06
0D3A
FA14
FFB9
F655
F593
F8FE
0AA0
E8CA
119F
FC8F
00C9
FC32
FEE5
13BA
11AC
FB40
ED34
0C36
0E7D
04D2
F8F7
07D1
1300
F0E4
EEF1
EDC5
E9FE
03D1
0F76
07FA
F478
FA02
EE22
FA49
F7A5
EE04
0CDD
042C
070C
FA8D
119A
04F6
162A
FB92
EFF7
F0AF
01D1
08F6
FEC3
0E6E
ED77
087F
F926
F5C7
0121
F340
0817
0236
F732
00FB
0E16
07B0
F20F
0F4A
EF11
01DB
0984
E97E
FEC0
0EA4
0A93
FE81
04DF
FC15
1560
1839
115E
0146
FD48
02E4
F638
FBA5
0E72
F89A
055E
0B6A
12D8
1220
0AE1
F2E1
0299
0538
0D7C
EF1E
F349
F072
F8F3
031F
079A
F63C
F499
0B6A
E9AF
089D
EDCB
11F8
0C9D
1049
F7D2
1199
F4EF
0127
0770
05C9
04FA
F0E9
F075
1148
EEFA
EE24
F3F6
0BD7
FE3D
033E
146E
FC51
0BA4
0F2F
FE1F
101F
EE7B
F22A
FB74
EBB8
0ACA
F12E
05BB
F3EF
13BC
F783
01B2
037A
FE6B
FC94
F6FA
EF86
09A3
1140
F951
0A1E
F1D1
F7B1
1139
F373
F8D8
FA9C
032A
F0D3
0893
07AB
ED22
13B3
0CB7
0842
F3EC
FC58
010C
FF63
F517
FFD1
F2E3
F259
F7C3
080C
E9A2
FBB6
FE4C
FAAC
FFB4
EFC1
FD60
023D
F2C1
EEF9
EF60
00A3
F707
FBEA
FD56
0BBB
FCEB
FC33
0810
11F6
EAA5
E553
067B
FF5E
FAD7
055E
F2AC
105D
FD25
0B96
EF11
FE1F
FD9F
0D81
0B39
0F4B
F00D
0E6F
FAE7
016A
F110
EF56
09DF
FE80
0225
1099
048B
01DD
FE01
0DA4
0436
F490
FD95
01B3
10B0
0882
F630
028D
F902
F703
FC0F
132C
0A41
F5A9
0B1D
0EBA
0301
0C8E
0B0D
FE66
0ECD
1604
1023
0726
FDE2
09A5
F6D4
F937
ECDD
EDD8
F40B
FFBF
07F5
0E91
FE73
F423
F82C
F834
07B5
0882
F480
F70E
F4F6
073E
0ADF
FB6F
099F
EAAB
F79A
0F77
EE49
FC1A
0FF6
073E
F646
F41D
1045
09D8
F3A0
F5F6
12E5
FED6
04D0
06B9
EAC2
F0B3
06B8
EEF2
FDB8
FAF3
0B5D
F2EE
094C
120B
0DEE
FA2C
F969
136A
F12A
0DD0
EB35
F8CD
03F7
F695
05B1
0640
F40D
1273
02E2
070A
EFBB
F08C
08F4
F643
F9F8
110F
0C5A
0B33
EED9
04CC
EFA7
F46C
1276
0CE8
0721
ED6D
025B
0934
EB56
FF9D
EE55
F28D
1467
09B1
0B39
04C6
F813
F9C9
FDCC
04DC
0E14
0E7E
02BD
0999
F0D1
EC53
01E8
EA62
F274
0AAF
FEFE
041D
EFD4
127E
0B9B
F85F
F621
1703
097E
F87B
F681
F17C
EC0E
FB39
EF8C
FFE8
0A44
0001
F75E
F285
0840
02D2
FAED
0E80
0000
FEA7
FE10
11CE
EE63
063C
F35F
0931
055A
044A
03DE
0556
10C4
14D9
1275
FA7B
F355
F765
0A97
109B
F13D
026C
F903
0E99
1520
F3D4
FEB7
F4CD
0F62
0CF7
F637
FE19
FFEF
0498
083E
0889
0AC1
0312
F11F
070D
F637
09E8
143A
1129
06C4
EF5D
095A
FA7B
023F
07F8
08BB
05A4
F961
10DC
F072
0A53
12FF
002E
04A6
131D
F94C
02AC
E8D3
F818
0B28
06FD
06E0
0E48
0AE7
0C7B
F00C
0573
04AE
F77B
042E
0746
1613
14B4
1273
0DC2
0E08
0349
FBDB
0D29
EF52
F54E
04A4
FAD6
F960
0DF6
0CCC
0978
10BD
F813
FA32
F207
FBCD
F56F
1483
ED29
022F
F1BB
EF59
1451
005E
EF9B
FB8D
0E12
F07C
067C
F9A6
18E1
F289
FCA2
F318
FC14
035E
ECE5
FABE
097E
F4F6
F81B
F6D9
F46A
F872
08C3
ECB8
051B
0583
EF07
ECB4
FA1A
0283
FD6C
FC89
04F1
F3BA
0274
FC8F
EED0
F1FB
053B
F157
F69B
0B8B
0251
0B1D
0702
F873
0C10
0FCF
1481
0426
FAA4
03B2
03F5
028D
01D3
FF9B
F789
070D
0A20
0621
ED9F
F2EF
F861
EBDD
FB75
FF60
1360
02A3
0F8A
04D1
09E7
047F
FA5D
070A
0ED4
0B69
147B
F3DC
F3CA
036F
0F37
F1BE
0EC6
F991
1039
027C
07FF
E864
F7D6
F35D
0C2B
EBB2
0E53
0043
0BC7
08E2
147A
ECD0
0352
EA79
F9B0
F0F2
057C
EEAD
0FB6
FDFD
F78D
F77F
0A6F
FC44
F68E
0571
F267
08E1
FD3F
069F
FD31
0D62
031E
00DF
F0B2
FE79
0A5A
0AC9
FD5B
FC3F
0F8A
0292
F848
ECA0
0381
1268
184F
ED7C
FCC8
ECEB
F93D
ED6D
FB83
0AEF
0D5F
02F1
03D6
EDC9
FF3C
0C57
0669
FBCC
163A
F12B
F498
F8B7
0E95
0EE2
ECEA
1052
EE6C
F03D
F886
EC02
13D4
FE9A
03D5
F79D
0F6F
EFCF
F88D
F09C
FA34
F026
F1C6
1019
08E6
EF6F
0251
03F7
0EC8
109D
04C4
FC2A
018E
F4FB
036D
F5EF
FD48
0520
F8E3
FCF1
F0A6
F694
0FE0
0F08
10BA
F9D3
F6A2
FC9A
FD05
05F9
FB62
F474
03C5
FDF7
FFA8
0253
0AE7
0093
07F0
EFFA
08A1
F67D
ED10
FC6C
FF3E
FA3E
0CF3
F83E
F272
F55B
F5F1
0EAE
064A
0A26
095A
FDFF
F8E7
0D06
EEB3
0E94
0C56
0331
145A
0BFB
F017
ED84
02B6
EFBA
0705
05DB
F759
0F06
0A98
F692
0D6A
FF84
FAA7
0686
FA27
EEBD
1687
FB2B
F665
0D00
0842
0C1B
FC3C
F8D2
0D50
F508
FFBE
FF90
0D2F
102F
1225
0E44
EE1E
F36F
ECD0
F1A0
142C
07EA
FF4C
FE78
FD56
ED83
E959
010F
1548
F735
0D4E
06F9
F018
FA33
0B43
FBFD
E81C
1625
0405
F2CC
F393
F673
0EBA
F13C
F833
0D04
EF96
FCD3
F41D
1196
0A2A
F3F3
EE5A
F670
05A7
066F
0785
03F9
110F
F5E1
FEDB
FABF
EEDC
F9E0
EF28
071A
F17C
09B0
EEE1
F76C
F7CB
121A
09DC
109B
0BBE
F245
F28F
F265
0865
103F
03CF
02AC
F7BC
0698
0ED6
FED0
F176
064F
F90F
072D
FEFC
FA57
12F5
F8D3
07C2
0CB8
FFB8
056F
03E2
FC31
0F2C
10D4
0C19
ECBD
F3F2
0FE3
F65F
0696
0047
F573
F2A2
0ADF
099C
1240
FB30
F999
F4F3
12B2
05A9
EC0A
EF7F
0C01
EF2C
EFCB
F414
003F
05FC
EEA9
F319
0DE1
FB96
1234
FECC
0BEA
F657
0779
0DB9
F31D
0DD7
10F5
0F7F
10A9
F722
105E
07E3
FEBC
F6E0
EFB4
10F1
FBDC
EE22
1351
0BDC
119E
FEA9
0AFD
0FBE
018F
F92C
0B4E
FE08
EDA5
FE34
07B5
1308
FA16
0621
EC6B
ED13
0A20
0913
04DC
1262
0565
F624
EF82
FB9C
0AAD
027F
0D2A
EE46
0E94
0A8F
EE23
04AB
0B78
00E1
09AD
F1D6
0690
F888
0590
F439
08FB
11ED
0BA1
EFB9
1363
0B08
F3A4
F205
F07C
FAAB
F96A
0608
0943
F73A
EDB7
0F9F
12F5
F3F0
F859
061A
F00A
FF9B
F60A
0C5C
F839
ED64
0011
055A
FAD8
FD00
F9A0
0412
FC06
FA2D
0BB0
F2A0
04B4
0615
00B3
FE3D
EFAF
0F03
EF65
FEAE
0D73
0DCC
EF84
FA43
11C3
FA82
F934
F21F
F592
F069
F51F
F8B0
F971
10A8
EDE5
F390
F4F3
09C3
F7DF
0B71
00AD
FDC2
0326
ED7D
01B1
0831
F944
0163
08DE
0DE8
0EDC
0B82
0164
F7B5
FE9D
1360
09E7
09E4
048A
127D
F428
FDBE
077E
0959
01A1
0DD6
F12B
1318
09FC
ECDA
0C64
F4F7
F2A3
FAEF
F6FC
0284
07B6
FCE4
07C7
F0BA
F443
0E57
1095
0478
F2AF
F6BA
F607
0599
0F20
0D76
F811
078C
0EAC
F6E4
090D
0AA5
EEA4
0E89
0EB2
035B
FC9A
ED8F
F99B
11B9
004B
ED2E
00AE
0C14
032F
0FC9
04A6
0D21
0F58
ECFD
06F3
11FB
06AC
045A
1076
FF78
0540
05B5
EED0
FA8C
F6AA
0EFF
F411
FBC4
0608
F637
F34A
01DF
F8D9
11F9
F328
FBDB
F484
106A
EFFC
0870
056C
F3DA
EE26
F6F8
F3CD
FEC8
F6B9
0D99
F924
0E59
0989
02F4
06E4
0DCE
072E
0DD6
0635
F70D
ED22
F9DB
04B6
F8CD
F461
F83D
EC2D
00DB
F0A2
EDE1
0041
EFA7
F6E8
FD09
FFA8
0F4A
08DF
0992
0755
02AC
F2BB
0432
F629
F641
F5AE
0038
EFB0
087F
0FEA
F032
F7E4
F37F
FD62
1259
FABD
F847
07C4
FE04
F3C9
02BE
05A5
F97A
FD07
FEC2
EB9B
0158
0A7F
FB14
F625
0927
0413
1272
1083
12EB
F715
F85E
F658
F758
F427
F2B8
0F75
FF28
07A0
0D71
F695
F62D
F41A
F48A
115B
F77C
F509
08ED
090B
0788
04A7
0BEF
082B
F8DB
EF4D
FA04
0F3E
092F
FA1A
0318
FCBB
103C
F0E9
01BC
0798
F08C
0D54
035E
0FA0
F073
02F6
09FB
0130
0D66
0C65
0759
04AC
FFDF
F0EE
0F8B
0B10
F3F2
0DCD
0B45
1054
FE4C
0AF5
01AF
F0B3
0D87
01F5
F12C
F6C2
0E84
08DF
EF74
FF14
F0B8
F499
11FD
F34B
0E10
0205
F52A
EE4C
FEA8
0160
FB89
07C3
0DFC
095C
EF21
F839
F617
FCC1
0350
163E
07B8
13DC
0D8E
1233
F374
130C
EF45
F883
000B
FF8A
FFBD
0807
0DE1
EBB4
0357
F39E
FE40
F6E8
F6C2
029F
1582
F4C4
0F74
08C6
0695
0782
07F0
F53D
F9BC
056B
FA64
FB61
FF43
ECE6
15E3
01E9
1666
F4BB
FDBD
FCED
F597
00A4
061B
0B9D
FD8C
0581
0C56
EFA3
FB8C
0213
EA9C
F786
F23F
192F
F54C
0B6E
F3C1
0996
F59C
F988
0B29
EBE1
F3D8
EFF2
0740
FF5C
0D40
F2AF
F556
1118
E7BE
09E6
F5F3
F41B
FC87
0D02
0EF3
0806
0837
ED66
F02B
14EE
FC17
F21D
0AB9
F89C
0C2A
0CB8
F9B6
FD45
FC92
F562
EDBD
01B8
0B0A
F5C9
0C3C
0B36
0CCB
F750
F2BF
F5CE
0CD0
F3F0
063F
FE2A
0CB4
0603
031D
14A3
0FE1
FB94
FA7B
F29E
F7C1
F926
FEFC
F6C5
01F6
F6A0
01D7
1891
ED90
FCE1
EE8D
11D0
0993
FFE3
058B
EC9C
FA6E
00E0
EC94
FD06
0CC3
0A0A
0214
11F9
F54D
0894
FCD4
0986
FA4B
0740
F1C7
0D7F
F66D
08B0
07D5
09B1
0507
F1B9
F9B2
0C36
0823
0B89
0B3F
1344
001F
0397
0109
F637
F005
EFD5
015C
F776
0952
F23D
FC56
F06F
FCF4
F0B6
F16D
FCD6
FA61
F829
058C
0CDC
0412
F4E9
0E98
F495
113F
0B8B
FAA4
0B7B
F0AB
F711
FFF7
0C3E
EEEB
12C5
EF0C
EE6C
04CA
0426
FF6A
0B43
00D7
01D1
0755
FE68
12A5
0C64
ED2F
F7F1
EFD8
0851
126B
F151
F162
FBB8
ECF1
F985
0836
0E80
FD2F
F3E2
ECE4
091F
0BC0
0D10
01E2
0F3F
E94B
0DDE
0085
EFA3
0BED
F32E
0FA1
F46E
F5A7
0FAC
0F4F
031D
05C3
0AD8
F29E
07FC
1188
0B7A
F71C
077E
FAF8
02D3
FBCE
F07E
0F00
F7DA
FFC3
02D8
E9F1
F73E
130F
0552
EC67
0A90
F0D5
10C7
F814
05EC
F1DF
EFDB
F490
FF7A
FC34
0483
07AB
081E
FEE2
004E
FCAB
F358
0F08
F609
07EB
0719
F625
10AB
0EA7
1566
FDE2
FB93
F23A
EF82
EE68
04CD
FAF0
FA8E
120E
FC08
F52D
0AA0
F506
00ED
0435
0AA4
1528
FCC8
F294
1038
F6F8
F5E5
0D43
ECFD
0AC9
0C1A
F33A
F328
121C
EFF3
08C0
0B5B
09BC
03EC
F453
F099
0E42
021F
FE06
039C
0CB4
03C4
1041
07F3
FC17
019C
FE11
FD4E
FDCC
FE01
FFA5
F987
F0A6
F682
0B45
F784
F21E
FC65
0DCF
110C
FD20
07EA
FD59
0003
FD1D
0F1E
0273
FFE7
0E25
05BB
0647
07C1
000F
0CCA
00D0
E946
F054
033A
098E
FC4A
FE13
0FEA
FB30
0B57
FE49
F24B
F681
06BC
0798
F7C0
FB34
0276
11A6
FEA4
FB5E
FA66
FD08
0BAC
058E
EF4C
F72F
F3F0
0256
0B1B
0697
F925
0467
0246
F17B
0D50
0F1D
EF32
0F89
09B0
EF1E
134E
F0AA
0C0C
00D5
F8EF
0616
0A3D
F4DF
0B53
F575
0D6C
1662
1689
0BE4
FBB2
F33E
F6ED
F1CA
F53B
ECEB
FE56
FC57
01DC
0D5A
080F
0BC7
FD04
EEEE
0CC2
08F1
F038
09C2
0DFC
0E4B
F2D2
088E
F50B
02FE
0DBE
FCD7
E8D6
FD8C
1128
0BD1
F7F4
0927
EE1F
073C
0D1B
0626
F115
052E
FF24
E8D5
F271
082E
F6F1
F681
093F
08B4
FE97
F1C2
EFEB
110A
F94C
FC37
0C99
F345
0980
F4E0
0049
03C4
0B12
FCDA
116F
0A84
FC40
F358
FE30
EC3F
F813
0A10
00C6
FA9A
F4CE
FA7B
00C5
F692
E6C8
0271
FFBC
ED7F
0854
FC88
0782
F5B5
1364
003B
06F4
FFEC
FEC3
FBC4
0069
0DED
EEB3
F000
F746
06A0
10AD
0C8B
0420
0220
100B
F4E5
0543
FEBC
F787
E99F
0802
F46B
F820
F97B
FD11
F589
F92A
ED24
09D8
F3B8
FD7A
0468
0F99
0375
F536
01F3
F255
F5D9
FE3B
E85C
F85A
1304
05C5
F2A2
F117
03C1
FFF3
039B
1182
037D
0AF1
FADB
FA93
F643
F8FF
068B
01D2
F552
04C7
F6E9
ED13
0246
1003
0234
FE57
08D7
EFA6
F096
F3EA
0A99
F76E
EC28
F869
0496
0440
0C33
F95B
0B25
0CA8
094D
0C2D
01F9
129C
F6BF
0DDA
F85A
0455
FF8A
11F2
010B
F0F8
0E10
F969
1012
FA42
F68E
EEAB
F824
F65A
F839
F193
0584
0AE0
FA30
FD3F
F259
0A43
FAE3
1418
0F20
F327
F06D
002A
F57A
0417
0EDF
08F7
09FA
F5A2
FD8F
F85C
FFBB
F3D9
FEC4
0370
F6F6
F79A
F492
0302
F626
0F52
F655
EDEA
F3AC
11BC
FD07
F85A
0A51
F4D8
0FC1
06BE
05C9
F326
12EA
FD6D
0E01
1140
0087
0009
05CC
F0AA
F9EB
04D2
0984
002C
F5A5
046D
FF8C
0954
0297
1250
EEF8
F675
0BD8
0154
F31B
0AAA
F3AA
F48A
1251
1093
1135
05C9
FD0D
0E29
00D5
06A1
FB1B
EE4A
0484
066B
F4C2
0195
EC81
F0E0
F4D0
0432
F1A1
10E9
EEAC
FF4F
0987
0E61
FAE1
0DEF
00DD
F95D
F44F
03DC
F6BD
1289
F0F1
FA34
0A99
F41D
F9CA
02AC
FF3A
F6E5
009E
0B47
F005
029E
062D
0DE2
F70B
0C7F
FC17
08B5
F80B
0CB9
F2AD
1417
0450
0601
03E6
F49A
05F7
F033
0F57
F683
E9A0
00B0
FCB8
11A0
03B2
06FA
048F
F213
1153
10BF
10EE
0F54
F523
0F53
FE76
04AD
05D8
F27C
1318
03CB
EF91
FFCB
FB45
0323
012F
011E
11D8
02B5
0353
F75B
0F92
F5D9
100A
00F4
F214
1072
F698
03C7
F50E
FF3D
0C73
0120
EF58
FE70
FAF7
EC78
ECB8
05E6
139C
EFFC
0A56
EE26
ED22
FB76
F3E6
020B
F420
F5F6
031D
13BD
06A9
FB1D
07B4
07DA
F907
F719
11B5
0D6A
09FE
04F6
FBD3
10C3
0902
0802
042B
F59F
0086
013D
FFC7
0548
F157
032A
EC91
00D2
EF6C
0941
0896
F564
103C
EFD2
F019
F125
F866
01CE
F740
F5CB
F6C4
113E
0FF2
F807
024E
09F9
FFA4
F0A6
1006
00B8
0CA2
F6ED
0F69
EFEC
098F
FBB8
F418
0FED
04C4
06A8
F571
0A46
0A21
010D
0C9B
04F9
1085
F0F4
1297
F932
FBA4
F23E
F0CA
EA5B
FE4B
1239
02A4
F568
F334
F200
0D57
06C3
F9DE
F652
00AE
FD34
02A2
F86C
09BC
F56A
05A9
0AD2
F9E7
0E55
F84C
1249
0833
FBEA
0E22
0347
1509
1032
046F
096E
F206
F5FD
0825
0772
073D
F27F
099A
FCBE
FBC4
F1A1
FB8F
0CB6
01E3
0A0C
F7E1
FA5C
0344
F3D3
1320
F75D
1005
0A72
FFFF
04E3
0B21
FC31
131D
FF6C
0C1D
0907
F565
FC9A
F702
F8C5
F8ED
FB21
0346
F75A
FFD5
1347
0A3F
0277
F1F2
F1C7
0A99
0E27
FF82
F494
F4CD
F797
095E
03F8
F174
0ED4
0399
026B
0767
05F8
FB2D
F829
1256
0552
12B4
FB18
F117
09F9
F824
FE3E
F9A3
081C
F4F9
EF92
058A
1487
0F68
FFF6
0824
F64C
0E9C
08B9
F758
0CDF
00FB
13DC
EAE7
0D98
F621
05BE
FBD4
F718
F764
EF53
0140
FD9D
0105
F8E9
0F79
08FE
0E3E
F0E9
1191
F1EA
F4BE
FAED
0B3B
F95C
EFEE
F29D
EF2D
071E
FB76
EA21
F620
08A1
F093
FCF9
0A25
F85F
EC3A
1200
FFD8
0C88
F986
07F0
EC05
01C5
0DB9
F668
0A58
068C
F34F
F84A
EC57
0D3D
1427
0AED
F10D
0ED6
0C02
FA6A
F561
0912
055E
0678
0E13
F7F9
FCF9
0FF3
E9B2
F246
F612
09E1
0D37
04D3
002D
FA9C
FC76
F827
FF97
108B
FFE0
0079
091F
F858
022A
EDB8
0903
F793
02CF
0D4B
0840
FB88
EF11
FDDD
16FF
0038
F98A
F138
F2AD
F837
0B08
010C
F7FF
F206
F9EC
05E3
0E0D
F575
F664
0E20
175E
FD78
FC0E
F062
0532
0F41
0A04
02CB
0C2E
EE59
0A6E
104B
FFBD
E622
00AC
0595
02AB
EEE2
F69E
F350
FB0D
0209
00B9
EC83
F70A
F67A
0FD4
F326
F56B
F801
F13A
F026
0B2D
0283
F6B7
FE28
FCAF
F26F
FBAF
0BF3
0333
116E
0144
0B64
F1EA
F6F0
EBDA
0B6C
FDF0
074B
0B2F
F518
0600
06BD
FB7B
0B32
0212
0E63
03B2
19CB
FE25
0D93
F01C
FDDE
FDF8
0F16
04E4
13D1
FF3F
0042
FC74
0789
0F4A
F7FB
0D16
FA38
0229
EFBE
0893
F16B
03A9
FB6B
079B
F6B0
0117
117B
EDB0
EF8A
F27B
FF56
0B37
ED83
16D1
0F41
1221
F7CC
F96D
0A4F
F675
F268
04D5
0DA2
EC77
F12E
EE9B
F2DF
FB90
F504
0A53
FBCC
EDD6
ED38
10CB
00DD
0DB6
F58D
0084
ED19
17BF
076B
F3F0
0A39
EA88
05FC
FA0D
07FE
0959
007D
1603
077A
0233
1264
06AA
0097
FBA1
F936
12F1
0648
022D
00D7
F47C
F384
F141
ED63
EF4D
07EB
F370
F8FB
18E0
0F2B
F0F6
089F
F33F
F8B0
F50F
0B03
01E9
FBA6
0F86
0A63
FA4F
066F
0EA4
FA20
097F
0AEB
08CD
0836
ED02
F8C0
FAE3
F7C1
FEF4
EB76
09A3
029D
F6DF
F151
FF93
EAC5
F3D0
F713
0191
FF01
F8E3
F3EA
0481
FD0D
ED53
F165
F2B4
0BEA
FCF6
FFFD
0701
0064
003D
F1A0
F2DB
0563
0484
F326
EA65
FE1D
F5AF
096C
0CBE
FA26
0EC2
08C1
164B
0E91
14F0
02DF
EC2F
FD41
07FE
F929
1173
1012
0635
F06E
01CE
04B0
0785
07FC
FE52
1204
01CB
EE39
EC32
0962
FC10
EDE1
F1B6
0A27
0797
0798
EB2F
05AA
0F09
E8FF
0DF6
0100
F8AE
ED33
0DFC
F5EC
F7E0
08C5
0462
F5D2
F648
105B
0B79
FD2E
ED24
0A36
0B2D
0F0A
0B05
01AF
0E01
FD9B
116C
0311
FBE9
FEF0
F090
0FA8
F50C
1022
F7F9
0065
0135
0039
FD98
F395
F822
ECD2
FDDB
FB56
0ED8
F16B
FF5F
F153
F0EE
EF7E
07EF
0D71
0E85
F140
FD11
05F0
0EB1
EF55
0E93
0182
FC5F
0C8C
F5DC
FA87
01EB
FF56
F74A
0975
F8FD
E954
FCCD
0108
105A
0CF9
F31F
07F8
EE7F
FE6B
F71E
01F7
F399
0C87
F978
F439
F09D
F3D6
F116
FE03
F392
10A1
1187
0E42
0BE4
13B6
0CA2
F169
F4A5
039C
0D1B
FA28
136E
F3EC
F809
FCC9
F648
EF12
EF49
08F8
F9B4
FC04
096C
0AB7
EEB9
F2DC
EEDE
F0F7
0116
0164
0F0E
EE5B
0C86
F3B9
F533
F7BE
F52C
0F3B
0D5F
FA6E
0565
0BDA
0C7D
FF0F
F111
0D5F
FE6E
EFDD
F69D
F962
FF7B
0D00
0B0C
F37A
010D
F2CE
F370
0926
11CF
0EFF
F82B
F572
F340
0384
1263
F26D
FBA7
0A24
0012
0AF7
EF17
F575
0E38
F890
0E5B
F1FC
0039
FD62
02F6
0106
03F7
F23A
0067
0843
FCC0
F47A
FA9D
F0E2
FB8A
F7D3
032A
0034
F5E2
1154
0554
0044
F3C6
0BFF
F3FC
10F8
0FD3
0272
0155
1282
0274
0F65
FFD0
07EC
0468
F1C6
F58A
F646
09E3
FC48
018B
0F0A
F18E
EF7A
F11B
F657
EDF4
F9E4
0777
0673
FBC8
0042
F946
0DCE
0684
FBC8
0026
02C0
0DB1
EF73
090E
F626
08F2
F895
1092
EF0D
F00A
0BB6
FA96
FB53
F570
EED1
0FA0
0586
F8B1
F0B9
00B3
EF04
0873
FA7C
036B
FADC
F0A4
07D5
F79F
FE1A
00DC
F77F
F166
0858
10AA
138B
F6A8
0CC8
F2C2
10DD
FD28
F296
0D8D
FA15
FABB
FC1B
F39D
05FC
09B1
F03B
F010
ECC7
01BF
F3BC
FA33
FFDB
089C
0BBE
ED89
F496
12AD
FB4C
F288
1336
F85F
F496
0D40
FE32
FF20
01B4
EC98
06E7
F087
1258
121F
EFD8
F739
09E2
124B
125C
FDB8
F6A0
F128
027C
104E
F9A6
12DC
FA68
EE5C
EDEB
06BD
0537
F4C7
05CA
FD02
F348
0AAB
EF5D
05DE
0D07
122A
11D6
0F32
1323
0488
0494
054D
EFCD
F840
EDB7
07B8
ECE4
FEBC
09FF
F4F1
F7FF
EF8D
0DCA
0C17
12A8
0AF1
075D
0E1D
009A
F85E
FF4D
03A4
0E1A
0C08
1077
1104
056B
F2BE
F5BB
07AB
F397
06FD
00BE
03B9
0FA5
08DA
0AF1
062A
F136
FA4D
0D9D
0823
F37F
0DF6
09AA
F65E
F38D
F4A2
02EB
0938
FD4D
F50E
FA35
0143
0DEA
01B5
F607
09E4
00D9
0BD8
F9A9
F0DE
F8FB
02F2
063E
0CE0
04C9
124A
FFA1
08D5
ED98
F6A2
0A19
FECA
F106
FE59
12D7
EC92
FCD9
0A62
07D7
ED08
F162
11AA
169D
F82E
0FEB
FB2D
F4FE
0818
091A
0BBD
0F4A
030E
EED3
F81D
0654
06A6
0226
0A8F
F5B7
0666
099D
0A31
FD98
0600
0C82
1031
FB33
F2A8
F969
FB01
07FA
0F85
0A59
F7F9
FB8C
02A7
F52F
03D7
F6E0
06AC
00F7
FBC7
10EC
F0A8
0F36
EAF2
058B
0E58
FF9A
EC13
EE89
04DF
E8A6
FFA6
0EAF
EEA9
10EC
0657
054D
07D8
099F
F54B
F4EF
FF60
F3D3
03BE
F926
F95E
103D
F81A
EEC4
FFC7
09B9
0EE9
0CE1
0447
F570
EB61
F38E
F56F
FFC5
EFE3
0917
EECB
1148
EA46
01A3
F886
EB2E
FEF5
F7C7
11D9
F2B7
0634
EC92
F67F
F1A7
F52D
06D2
F5D0
F045
FB42
FDC1
F692
00B2
065F
12B7
EA63
FE31
F8D2
FFE8
F1EE
0C58
F828
11E0
FAD4
F8FC
110A
0964
0FB5
11C5
0491
F36F
F069
FFC9
05E8
FE11
ECD2
FAB6
FC1E
F898
FDA8
F143
0A22
F407
FB2C
083F
00DE
05B1
EAFD
FDFB
FFB3
0838
E7E0
FB12
FA08
06B1
01AB
EAEC
F686
F768
0925
0C05
0E36
F60E
ED2A
EF8C
032E
0DFE
FF56
05F1
0348
F4C5
F57F
0A1A
EFD6
F2D0
154C
0024
EB18
F0FD
0EBA
E629
F79B
F5A8
1165
F19C
E9B4
0940
E7DD
E6A3
F1B9
FEB1
F50F
FE2E
F27E
F07C
0A47
0A5A
F2B3
F8CC
F902
FBE6
FD5D
0588
F824
F9A5
090A
01E5
12C7
0041
FCC1
0918
00F5
EC3F
003F
059F
FD69
EE9B
EF70
0251
FF48
F833
F1FA
FA8E
09F9
F58E
F738
09D2
F39C
06D4
14E3
F4FC
FA8D
FB50
FF5A
FF09
0485
F494
077F
F6D6
0D1C
073A
EF9B
F8E5
EEB4
030D
F947
F5CB
FD0D
F50E
F5F9
010C
F20F
FC57
FEA6
08E6
005B
EEB0
F785
F18C
FB47
095C
F07B
059D
0C2F
F425
0A50
FD45
FCC0
02E0
FDE4
00C4
F4A5
F395
EAFA
F622
FF16
F16B
FACE
021D
F927
F678
FCCF
F540
0136
F346
F3D4
F55B
F2C5
F368
0ED4
F9BE
F591
05E7
0E92
FB5D
FDE3
ED52
0980
0068
03DE
FC48
0A3A
0AE3
FF77
09E7
FDF9
F784
0258
F077
061F
FBF1
057D
F9B7
0F16
05B6
FD72
0042
FFB7
F360
FCC5
0ECB
F437
F88E
09CC
E6E4
0FC3
1074
F7E9
EAD8
0FDF
FCEF
EFED
0CAC
FB24
1625
0A52
038C
EAF4
F22E
EFA6
0B5D
EC84
F687
F645
F045
EF01
072C
FEBE
EEB0
0AEA
FA0A
035F
FD09
0FD0
F842
F64F
FDF7
04DA
017A
FB3D
1122
FFBD
0B9E
04E1
F90E
F805
FFEC
10F4
F698
F3BF
F396
10AC
09E8
05E4
0604
F8C9
F88B
065F
1320
F911
F08E
FE97
0BF9
0FEE
06C4
054C
F99C
04FB
02E6
0765
014B
F0C6
0693
065A
1599
085F
F946
EC65
08AA
F785
FA25
0642
0F9C
F5DA
FD2E
F7D7
0F19
026E
FAA1
13E7
10ED
01D7
08B7
0E3F
F665
F85C
0966
FE4F
F50A
0046
0B90
F750
02F8
EDEC
0E75
FAB4
F157
FE4B
0DCC
F59F
00DE
EFB9
FD7E
F64F
FEB7
1396
04BD
F461
EF79
F4D4
F9C2
0B72
05B8
0032
F5CB
FD7E
0156
03E6
0430
07CA
026B
03E9
0491
F383
02BC
0483
F76F
F5A7
F2E5
EC75
09E9
0D72
FE28
1094
033E
FE3D
0E0E
06D5
0BD1
F92D
FDD7
0C07
EDDE
FB76
FB22
FBE0
0EDE
F91E
047F
FDF1
F541
EE9E
F14B
05BB
F9ED
12AE
0556
043A
01F2
F4BA
F9DA
F7D5
FF02
F4D2
F1F2
F590
0F30
EFC7
0CAF
FEFF
FDBE
FF51
FB2B
EDA1
079C
F169
FAD9
F018
0291
FE0C
060B
FA8B
071A
093D
F52D
09EA
0C0F
F880
0051
FAC2
05E9
F4E1
FC34
F6CD
0FB2
F07E
FEDC
FB4D
FB0E
0DAF
F735
FD59
0548
01B9
0BE3
0B4F
F0C3
EDDE
FD96
1019
0581
0ED4
0BE1
144C
1065
F380
0072
0391
F30E
F729
0340
F2A9
0022
1491
F1B1
EFB8
0EB7
ED43
0D82
101B
1743
0134
0812
0985
136C
F0B7
09F6
F774
FC13
F2FA
0CD9
0D7C
0D61
0E14
0822
06D2
0A5E
086B
12FA
FFCF
0042
0621
F3B1
F7F2
F804
10F7
0ECA
F4AB
F6B2
ECB6
F5F5
0A46
0D84
0FE3
F4FF
F83B
F79B
0F77
F7C7
01B8
F5CF
0C3A
0A5B
0EF6
0C82
EA56
0FE3
0FD4
F960
0E36
0747
F453
0478
F73D
0B03
01A0
0DB1
0891
0F87
0C93
08C8
F22D
FB8F
053C
11B6
F70F
F32A
F381
F754
EF96
0AF0
0184
FD5D
F5C6
FE1A
FB32
03C0
F807
137F
0BED
0B7B
12C5
FE1D
0FEF
F641
1234
020A
0555
00F5
FCBC
F1B7
0EEC
142B
FCA3
0B15
038C
FF27
0299
0120
EC37
0C37
FAC4
F7CD
EBAC
F906
0D42
03DA
F165
FC82
F1A2
FA9B
05FD
F248
06B1
E638
F99D
EF8D
0FC2
07B2
F526
F384
05B6
F2D7
1039
FECC
0561
10E9
F435
02EC
F43B
0E1C
1166
021C
ED77
F32B
F01F
FB9F
F79C
F469
057E
FF95
0700
F4C0
105C
F539
0BEF
ED51
0F56
04EC
0C2F
F41D
F82F
0CED
074B
F34A
ECD5
02EB
018B
EFF2
07A6
FD90
0676
F5EF
EC2B
1095
F74F
F3E5
F308
1298
0A17
FBE2
F0C7
ED31
EC85
1330
F7E7
F038
05EF
F0C7
F72C
0994
F3D3
05AE
FDF7
0F7B
0723
05FE
027D
FFB8
10FD
0C8A
F563
FD56
0BB7
F65E
F599
1620
F05F
01C9
077C
0D7C
F88E
10A5
1159
F039
0BB9
F49C
155F
F8B0
F416
0C33
FD59
F466
F633
1045
FCDA
EFC9
FF61
02DF
0367
FC37
FEE2
0228
03D7
F8EB
0EEB
0AEA
FF99
FDDE
EE14
F266
0FE9
F5C7
075B
0A3C
F30E
0F41
FA75
004E
093E
06AB
03EF
ED94
025E
FDEA
06BA
F5CC
FA8C
0ABD
FE72
F9D2
0F4E
EF2E
0EDC
FB26
0659
F835
0AF5
F07B
115F
F2FF
10BC
FBB1
EE87
0D0F
12B3
0812
142F
044B
FCD0
0E0F
114B
0511
FC6F
F83F
F809
F58E
FA28
0C52
0D6F
02F0
FEF8
03FF
1027
F46C
16CE
FDA2
FF0E
104E
0803
EDB5
F615
FC19
FCB6
0AD4
F23C
F934
F655
FE93
0F8B
F839
0377
F747
05F2
F67E
0555
F41B
13D9
08BD
F1C3
F3FB
F0BE
EB11
FD62
F50F
ED0F
F0A9
F87D
0321
FC48
14E2
F367
FB04
013D
F9D6
FC5C
0516
F564
079A
0FA1
0065
F3BC
FF59
023F
1418
14B7
EDF4
FC6C
0A63
FC84
FF18
F092
F221
016C
00B7
F95E
04D6
F184
F8F5
03F8
ED4F
128D
080C
112F
038C
08DF
0C19
F460
F212
F90A
062D
FE0A
0241
FB89
FD6D
F586
0967
138E
F82A
0786
0747
1179
F7A0
14FA
0A08
F67F
0BF6
08A9
F5A3
F8DC
FC46
054A
08EE
0052
0421
EE6B
044F
FEF0
0925
11F2
0C00
FE25
02DD
FE21
F83B
0A79
F3D9
F3BE
086F
1206
FCCF
FF8E
F0B6
F30F
FF94
0C5A
0B44
074F
114F
F46B
FC2B
008E
0AB4
1A83
0A13
F73F
04E3
F610
0182
F2A1
08A1
1015
F254
F016
0F71
0C89
194A
1092
0FE6
0B12
04F2
09D3
00AA
1415
F8B6
F3F3
EC3E
F78F
F3F6
F59E
00D8
0622
EEBF
FF3C
0A5B
F36D
0225
0B78
12C3
F132
00FA
F8A1
FCC3
FFEF
EEA3
0C62
0C0A
0B26
00BE
1051
F064
FD18
FF84
07E8
EF77
F42C
FB33
FFF5
02D1
F21B
EDD6
FB56
EFDA
E956
F0A3
05FF
06DD
0211
F825
FF15
07FC
10B7
FD72
0E2C
FA36
12A8
130B
0458
FECD
FB1C
F6D9
F71D
F9E6
F4CE
12AD
0607
13C0
070B
FED2
FA6A
0C54
FF96
F791
04D3
FD5B
FE0F
FEE2
0993
077E
F16B
EF31
F7DE
F841
057F
F370
0BA6
F88B
0149
F088
F607
0596
0700
1302
0A30
0B20
01A3
F0FA
EDD3
0B1D
F7A0
F17E
03D7
14AC
0656
093A
1169
FBBC
FC5E
EFEA
F705
0BDC
129A
FBEA
0328
10BE
FE2E
EC7F
F426
F354
087C
F76A
FD0B
F602
002A
0B1A
0E84
F0FF
0383
059C
F742
0878
00CC
F527
09D5
0143
F903
EC68
008C
FAEF
00AE
032D
EF06
010E
098B
0C3F
00DB
02AE
F890
F00D
F617
FAE3
05FA
1108
01D9
F591
0A44
F0D2
0F9F
0C76
FB41
0C0D
F644
F3C7
F2F3
F381
0841
0828
00EA
FFD6
F523
1096
E628
0600
F3AA
026E
FAC5
F260
0A24
0220
EFFA
02EA
FB93
08DC
11B8
F9B8
0DA2
006F
F43C
0322
FC38
FCAB
F4A9
FB75
EF9D
F3F7
0CA6
0E06
F599
E6CC
FC83
029C
132D
EF08
F39C
067F
0C7F
EB5A
0666
0150
105B
F6D1
080C
0AC3
F277
F7C7
1209
FFF1
EEB4
FD30
11C3
0D9B
FA80
02B5
1109
FF6A
F92C
0B2A
04C9
0527
F542
F094
F83A
0B35
0A19
1385
F226
0505
EAF7
0338
112E
0689
08ED
0138
0023
FEA5
07F1
0889
F126
FE18
F97F
ED75
0DFB
F3EC
0859
0C9E
F257
F328
FE45
06F0
0CA8
0381
0D02
E99F
F36F
06B8
0985
F815
F7CA
F9E5
0440
0B3C
0D95
EE72
F40E
FD3F
0721
0DA5
02C4
022E
FDBD
0A79
FD25
0B48
F152
0DF3
04A8
FFC2
08F8
0BB3
FD5F
FD80
F3B4
FB5D
058C
F6BE
08AA
07C6
F2DB
F452
F903
0797
04CD
E68E
04C2
F3FB
F294
1372
F229
EC38
00FA
F4D7
0F2C
FD84
FFD4
F77F
04B3
FA9C
0605
F68D
F363
0A0E
FF5C
F527
F825
102E
0AB1
FCB6
ED24
EEFE
065C
069B
F6A0
0E4D
FEDA
EF5E
01C9
00F1
084E
0AB8
0DDB
12D1
0269
FEBA
F54E
0D19
F5F4
01FA
FDDC
0101
0722
0FF9
117B
EB81
EE72
F5B9
034A
0F7D
059D
13BF
EF3A
104A
F185
0983
043F
092B
FAE0
FCAE
1278
0D94
EDD4
FE47
F26A
0C32
F825
063E
04A8
F29A
F23C
08DC
FB20
EE1B
FD10
FBF5
0B1A
FC35
EDF1
1516
08C0
F0EC
01A5
FB14
0210
FC62
0CA0
F7B4
F2DB
F5BC
0E03
EF47
F218
F913
ED5E
0841
0B18
FBDE
0D32
0415
FE0D
EBB4
06E4
0093
06F9
F852
024F
052A
FA46
F645
FA4B
0513
EEA6
F22C
0D93
02F9
EDC8
1626
F34E
F28D
FA83
12E2
0D6F
0E19
0459
EFD1
F1A1
ED84
ED79
EBDD
EB50
FD94
0135
F9BD
005C
09D6
0D92
0DEB
133F
FDD7
F787
038D
F84E
0D8C
FC49
1329
0C90
FCB6
0CE5
F438
071C
000E
014A
FBFF
1156
EAB9
0DD9
0DFD
F979
08FF
F7DB
F602
0803
FE83
0B03
FFBC
1181
0803
0C32
EE58
00BA
1416
03A9
F5A7
F2BF
FD84
F736
FE04
FD2A
FECB
0457
0188
06A6
0D2A
013D
15E5
EFBE
10A1
008C
11F2
0514
057A
F47E
FD64
FB49
FBD7
FDBC
F57E
F78C
0D7B
17F5
F468
147B
EE4D
F199
F279
0C0A
060F
014A
02DD
15E4
FEAC
FCD1
0969
0BCE
FAB5
1269
0FD5
F3DC
0571
F411
F12C
F59F
FDDE
0E0C
12D4
0427
0FBD
EF3C
F857
0556
0B00
08AF
F516
FF18
1337
FFC2
EFA0
F6E0
0584
0BD0
F5BC
09BE
120F
11C4
13D7
00D3
0910
0C28
FE94
05C5
F990
0A94
F021
EF48
FB0B
EF08
F3E6
0748
F8CA
F792
054F
F398
F9FB
0E14
F86F
FC0A
FD63
02E6
F8EE
0A64
04DD
FD4F
F4AC
FC14
0132
03F9
FD10
00D4
FE80
1179
093D
0318
ED0A
0BF2
FF5E
ED7A
F241
022B
FED9
0986
0FC9
ECA3
F91C
11C9
0460
0654
F50F
0991
F513
F7D4
F63C
1024
11E7
0437
ED25
F65A
F043
016A
0A04
ED22
043E
EDD4
EE93
EECD
0FB5
0337
EFB0
0896
020B
0B89
F7E2
F166
0545
EF22
0A95
04CD
09D2
F743
FA32
F088
0286
F89E
F958
F6D6
ED5B
FC87
0A72
0BE4
04D4
FEAF
061C
1047
F763
FFF9
0133
0B3A
FCEB
F598
F292
F92E
12FB
F88B
F9E9
F2D9
0C63
0DDF
00D9
ED98
F6C3
0963
0856
0736
00A0
0C10
05D2
071A
FF48
EEFA
06C9
0EEB
1381
F458
ECB2
08B0
0BFD
ED94
F2C6
F032
F09C
EE0C
F031
0404
0FC9
1147
ED58
FCCC
FFCB
EE31
06F4
08A6
EF17
F6AB
0F50
F2B3
0E65
1370
F19B
FB16
F6EF
0EF9
FE71
0011
F960
FB21
FA7E
0F05
F192
EF0F
FACF
FBFD
F1F4
03A2
1282
F317
F9DC
EF1C
F787
01C9
1346
F31C
FE07
F550
06C5
0B67
0331
0B38
F814
070E
077B
FB26
090C
02A2
07E2
EC8F
EDC2
FF07
F804
F862
F989
F2C4
049E
F7B2
0AD5
FD20
0877
07C4
FB10
029D
FF9E
0C9A
F8D4
080F
F01B
EFF4
F987
F876
114C
FAD4
0B02
FBB2
F979
11E0
0600
0C8F
FE47
F79C
073E
FE6F
0183
0F3B
F82A
0786
109E
0B99
F664
F7EA
0FE5
0D9F
FF83
1510
08B5
FDE2
040C
091B
00B8
F4E6
F7CB
0716
12A7
1544
F6D9
EF35
F0EA
0E6A
1105
F6C6
00C1
026B
04E8
03EC
0A5E
002C
EB27
1850
00C1
0D3D
EE5F
F4ED
078B
FDEF
F854
EBD5
F4D8
F1B8
03F6
0808
FB23
087B
FFB6
F33A
0D75
0DF1
0938
0408
03F1
FC0C
EB1D
0764
0169
FD0E
F8A0
F739
F4A8
0F2D
1278
EF6D
052B
F5C3
FA0E
F54C
FE5E
1485
144D
F3AA
F41C
F936
04F9
0E48
0AD7
F2A6
0E56
EB7C
F7DD
F2DE
FDFF
EEA5
F3D4
EC14
FCBB
EBF2
0972
FDA7
0EDD
05E8
F1AA
F04C
EB91
1686
F39B
F77B
0DA1
FBB7
FBE1
14B5
F73F
0B35
FFAD
1233
105E
0588
07EA
F547
030F
FD82
078D
07BA
020E
F865
FBB8
FB23
EFC8
115D
F586
FDF2
0A62
18D3
0D92
F691
F1B9
0416
054B
EB61
F27D
FC33
0601
161D
F4DD
FDA9
F448
FA75
F26A
ECC9
F4B8
F45C
F3CC
0BA3
08A3
F02D
F218
1176
0932
FC28
FBAE
F359
024D
FBAE
03FE
EF43
0A09
014F
03FE
F8B0
03B1
F4D2
0EFE
EB0A
0C28
025C
F1D3
F40E
0A24
06AE
FB9B
0937
EE70
F570
F3B7
FFD7
FBBE
0F78
0860
0910
08AF
0C19
02A7
FC48
028C
0AD7
EF87
F51B
10C7
0BE4
00F7
08EF
FDB7
FA35
0BA6
0498
FC3F
0DD5
F25A
08DF
0C05
FCD2
0B23
0413
F7D6
061A
FE35
ED2F
002A
F9FF
FD38
F081
F574
0805
1165
F319
0730
FA43
F86F
F09D
0A0C
0D2D
FD6E
01AE
15A1
14B9
F3A0
04A8
11FA
FCFA
0177
F63E
FCE7
FCAF
07C3
0B6B
0E11
F125
0C77
FBDB
0FA6
F57C
FFD8
EE6B
01A4
F6ED
11E0
EE0C
F934
0996
EC36
FD65
FE47
F9D9
11A5
00DF
13B0
F0B3
150D
0751
0B73
F3BA
0328
0441
1241
F261
0495
0269
F883
EFC9
0C5A
05A9
0BFB
F207
F92E
EE77
1531
FFBC
EE12
05C8
0C69
05B7
FBEA
0050
F56B
0C04
0CAD
F785
F40E
0553
FDE6
F020
0A87
0CBD
FAC5
EAC0
059D
F64F
F280
FFC7
0E39
FE72
EC42
FC73
090A
F3E1
F9FE
ED10
F45B
0C62
F177
006E
F12B
0283
0CEF
FB56
F414
FABC
F561
F1E2
F175
0B1E
0AED
EDE0
0846
1136
1390
ECBD
FB00
0715
EF57
F7EA
F67E
0128
09F2
0EA0
0651
013C
0E41
EDDD
0557
FD45
FDD5
F72F
F936
FF64
FB6A
031C
0F4F
0269
FEE1
148A
001D
F3C4
ECA9
FA0F
F48F
0466
F436
EE60
EBB2
F32B
10BD
055F
0D32
EDB5
F56C
F891
00E2
02D0
F461
0B48
F9EE
F553
0168
0D51
F142
0E38
F091
17F2
EB68
0861
02A3
0050
F361
F6B2
1272
F63A
0B75
051D
F13F
FA4E
06C1
FEB3
F998
F034
F32F
121A
F649
049D
FE5D
12BE
0FDA
EFD9
1470
FBC9
0ACE
08DF
FB80
F3ED
ECD1
00CC
F710
00AF
FC48
0952
F873
F7DC
062F
F162
0D38
0890
0863
FE57
032C
0056
FEAA
0BFC
FF89
05DD
0684
0970
FD31
F8DC
028F
0EBB
1814
EF3C
FBEB
0680
EA12
F03F
0581
0712
F709
F798
F48B
F43F
F32D
EFA9
06C7
082F
05E5
0166
F4F6
ECB1
FC5F
0278
1046
ED67
F47B
EE99
E982
01FB
0431
07E7
0752
F1A9
FB5D
094E
F712
F45C
F3A6
05BD
135A
F8BD
01DC
F4CA
F64A
097D
0169
0405
EEF7
0930
FE28
EE3A
05B9
F5BA
057D
0C16
FF66
F53B
FB14
0A3C
0B63
12FC
F3B9
024E
FB72
0F2C
F6BB
F250
083F
F603
EA8E
09CB
0D53
024A
0588
F967
F64C
FDAC
0221
F786
05E9
02BE
FB1A
057E
FADB
09C4
037E
F70D
FF7B
F36D
078B
0445
FF95
079D
0533
0D15
F85D
008D
072B
F08E
10C0
0C51
FE4D
0E90
FBAE
050F
FCD6
F38E
FAA4
F819
0A5B
0E3E
F979
0427
FD8D
0786
F746
F5AF
ECB4
F358
F10F
F07A
0F54
F536
ED96
120D
041E
1224
F64F
0483
02B4
0AFC
FAE5
F648
0035
0949
F9B3
10F8
FBF9
1266
004A
09DF
1225
1203
1208
F8C3
0F40
07B6
F66C
0BB2
08B7
F7D7
FC6E
0AD6
F305
00EB
0D0E
F1BD
FC77
FAD2
01E6
0FE1
0F40
0BDD
FC5E
EF92
04B4
0BE1
F1C9
0EF3
FA30
0FC5
08C6
00AB
08D6
11E3
0E21
F78E
EE4D
0128
0DB9
0D00
0543
0F86
03FA
0725
EC61
EF84
EA27
0B46
FC5A
F50D
04F7
F3B6
086A
F870
ECE6
0329
F16F
ECBA
F369
F9AF
EE89
F5F1
0A41
0208
080D
F663
F050
F473
0211
F6D5
076E
0949
01AF
0668
FDCE
0736
0341
1052
F5FA
093E
03B3
0166
099A
0D87
0225
0666
1256
0DBB
F3A5
F3A0
0B2A
08C5
FCE2
0368
F803
FEC3
0389
0769
0829
FFA8
084E
1441
F204
0EFB
0416
0671
056E
F8C7
F7B7
0888
09D0
F8D2
F46B
042F
EEEA
00FE
F293
052B
03E5
1046
0B98
F263
F53D
08B3
EE53
0575
FFCF
0FCC
087B
0651
1201
035D
07D0
FF7B
F653
0F32
0AB5
00BA
0523
F03F
F7FE
F397
1320
FA64
034B
FA65
F213
F3DD
050B
F912
0513
0E3F
FC5D
0722
F758
100C
FA75
FCF8
04CA
094F
F26A
EF76
0F6D
011D
0270
EFC5
FFFC
ECEC
0AD0
F5FD
10D4
0DA5
09F0
F2AF
0726
F263
0218
07C8
102D
04E4
0733
0593
0DF7
F472
E7C9
1565
1157
0A8B
0855
FC24
FEDE
ED54
088F
056B
0C00
F04F
080B
0C31
1513
EC03
F202
F128
096B
0C31
ED22
F56E
0D70
049E
0DE0
F905
EF7D
FD2D
F337
039E
13F7
F42F
1068
F341
FE10
F123
F283
0C53
0C30
FECB
0232
FE10
F93E
0654
F1C9
F745
FC10
01DE
FE42
0FDE
FCF2
F088
01FA
F9B3
F52B
0D6D
E676
F97F
13B2
F264
FE24
1299
0EB8
F149
041D
FB2E
F835
FC93
FFD7
08FF
10C2
F07C
0BD3
0E04
08B5
FD82
07F4
00D5
0687
F63A
EF63
F9BD
0B5B
074D
F107
F36F
1332
0135
EFAA
00CD
0854
F164
FC22
01FE
EE6C
F4F2
FF7E
F0E6
081D
FAC1
00A6
F8C4
027B
EF6C
0608
106F
0F73
0BBC
0BC7
0DCB
06F5
F18B
053F
0066
0961
F9BE
0275
F072
0660
F9F8
0230
EECF
F103
0C6D
0CD8
0C2E
F67D
EAE0
054B
01FB
1449
0282
EE9B
01B7
FF41
F5AE
EDE8
FE3A
F66C
F728
FF4E
FC5D
054B
EF47
065D
08A3
025C
0A46
0F0D
097D
FC7B
F659
F4CF
0968
01D2
0E26
086E
F662
FCA9
FCCB
0F55
0EBB
F4C9
F785
EF81
0D6A
FFF1
0072
F09F
F42B
13FC
0C9E
0547
0333
082E
099B
0BEA
107B
0E6E
EE5B
0C15
03E9
EEED
F0AE
1280
0722
05F4
0EC6
FAB2
05FF
03FA
F682
EFE7
F01F
1468
F7B5
FEDC
F0BD
F17B
FB0E
F5E7
0239
F03C
05D7
FDD8
F9B2
F90D
EFA5
02C1
FC6E
0A07
FD3E
FBD3
F26B
05C1
0FB9
FBE9
0701
066A
0209
FA29
15CC
FE3D
09D0
FCEC
07CA
1547
117D
0642
0B61
F71B
060F
01CD
FBAA
0254
F7C8
F1C7
050C
0F91
F5FC
0779
F809
EDFE
01A6
F4EC
F811
001A
0A8E
0BAC
051D
0C9C
EAB0
062A
0636
10AF
EABC
FC0C
F9B7
02D4
FD1B
024F
134D
06CF
FEAA
11FA
10AD
FC63
03FD
EFC6
FF5D
19BE
F2BD
F828
EE43
F8F1
0C5E
0B6C
10CA
F0E9
EE94
01EA
006E
0722
0EBC
09BF
0EA9
F306
0BA6
10F7
02F1
F10E
F09E
FE80
ECE8
FD9A
F036
04D6
0535
F287
0D42
0BC1
0785
FC38
0806
FE90
F8DC
0C6C
F8F0
F074
085B
F91F
1056
0A3E
0320
0C37
F27A
F3BD
F83A
0A27
0552
012A
F0F3
FEA7
F28C
FE0C
0A45
F001
F6FA
011D
06C2
F6B0
1067
100C
0E1A
1631
09AB
F163
F77D
EAFE
0C01
152D
106D
0A6F
06AC
F01A
0AFC
EE7B
F0CA
094B
0FD3
F5DA
0997
FB65
F91F
F016
004A
F476
0A20
F8E7
F653
F6D4
F0A6
F9DA
EC04
FF9F
014D
F85F
ED25
F4E3
F9BA
F7C6
F0E7
0735
EFA9
F694
075D
100D
F248
EC76
FFAC
0F73
FE4F
0CE9
0C85
0B7A
008D
01C5
F94C
08FF
F584
074D
FBD2
FBF1
EB28
F019
13F8
0023
F4A0
12BC
0468
0FF8
08DE
11A9
FAEB
0AE0
F889
EE12
EF6D
0BBE
FE03
0573
F526
F6E2
0DAF
086B
F069
F176
F19B
07DC
036E
0263
0A48
1178
FA3E
0FA8
0F5E
F530
04A4
F033
F7D2
0EB5
083F
0880
1363
F9FD
0C35
FC9E
FBFB
E93D
FBE6
F9BD
F75E
0FF4
F819
089A
10B4
14F1
0386
062C
0097
EFD3
F629
0E01
09F8
F166
06DA
FC1F
EE14
0107
0113
1015
FAF6
FF50
125F
F76E
F703
F971
095B
F935
F74E
F549
FC40
008A
1033
0614
EFCB
FCB7
F491
0975
EDBA
F9BA
F8F6
0ED9
F6F0
FC39
F759
FC52
034A
F935
0936
094C
FC7A
04D5
FC3F
109A
0558
F447
FB47
FF9A
01CB
FE8D
0E28
0EDE
0DC1
F940
FB1F
0D2E
0E1D
1339
F806
034C
0A63
0075
FEBA
F31D
FD43
EAC6
0808
0CFD
0677
EC1A
FE5F
F0E5
0EB3
FD78
02E3
0682
F0AF
0D3F
0F05
FB62
F1CC
0542
F902
0263
F5B2
0A49
1640
1752
F3FD
ED4A
0B0F
FC61
09F3
FAF6
FEDC
F833
082E
0BDB
06EA
F8D0
FB4A
0EC2
0907
0106
07EB
03B3
FA66
F322
F655
FCC0
002A
FAC4
009C
0457
F320
0364
FC39
094F
045D
FC30
FB15
02B3
0536
FE79
0943
F66F
FBBC
0443
F9C8
0902
F215
EEC7
03DC
E9B7
0106
F932
1458
F7C7
0D7E
F673
07C3
00B7
F19A
EF90
E7A4
080B
0A81
09D5
F5C1
0A16
0B2C
092F
FF92
06DD
F881
05BB
029C
EC23
15C0
018D
099A
F4B8
00E1
F2B5
F109
F114
F08C
F213
0D1E
EF32
0634
F188
00DD
08C6
004A
0E3E
01DE
18D3
0278
FB7F
1136
F924
063C
018A
0627
0CBD
1172
FBB1
06B7
11EE
03F2
EABA
FEB3
054C
FD21
00FE
F43E
0418
090E
03B7
F628
F56C
EC20
0E2A
EFF5
0062
F50E
078A
EB81
0076
EEAF
FFB7
04FE
ED50
15BC
F359
F1E3
F023
0B7D
0E1D
085A
F7CA
0768
0451
0D29
0190
1087
F7FF
F406
02AF
F946
0827
06B4
FD02
F91F
F950
0AF4
096B
02A2
1015
F7BB
F9ED
0577
0359
1444
FD57
0FB5
FA98
EE9D
F9D0
F4DD
0369
0EF9
0B5B
F85B
F16C
0099
0537
0AFF
EF3A
FC8B
FD2C
FBDD
08E4
0C5D
021B
01E7
0C44
FA08
0F25
0397
02A9
EF1C
F6C6
FF1B
0C74
0E5C
F99B
0FA3
0795
FF57
066A
0339
07CD
0047
F9B4
179E
EECE
FF5A
0161
FEF2
0517
0C2D
F699
0B25
0953
FF9A
F4C4
EEBD
F69F
0730
F862
000D
07F7
0AFB
01DA
11EA
ED9B
094D
16F0
0BAA
0837
1404
0B91
0135
F96D
0A2F
F148
05C5
F0C7
0BCA
ED0E
EE24
004F
06C4
FC9B
F5BB
F82E
ED3C
07E2
ED8B
EE9F
0DCB
0107
0FCC
F5D5
FF00
0D93
1299
EF48
FF74
FCD7
0C64
0D37
F5EB
0584
046B
04A3
0192
04A3
F4F1
F95F
134C
054A
10D9
08A9
0220
0EFE
EE03
10A1
1142
098A
08DB
EFF2
0AED
EE3D
FA50
09D6
0FF6
0491
F9EA
017D
0E18
0679
0536
0230
121E
0871
128F
F9CF
EFAF
F090
F189
F61C
F8BC
0549
F725
0E00
009C
EEE8
FBDA
122D
FA95
0731
F372
FB90
FC37
F95F
F403
FDC3
0579
F769
057D
F6B1
10D1
0E5F
0302
F699
0B03
FEC3
EEBE
014F
FD54
F5D4
F5C1
0B54
0621
F73E
EE93
FBD5
0475
F0C3
F101
0284
FCE0
0673
0E46
0674
052C
FB31
F52E
0A65
FAC6
0E4A
03AE
F058
11CD
12C9
0598
0A66
FABA
116F
06C3
F8B9
097E
FBE1
F24D
09FB
09BD
F5D4
0D93
FC18
F394
1019
081D
0D6B
EE23
0725
F5CC
EDAD
F275
03F6
0E6A
0896
0596
0021
F474
06FB
F431
07AF
107D
FB2E
EE85
EC8E
F2F1
F598
099D
F955
FF7E
0D6C
09CD
EF6C
F374
1388
0622
F66F
056F
1122
10B9
FEA8
09A6
003D
07E9
0BBE
F02A
0A37
EF2C
017E
FB28
10E2
FB90
F489
FCEC
0B51
0BCF
F7CB
095D
0181
0789
FED1
EEC8
076C
F146
FBB7
0DF7
F128
FE5E
0C32
05A1
F193
1071
EDC6
FF22
0EBB
0EA7
F502
F63E
FEED
00AA
0F9C
06C4
0484
FEDC
F04C
EDC3
0D77
F10A
0543
F71A
F064
099D
F4AE
F84D
F81E
FF68
F237
F718
1330
0F5B
0AA1
1301
FA7E
EA28
F7C8
FF10
F96D
161B
F298
F836
0670
0DAF
FC95
0FD8
0A98
F49A
FEA0
0A9A
F23F
0CCB
045E
FFF6
1575
0F22
07F1
F3E8
F642
FD47
0876
077E
F0B1
F036
07A5
F31B
186F
FC02
0467
13E2
039E
F8F6
11E3
EDE6
FCB7
1218
FBD0
FE9A
F193
F3A2
037F
F25D
0368
03BE
F1E5
F55C
F5B6
FB8F
F17B
0BAA
072A
F5B8
0EFA
0B58
04B2
FFCB
09EE
F5FF
043B
EAF1
0A15
1191
0F89
0706
047D
F303
FCC1
F5B6
1731
EAFB
11AC
0C34
008D
EE2A
F7BE
096D
F50E
026C
0C13
0CF1
0D7F
F881
FA77
0BAD
037A
F466
0555
FC1B
F745
F262
0E86
F67A
F5A6
09C4
0188
F17B
11B5
006F
0D8B
0A40
F58D
F741
052A
FDC0
0A7C
F3C3
E8F1
F643
F6BD
F588
0AD8
FB48
02EB
ED60
F0A0
038B
FA58
0EC6
F078
F871
F8B5
07AA
F6E3
0553
0BFE
F438
1115
09C1
0203
F816
FDC7
F64E
0623
0942
0DFB
1036
002D
0956
EE45
F8CF
0D2E
F888
F54E
F949
0EF6
0DC5
0A0F
0AA3
0B9E
0A86
F7D6
0D8F
13D5
0843
F398
EF22
F3F7
0159
1348
0DAD
05D5
04C8
0BFE
0F27
E881
0C4C
0021
FE9F
F669
F76B
ED2D
F493
FCBC
01EE
0E94
014F
F0FC
EAB4
EBC9
F05D
F73A
F24D
06C0
0E0F
02FE
07C8
FE50
FFE8
EC42
08CA
F14B
00BA
03E9
EE9C
04D6
F4B5
0485
0CB3
FCC0
09D7
0CB0
0F72
01F1
15A8
08BB
0FFF
F017
F381
FDD4
0472
EE14
0F8A
F18B
ED26
F16A
FA77
1773
ED1F
1471
FCCF
13D7
0FF3
085B
EE59
1173
0A06
F080
FA35
F8A7
010E
076C
0CA9
1398
F8B9
0305
F152
0547
FEA0
11AE
1102
088B
F12E
07F2
FABA
FF19
FD91
FC3C
1179
F7A8
12BE
0B4F
FFEF
13DE
009B
0412
100E
0A71
0FE3
FC86
1217
FDDC
FB04
01F2
EFF0
FC55
001F
F2C5
FE6D
0F6F
0265
F715
FD17
F6D0
101F
EF85
1011
F86B
F66E
EBFA
1171
F266
EF64
0EFE
0A90
FB97
09DB
FDE2
F553
0412
F95A
06BB
06B8
062D
FAFE
FC23
F8BA
100E
FC68
F98A
FEA8
02E8
F85F
09C1
03F7
0B30
F5DA
0D13
063E
0E41
EB0C
04F7
FD4A
F297
101F
0291
0CA7
00E1
F274
066C
0BF5
FFE7
0155
F2CD
0EA1
0BC9
0493
05DF
F85D
141C
04A8
F938
0288
F5C5
134D
062C
00AA
04D0
FBA0
FFF2
0279
FD3C
F8BB
1178
1222
F7D4
F67F
FBAF
EB54
06C8
F52B
0694
0316
126E
FB85
F9AB
F883
EB3C
F83D
0001
05F8
F519
0D56
EF98
EDFF
05CB
F6A0
EF17
F6FA
ECB8
0844
092E
0F59
09AC
0F04
FFD6
1826
FB48
0CF8
FBDC
EE66
0772
FAE9
06FD
0944
130C
F078
0DAA
ECD2
0EB7
0789
EF62
0721
0235
FFA1
02D2
FFB6
10C6
FA5A
FD9F
FCA6
0FAB
ECCD
0360
FE33
EAB3
FD14
EB6D
10DD
0307
0592
0BDC
0BC7
0DB9
147C
134B
0846
0A95
00F7
0FB0
0C2F
0499
1165
01B6
079E
F45F
FA2C
043B
EC3E
00A0
0629
EBE3
03DE
1268
00A5
F51B
F201
F779
015A
F626
FADB
F30C
FE21
0788
088B
0B8C
0118
EA7B
EEFD
F12E
F03D
FE7E
10C6
F822
0845
F282
FA6C
FE7F
F366
03B1
F66C
FFB8
FF3C
F542
FF92
EEB3
FA69
EC6F
F995
EA20
F5CD
076C
EF1E
0E11
0511
F291
01E4
F22C
039A
012B
F6B4
0E50
0BD5
FCDC
FDCD
F921
F780
04EB
EBE4
1302
F1DD
0492
0628
FCF7
032C
0957
07A0
F855
048D
F2D8
06EC
0E90
0184
0F56
0C8D
FC1E
1069
0B09
EF75
0FD8
1047
0014
F3E0
FF8A
F6F2
10DB
0AA2
09C1
044C
EC50
EEB6
FE06
FB0E
077B
028B
F980
0608
02D9
F297
F357
0934
E6D4
074C
ED68
F870
F7C2
F162
097C
F0BD
F1BD
FDA2
00F8
FAC5
0BB2
EDAA
F279
F747
00AE
0889
FF60
F39C
0AA3
02F5
FFD5
02C5
FA56
FB62
0932
FE00
FC2B
058D
0793
0B5E
1023
EB68
05A4
FB03
02C5
FF0F
0573
F888
0FF2
EC63
10AD
0AF3
0729
F76A
0ACF
F584
0C7E
EF1F
FEB3
0A69
EF4E
0A14
FC72
1046
02D0
FD0A
0C67
08DE
129D
0A09
EF4D
0EBD
0815
0611
11B9
F572
0CE5
1154
F339
0806
FE59
F92A
EECA
F793
FEF9
1117
046B
0EC5
0CE9
F53C
0D5E
FA29
0FDC
F7D9
FD85
0A57
0C7F
083E
F393
F3D0
0F58
F096
033A
FF1A
FCE7
0790
0993
01CF
036D
F955
0379
F546
011D
0CBC
FD2F
FBD8
FD24
0619
FF09
EB72
0EDE
F431
F707
08CE
0790
F439
FB23
08C9
0D9A
0DA9
FD69
1549
0534
064A
FD14
00F7
F61D
0CC4
EEF9
0112
0CFB
F173
0118
0552
0AB5
F9A3
09F2
096C
0F72
FED8
F3B6
04F1
F4FA
11B8
117C
FD27
F995
104E
0566
FC31
0162
F754
0BA0
0116
FE0B
09AA
FC5C
120E
F1CD
04AE
F5F2
10EE
13CF
F0F7
FE76
F450
F3C1
0611
F743
0E04
F77C
0F1F
F2F2
10C6
F5EB
0878
F5AB
086B
0C31
11AB
F795
F5A9
0696
0CFE
EFFC
FEF5
03A4
EB83
EBF1
0226
F877
FA07
F487
F0BC
11FA
0B7F
0E63
0FEF
0B9B
00F7
0921
108B
0B39
F041
FFC4
0BAF
FBF1
F482
0753
0985
F6E3
F820
0529
0FE7
0CE9
059C
120A
F27C
ED67
09E9
F273
03FC
F8E4
FC3E
1535
00A9
0DCB
117A
0375
F71E
13A4
FCA8
FD51
1074
1092
FEF7
F475
FB21
F7F6
F5A4
F347
F2A5
0D43
064D
EEA4
EFC3
1000
F2AC
F9C5
FE74
018D
FF09
FF5A
074C
F12A
00DC
F83D
F1D9
F6D5
F84D
0F26
02BF
07A9
0DF3
FC01
00CC
0CBA
F081
FEC3
0763
F4E4
F9E4
0661
1383
F165
F1E8
F214
F288
FDCD
ECE3
05A1
F8E1
090E
FB47
F874
142F
059D
F9C6
F240
FB48
0B60
0924
10A7
FB66
F124
F160
FDE7
F6CA
06EA
F61D
0568
0057
0246
F24B
FB70
00F5
0F46
049D
0956
F4C7
F5EF
FCD6
F612
F4FC
1197
0D96
F80D
0A84
01B4
0288
0DAD
09E6
0833
FCDD
F7C2
EC1A
1730
0C72
FE8A
0D25
1B08
F6AC
EFFC
0A26
ECE2
0217
09FD
0409
0ADA
FCE0
0C9C
F734
F3EB
F17A
0A42
1210
ECFD
07BD
0732
0D45
0199
10EE
FE8C
EB50
FFD6
08EF
0072
1204
F8B1
0AD9
11AA
08F1
F043
EFCE
EF02
F9E8
FEF9
FBB1
FF0D
F498
1077
0484
0056
F92D
F0F1
EFDF
FCEF
1212
0E44
06E6
084F
0C7E
0EF6
F500
F854
0E21
087B
FA02
0D03
EC83
0C3A
0BD9
0DAB
F3C7
1710
02F8
017D
ECF5
0162
FD9D
FA6A
105C
12C4
F91A
14C9
F522
EFD6
F0CA
0FD9
FB0A
EABA
0F6C
01F9
0CE1
0B7F
10DE
FD12
ECEB
F5C7
0EAD
F400
05D4
0664
FD78
07CF
FA44
FFDB
F110
F87A
140A
06B1
0526
EE49
FE2E
0C37
0DBC
FE43
0091
1009
F3E9
FEAD
F488
0F1E
04FB
0F61
0A24
F242
F355
F81C
FFF6
0751
F5D6
F647
FA5A
03D1
F55A
EBD5
F395
0DD3
06C7
EB27
FC2E
01D8
EA7F
0728
0838
F3B4
ED30
F45E
FA95
FF6C
040C
054B
15DA
F890
0974
0817
0E41
1072
01A6
FA5E
EC5A
0208
0A34
F01C
0CCF
F344
1328
FC36
0381
F0F8
F7E0
F93F
0751
06DB
0319
EDE6
F763
FA09
FF0D
F98B
0616
047E
0562
F805
0240
FF48
05BD
F6CF
ED14
133A
0D05
F29D
126D
035C
F9E8
10FB
F244
ED30
0FF3
F0A3
F297
006A
F3A0
0AC8
0D69
069F
09A8
F71B
F47F
03E6
F16A
0F63
EFD1
084A
0FFC
036D
F425
ED50
0795
F385
11C4
0FBD
0292
021D
F2F6
0F73
0E4D
FB8F
FE45
F849
0855
101E
104A
F721
FECE
FB3C
066B
F459
FC9D
00B7
FC54
EFBC
EDE4
F7B5
0502
F712
081A
05CF
F8BF
F603
07EA
0823
0051
117F
F6F2
0935
0F59
F284
F2C3
FACE
FF95
F6A1
0BE4
EB98
F7F2
F896
EEB5
0B29
0A8F
0C58
E8C4
16A8
0B2F
F18E
025C
EF4E
1277
0FA9
F5A8
FF12
0A93
095D
FDD4
FFB3
0DB8
0A88
050F
F8E8
0841
F554
F700
EEBA
F7F7
0C82
069F
F3DA
F93E
0054
0868
05B9
F678
0F24
0D88
F6ED
F47E
EB56
FD78
1261
EF44
0650
ED07
FCC2
F72C
0743
03EE
0E26
F1F2
FF4D
045B
108A
0FA4
04A9
0D48
01E9
0878
F67C
08FF
0549
0A0E
17AB
0A6D
EDB4
F70B
FF2C
0ABA
1295
15BD
F4AB
F164
EFCD
0D1F
0492
FD0D
0043
085A
128F
F350
0FC4
FBB6
08DA
0729
F8E6
0BF1
ED29
0C5D
F6C2
F3C9
F496
1197
0436
0C5B
09ED
FF02
07A7
F86D
1210
F177
F156
1410
F536
0C97
0CA0
113D
0931
F4E3
FCB9
F5F8
FA61
00B5
0047
FD0B
0908
EE2A
0739
0BC4
EDFE
FB0C
10A9
01B5
00B5
F5DB
0213
10B7
F9BD
F486
0DCA
F004
0D64
FF08
F8D8
F6F5
1086
F5AE
EFF8
FF23
089D
FE3E
EF11
12C1
0B3C
0AB5
F6E1
F979
FEC9
06AF
EE17
F3A5
EB81
00FE
FF0E
FCE4
EE10
05B7
0AC8
EAE4
F988
0A99
ED56
F3FA
F28D
04F5
FC00
05DB
FC7C
F64B
0D9A
FE1D
0E95
046C
06EC
02C8
FF98
F0A7
0B36
F4FF
FB18
F2FF
F4D6
0445
0E44
F932
F32C
1093
FC35
F7E8
093B
008F
F8E4
EF9D
FEC1
123A
1287
E56A
0164
01FA
F762
121F
FFEF
0A60
FF14
FA1C
F6D4
F7A0
ECD5
FC64
FA79
14B2
0800
0E6B
034A
07EC
0206
E5C1
F5DE
F517
000E
0ECB
F10F
F16E
0BA9
0416
FD61
00DF
ECAD
F077
1079
0DCD
0C76
F916
1567
1175
FBCE
03DB
0065
1404
160A
0163
0FD0
0B64
0B4F
F55D
082A
0F02
102B
09D8
11DA
0841
EED4
0311
0D41
FB13
0FEF
125F
0875
0FF2
0008
FB7C
F16B
FC57
F0F7
FE96
FED3
FC11
FB9D
EED5
EE05
F3DB
0D36
1179
FBA0
0C5A
14F0
ECF3
10C1
0539
F1E8
0BF8
F8CF
0170
020A
0C35
0F5E
FD38
0DA2
0527
02DB
F196
0175
EC1E
F0CD
1329
0FFD
F9A4
FF79
079F
0A50
F7CD
046B
F4AA
F70C
EDFE
FBF4
F994
F19A
FAAD
F762
E885
F82C
0D8A
0112
05D8
FBC5
F8F0
FBB1
083F
F4BC
0DAB
FB52
F4C2
0346
08CF
FBD4
0735
EAB2
FA3C
F3EC
07C1
0E46
FC39
0C91
FC27
1041
0004
0658
1003
08DF
EE8D
00CF
F08C
F487
F089
F2CF
F3F3
0960
07C6
0C7F
F681
EE6A
FD6C
F1BE
FA65
077D
F0BC
0210
1083
FDF0
0D6B
0C3A
048A
09D7
FEBE
FBFB
FC9C
F3F6
0A1F
F735
F9F7
F992
F239
F1A9
EE62
F780
08F0
EA8E
F4C0
E82E
1527
0468
0295
00ED
137B
FD1F
EF14
0A55
FB51
0AAE
EAC3
EDA6
F761
F93E
0708
FBE4
F886
EA43
0131
1257
F303
0E82
FDE7
FD80
0092
07FA
EF59
10E1
0354
F200
EE4D
0412
F24C
FF4E
0CA7
0CB9
136D
075B
EB25
12AA
EDAF
F55B
1259
F444
F52A
030C
F826
03A0
F3C4
131C
1116
0B8A
1009
142C
08F2
FEB1
EC1A
EFBC
02E6
F37C
070B
0600
02A5
04EE
0A1B
F3AD
03A4
FD37
F6F7
EDF9
04F8
F586
0728
0C5C
F6AB
F353
FE8C
F373
01FA
FE5A
EC5D
08EF
0566
EE59
1357
ED37
F8E7
087C
00C7
0C78
FAAE
0F2C
EFA8
0A03
04D5
0642
F5EF
0698
F869
F387
09B4
0460
114F
134A
13E6
EDD9
0932
FE91
F53F
1258
F187
FD8F
FF72
018F
EDE9
059B
F9F1
F38B
F891
0ADC
1196
FADC
FEF3
0A7C
FEA1
026F
EDBA
05D2
EEAA
0A0A
0FFD
0AB8
0D1D
FACF
04B6
F75D
F7C3
08C1
EC93
017A
0159
F777
FE21
10EC
0C13
095B
0082
0427
F332
0FDA
F2ED
02D1
099E
1186
F952
0553
0DEF
10AC
0F44
F96F
0252
FEC3
0406
F889
F2BA
11C2
EE3B
EC09
F323
0249
1373
F5FD
FAB7
0D09
0159
FBF2
0743
FCC6
13FF
0749
F8B9
F4AF
0218
FC46
F315
0CD9
FD51
F969
01A8
EE55
1164
0CF7
0739
0E12
FA16
029D
F382
0BDA
12DA
F34B
F8AB
0892
0D18
F1C1
01F8
F326
07B1
F3A0
0C29
0687
07ED
0468
12B8
0E37
0928
F36A
EC8A
0CC4
00E2
F100
F150
F11D
FBC6
0631
F280
1238
F550
0D0E
0B33
09F1
FC86
03BA
11CE
F05A
EEF6
0F0A
F866
F4A5
F2EC
F834
FA12
FE16
F549
0836
F8F7
FAA6
F7DC
F163
EB5D
F3F3
0C43
0AE8
05C7
0FCE
13E7
07FB
1149
0529
F60C
0E5E
F9F7
F895
FF89
07DF
0CA9
1331
F7D9
0C16
0E03
051E
F64D
F4D5
062C
FE97
F696
0B4A
03C0
03C6
F49F
0BF8
0809
1289
10B2
FD5A
0E84
0FA1
04DB
F0C4
0F4D
0E2B
F7B4
0BDE
1183
05FD
F21E
06CA
F8C0
1187
EE75
01A3
0CAB
144B
F950
EECD
014C
1420
0B3E
FD8E
0F0D
0F88
EEEE
0BAF
01DB
F533
04F7
FF73
0A5B
EC73
F160
0E2E
F974
08B4
FE45
FEED
EF41
FA0A
EECE
ECA1
FFA3
082A
EF42
08C7
FAE7
085F
F32C
F216
FD99
F99E
0778
FA60
F8C3
FD5D
03FB
F747
F0E9
EC75
0ACE
ED4A
174B
F675
17DB
065E
0A97
F19E
ED6B
0C18
F66F
12E6
16FD
F9FE
EEDB
0B04
ECA6
F479
0352
0DF5
F0D8
0EE0
F2E3
1274
05CB
09C7
FC26
FD04
1356
058E
F432
F6FA
F22B
0AA1
0A4A
07BD
FFA5
05C1
F411
FA88
08F7
EF83
0F2C
0387
EEEA
03BC
F9F4
023D
0338
EF13
EC6E
0E09
02A4
F638
EE99
F924
04D6
0B05
1028
0D2C
EDFE
F32F
FDFA
07A4
F236
F0CB
FAE8
146C
14A3
FEDF
021A
FD04
013E
0A3B
F605
15DB
FFC6
097B
08B3
126A
0669
FB74
FD43
00FB
FDF5
F9CB
FEAA
0E6B
0B7B
016E
ED53
0C57
ED42
F413
FCB3
FB00
0449
FCD8
F3EE
0EB0
0DEB
0675
0381
1021
FDA3
F24D
0D1A
F814
0655
F1A2
0C2E
0DB5
FA55
032B
EDDF
07E6
ECE5
0557
083F
1347
F4AE
F2B7
0231
0ACA
FF5A
FAE3
09D3
0FC6
FA1C
0194
12CB
04B3
01F0
F5DA
0049
F1D1
09AD
F07D
0607
10AF
FCF1
11D1
EF24
FB05
09D8
0D6A
F85C
06BF
0750
0D2B
0C2C
EE62
F752
0917
F0D8
F673
EDD3
F1FA
0DF1
EBA4
FBEA
0095
F2E6
F63E
04F2
F31B
E7EA
F975
096D
FF3C
FDC3
029D
FD18
EF10
06EE
ED70
0C76
F99D
04C2
F707
EE63
F9C7
F946
F3CF
FFCA
F589
072B
02A9
FA39
08F2
F611
FC62
F81F
F65F
F8FB
136B
03ED
F379
0EE8
EDB3
F4B1
F6EE
EE23
1404
0EE5
10F4
F39C
1157
02EC
FEB8
11E2
12D3
FC9C
F160
0333
F0AE
0236
EF76
F339
F5DF
F02D
0745
0DAB
0B1F
0DF5
F2E4
1097
FB16
EBE3
0AF2
07CA
F39B
FB3A
07F6
0D8B
FA3F
033B
F3B8
0808
0ACE
0CF5
F8AF
08C1
FE7C
FC58
02C8
0465
0A33
FB2A
F6D1
0B08
F1D6
FC3B
F74A
12DA
0B88
0571
FDDC
F645
F9EA
17C2
FFF5
0338
0D03
F6F4
F65D
FBF1
0156
07B2
F9E8
0567
0BD5
EC84
F716
071A
0D52
F89E
F0E9
0050
084B
F7DC
0E29
FC5B
11BE
0A2C
EC28
029F
F3D2
EBF3
00F0
F0FC
F7D4
0968
10AB
F9C0
EE87
02D0
0B0F
0B91
EAB0
F018
F656
F88A
FF99
FC33
0B11
02F3
0560
064F
FE37
0226
F714
F290
FB11
0667
EE67
0408
EB5D
F2C0
0104
F0BF
FAF8
F5E1
0D2D
0ED7
08CD
FFFF
0D5C
F33D
0C8D
0230
0C0A
0940
F091
FE92
F288
020A
F36B
FC97
F967
FDE5
095A
0057
024B
F7D5
0FE4
FAAF
1132
FB67
EFD3
041B
FDFB
F25A
F499
01C4
0165
F690
FA62
FA1A
095E
FC00
EFE8
EE2D
0E57
F7DE
059F
FBBD
F1E2
FC96
0509
EFDA
08EA
07F1
0237
06EC
FBD4
FE8D
EE47
02AB
EF44
0D04
EFCB
FC0C
F1CD
EF1C
FB37
0584
F779
17D7
0B2C
F0AB
F035
0409
F584
09E4
EC14
F672
017C
F37E
0D71
089E
0E4F
F024
FAA8
0B83
FCD9
0DF9
F344
F9E0
FD94
F094
0857
FA17
F27D
F636
ED79
1102
0025
043C
03B4
0BC7
0621
F3EA
1179
03E8
FC7B
EC3D
F5EF
F7B2
01F5
EE25
0E12
FDAC
FC41
05CD
F066
0D27
03CE
FF46
F5A9
0C74
F2F2
0190
F7EF
0070
F45A
EF4D
F58C
FE65
F3BC
F254
F68C
14D0
0E11
0596
FE66
F9B3
0E7C
FC50
EEE0
0AF9
F8F5
FECD
F255
0787
0C8C
F4D4
F417
EBFB
05B1
FFC6
FE0C
FF78
F111
F6BD
FEE0
ED72
F62B
0529
04F4
0E09
0AC7
0557
0480
F935
08AB
FF26
FFAB
EE41
0DF2
EC05
007C
F1AE
124A
05FD
F674
0108
0626
F321
0D63
12E2
FDBE
0946
0C81
F0A1
F59D
EBB2
F126
EFFC
FD94
0BD1
085F
FDDB
11F6
F258
F549
1253
F388
11E7
F867
EEEE
F0A5
0A88
F826
F601
FEE9
FE42
FEDF
07CA
F9F2
FA8C
06F2
0E8A
FB13
F46E
0152
0DAE
FE03
F617
F58C
EC48
FCAC
FF20
FCDD
F3BB
F584
0EBC
ED84
F49C
1023
073A
0F98
030F
0CCF
0B84
0DA9
FE6B
F289
F17F
F08C
0CED
E8BD
FEE0
05A9
0A51
0558
07ED
0573
11A1
058B
FBC4
F72A
F0BD
FB58
FEC5
0CF2
F5DE
F0AF
F976
F729
101B
EE44
EE3F
EEDB
0A79
EC1F
0158
F93C
0EAD
F00C
1013
F9AF
05D0
F719
07CA
0B3F
F530
EE96
FF1E
098C
0BF1
F8D7
EA1B
ECF7
0DA9
0CF9
F7D6
10F3
F02A
0FBD
F5D3
F788
EDB3
0EFA
EEA9
02BD
F82F
F597
0B75
0B06
FA93
101A
EFD3
FECE
FE4C
0149
054B
112A
0F37
FEDC
F029
1218
F817
10B8
ED54
0DEB
0CE8
FBE5
F09E
F618
FDE1
0C17
FD57
F4AB
FD3A
EED4
F2D7
08BE
0049
F8BD
F266
01D8
0891
F7FD
0C7C
F1B3
F83A
F6BC
F19B
E8F1
1371
F8C3
FB6B
0B69
F438
0581
0243
EAC7
147D
07E9
00AA
0FC2
E89E
0CFA
00D2
FD9A
ED3F
035B
F884
1035
EEE6
FE20
0093
04C6
0DFD
0508
063A
F98C
F0D1
EDCC
01F1
0D71
0667
0317
0419
116F
FBA6
026F
F5F0
0259
00B8
F1CD
0A68
0B8E
1102
F5DF
0951
F01D
105A
0C89
F68C
05F2
FA48
0E1E
F4D6
FEA6
11D9
FCBC
F1AD
0886
F229
F731
F797
0888
F215
1179
FC90
F03B
06EA
FC08
EC68
FEC4
015F
FB11
F7B0
096D
E8A2
03CE
F23D
F99F
EE48
0767
0F6D
F5CF
066C
FBE1
FC98
FFEF
F203
0D50
F4A2
FC50
F094
0AEC
0945
10CA
0D40
0E94
054E
1497
0043
0958
F822
EE22
F010
0B35
0E77
F8AA
0116
02D7
FE8C
F84A
0143
0E02
0474
F131
0A8B
0FD3
060B
0843
F406
05ED
0AF7
F3C4
F49A
FDF5
FFE6
0545
0E1E
FA5D
F354
F541
0DAA
F12D
0A33
F669
FC0D
0E1E
1282
F0E8
EB41
0D91
FA99
0CC7
10A5
FC19
0EC4
0BA3
FC99
121B
FCD3
F4FC
05C6
02DE
EEA2
16FF
F88F
0BCA
F356
0E9E
0F54
1136
0584
01E8
100B
0D0B
0455
0CCF
12EF
0D3F
F86C
FB8A
F0DD
0BBC
1248
F838
0EB5
0685
062B
F42D
1191
04ED
F20A
F829
14DA
FB96
0BAC
F082
F5FE
0827
1302
FA74
0A7A
0364
EB0A
F669
F0F2
12C2
108D
1607
FAAA
F8AD
EFEF
F628
F362
F782
0CF0
F3B4
0F3F
F4CE
0F4B
FB12
154F
F334
F207
098F
EEEC
014C
ECE7
04B6
06DC
0989
0192
0C64
EE71
EED5
FD79
0CB4
FCA4
F097
FD7F
EB71
FC5A
F368
0BEE
0B87
F066
F6D3
080F
FD9F
08C1
FBE7
EF30
ED7A
0F10
EBCB
F02C
F799
07D9
12B4
F7F5
0C16
EF85
F72B
EF8D
066C
046D
05EA
ED14
0E0E
F3FD
0C62
FF44
FBB8
ED88
F69D
0DCC
FE21
0181
0F8D
FE0B
0A37
0FA8
121E
0231
FD34
0088
F8E0
0FE7
0AFD
EDE7
F83B
EE26
F796
F1C9
F5FF
FB71
0592
FDCC
0651
0B4D
EFAD
FAA1
F134
FDD3
0099
0152
075F
EF2F
0460
FFF2
0F84
0714
1406
034E
FD9A
FA4A
F49F
0C1F
0B03
0CBA
0BCA
0E42
F940
F29B
0FE1
02B1
FCD0
0AF2
1FB4
04A2
00F0
F82F
0D4B
0148
1040
EDBE
0763
0DB4
062B
0651
EFB6
F29E
0DF7
00DA
F92B
F084
0DDA
056C
F273
1625
047F
0FE5
08F7
EE40
F598
E8A5
17A4
13EA
F8AD
04FC
0C2B
0FC5
FF4A
EB33
1015
FC19
0A3E
0981
02D3
1009
F0E8
EEEA
F7B5
F99D
F7CF
1185
01F8
0570
F059
0D59
0507
10EF
EF4C
F1A8
FB46
0132
0094
05C6
ED76
05C7
FABF
F45F
178C
01FC
0CBB
F0DA
F98A
1039
0CE2
079E
133C
0B91
F595
06F6
FF87
00E3
030E
0B47
0167
FE8E
F161
F4D5
ED9A
027D
FB66
FDF4
F5A7
F998
10B5
E89B
FD86
036C
F655
06AE
1394
096D
0975
FCBA
0094
0859
09B2
0B6A
0600
08FB
054F
FFE7
FA52
EF94
EA8C
EC32
0F73
04C4
11F3
EB0F
1043
EC16
FBA0
0879
E7D4
1164
EDBC
0D27
0FBB
0FC1
FE20
097B
0C05
0F33
EDC9
E9CA
FAAD
1426
0608
FC3D
FD08
09FC
1117
ECF0
FBAA
0D80
F271
0C16
05FC
FB77
F13C
0A84
EF57
13DE
125E
FB3F
FDF3
F02C
1035
FF04
FF78
F291
FA29
FD65
0BC9
F40C
F6C0
0904
F9A2
14CD
F511
071F
F865
08F7
0E94
FD57
01E3
F378
05EC
ECFA
0658
0E95
10AF
FED1
FE57
0A77
0373
000D
E634
06C5
FCCB
F901
FA2F
F8D8
0992
FBA4
FDE1
F10C
EDCC
0B18
06EE
150F
F586
F80F
12B0
09D3
F16D
FF48
0498
FB11
0B99
ECD3
F462
02F9
F305
10ED
028E
0786
12A4
FAF2
F085
F9EA
04FF
FDD2
0000
FDB7
F629
F420
03A0
0157
0F5F
F87C
0595
026D
06B5
0872
F119
0660
01D2
06EC
FE6A
0F0A
0994
05D2
F2B7
087D
0736
099B
EBD7
ECDF
02DA
F8D6
F63C
FF27
F51F
F56E
1535
0571
0C68
1343
0B3C
F255
F760
ECB3
0F59
0ABF
F75E
0B1A
097D
053C
F548
FF37
F028
F7D2
1130
0993
0E9F
03F7
F5B2
FDF4
F571
FC73
0064
0B42
01A9
0F3D
02F3
E9F0
0E83
1299
FDEF
08B6
0841
FC87
F6CE
1166
06AF
0AEF
10E6
F67C
F15A
11CC
F9D6
FF8E
0727
0891
FB88
EC40
EEDD
0B63
EE32
FC25
01AA
FEB7
01DF
0BE6
F2F5
09C1
FAEF
0868
FE30
F722
0675
04B9
F7DC
F2E9
FE4B
0F80
0028
FA23
FFA7
FE27
FAF6
0817
FFDB
F92E
14EE
075E
EEA1
FFE4
0723
0DD5
EC39
1594
F1A4
F67D
FC3B
FAFC
F6C9
F95A
F6DB
061B
13D0
EDDE
06F2
0A57
0025
0EBA
0B14
0790
E502
FC39
02CD
EA68
ED13
166C
084A
FD6B
FA5B
F4CE
0B6F
EE90
0913
F1B9
FE9B
033D
F3D2
0641
075E
EFD9
EF1A
F031
ECA1
EEA2
F99B
F75E
0DC4
1436
13A7
F9DF
FA4C
EB78
F84B
143D
0BCE
0CED
0615
FAEC
F30B
EB1F
13E2
F0B4
0863
FB2F
F674
F5FD
E805
FB3D
0429
F4F4
FBE3
1436
FEE9
FE40
F9B4
FC70
066D
0250
EE50
15E7
0804
0255
085C
FDEE
F976
F3EF
F691
EF67
EEE0
09B4
F694
EE0F
096B
061A
03AB
EDCC
03E3
EDAB
E961
0336
FD93
EDD8
F2E3
F3B2
FC22
0517
FED4
0510
032F
0DCD
F1A4
0EB3
F77A
1750
04F8
F9D9
100C
FF68
15B9
0ED4
00BE
FAAD
F58F
0F6E
FDB4
F94F
07FB
F4DB
0B02
0E94
05E2
00A2
11D8
E994
02C7
F62A
F05D
F68C
0FC7
EA25
09ED
F4E6
EDD0
0C17
EB33
10B2
0D6A
0042
F39D
F4BC
0471
060C
FFD8
0AFE
019E
0395
FE22
F1F1
FD73
EAAD
EAFF
0F87
0A80
F371
F19C
EE48
0D1D
10EC
F80F
FAC1
F95E
0B72
F887
FEDC
0EE1
FA78
17D5
17FD
F1EE
FB45
FA78
F243
0CFB
F5E9
FE37
0389
01F2
0284
F3CD
F48D
0086
F87A
ED82
FFBA
F915
10C7
068E
04F6
F51D
1038
FE33
EC55
F9C1
FAAB
0862
EDD5
FC46
FB84
0907
0EC4
FDDF
05E2
F364
F0CB
F3B0
080F
0EFA
0BFB
0109
04BF
FED1
FFAF
07AE
05C0
0570
ED89
ED9E
F7FA
F137
F9A9
FF7B
F85B
0BAC
EE5B
F7C7
01AC
FD9D
0176
064E
F280
F1DE
01BD
FAE6
F143
1613
EDF3
0D3D
ECB0
1003
136E
004C
F1E5
1180
04A6
F51C
EDCB
F68D
0CC1
09B8
0DE2
0B7D
0A10
FDAA
F68B
0A18
129A
ECA8
0AF9
F0B7
EE8F
EE0A
0F73
0903
FD30
0650
F86D
0344
F478
F813
0E64
EDBF
0EC3
044A
0930
F2EE
F145
FC8C
F50F
03F9
02FF
F7D7
EFE3
FA0F
F892
0868
FA80
FC83
13A0
F525
140A
FB21
F184
0436
FC02
EE73
F282
F2D3
FDFF
0B8D
0431
0849
0008
00E3
0D51
F165
0AF8
FBF2
F588
FD14
FE18
0993
14B0
0DC2
0DA3
FBAC
0033
00F2
0396
0363
09ED
130D
0C01
1241
ECBE
FE71
F351
11E7
09C5
0CEF
00D4
FED5
0A97
FE5A
F209
065A
01A5
F27F
0593
F8D5
0D26
EEEE
F274
12B7
F278
F7C5
F211
0643
0662
EB99
F824
0F01
03A6
FACD
F199
FF3E
1353
F8A0
FB27
F81C
061E
0316
EE65
0D4E
12F2
109F
0B66
0715
09D8
F031
F19C
0ABB
F567
FD56
FFED
0928
07B9
07D5
1038
0A37
F465
0F06
0143
0BDD
F66E
FCE5
0904
0FC4
FEC1
FC23
F3BF
0AE5
F540
FCB8
0149
05A1
F0A6
08D9
F0FB
FC68
0EE8
10AD
F6E2
F772
0758
FC8D
1344
0D17
01A9
F069
03A9
FED3
0A0E
03DF
F446
EAA6
0E58
F6FD
FC2F
FC73
F224
03F8
EF73
0642
F71A
F5CD
08B8
F519
0AE0
F8E8
0971
F8D8
1101
106B
03A1
106F
1140
0A2D
06B9
FBB5
0C91
079F
0C86
FA37
1461
FBF4
F445
ED2C
0DEF
F6CE
F814
0652
0192
FB33
F66C
0D3C
EE60
FC94
098E
0D05
EDC1
0D52
FAF7
EC29
FC3C
0DF1
1288
FB6E
F25B
F9E3
1AB2
F3E2
F400
EEDC
1356
0716
018A
0E59
06D3
0544
FAA6
0767
FC4A
F682
0B8D
F90E
0A2F
0AE4
EE64
EC56
0A54
0376
F671
059D
0489
F631
13DF
FCB9
11B5
073D
F308
F584
FB9F
FDCE
FD63
0B4C
E939
F586
10F8
0A8D
FC5E
06C3
F36F
1215
07B5
FA47
0199
02F5
11F4
F1BB
065A
ED96
11FA
F225
FBA4
07D3
F339
01BD
FDA2
F12E
030B
FEAA
105A
F2D4
F948
0CF6
05D9
F4D0
FB07
F861
00A9
F006
05DB
FA14
0D9A
FABF
0DDA
01F0
EF86
FFFC
F18B
F5AE
F534
02CE
FC90
05BC
0013
0A9E
046C
EDED
0E88
1047
096C
00BE
FBC3
F242
0548
14CB
0B0C
F2C7
0445
FA68
F82E
F5CC
072E
05DC
F9C8
EF35
0FB6
EFFB
ED7F
F50C
EFA3
F64A
0697
FA1D
04EA
0776
08CF
0063
F002
085F
EEDA
EA6C
EDA5
0E9A
008D
FC62
003A
0B7C
187C
046E
01FB
F80D
EC6B
EB83
F9C3
0F6F
0778
0239
0034
0C2A
F808
02D5
0151
FDA9
F480
0BA9
F991
FF3E
F5D4
FF15
F1F0
ECAA
EDC2
0A86
EF9A
EF0D
F606
0053
F60D
F514
EE9D
F217
EEF7
01FA
13D9
0D46
0FAB
05FC
F0B7
0763
EF23
00E2
F156
F771
05FE
1346
F60B
005D
04DC
0A9E
1119
FE3F
FA50
0F9D
F4EE
0BEE
03D4
024D
0000
EAA7
FF2B
10E4
16D6
1562
F0DE
F8EB
FAC0
0750
0BF4
10E2
FE4E
0B0B
FA64
0D4A
0BC8
0931
0196
04A4
0CEC
EC03
0F8D
0CC0
0DF2
FEF4
F7D8
089D
03CE
F55B
0D09
ECEC
F418
F14F
0E4A
1102
ECE0
FB8B
FD9B
F7D5
FE19
F9D5
041E
095B
08BA
FBC7
FDEF
046C
0C98
0F4A
F3E3
118F
F7F0
004D
099A
1311
0AB9
10A5
0860
1057
EAEA
0F27
F83E
F62A
F9FB
EDBD
13FF
0D65
0D79
FB12
12A6
F4E5
06DB
E982
0A5E
FC27
040A
F717
0ECA
12BD
FAC4
0161
F2F3
0166
F502
F628
ED9D
F89A
0692
FC19
00D4
F755
FA63
EEE5
F4E6
F542
0FA7
0807
FA9E
F05C
0119
0673
EF5C
F34E
EFEE
02D3
1044
115E
FC31
FB7E
F22C
F086
F521
F127
FEF4
FCAF
015A
1350
F21A
F939
F0F2
11A8
F8F0
0054
0792
0FD3
1014
FB20
F0BD
0170
F4B6
11CB
0064
0E28
0F20
F754
10AF
0177
F200
EEC2
11C6
FAEA
F5F2
F8D3
0D52
F97E
F857
02C0
F9BB
F59B
020B
F33D
FC81
1128
F9E5
10F8
ED4B
FA6B
1035
0D0D
F6EB
F77F
F254
FA98
1124
FA79
028E
0F5C
0EE9
01F7
FFCE
0DCF
10A1
F99A
F5E7
EEB7
0D7D
F229
10CB
0D79
0DD6
1B76
00F1
FA3B
F51E
ECFB
FE7B
EEFF
052F
EEBC
1134
020E
F472
FCD2
FDD8
0C53
0155
F581
F0F0
04E1
F285
F5DD
F909
0081
019B
0A17
062C
FDA3
F939
FC9C
F5CE
FA9E
0CDC
0D6D
0513
F8C3
0D49
04B3
F741
01F3
F50A
EAE9
0887
F4AD
F081
F47A
F54E
F42F
F07B
FD02
09F6
0E51
FE75
F75E
022F
0FF3
115F
F5A2
0A11
F5B8
0DC2
F8FF
0B57
F419
F270
0AE0
0A6B
01B0
FF36
F3B5
F826
F949
F968
0645
017D
FF99
076D
026D
F30B
085B
F5F8
FAF0
EEFB
FC46
EFA0
0DEA
06F2
01DD
11A3
F1B3
05F6
1152
1124
F94B
054D
EE31
F0D1
05B8
F9B4
0C00
05B5
032E
F5CB
FAE6
0276
0B37
EF3D
EBB6
0164
0CF2
0A11
FB34
FF28
0588
0638
052E
07BB
0F92
0E0E
0C1C
F808
0076
03E5
04C7
FA04
1202
0133
0062
F48D
0657
F979
F2E8
FFDD
F421
F7E8
F609
10DC
FE78
017C
FFA7
F6EC
032E
EFEF
F69D
FBA4
08BD
038B
F9FE
F180
FCF8
0912
F6C0
005B
0E7B
F17F
FEDD
F5C1
F027
05B4
F85B
ECE5
0F8C
EEFB
08F0
0481
FC64
FAC0
F9FB
FCDD
0BF0
FAA5
0E96
FA9C
0121
1155
EF6D
054F
090E
0DF8
06F5
F42E
086C
F157
0533
018A
0E63
0949
0BC5
F42C
0A8A
F449
1018
0B5A
037A
F1DD
F82C
0359
F8D6
F00F
EFE8
0A6C
0715
0929
F8B9
F964
ED97
08B1
03CB
F2CE
0764
077B
FA46
0B07
0781
130C
F46C
F652
0AC3
0B32
001C
ECB9
EC95
0D97
050B
1177
0A4F
00ED
F95D
04E0
F479
01D0
0693
EEE2
0EBA
020B
EEBD
0CB9
F16B
121F
EF47
F354
0AB3
0DE5
0812
FADC
0A14
0462
0583
FD1D
F60F
0043
098C
F3A4
08B1
F076
ED14
F2D2
0B8A
FC69
F31D
0889
0C50
0508
EFB3
F62E
012E
07E4
FFFF
FF6B
F662
F051
F863
0201
08EC
F4C2
FD0F
0AD6
F0B9
0C4E
0094
FBD9
FFAF
0AF8
FC98
037B
0B33
0832
F42C
03D9
FFEE
044F
FF2E
1722
F725
EC90
025E
0B58
10A3
F8F6
EC79
02DD
F07F
F819
070B
EE22
0A04
FE47
0D7A
01A5
F5FA
0841
FD2D
F65D
EFA6
01E5
148F
FEC6
FF81
0949
F148
00EE
0BE8
F67B
00FA
0201
0761
F564
05D7
F446
F85A
F5AE
FB34
F7AD
0A7C
F242
F4ED
1507
0737
F702
FFDA
01A3
0C73
013F
0FA3
07F0
ED73
05CA
05FE
05DE
F415
F6F7
FE65
EF95
EF40
FB40
FA37
0F20
EBDB
0C56
F833
0A63
FF9D
F64A
F0D3
0209
0508
F793
01D0
F715
04E7
EFD6
ED9D
FD5C
FF6E
FF89
EF5C
0BCD
F5F6
1178
02C0
EC01
F760
08E0
EF3D
062B
EDCA
0797
12EC
01B8
0BC9
0970
0402
0DAE
004C
0688
FB05
EF74
ED6F
0D4F
F405
0EB4
110B
F1AB
EED5
06F5
05DD
120E
0B97
FAD9
F8A7
EE85
0A56
F3DF
FB72
1271
F301
104F
F79D
10D0
F2D1
F988
F327
EFC3
1409
F17D
F765
08A4
118F
077D
0EED
0C47
F31E
F2E4
0A22
F1BA
ED6C
F927
0351
0791
FF84
0747
EDE2
FE89
0C32
EE06
0F2B
F676
040C
EA5A
FF60
0F43
F9FC
F7C2
F6CC
FC35
EFBE
F9F0
088F
F940
F290
F9D2
EB00
0373
F438
F617
FAF3
F6B2
EC6B
F633
03A6
1387
0E21
F07D
0BEF
FE5A
F7F9
045F
0880
0120
1254
0D74
F2A1
ED80
F149
F59D
06E0
ED5C
1918
0A09
04F3
00C1
F8E4
0113
F6D7
EE12
F964
EF2B
0DB4
07EB
F8E2
03EE
0263
0300
071C
10B8
0833
F3BD
F623
FC3A
0F6B
105D
FF3E
E913
13B9
0164
1130
0E18
EC02
0689
FA15
F1CB
0A9A
FEE6
F56D
ED47
ED64
0678
0507
1187
068E
F093
F055
0FD5
F836
FDF0
FD3C
F162
F6E4
F9DF
F347
F14E
1045
0969
0966
F3CD
0BA5
0AE8
FB7E
F9A5
F040
11A4
078F
F0CA
EE27
FE19
0E2F
FE2C
FBDC
F0D5
0146
F2D8
07DD
F938
F189
01B5
0B47
F0B5
0735
05A4
FD49
FC48
11E9
15F3
022E
0904
0E20
0B78
F941
F159
02C2
F0E6
F014
09BE
0879
000F
0038
0696
F92E
0DF5
0698
08EA
074B
1519
0DC5
EF9C
F623
F74D
065E
F1C2
EEAB
0B5A
F656
1066
F2D3
0012
085B
F592
05A1
F921
F925
EB8C
FEF1
0705
F1C5
08C2
12A4
06FB
0121
1220
F874
1297
F1CB
0445
1198
10C8
0025
F851
F883
F8DD
045C
03ED
118E
0565
F366
FD61
01EE
0A3A
0EFB
0B7A
0EED
EB8E
0FB6
06EE
FBD8
0C15
119A
F39D
EF34
FA9B
FABE
0BAC
FF10
0975
FF0C
02A1
F6D3
0E82
F47B
F49F
F804
F87A
062C
0BBF
0C38
FA4D
1267
EFB5
0838
F5F7
0F6D
0695
FBB7
07B0
FBD0
F9ED
F9A1
04FA
FD28
FCB0
FCE8
08C1
11DD
F241
07C6
039C
053E
FBBF
0024
F27F
0EEB
FB36
F850
FCA8
188B
0AA4
024F
EFF9
FDEE
EF68
0AE1
007E
0BA5
1325
FD31
FAD7
11C7
0D3D
F4A7
134F
0504
F443
EF76
F3EB
0F3A
F3CD
F0EC
0CCB
F3E4
0E36
0DE6
0C9A
FEDF
F76D
0ADA
0AD5
0B34
0939
02D3
FA78
0CA6
ED39
09D1
1303
05A8
F7F9
0099
0D37
0E10
090E
17BB
F74F
EE23
F1DE
1439
F8E5
F4D1
0495
092E
F67D
F4DD
F80D
FFF6
FB0D
00BA
0145
FBEA
0792
0A41
0A94
F0D1
F3D4
0EA8
FC97
0116
0E66
FDBE
0F2F
F7F9
0C44
FDBF
F5B1
F0EB
FC84
0DC3
0CBC
0C4D
EB97
F86F
F23D
FEE6
1171
F33A
0B55
F78E
0692
EE44
085C
FB73
F503
FF63
FE59
F087
F256
EFCC
F1E0
05E0
01AA
012F
FC47
F638
F5F7
F671
0124
FAC5
F6D7
FB9C
08E8
031C
F23C
F966
F1B1
0504
F342
0918
0409
F578
0CAA
F143
04CC
0305
0117
0F5B
00F6
F076
FEB8
F06B
FEDA
1411
1038
0E1A
0072
FE4B
0656
05B2
F795
FD33
F705
10EA
013B
F656
F6FC
FB6D
FAF1
0FAA
FCF9
F868
04EC
1033
02DC
FF5D
F317
10A7
098C
0180
EDEF
FAB8
0F97
FBEE
FE10
07AC
F6E5
02CD
F3FD
F3AD
0CFF
FBEE
0B34
10BD
EFAE
FACB
F041
0C5E
FE2C
0356
09A9
058E
F2E7
11E9
0B01
FAEC
EAFB
0015
0518
022C
0966
F50D
01AA
075E
1120
F6EA
E8AB
0622
F114
1022
0EE1
1035
FF1C
1498
EAB7
ECFD
0EA4
0532
0B94
F6FB
F273
FAD1
01C2
F859
0FCF
0B40
F80A
F093
04C5
11A2
05E4
FC23
0EF2
F126
1281
F4BF
F1CB
070F
F1CF
0CF7
069E
00F6
006E
06C1
07B6
FB25
0341
0186
0D44
F4BF
FAA5
FA29
F282
F9A1
FBD7
0A0A
EB78
0C9E
F9DC
052C
0862
FBDF
188A
07EA
FDA4
FF89
0453
0EFB
04B4
0D62
0956
FF74
FD44
0048
1C13
F7FC
0A3E
18C7
F379
E59F
146C
F744
0389
F999
EC24
EE92
F7CE
0F88
11C7
0636
E6C5
FED8
DFA1
F435
14EE
FC4D
EFA9
F30E
07D6
E9B2
E7F4
04BC
04EE
02BC
F72C
14EE
FCD8
0698
091F
055E
028A
FAF7
126C
FEFF
FBCA
00CE
FC3A
F118
0045
1AD8
FF81
0565
F8A3
0822
EC3A
03A0
1426
F1A3
FC5A
F689
F9C8
03E8
103D
FA2F
F95D
0ED2
F203
0294
064F
EEC4
EFFA
16F6
F250
FB9D
0CE4
07DE
F8E9
EBE5
05F0
FDB6
0943
FF84
FFC2
0041
0D02
ECB5
033C
FAB1
F2B3
F5D2
EF79
E88F
0B00
FB15
0151
F2DE
0804
F7BA
1457
F11C
0663
F5CD
F904
F0E6
08DE
021A
051A
F772
F8F7
039C
125E
0A75
09DC
108B
0DF4
01D3
084F
ECE1
FB07
FEC2
14AB
0204
E633
FDDC
EDE0
FD83
101A
F26D
EF11
FE1D
E654
0C43
1A4A
EE0F
F072
14B6
F1A8
EB73
EEB3
F39B
F13D
0E58
02D9
F326
05BA
F607
0D8A
1313
03F4
0824
EF9B
0E39
016E
0BAB
03E9
0C78
0379
F6AF
01EA
F59E
FC10
F4AC
0B39
F8C5
166B
F3F2
1277
FC20
068D
FD3A
11FC
1490
06DF
F096
FFAA
F572
091E
0894
0955
FE9F
F560
F6C4
0C38
FD92
032C
FF06
F3CE
E9DF
0BB6
00A7
F1E7
06CD
ED1F
FD9A
F31E
1208
0F0F
0FB3
0885
1294
F098
0622
08C8
0EB6
EF2F
0226
E9CA
F1EA
FBCC
F709
F80E
12A4
FFE8
1029
1309
02FD
FB5C
1317
F518
FD3B
12E1
0B76
1477
03F6
1167
F2DB
F58D
0F82
0314
0C91
0E9C
1151
EED1
EBED
F4A4
F376
0489
FCCD
F23A
F5C1
FCB0
EFC3
0712
F03D
EFE2
065A
1321
FAF1
0599
F345
F839
F9B3
0211
FAE2
063A
F465
0070
F512
F8A5
E9B6
0626
05BC
F960
F53A
EE9A
0F92
0A82
0AD9
0642
FB4E
FFF1
07D6
06C5
05BE
FB8D
0F04
01E9
FA98
0E4F
0691
FAFE
06DC
0A8C
0CF7
ECE1
F445
1103
FBF0
0EBD
012A
F2A4
FB1E
0FD3
0071
F0FE
0D4D
0C79
0EE7
0BDB
F268
F5F2
FB49
1136
0F46
FCCC
EE82
0856
FED3
0EA9
0DE1
0B50
048A
FFD7
FA82
060D
1308
FD6C
1190
0335
F0F0
F322
11D1
F366
0ECC
F256
0863
067F
FFEA
08C0
0EF8
FA1A
EFB5
FDBA
047A
08FC
0A0F
FF79
0911
F47D
0B88
07BE
F383
1232
FB44
036A
06A3
F473
F5C9
FA9C
FD59
FFA0
F57C
F403
F239
075C
F94F
107A
10DD
F995
F0FA
F9E3
0D42
1045
0C02
1225
FE82
EF1B
F47F
036D
09BF
F433
F2BB
0BD1
0ED7
08B7
0587
0628
FF76
FA6D
F66A
EEDD
0B01
EFCF
0854
F92F
F787
F94E
EC91
1174
071D
0186
1435
F32F
FE8F
F6E1
0EF6
EA1B
F3C3
EC84
FAF4
12F4
02DF
F208
0FD2
10AE
1020
F0C8
1574
EDE5
0817
0571
E8CD
F97E
04B2
0367
0942
0BD5
FE33
FFE5
FE3B
EBBF
FCE6
F72A
EB61
FED4
0B91
F514
FF97
FB4D
F390
F3F8
0C3E
0020
EAF0
0436
085E
F25A
0B5B
F4F8
F877
0A25
FE8F
0848
0EAD
0DB8
F983
FA26
04B1
FD40
0DF0
FADA
EB14
09AA
057F
05B1
1115
0A4F
0A46
F106
0A0A
0C0A
FB0A
EEDB
FCC4
FF18
EEDE
ECB2
EFAE
FF51
1618
F5DD
F84B
030F
F08E
0E98
E8A9
07BF
F481
F80C
0443
FDF3
F598
08D1
0E05
FCEF
0521
F354
F85C
0483
F24D
F19B
F58C
ED59
0682
0F89
0A5E
1124
03D8
FF02
03DE
1327
04FC
F0AD
1023
FFDF
06D3
F5E3
F09B
008F
F138
0617
FC4A
0715
EF08
EC8B
0284
050C
F064
F7BB
096E
EB92
050B
ED88
09DD
FF4C
EEAD
EB1E
F16C
F2FF
0089
F954
0D4D
0352
0E42
F65F
064E
0C1D
0BE7
00D7
EC1B
127C
0F35
F9CC
007A
0B80
F71B
EE32
EED4
FEC0
09B1
FB19
01BF
051C
FC5D
0418
FEF7
F991
FFE1
FAFF
F2BB
F479
F96B
F81D
0180
FE0E
0972
1327
FDF8
05D5
034F
0BC9
046E
FCCA
08A5
1503
0F76
FE87
041C
0543
094E
F121
FF27
F48F
F203
0D74
F7B8
1229
090B
F43E
0DC2
0A2A
F111
F4C1
1099
F425
FDAC
0601
F176
1377
12C9
FB3F
0D73
EB53
02F3
FDF0
0046
0B78
F8CB
0521
F1E9
0653
FF5C
05F2
0A08
07CD
0AC9
F597
F950
FF4A
F263
0922
105D
F5C0
0A39
0460
0D40
FB2E
F93E
F1DF
F265
1016
0297
0187
F3E6
FB86
F0DC
F951
0DC7
0C4D
FFD2
FEFB
F0F8
FCC4
FAF4
FB71
F515
F9C6
03C2
0057
0501
FF1C
0C17
04CF
EC3B
0875
F389
0D5C
ECC1
0D1A
E916
0855
F339
FD88
0281
F9BF
09D8
EE5B
EDB9
F288
EF27
13DD
EE7B
EFC4
FB21
F60D
EA2A
FAAF
FA90
11FD
ECA2
00A0
F8B8
09D1
F56D
ED18
F75E
F08A
0F35
0A4B
EE24
01D1
FFFD
00DA
F81B
F878
0CF7
FDB5
F29C
FCEC
F03A
08C5
F963
FDA5
100B
0725
FFC5
03E2
FCD5
F80C
F441
03F7
0213
F04C
0104
033E
0931
0A2E
F54A
10F2
EDF0
02CE
0CF3
EE7A
EF0C
0340
F5CA
F7E9
061D
133B
0CAD
FA2E
04C2
F20D
F8C0
05F8
08A7
ED9A
F478
FD8A
EECD
FEE8
0262
10AF
F221
0112
030D
1507
F546
F422
0A6C
0449
F4E9
0382
0B9F
1240
F575
03DE
ECD2
0842
F669
F954
0389
FA9E
F652
0FDA
EAC0
07FE
F21A
F976
EEBB
F626
FCB8
0DD9
F90A
0027
0A23
F235
0738
F63C
119F
F1C5
FA96
0E76
F4C7
0492
FACD
FF96
0B93
EF38
0013
EFC4
F8D5
F9BE
020D
F48A
0A9F
02B5
FC02
0098
FED5
08BA
F1A0
0B9C
07E9
FD8A
FFDF
0568
F45A
FE31
0ED7
FA8F
01B8
EB44
F28A
0724
F4F2
EAC8
0A46
F457
EE2A
FBE9
FDA4
0032
0683
F6CF
F545
F4D0
F1D7
F8E6
0B3F
F54C
0254
0C54
FF42
14E0
F14E
0165
054B
1102
05EE
EE7A
FA85
FB99
F1B5
FDF0
F64D
F2F1
F334
FACA
F013
08D9
F4A8
04EA
F1DD
FFE3
EF3D
06C7
F729
F65B
FCE0
F1F5
0185
04B1
0092
0297
02D5
FBB8
F5B9
F748
067D
F1A4
FEA4
09CF
060B
15CB
0CAA
EBD1
EE9D
12FC
07F3
E561
01F5
096B
047F
0451
039E
F1BA
0A19
0388
ED5A
F578
0ADD
001F
109C
0BBF
F3A1
FEAF
F00C
F8B9
F11E
F31E
FE50
F2B0
F587
EE1D
ECDE
02E7
F6BE
02AC
F6E3
FBE0
FBC2
FB98
0856
F3F4
0896
F292
FB36
F8BC
01FE
08AC
0774
FB84
0B64
FD17
F0E1
0FF0
09CF
004A
FE69
0ED8
FC86
04B1
FD9E
EECC
F150
EC50
FDD4
F3E3
EF18
F4E9
EE25
041C
0009
0338
0603
01F0
F4E7
F4D4
113A
EB98
F962
0E60
018B
116A
EBA0
FA2E
039E
EE51
10AF
020A
03CC
0009
0E52
023B
F103
08AE
1764
0E6F
058B
ED81
0863
0451
EA96
FB12
EA7D
F631
F829
F1AE
06FA
F88E
EE90
F1F5
F51B
067E
FBF5
FF20
0993
11B1
F4A6
16F2
1178
0C41
07D7
094F
EC4D
0D4F
FE50
048A
F46A
F244
ED01
FF40
0FAE
F7A6
F97E
0019
F862
F010
0440
0D4D
EC66
FA61
FB69
FB51
108F
029F
F609
FF64
FA7D
F1F9
FC82
0557
FFCB
03A0
F5A7
0198
0444
F6D9
F810
096C
11E3
F06D
F9AE
F47F
EBC5
F16A
076C
F79A
0652
F4FC
F6B1
FEC0
0A1D
0D58
0C62
FBDA
053B
F190
FE7F
FEC0
FFE0
06B5
08F9
11A1
FEE5
F5EA
EF2C
F9FA
0949
0A5B
F0D3
0A2A
07D4
F3A9
FD74
F85C
EEF8
0327
F68A
0FBC
F7F7
FD66
FB45
EBE8
F9B6
0585
0667
FB33
EDF3
FF1B
05DC
F3D3
02D3
1758
F163
0F2D
EF11
0641
0641
0DD4
05FC
FC8D
FF01
0310
FEE8
0006
EF29
F71E
FE4A
056D
F193
122F
0132
F829
F375
F86B
F661
0706
FC51
03F7
ECE2
07F6
0B95
0FB4
F2E6
03B2
0825
143B
FAE0
1268
F924
E799
102E
02E7
F329
F16B
0FF5
FD8E
EC3F
1696
FCBF
05D3
02F5
0D8B
EFBF
087B
12B9
E7F9
0D76
FAAE
0CB8
0FB3
F5DC
F642
EFE6
0958
EB0C
01F2
1171
FD94
0B9F
F300
1247
F1DA
08AD
F591
EDBE
FCC2
0427
FE3D
09A9
0C51
0AED
F4EB
F776
1074
053B
FD3E
0E4C
FDBF
00BB
FBDD
F728
1332
F950
0C08
FB7C
124D
F636
F797
1C35
06EE
EFAA
0BEE
08C9
091E
FD0E
F348
F769
F640
EC69
100E
FEEE
0FC7
F797
FBA6
1933
0072
058A
06E6
09E1
E5DC
EBEE
076A
0E9E
1021
0916
F144
05CF
0A00
F9D3
0670
061D
FA8C
F0DC
02B9
F36F
021A
074B
F6B1
FC7F
026A
F36A
0016
11E3
ECD9
F66C
ECE3
0901
044D
03BF
05B0
FEEE
F0A6
0CDE
120F
FFEE
FB26
157D
0272
01EE
F3F1
FD30
0FE5
09EF
1057
FF10
F578
EEE3
FB78
09A0
13EB
F8BD
FDA0
FE59
00A1
F476
FEB8
FC17
038C
0870
F9D6
F42B
FCC1
F3B3
041B
0619
F064
F347
F4A1
0E68
EBA5
EF08
F5DE
ED0C
FD92
EF5A
1466
F278
0E53
0F92
F123
F16B
0D5E
118A
F2D3
07EC
F7F3
FFDB
0959
0C4C
FEB5
06C9
0F28
0004
FD18
1321
F3AE
04D7
0B19
0BA3
0EDB
0E0C
FA82
EFFD
07BC
EF63
FCF3
0008
0AFA
0B15
FC34
F5C9
EE8B
0F15
FAD3
19B1
EDE0
0F03
0C63
F4B3
F817
03B9
EF50
0EDE
026C
0162
10C6
FD05
0769
F34B
0C32
11EB
0F8E
056B
F8CB
0621
1365
0F45
1060
F1EF
FEF0
0890
F9DA
12E9
15CE
070A
F39C
FA93
04F0
F669
EE09
FFE1
F11A
ECC0
0B46
F638
F20D
F4EF
0EE9
FCE2
F57A
FD91
F883
03B1
F8A0
03ED
0962
0B0F
1000
0FE1
F432
FA06
0A8B
056C
0A90
104E
0357
10F6
F2A2
FC21
117B
FBF0
0E07
FA6A
03E1
F96D
0DC1
0E3D
FCB4
0137
05BC
EC68
F934
F72F
049E
13BB
F393
076C
FF1E
FA16
0730
F4F3
12D9
FA94
F9F7
00DE
EACB
F590
006D
08FD
F2DF
02CA
FB40
0A89
FCBD
00DE
0F57
ED69
FA6A
08F7
E9F0
0F04
124C
024F
F5EA
029A
FE56
FE77
F8B8
F786
0780
0DC1
04E9
10CF
FBD8
F311
F944
0D82
02D3
0CBD
F3A1
ECD7
F21B
F97D
1026
0F00
F736
0A96
1354
0B61
0632
066F
F58C
02C4
08B6
10DE
1633
014C
05A1
0C70
0089
0237
09EF
FDD8
1388
1312
05C5
FA3F
08CC
F470
EF87
F75D
0F10
FB3D
027C
FEDB
FB5D
0297
0F64
FD5B
0E48
F280
0F3B
EEBC
EF32
F0D5
0757
EFCC
F69A
EFB9
02A6
1125
134E
0568
0A92
EE33
052C
0820
F0AA
F857
0C1B
F561
FE5A
064C
101E
0F93
0468
FDE7
EFC1
008C
0432
FC1D
0577
0A1A
F1B8
1667
0471
0408
FB00
0544
F647
FFB4
F8F5
F663
0720
0B1F
0CAA
0431
FB90
F35E
1368
F4DD
14C1
0406
F8AD
F5F5
05E0
11B5
F7DC
0BBE
F58C
EEFB
0B8B
098C
FAA3
0C66
0DBE
063C
0B48
0C86
EF2E
EC04
0B01
EC3D
FD59
F9E6
FA73
FBE5
EA87
06C7
0AE1
07F8
0E58
ED99
0F4D
F552
05F9
0497
FFC4
F3E5
F281
F99B
0577
0C88
F7E2
07A1
F227
095C
F36A
093C
FC32
0718
FE4E
122A
F841
0BBF
F801
10A4
0D76
FB14
0D82
0DF6
0264
1502
FB7F
EC06
F482
03BB
09FD
1054
1349
110B
0152
00E8
0D9F
FC0D
066C
FBAF
F9CC
0AC6
EC67
0773
FA9F
FB41
F404
106B
01D7
0085
0CD6
FF9D
0AAE
11CC
F826
FFE5
1339
F0D9
0CF5
F19A
F503
ECB5
02E6
0632
01D0
000C
E8AE
F2E7
FE1C
F67B
0628
1298
0E10
FEBC
0D3D
EE90
08C2
0BBD
012D
0D1D
1595
109F
EE89
1231
F09D
F945
04E3
F92D
FF69
08F7
003F
F533
0900
03D2
F827
F00C
0B08
FA26
17AE
0317
04A3
0F2A
038C
0A70
FA86
F83F
F034
0D0A
03F5
FB3E
0420
0614
ED2A
FDB3
E6A2
0A9C
F9A1
0472
F7EE
0501
FE87
F464
F59D
0D0F
F9DB
F1C9
F348
0548
F33E
F630
02F3
02E1
06CB
043A
EF53
0467
05DF
FD3B
F320
0929
F7A1
F3B1
0B71
105A
10D3
0557
0464
FC58
09F3
F659
0B53
0408
0B0A
F46E
0DFC
0130
1721
00F1
07F2
F570
05F1
0087
083F
FE79
EFA8
F92E
EC03
00ED
0A90
0CD2
04B1
08EA
06C5
068E
EE3B
ECF5
0BB0
F3D2
02F1
F1F4
056B
0E2E
11FB
F9F3
F243
09C9
1019
EB7A
093A
EF23
F0C4
01EF
0F22
FF44
F9CD
05E3
FE62
F983
0EC6
1443
0D1E
0FE5
F840
F51C
05EA
EF2B
FCBC
F277
0015
1040
F6E3
F46B
EC77
EEB0
12B4
0684
F8ED
0E4E
0721
F285
11E7
037E
01B8
FFF8
0E8D
FC2B
094B
109B
F6BA
EEDB
FE86
EB47
F1CF
FAFC
1384
F9E6
E81D
0B4E
FFFD
062A
FEAB
082A
FFBD
F8CB
052F
ED11
103F
0B9D
F2AB
0B91
EEF8
F7EA
0B26
F0F1
0ED8
FEF6
0B73
0D42
01D3
F65C
0ED7
01B9
10C0
130A
0616
03E1
04B5
0294
F248
0F3F
F8ED
0E10
131E
F17C
F2A1
F5F5
0AAA
085F
FBDA
03DE
F973
F60F
FCC5
F967
1215
F803
F46A
11CE
F615
FD37
1C5E
0B05
0870
F0BA
F4AD
F922
FD89
109B
F686
FD24
F77E
0060
FCC1
F95F
0E2B
F9CA
F4D3
F4EF
006C
0F47
0A47
FB39
04C0
0A94
F48A
EE16
008F
F25F
EEF0
0907
1845
F31E
0AEE
01CF
FFED
ED92
0398
FA31
F4D9
0186
FF15
0627
EDB1
EADF
023C
F853
0D5E
EA23
0A33
0567
0841
FD48
083A
F9CA
F6DC
01A8
1592
07A8
1222
06E2
042F
FE16
F3B2
0EA8
109C
F1CE
0900
1015
F25A
EFA9
054B
0CAC
182E
FB59
057C
F99F
EB66
EF46
F66F
F4BF
08E5
0224
11E4
0B12
0490
F3C7
FEAC
016E
F0A7
ECD8
FAB6
0B64
EF6A
01A4
F7B2
F96F
09F9
0670
0A75
F963
06C1
F627
00C5
0CB4
F9E9
09D5
F8C8
0632
F1C9
099D
F3FE
ECFB
0D52
0FDB
F822
0632
089F
0D7D
F3C5
F84B
FD42
1238
09D1
F45A
0474
F6EF
08FD
FE09
0065
0FDE
F387
0516
FE4C
F295
F8B8
0C05
1587
0DA5
F2A7
0DAB
0EA0
FBE3
0059
07FD
F860
F191
F49B
0200
F0D1
ED35
092C
F8B0
F035
0CB4
03A5
1156
0A0A
08D4
0D22
04E8
126E
F5F3
F08F
FB5D
ED7C
EE5A
10CD
F62B
FB40
ED8D
FC2F
FF5E
09E3
F013
0E43
FE87
0964
EE25
ED2D
EC29
F8B0
F6F5
F538
FA23
03CC
F4BE
0154
F059
F584
08AC
0F53
04DF
F75F
0E1C
10FD
0B54
05DE
F916
0A7D
FE3E
F78A
F729
F748
0517
F373
FE9D
12C9
F0B8
0AE6
F551
FD54
0D09
0B23
F342
F67C
F989
0847
F77B
147F
F103
1218
EE5E
0FF3
EF14
F417
F449
F0C3
FF2A
1105
FFF4
F1CB
067E
127B
0839
0DBC
F645
044F
FE0E
FE5A
100B
0E42
0131
F80F
F675
FD84
F1F7
FB11
F775
0930
FB8B
FAB1
F8D4
11C4
0248
0C0F
FF10
05B1
EF40
F8BD
F8D6
0DE4
0BAB
1049
F981
F8D2
FA68
1151
EC7F
EE90
0C04
03C1
F8FF
F1C5
EC2F
03B4
0446
F4E9
11E1
FF88
F0C6
069C
0E05
0D32
12B3
F601
FDE5
ED9A
0583
0AA9
020A
025B
0513
138B
ED83
F5A8
F8C7
1322
F5CE
FF18
11D9
F52E
F5EA
F443
0825
FB2E
FD43
0F10
FD96
F749
06BF
0577
09A7
0C86
EF0A
0FFB
0915
F84F
0B38
120C
ED37
033A
0F00
F06A
0B81
06D9
F17F
0953
EE24
00FF
0A62
F288
FF27
003A
F53D
FDCB
EA33
0275
0893
087E
038F
F89E
F4B5
0833
FFDD
FA04
07B9
FC1B
11B3
FCC3
017B
F36D
EA41
00EB
0A25
F772
F882
03BE
F326
07B5
ECF3
037A
03F5
017A
FC9D
FB3B
EB72
1589
0364
F56B
FE52
FD1E
01C7
FFF2
0104
0DC7
0DA2
0034
037D
F8DD
FF86
03EA
003E
0A9D
0631
F445
0654
EFCB
FF79
0534
14A1
0B3B
0920
EECD
EFAF
03E5
01A1
EEDC
EFAA
1259
0AB1
0225
F1F0
EF6C
0B0C
0118
F78F
F70C
F977
F0AD
F3D9
012E
018B
F2BC
F0F2
0DED
0117
F234
06B1
ED42
F193
1332
EF78
077F
F5B7
0833
026E
EF39
018F
0081
FBC6
019D
F162
EDAF
0AC3
FCDE
FDD3
F142
0C45
0ACC
F6E8
0CE9
FF4A
12AB
EF07
051D
F4F6
ECFE
EC7C
0636
0016
0AB8
F070
03D9
FF2E
FA60
07DE
FFF2
0E9D
F664
0395
F60C
05C7
FEEF
F781
F14D
1370
F3B9
0840
F464
07F1
03AE
FF56
FBB2
F89D
FFAA
015F
EBCB
FC43
EC74
F332
FA51
06FA
F0BA
F459
0986
0328
FF38
F09E
027C
091D
FA31
FFC7
04A8
03B7
F68D
0942
0DB3
0669
F134
F3BA
E977
ED94
176C
EB5D
FBD4
0CC1
0BF7
F434
FFE6
045B
0FE2
F03F
F1B8
F285
0A0F
F715
0F3B
F1FC
0AA2
FE85
FAE4
03CD
F998
0144
F3C1
ECA4
09A0
03EF
FCCB
F3BF
F041
01D3
F6A6
F6C6
F5A1
F1B4
0D12
FAFE
0A1F
ED6F
EA32
0EA2
02D6
FE1E
094F
12A0
F6E4
FE57
02E5
FB12
F777
F4AB
0F78
0E72
0F1E
EE6D
F88C
F60C
F7BF
1006
048B
EDCD
0D0C
0155
F9C8
0968
0C9C
0669
0CEF
FA8D
1317
E8CD
08F7
0F43
0F1B
FE42
F7C5
0695
F1AD
0EA7
FE64
06B7
FA84
0D55
EED2
F1EB
F2DC
06AF
F66F
EE80
F03B
F505
E891
0CD2
FA0E
0050
1797
F35B
F615
FBDD
FC0F
0185
005D
FEFE
0EA4
F044
0589
019F
061D
0A2C
F823
05F4
FE44
F049
09E0
0B51
FDD2
EE58
07A9
F211
FAB1
077A
029F
0F32
F7B5
0D41
EF9C
14FE
13AD
EFE7
F656
F605
EF1D
0949
FAF0
10E1
EFF0
F0AF
1341
052F
11AD
F8D7
02C7
0AAF
F26E
EEB8
FE9D
1243
0ABD
0624
EECC
FD78
11D0
FA2E
0FEC
F05C
FE86
1202
057D
0EF3
17BF
ED19
F680
F5B8
11E8
090C
0F06
F682
FC84
F034
FAF0
FB17
F562
F4D7
0CFB
004B
ED8B
F0AC
0C93
FAF0
0575
F6AA
EF68
FB41
E3CC
F47F
062C
F422
F31E
FCE1
F983
005C
095A
F12D
FFEB
EC9A
077A
FE4F
0955
0380
03DD
015B
FD53
0CD6
0244
0070
02FD
F855
036E
000A
0DC5
04FA
058C
F915
F11C
FBCA
FB4E
0732
0BF4
0D01
F396
023B
020F
FEC3
FF4A
F26C
1044
0B61
0119
FE3D
F8B1
03E6
F8BC
0342
0017
FF57
F76E
0806
04F0
F73D
F025
008E
0D00
003F
00AA
0D65
05FB
0D8C
F55B
03D1
046E
F6BE
047F
FB7F
098C
0F9F
12BE
FB7C
F60E
FF4B
07E8
0E52
F436
0B09
EE8B
0F67
137B
1324
0AE9
EDB5
EEF0
FC41
FB41
FB49
0462
0265
FF5A
F5B4
0579
0F16
0CA2
EC5B
F2B0
1132
F25F
106F
F6F9
FCAF
0ED9
0342
F888
F5A3
127E
FDF3
06E9
F1E8
FAFF
EF9C
1326
009A
088F
FD06
0F06
EEA2
00A0
F3D1
FFDC
05F0
FC81
064C
F8A4
FCEA
F260
F748
FC2F
0177
062A
EF87
0DD5
FF60
0815
EE89
08AC
0814
061B
EB64
EF4D
0C8E
0B15
FD2D
0EED
1828
0358
0F82
10EA
1029
0F0B
F4F2
F4E0
FA05
0A60
F8E8
033C
04CE
0D14
ED28
0439
021D
0C22
F4BD
0CAB
FD58
0B7D
0A28
FD09
F2CC
FCE3
009E
FD6D
00A9
FFD5
056A
F1A9
0E76
0BD7
FB29
09AC
086F
0653
E89D
07FD
F3C8
13D2
0BE7
117D
0B66
F45A
0DAD
0CF7
FF05
F436
0027
F924
01A1
F67B
FCC3
103C
F4ED
F3D1
10CB
13B5
03CD
EE31
0400
08DA
0B0A
1060
F600
10E1
1209
EE21
EEBB
F0EC
017C
FF35
F49B
0E28
F074
08F6
07F7
0DD2
02D3
0425
F3FE
0651
0A74
F61F
F931
0CA9
09BC
1345
FF35
0AAA
F0F4
F745
FE5E
035F
0C90
1109
F38B
0BD5
FEE4
126D
0047
06C9
046B
F52D
0920
F8F1
F7C3
FC27
EC4F
F9E5
05F5
F1FB
FDE1
0D73
092F
F443
0F98
00DA
F9C3
F527
0FA6
F8AC
0B01
0FA9
0C65
04ED
0C30
0174
F268
FA1C
14D7
0DB6
E996
09A6
EE8F
FC35
F516
FE75
0055
0A78
08CC
03B4
08D8
0424
046E
02E0
EFE3
0A1C
EE82
10E0
0E02
028C
045F
0CF0
EB74
F344
EF9F
F84A
F782
1271
F3CA
ED8A
F086
FE76
036E
13B0
F5A7
0F5A
0354
1295
F9F5
FC91
EC4A
FD6A
0D6A
F305
126C
ECA8
E7F9
0659
EC90
F569
0936
07D3
F486
0861
E92B
F094
06E6
0784
0FE6
F078
ED50
03CD
0A52
040C
FBE0
F4B5
F7D4
015F
EB57
0FF2
0567
05C9
F6AE
FC18
1079
F6F7
F924
F35B
F3A6
0F1A
FB69
02C9
EFA4
059A
11FB
F59E
0751
08D3
F63D
F7AA
046E
0978
000C
09BA
F6C1
0203
F44D
10BE
F796
F7B6
F774
011B
051E
FB23
F7BD
0D15
FCA2
FA12
10EA
0720
0EA7
F6B0
EA44
FD49
0523
054A
1062
03E1
F7FC
01B9
F205
01F8
1069
FB51
11A3
F83B
F555
0FF6
F06F
FC64
0759
110D
FE6F
0F2E
0C6D
F37B
F799
F6E4
EFC2
10A5
0F33
FF7B
F4AC
0D4D
0CFA
F8F8
F34C
EF38
01DF
0BE0
F68A
01B9
F486
F282
13C6
FBEA
F475
EC8F
FA2F
FD94
02D8
039D
0BD4
FD88
1204
1552
EA87
0882
0B84
FB72
046A
FF6F
1150
F570
F19C
F238
0BFF
00E5
E8A8
10B1
1104
141F
EF3A
F90C
001B
0A8A
09AD
0D08
0774
EFE0
FB8C
0117
141A
03B8
04B5
EC73
F7D1
0F8E
1065
EE9E
12D8
0633
EDD5
0514
07FC
FE88
0802
01CF
F783
15F7
08BD
1183
0C4F
057B
F615
02F9
0B33
F2B6
F598
FAFA
F904
EC17
EDEA
FC46
0AF5
0F51
0F7B
F7F5
03CC
111D
EDB9
FCE5
FC6F
F6B6
04D6
F66E
1389
F0E8
F920
F2BC
F6F7
11F3
FE43
025C
0135
FCA5
F586
EBEE
FD93
F7A9
0F92
F0FE
FFC1
F261
05F0
0A6F
F184
FDF4
0923
08ED
FCE1
FF2D
0511
F92F
EFD5
EC14
F4FD
020A
04C3
FE5D
FC19
EC3B
0DEA
0A54
07FF
F3A5
F24B
02E7
044F
FD92
F5A7
001D
FE72
FCB5
F9E4
EBAA
0159
04FD
0A75
FA8A
F04A
FD99
F858
F2F8
FC6A
FA21
09F6
1739
0CE9
FD72
1191
EDC4
1332
E9E5
07AD
F480
FA07
014B
F8D1
F720
FC69
FE8B
0A4B
09DB
0679
F3A3
0FE5
0ECD
EE74
0BD8
EFD6
F9C5
FAD7
F9AB
FC8B
FFEA
FE40
0D48
1221
F494
08F4
F839
0494
F216
0CED
0749
FA79
F44B
F983
F10B
1493
F800
F03C
FACC
078E
0AE0
0E43
F7D6
0EA9
F27A
022D
09D5
FFD6
F6AB
01AB
0BC6
0F2F
F403
FCAB
FC8A
05FD
10A8
041F
0FBA
0FD6
02BD
FD51
F912
F90F
0762
03F1
05CA
EB7C
0A8B
0EE2
E9B1
02C3
1734
F614
F2B0
0FDD
F555
1011
F946
1185
0568
0CAF
F782
0F50
032D
0D96
F808
042F
F1E0
00C2
0B14
1173
F2DC
096B
F432
ED85
0E24
0D35
1161
0B62
F897
FAE4
124E
FD79
0A07
F540
0C6E
EC76
F53B
0706
F449
0E96
0B46
0634
111E
07C8
F896
17AB
EE8C
FD88
FE0E
FA38
EF10
0748
0754
EF92
04B9
07D1
1706
00DB
F0AC
FAC8
11D7
00FA
FF79
FA3A
1423
EF47
FC35
0044
1153
118D
F221
FA7E
F61E
06DE
EC8E
0DF7
F412
0B26
0258
F40C
EF26
F684
06FA
F426
0E38
F478
0E33
04A9
097C
F496
051D
F821
0A84
F1CE
FDC9
12C4
06B7
ECFF
FFCC
F7CA
0E4E
027F
0BA9
F460
10DC
0D3C
12CA
EE49
062F
F4FC
0DB0
ED8F
F920
0864
EFAA
01F0
FE7B
10D3
F79F
0F11
F629
0C52
0D65
FC89
0423
F2F2
F8D4
FCD2
1810
F306
0AD8
0B7A
06B4
0092
EEA0
0124
077D
112C
F286
FB3C
ECC9
FF6D
EC8B
088A
1085
EEFC
07FD
0051
0033
08F2
1483
F788
FA41
0590
F581
FD2F
02AC
0BDC
0EDB
091C
10D7
10BC
EAFE
F251
EB24
F45A
F603
FB1F
F656
FF67
FC83
F6C2
0DA8
03DA
082A
FC10
0822
F20A
1002
0FDD
FE9D
FA29
0563
00BA
1168
F22E
0BB1
08ED
0CC8
FC16
1029
08E1
104A
0C99
F2F0
ECE4
0725
0421
F320
F8E6
0899
0887
FECE
FDE0
066C
ECE5
FB12
FF20
F1E5
ED68
F13E
EFFF
F56D
EF43
0519
0831
0986
ECE2
02EE
0697
139E
F109
0DD6
FFA8
0F6B
009C
F9BC
E997
F34E
F7AF
0C92
FDB6
F28F
ECF0
EC58
02F8
0497
FA40
016F
F477
F8EC
00A6
11C8
FE51
0870
FE61
F4D6
FE37
0797
F00B
03DD
F564
0C60
FFF4
F5DA
0177
06F9
0DBC
FFA1
13D2
0F11
F069
F0CD
F2FD
FB80
F071
FD5B
FE64
E83E
FD52
EC32
EF6E
0E6C
FE82
0DD0
FE17
F844
F49D
0C62
02A6
0ADD
0C20
F65F
FBAA
1026
F0E1
F47F
FAE7
0042
02A9
F0AD
FC65
FBDC
FBBD
0FBC
1349
0539
08BB
053F
EC0F
FC7E
F22F
F545
FBEA
F3D1
0F70
0B9A
F85A
11A9
F1FE
0969
EBA8
0B65
0FAA
15A6
F924
0629
FEB7
EFED
F859
0D72
F53E
1439
0589
FB9E
F1F7
0E0C
031B
F25B
014F
F99E
01D3
F147
FDDE
FF36
0CAF
034E
F2E9
0A15
F868
EB30
F9ED
03CE
EC37
09B3
F04D
109C
042B
F887
ED5A
F45D
000F
FCF7
F082
FE23
FA66
FAA5
F884
FF23
FDBC
F928
004D
0A14
FF71
0ABD
F401
F188
0F54
F453
0E06
108C
06BB
0FB9
08AC
F7A9
FF55
FB4B
F369
122B
0FF8
12FD
F574
0646
FC62
0B0D
155B
0B07
ED8C
F60F
FCAA
FD62
F0A5
F189
11BD
FC14
F11D
EC15
FD3C
0BF0
00EB
F118
023F
0994
F000
0736
F3EC
07EB
0012
0778
06DD
FCC3
0C22
0CFF
F329
0C02
0FD0
1285
0257
FE9E
0255
11C6
EF6A
0B2B
FD95
088D
0935
FBBF
FF68
EEE7
11D3
11B0
F3B0
00DA
EC5E
F845
0EEC
0EC2
03B9
151C
FB10
FF52
0644
F5E5
EF3C
0233
02A7
F119
0034
0169
F4CB
09B2
0328
0144
0F8B
06DE
F2FD
FBE2
F44D
107B
0D7B
EA9A
EAE2
FE0D
FADC
1276
EB12
0EF0
EB24
FCDC
0D8D
F4BF
031E
107A
F223
0243
F31C
E47F
0C03
E854
F9C9
078C
0899
11BB
0AB6
F33E
F0D8
1121
FB9B
05AE
F8A7
EF1E
17C3
ED5E
F57B
0334
0E3B
F2B6
F3C0
ECFF
0190
FC27
EFD9
0E90
00F5
E8DE
F5E5
0422
EE60
0532
1A3F
073A
1276
F457
0164
F8FD
ED5B
ECA8
0436
07A3
0391
0048
0F88
FE29
F693
F5CC
FC20
E9A1
FB39
F1C7
EEAE
0A8B
059E
0AAD
1066
10DB
02BB
F2B2
014E
F35D
F9A7
F91B
F352
0F09
0FCF
FEEE
F875
F22C
0A2D
FE4E
FEDA
FCA6
135A
130B
085F
0276
FC74
04B4
0692
F9DF
F93D
0E48
EE72
ED1C
F7BC
0502
EFD1
F1DF
FBF3
0EEF
F461
0098
0918
0EE1
FAE8
0943
1856
06FC
1131
1946
026D
135C
0F81
F781
FF77
1118
157F
FCF3
01A0
171F
F005
1412
FEAE
0567
0297
1085
F7A2
0BFF
105F
0F1E
0787
0E25
0C40
F42A
09D6
F1D9
0B79
EDD9
034B
08E7
0221
F481
FB6A
01BB
F9EB
1375
08AA
F8BD
03BF
FDAD
0DE3
02BA
0B21
F899
127A
118C
09A8
F784
ECCC
F26F
F937
0ACB
1330
FD09
11B3
F38D
F41F
0828
02BB
0FE9
EEE0
0FF3
ECF6
09BE
ED06
02FB
FD7C
FB08
0500
EFA0
09B6
0FFA
0E2B
0FEE
0BFA
EDAA
046E
F471
1009
FC8D
F285
F975
1404
EF1D
F68A
F3A3
0865
0EBB
F7D9
09C3
0748
FA6A
0933
125E
042B
03B5
EDE3
F89E
F69D
F7E6
046C
0183
ECFD
F4DE
07BE
1094
03FD
0CA4
F85B
0399
FB7D
EF11
0D5C
F411
0D94
F065
FCAB
071C
0DD4
EDE1
F5EF
1173
101E
01F2
0876
1151
0E7A
FBA2
125F
F2AC
F75D
0656
0A16
1020
06AF
045B
0075
F23B
FE56
025B
0A28
1188
1314
0625
0EB6
0E10
FCA5
F8DD
F574
F239
03DD
1294
F81A
03BB
EEF4
00F1
EF59
115E
F408
ED41
ECC7
EF10
08F9
0EC0
0142
FF82
EEA7
15A0
0A50
0A29
F598
0460
03E2
096F
FA81
040F
1668
0F8A
F839
0321
F7A7
FC01
FBF1
051A
00C3
0B18
0404
FAE8
F967
153A
0E60
0288
1475
FAD2
F2F8
0F9C
0B0E
F439
F989
F185
FFC2
FB9E
F88D
F347
0844
F77D
F46D
1486
069B
F914
F234
059A
FAF5
0B31
FFC3
12DB
010B
14F9
04C5
154C
FF82
FB2C
F490
F97F
0719
0047
13A9
F0A7
FE00
0064
F478
F080
05D1
062B
F22B
EF83
0E39
F811
F51F
FB55
F808
EDB6
F9C9
F5A3
EEA4
0772
FA0C
0B63
074A
0834
EF9A
05BE
FEFA
F81B
0E77
108D
F349
09EE
030C
F974
FEBD
F840
05B4
FFFC
0E6E
FC5D
F478
FD5E
EFB8
098B
F115
0557
FA67
0F53
FCFB
0786
F66E
EFE6
0691
FD74
F2C4
12E3
13BF
140B
058E
F9EB
103E
0FDA
F69B
04B7
FDC0
F173
0C3F
0B91
0A8E
0A88
0FFB
FC11
EB28
115E
07A0
040C
0A13
00F2
FA8E
ED07
0EFD
0D79
0C38
0237
F2AF
089D
EC5C
06D4
09E1
0844
FBE5
FC2C
EF38
F3A0
062F
F505
FD3C
0A0B
F32C
0BD1
0FA9
0597
0F90
ED49
0843
0AE6
03CF
0F55
0B88
EF11
F23F
0558
F17B
123D
F97B
01CB
EC2F
0CE3
07C0
0A4D
F88A
0B76
008B
FD77
03F7
F1BB
F4D3
0BA1
06A9
06D6
EE20
F264
FECE
0142
FB5E
1105
025C
F11F
FD51
0BA5
F1E7
EB6E
0C04
03FC
FC3A
ED25
0C18
0165
EC44
0332
EED3
FC70
F97D
FC78
0566
078F
0A92
0336
F445
0327
1340
F8A8
0F44
017E
009D
0456
F5D7
027F
0C47
05C9
F4A0
0B97
FDE4
0814
01C4
F69D
F509
04A4
FDAC
FA01
FA01
04E4
FA9D
F6FA
FF73
F694
075C
110E
EDE9
00A1
F3D8
F413
0151
071A
EF95
0325
FACE
FF14
F22F
F350
05E3
0959
0969
02C7
0752
EA90
0B91
069C
F651
1382
FC06
116E
ECD3
0250
F238
F5D5
06E7
FE2A
0CB4
0825
029D
F774
F5ED
FBEF
F860
FE70
0EDA
FCE2
F91D
F3E0
EF25
0F4C
F51B
EF4E
F39E
F96F
F02C
06E1
0D64
E66B
EE12
0736
064A
F6B1
0473
00F0
F3B5
F306
0462
0A91
FA7F
F7D0
0D7F
FC6F
0A91
EC1B
F825
F23C
E553
08A6
FB4A
FB34
F3C0
FB1C
EC65
E5F8
0634
1537
F705
FACC
FC0A
1091
0E9B
FE81
EE3C
0D68
F88C
01B9
0E3A
11B9
F83D
0ADD
EFAF
07F9
FDBE
F711
EED4
F05F
0799
EB69
079A
0997
1083
0BE1
000E
F783
FACF
0AC8
091C
F8C4
EF2D
071C
FA67
F9B9
FB60
F3D3
0D17
ED3D
F437
0368
FD92
0D38
1096
FCCE
05F4
0E4D
0A32
0DE1
1068
F438
13EC
1106
00D0
FC75
EDF8
FFC0
0C09
F623
0AE8
FCB7
F3FB
1070
04BF
08A8
0B47
0445
FCA1
FCEF
FA48
0022
F036
070C
0416
FC12
182F
F03C
F27E
04E6
F27F
F77B
0E0E
04F5
FB06
0A9B
FCC8
EEA9
0DC8
EDCB
017C
0D96
F0C2
12F8
EE5D
0271
0D66
FE0E
078E
0108
EDFB
10AD
029E
F959
055E
0E28
094B
F67D
02CF
0A5D
0EB4
FC29
0815
ED7A
0674
FF42
0639
079A
EDFA
FB9D
00A7
F6FA
FB28
F548
F796
06F3
F8D8
EF13
0DAE
F53E
FB1E
EBAF
FA7A
FF7F
F584
F3B7
F239
F529
EE87
07F5
0DA7
0AA1
0652
FA5A
00E2
06A4
FAD4
FB2E
0C9B
FAC5
0B65
0062
0254
105B
FE7D
F395
0911
04CB
EF03
1120
04F8
EDD3
FA22
EC4F
F368
FC68
FD99
FC28
038F
0DBB
FCFC
FE48
0246
0EC1
0FA6
F3FF
F71C
0C97
0877
0E47
0D61
007C
F0DB
072E
F3A9
09E4
F2B2
0B97
037C
F6B8
EC65
F180
EFAA
0A88
0AA5
0A98
07AC
011E
F33B
081E
F5C1
0B2B
FD36
FE15
0084
0371
0FB7
0788
FF4A
1699
F5E8
0265
1162
0F91
0AD3
FE90
143F
FEFB
0B35
070E
F1D0
F30A
046A
0807
F4F0
0F6F
097B
EDDA
F76F
151A
0496
F25C
FEA5
0171
F143
FA93
F04C
0B71
1208
0BF3
FB09
F643
0F79
FAAC
F012
0829
07AE
EFA4
FC08
F610
0F4B
F1C6
0E88
0388
0819
1119
05E0
F9DE
FBDF
EFF7
F2C4
0579
0DFE
EEBA
FBA7
16E1
0085
0E70
F095
0951
0661
0AE0
11B8
F8F8
03AB
035A
EFAB
00E2
FADF
EE5B
F447
FC01
0AF3
096C
F940
015C
FD6D
F941
FB67
FD5D
F8D3
F704
0A73
0CEC
FA52
FE49
0AFC
FB71
139A
035A
FED4
1368
0C82
1624
F76A
0419
08FA
0C1B
04EB
125E
E996
F84C
F157
06BF
F832
0B2A
F5BE
F505
FC55
01BD
EE85
0959
F849
1073
F204
055D
EBAE
ED86
F8F6
01F2
015C
EF5C
F204
0F7E
07FA
156E
0E60
024B
09B0
F78D
F858
0E7B
F0F8
E9CA
FB8D
0EE4
F7AC
F9EA
F2B1
F34D
FD05
F322
0798
F5DC
0265
F9B4
FCA6
F8FE
FD9D
066A
F9CD
FAA7
0CA6
0511
EC16
EF88
00F0
0A4A
F46C
14EE
0950
F957
FFE7
06E6
07BF
1009
06F0
0E76
FB8A
0691
0A20
FD8B
F1CD
08DD
0E01
F469
F178
0D82
00C9
F68C
0D7E
013D
FCD5
F6CB
09AC
02C1
ECF3
0D5E
02E9
F3E1
10EC
05C4
116F
F4F3
02D8
F4CC
F55C
F4E9
FCAC
0A1F
EE17
F2AA
01A4
FD89
FFA5
FA16
11EC
0386
01C4
FE02
F214
01A0
FB82
0C48
FEDF
FDB6
F82E
022A
0AC5
F5B5
F32C
F227
0A56
08C1
0C49
0E61
F131
FFD2
12A4
1034
05C6
0A1F
079B
FB15
F954
090B
10E3
FCD2
042E
F8F9
092B
0357
FBE8
0703
06E6
0B86
0ED7
EF3F
0CA0
0DC7
088C
121E
FBCC
008A
13D0
F93D
F6E8
FA04
F6FE
EE29
023D
EA50
EDD7
FFDA
F3E6
FB81
13E1
F67D
FE71
FDC2
FE11
02CF
004A
EFC3
1141
0599
07AF
F475
0680
EE64
1464
F542
F141
EF85
EF3B
F6FA
0F40
121A
FEAC
F74A
EABC
0996
1914
0FB7
F6CB
0671
0C38
05C5
F30F
0743
0664
F39E
057C
EEBA
0CCB
0B37
01AE
10AE
05BA
0D08
F303
028A
F5A5
04BF
F44F
022B
066F
F865
06D1
F73B
052D
FB79
EFFA
0495
EFEF
EAFC
0AF3
F734
0642
06C2
EF91
F46F
129B
0F5B
FD29
060B
F266
EC86
114A
1081
EFBB
08E9
0585
0039
0B4B
EF64
EEF5
F31A
137B
FC53
0C77
F6AE
F8AB
F187
0339
0058
05D5
0445
FAAE
0B4B
FA0B
0914
0B89
F8BB
09F8
121E
06FE
F989
F874
ECF3
F9E0
0085
F4B0
0D97
F4D0
F5B2
EB82
F594
EA3D
0CF7
0B1F
FD3B
F630
0A4A
FA5A
0D19
EF2F
FA0C
0CB9
0C84
ECD0
05E7
FDEE
088F
06EB
EB86
14CD
014C
0674
FA64
1681
02CF
1186
051C
ED7A
13ED
086C
0958
F876
0167
060D
EF6C
04D5
F202
0B7C
FD06
0451
EFBA
EE41
ED3E
FD23
0A82
03C9
FE82
EEAA
F287
0F4F
F77E
02AD
0439
F9FB
F96B
09F4
ED93
F504
06B1
F09A
042B
EEB7
05AD
FCF1
07FB
EB0E
F994
FE9D
FF7A
FECB
F81E
F8B3
FE70
EFB6
FC2B
EF88
060C
0F50
0F72
0931
F17F
0DD2
EEDA
F63C
FA0A
093E
1605
106A
0D65
F47B
F151
F583
FA7B
0CAA
ED7D
FA59
FFAC
1077
F9F4
1496
F334
0D6F
F050
0070
0ED6
FF58
1010
FB21
FAB0
F542
F6FD
EDE6
F457
FE14
EC9F
0003
0235
0490
133A
0638
FD4C
00BC
F2BE
FBD9
03C2
FF4F
05B2
EFF2
F9DE
EE1F
FE7A
F84F
F6C6
0622
F302
0D36
EBCE
0436
F4A0
0E5A
F62E
120A
F893
04E7
0471
F21B
041E
F713
0B9B
07B3
03FB
0769
0C1B
12C1
0FBC
0626
06D2
FE3E
0000
F041
FAC9
0D00
F409
05F7
F698
058F
01E7
F542
0716
08BA
F1F8
EEE6
0AE1
0BEE
0C36
F3E9
FE94
F4C3
02D4
ED5D
F707
F82D
F9BB
F911
0FE2
FFB4
0A52
0DB2
0365
0BFA
05DF
EE18
F51E
F4E8
F757
FBBD
0B37
084A
EEF1
EFEE
0761
F656
03A2
102D
0DE0
F39D
FA0C
060A
FAA1
EDAC
0F38
F862
0D26
0523
F2E6
078D
09AC
0568
F4B5
04E0
EEE4
F8A8
0C42
F4C1
0468
1037
03E1
F985
F410
F9CB
019A
EF08
F78E
0A3C
1136
FD7A
F558
0A0C
F584
FC2C
ECE7
12CB
EBAD
10F4
FCEB
0B65
FD7F
0EA1
FB6C
0604
F09C
FF2E
0EDE
13C6
0697
FA4A
EF67
FC97
F4C2
0CE6
1760
F5B2
EDEB
090A
0475
F249
FD30
F7D0
0542
F39C
0C97
075A
0791
EF69
074D
EE49
F9F8
FEE6
FECD
FA2C
F79D
F40F
132B
F1BC
0F60
0BB7
F6E7
FE73
050E
F171
F319
F871
FB3B
060C
EDE7
FCCD
002B
04C4
0CF8
1016
F1C5
06DB
EC6B
FA00
F3D8
F95D
0254
F870
1782
01E5
FE0C
138D
03B2
F6D6
FB8E
FB9A
F384
0446
EEFE
F9EE
125E
FD9B
0ACE
F4F7
0205
F30A
02FF
EECE
0001
0990
004D
F26C
EDF5
F2CE
0E53
1044
059D
0AEE
F5BE
095F
0438
0307
00DC
12A5
F170
092F
F77E
1356
0460
F603
119D
0D43
0A47
0414
02C1
F367
F563
0B6D
EE2A
EBDD
03E7
0ED9
F4D1
0FB6
FBBD
0137
060E
0088
F6CA
12B7
EA7D
FC9C
F6D3
0CFA
F418
EE65
EB7E
0C1B
0837
0618
F138
ED57
EE82
FD10
F455
FDC5
0F60
0A18
F934
FB7F
0ADA
F9DE
FE33
139C
0B4F
07C5
0C2A
05E8
FF19
FAA3
06C1
0D20
0BE8
F6EA
126F
089F
F853
0ED0
F452
0C87
FAA0
ECF5
134E
0D1E
0E18
F380
0BF4
1039
1389
0FFD
FC6B
FCF5
FA14
EBBE
F4F0
F9D2
FB57
F989
0723
F56A
F6F7
E89B
0C64
F0B1
0115
0A8A
0BE4
085A
0D7E
0BCA
FE17
08A3
0E27
FE53
FB7D
0B34
FADF
EB1A
F1A6
0672
01DE
0EC4
0F76
086A
F3FD
F08D
06FE
F16F
0E10
F6B9
0A7C
049D
FEDE
F386
0A5D
04A6
FE6E
F0F4
1139
0910
ECE0
FD2E
0CAD
0C1B
FDF5
F489
08B4
FAD0
0FA3
0100
0579
F045
F0DE
022A
FDB7
F0BE
F9AD
0B07
F120
EDD8
0D70
F56C
F400
FA29
EECD
05EE
0D39
ECD0
FF96
01ED
026D
FDAC
0AB7
0C5B
F7C8
F185
058F
EC7E
F50A
0D05
F028
F2BA
01F8
11F7
05E7
08A1
FA1A
FF49
FD7D
08FC
111A
FFF3
FD7C
0403
12A6
FDB5
10CF
0CE9
FE17
F735
F615
F233
F083
F2E2
F130
14AE
ED03
FBD4
01D7
0B6B
14B8
0E2B
F892
0CBC
F730
EFFC
FC8B
12DB
EDB7
ECDB
F662
F3E4
06DB
0206
062F
0DC1
F4AB
FA33
02E7
F20B
E970
F0E7
F5DA
0121
F4A0
00BE
126C
F156
0FB1
0213
F7FA
F5FA
EBC5
FAA0
F8E1
FD02
F4F0
F5AE
F025
F449
FA07
F87B
FD67
F010
F82A
0D4A
00FD
FCDA
0D04
FAAD
FBB1
FCA9
0B69
EA56
F83E
1048
0495
F9F1
EBBD
F416
0749
02D7
1141
042C
0199
0E1E
057C
F397
FCDF
F0BD
F3A3
F6ED
0D55
034C
F5F4
FC56
1024
F980
F306
FB48
EE2B
F262
EAB1
073A
F1DE
EBC9
F976
F226
F5E5
059D
EF6D
FDF4
0EAD
0C73
F8D4
0A77
0BA3
04AC
090D
FF24
0084
0D1E
FB42
0B09
04C8
0840
075D
F4D9
F4B5
01E1
FD5C
0D47
0D7C
0D66
0AD0
F429
10A1
FDF9
ECB6
085E
F2ED
0917
01CC
F073
1058
FEBA
F628
1301
F750
FFE4
0A52
016E
FECE
08B5
EF34
F3BA
0840
0862
02B2
035C
F049
FB9B
F5C5
1E16
177C
0772
0D9F
FF6B
F931
EF7B
12D6
035E
FE9C
F008
0FA9
0BA5
F51F
13CC
F50A
FF3C
018A
0BCB
FFFC
128F
F09E
0819
0ADA
F846
F766
09E3
09E4
003B
FF2B
FD7A
0BA9
FC67
04C7
F04C
EDD4
F1B3
15FE
F76D
F20E
FEFF
0E11
FB20
06E3
067B
0FDF
06E3
F072
FCCF
1065
EEB4
F993
ED86
EE9A
0784
110A
1248
F9C9
0F1A
F207
EEF5
0F11
0807
0320
F1D8
FF35
1029
F9C7
0CE3
F6AA
EE54
1189
EDF3
F6F0
FD5E
0FDD
FF42
FC3D
0AED
FBCD
0DD3
114E
07A0
0210
0ECD
ECC4
EA60
05A9
F318
EF28
FAA7
F36B
0371
F42E
0130
09C4
F5A3
102E
F870
0F9B
F4B3
EFBE
0897
1225
F59D
EE49
F6AE
0B5B
F05C
FA48
EF0A
FED2
0DD2
006D
FF46
FD30
122A
03A9
0163
039F
01E3
0EA8
0F13
053F
0A50
F01F
EFE8
003E
0628
03CD
09E5
11C3
ED94
EC7F
0102
F378
0707
04A7
0114
0234
0165
EDDB
0972
06DC
12A9
03C6
0189
011B
FCF5
06A6
02ED
12E6
F64C
F4DB
10C6
0A47
0280
10AD
FF77
0664
0416
0080
0C18
F532
F983
0EB8
0B54
075F
08EF
0C90
FF88
1314
01FA
FADB
07BE
0858
F146
0177
011A
1184
F2DE
F472
F116
0CFF
FC25
E9D4
F323
1136
0625
0EE3
EC97
FB8A
0429
07EF
0FFC
EAF9
0953
0346
132C
ED48
010E
F0D6
FB3F
0A51
0DD8
EF56
0404
1043
FC23
FCAB
028C
02A2
FF23
12CD
F918
EE31
1026
F919
F9A6
F938
0E34
FD3E
0A66
F33B
FA53
F27A
0E71
EBF2
EDA4
07C1
F4C4
1090
F056
FF62
0577
0C8F
F727
FB18
06BF
F87B
F4B2
0873
FFE1
F3E1
02CD
0DAA
ECEC
F911
ED26
E899
F630
11CC
FC4C
FF49
03DF
05A8
FE83
0A71
F990
0EB7
0250
FA33
FC6E
0A6D
F26C
1690
FC8C
FE00
F908
0D1C
096E
07CD
F8A5
F8DC
F879
0822
F12C
0718
EFCC
FB11
020D
F514
ED8A
0ACF
FD75
FDDA
1059
FCF7
F546
F875
113B
07EE
F06D
F2B8
F68D
0B44
0E2D
0A67
00C9
0585
F343
0C69
EBF7
F09F
0FF3
FA78
F36F
0C91
09E7
043C
0144
0FD4
07FA
0C0E
0519
0AF4
068C
F0BB
041A
0476
06DA
093B
FE26
1162
0190
0F98
ECE1
124E
F0D4
06C1
125A
06AB
F289
028B
F86B
0F93
0F01
1187
09BE
F7EF
FF4F
FF05
0AB0
F720
0FA1
EF87
0236
F404
0E2C
0282
FCA3
F7BF
10B5
03D8
F8E4
EF66
09C9
0914
0531
F030
0CA4
0936
0404
0E9E
F6D4
EC3B
FDF7
F7FB
F77D
F861
F017
FA2E
FEB6
F5A7
086E
FF88
0F97
F038
FAD2
FB4D
F8A9
ECAC
03F4
F977
E589
F5E5
EC88
F69D
FFA6
F4C5
FF06
03E1
EE2A
F5EC
F717
0C77
F75A
01BC
1491
F83D
FFBE
F000
0922
15D4
F2C0
F9FA
F6AD
FB01
1230
11DD
06F8
0E00
1021
0FD7
00D0
0223
0670
0FE4
F62C
0E09
F9A1
06CC
EC99
F33B
09E7
0E5E
12E6
0328
F2D6
F68A
0C81
F765
F725
FE43
0F67
0C4C
FE66
1046
0A77
F57C
EAE2
13CA
0F0F
F0A3
F901
0530
0DF6
012F
E087
FF3B
F77B
0601
EBA5
FD05
12C0
ED96
EED9
F19F
F8B7
F9B6
0817
0BE5
F14C
F8D8
0576
F668
FF06
EE22
ED1A
F526
0399
01D3
0F1A
1705
0EF2
0232
04A5
0CDA
00C8
10FE
0366
EC56
F07A
0AD1
FD69
FD37
077D
0479
F2C5
02CC
0AB3
051D
0AF3
E9D1
007C
F97F
F11F
EE21
F812
0973
06A9
00BB
F1D3
0D5C
01ED
0446
EEE6
F711
F874
0A9C
FAF9
114A
E04D
FA35
F735
075C
095B
FF9D
06BA
0066
0252
10E4
11FE
F26B
08AE
EC62
F4AB
FA45
094F
00EC
F79C
FA05
0C33
0D18
FCB0
EDCA
F66A
F2DB
1370
07CB
0AD6
009D
F85F
F290
EFB2
108B
124A
FAF9
F950
111A
0213
1318
03B3
F007
051C
FB63
FE25
F1C2
0179
EDB8
EB3F
F8E4
FB2D
03F6
0BA5
079C
EDEE
0091
111E
0617
F3F7
FB89
FC09
FA62
099F
F229
F599
0C9E
082D
F296
08DA
FC5B
FC2F
E804
1149
0BD4
0995
08C7
EF91
F485
EE49
09F7
EDCF
0026
072D
F9FE
0E31
09CE
183E
F0A9
F482
1421
F343
FFA2
FCF9
00D2
010B
09B9
FACA
0334
F03A
FBE3
F2F8
0418
EC15
024B
ED01
F6AF
FC98
FE21
05C2
EF49
0A2B
EB58
FA6B
F690
FB6C
F06B
1601
F3BB
0ED0
F486
13D4
086C
F5A9
ED45
0232
0EAC
07DE
F9FD
F0B4
00B5
F8BC
F75A
EC68
F46F
F399
0BE5
0074
04EC
0DBD
EFBF
0289
F913
048A
0523
F093
EDD2
FCA2
F3E1
F885
0AC7
015D
FFB8
043D
FAEF
15C0
F807
0768
0CA3
0293
F61D
03C3
F5A1
F113
0B46
0A3B
095B
EF6F
F3D4
0852
0887
0457
0CAA
0574
EDAD
04AD
1015
F1A0
EF40
050E
0DDE
0DE3
FAFE
08D3
FB65
0226
037E
EFB4
F9A6
087D
0A98
F372
0952
FD85
FC80
F951
F5F8
0255
F4E3
1390
031F
0566
1008
FF9B
F7E6
001E
F824
00DE
ED27
0070
FC3D
F98F
10E9
EF05
FC1B
13A6
04E9
EFA3
133F
F3F5
120B
F84E
092E
0FAE
0F82
00D2
0445
FE0C
FE2B
ED94
0A1F
0560
0675
F765
EB38
0A6A
F3D4
F9DE
02DE
026E
EE9E
F9D9
11CA
0866
F489
10D0
F6A1
0148
0605
05FC
1823
0313
F5C3
044D
F669
0F8C
034F
E510
FF0D
FEBC
09AD
01D6
077D
F631
080D
F485
0AA6
F5C4
F183
F509
08F6
F6D2
11BF
EDB6
04F2
F64D
08A7
0A78
0A91
F22E
003C
0337
F747
F723
EF4B
0320
076D
FAB8
05A7
FBAD
0567
1301
F76C
EFD8
12BB
F85D
0DE4
FC24
FA6B
F744
02D5
FEF7
0C26
E927
01D8
019A
075E
1163
0619
EF42
051D
F644
0D50
F801
031F
056F
0F65
0248
0D6C
F0EE
FC56
EFAF
0503
EF91
059A
F09E
098D
F3DF
FD7F
EE64
F28C
0001
0875
0AD6
EE63
F7AA
FCF4
06FF
FCC1
FB9C
F80A
F0FB
FF5A
063F
FB8C
026E
1168
FFE2
13D8
1208
0F2B
0B5C
EE57
04D2
F99B
1080
F3F8
FEA1
12EC
062C
0577
FFAD
F576
093B
0C72
0ABC
EDE4
F067
14A5
FACF
09EB
0534
F28F
0EEC
021F
F488
129A
0673
07AD
F28D
1442
FDBD
F903
EB95
0606
FB0C
F244
0D51
EF05
FA3C
F891
045D
06AF
0FE8
0326
F7AD
F378
FB8B
08C2
E99E
0803
FD0A
F53A
0B9B
0A94
FF7C
F50E
EA2F
FF3A
F445
0387
1147
026D
0267
FAFA
FE12
0931
F8B2
002E
F25F
F585
0E24
02A3
1313
F7A6
0A11
0719
EE2E
F5C6
1265
F512
EEA9
0F11
0FA4
1036
0B0A
F878
0E53
F1FE
0590
ECE6
114B
F2CC
ECC8
0B5E
0DCC
F068
1133
00DF
1636
08BB
ECC5
0E2B
0DA4
0BEC
00EC
0B4A
FFB6
03EF
FBB7
10BA
F8E9
FB55
04DC
1163
F2D6
F6D8
F42D
0D52
1102
0412
EB72
F455
0FE5
0828
0BC9
F6B1
F057
F686
EF9C
0B81
06A1
ECF6
11A3
F873
08A4
0801
03E1
FC15
FBD3
F606
064C
04B3
10FA
EE23
0B7E
0594
FDE2
F8DE
F4DB
0CAF
0EC7
022F
EB64
F2B4
0721
1117
EDA1
06F3
E839
EDA0
F0A8
F45A
FFA6
F925
01CC
F8A3
0BE6
07C9
F98F
F6CF
0E03
03F2
02B2
07AC
FB8A
F4BD
022D
F328
0796
0837
F9F9
F7E6
0288
04D2
0180
FB40
0575
FFCA
0A68
00F7
02D6
F701
F098
F01D
082A
0786
F98E
0ACB
F6AA
0D07
FE7E
0F2A
0E7D
F911
00FB
F4C7
0F6D
F82F
F54A
F698
EC4F
FD8B
F8E6
EADE
07DC
ECC5
029D
F60E
039B
F3DF
FCAF
02CF
0181
06B0
0EAA
105F
F40A
FFC2
084A
F5B3
FBB6
F498
0731
FD57
FB99
10B5
0C57
F180
F037
0653
F52E
FB11
00FE
F1C0
0D46
0459
FFB2
02B8
ECF8
0D27
FD25
FD5B
051B
0C75
F59B
FA86
0854
EDCA
1341
FED1
FD8E
0340
FD01
0BDC
0859
EAED
13E2
1162
FCAA
07DF
1055
1042
0667
0844
EFCA
EE6B
05F4
02E7
FA59
EF91
FAC1
F3D5
F93D
03EA
FDDD
00D5
FAFE
F346
11C7
0B25
F7B0
0A06
0EAD
F2AC
F798
F21C
FAE9
FE51
07F1
16D1
0E84
0BDA
0DA9
F8D1
1066
FA39
FB08
089A
019E
F14B
FD3D
EBC6
EDE0
0935
1363
0BD0
F336
0686
F449
0291
056A
0FE7
00AC
EF6E
0E0A
029B
F75E
EFCA
F59A
0D55
115C
FD89
F8DB
00E7
133F
0BDA
FCA0
04EA
FCF8
07BC
06D9
0BDA
EE30
FFEC
FCFA
FC64
F675
0509
098A
004E
F5EE
F8B0
FC52
02AE
0A06
043F
FDF3
F4D6
0CAF
04E4
160A
F58B
007F
0A5B
0D5C
0848
0C05
FD95
F850
0244
0848
F80A
FAB6
F279
F570
F3C4
FD7D
0D06
0D27
153C
073D
FB9E
F332
FF91
F61E
0BD9
EB27
F627
001F
F467
F020
FBE3
F13C
03EB
F61E
08BE
F3A7
F3B7
0877
EFE0
12B2
0C37
F246
0A75
1311
F1AB
0A37
0726
EE2E
FD2E
FBD3
F1C9
F90A
0B8E
06F0
0039
F861
EEAE
F11F
0297
FE88
0796
FAC3
F036
F9BF
F9E5
0B10
05CA
FCF9
EED8
F11A
FFC6
F48F
0F32
EA8D
FA62
EF8A
10B4
0ED6
07F8
F085
F4E4
F044
11A0
009B
08ED
07D1
0E4B
1558
0957
0601
F113
ECA6
11ED
0338
10C2
F6C6
FC65
F2A5
05B9
1005
11AA
03DB
F7F7
0B05
0E3C
09E7
F89F
029A
FA5B
F9C0
FBD4
0396
0830
02C3
FE48
EE61
FA1E
0A59
F09C
ED02
FD6B
05B6
F423
0464
F84D
EFBE
F527
0453
EE99
F962
F8BE
0DEA
F722
0456
F383
0863
EE6F
F612
0A33
109C
07DC
F18F
0218
FD54
15AF
F800
FA19
0A2E
075F
F6AB
0EA5
0DA3
EC2A
0C96
F455
FC8F
0E56
FFAF
104C
ED2D
0809
02B7
F98C
FB2B
02C7
0EAF
EEA2
060B
F6EE
00A6
F506
01FF
EDAF
07C5
F553
0C6C
F0FE
0CB7
0C57
EA71
ED35
F1C5
F0BE
EB5C
032E
F7BE
07AF
ED40
F498
FF63
0694
0F74
E77E
EE41
FCDF
0026
FBA8
056D
0E91
0356
0CF0
0392
076F
EEEF
FED1
0D75
FBF8
F5C6
FD9F
02D6
184F
06BA
11A0
0DE2
FD41
FDA7
F79E
091C
0DF4
EEED
F78B
EB37
F1AB
0A88
11AA
F146
F54B
06C7
021D
0339
FB17
F2F8
F0BD
FBB5
F0BA
12A8
1056
F0BC
0BE4
0E11
1190
0F10
F270
0CE4
0CDC
FE61
0784
F760
16E0
F22F
F329
0232
F634
F2B8
04A0
0AB5
04C5
0E09
0E07
F8E0
0A72
F54A
0A9D
03E5
0E05
0AB1
1122
FA66
F134
0D1E
F266
0164
06CD
FD96
1527
01D4
F9FD
0005
EC29
F7AE
FCE5
0F7C
FBEF
0ADC
F407
EF43
067A
06B6
FE82
0BC0
0684
0952
FE0F
15BA
ED44
F7B9
F82D
F459
04EA
FF38
FE00
076B
14D6
EDDB
FB35
FE57
0BAF
F6AD
E911
F3A6
F3A3
ED95
F431
F999
047D
F334
F978
EBCA
F17A
F6F3
F006
FB75
05D2
041B
F8BE
FFC9
00B3
FAFD
0599
FA79
ED7B
F8A6
F94D
EC46
0417
FCED
116F
0607
0EF1
F555
00D9
137E
EDAE
0B9B
F61A
F0B5
0AF2
FA9F
FD7D
0ACE
F6C3
0CD2
015C
04FF
1002
F810
056B
095D
EC97
10C0
133C
019F
08E2
FAD4
FCCB
FDB4
07A2
02FC
1398
0F0E
0A18
F963
F072
ECE9
073B
0F1F
0681
1038
ECAC
EB70
06D6
F34B
0D9F
F976
0092
0410
EB87
FCFB
109B
FA1E
043A
EF04
030E
F47F
FB67
0B71
FC2B
0D50
0E4B
1708
FC91
FD01
01C9
F037
0B7C
F504
EEE9
14A0
00EA
06A5
1166
E86D
F187
048D
004A
FCA6
F42E
023B
0907
F197
07FA
065B
0D9F
FDD2
07A3
F8D7
FC5A
0436
0124
093F
F69F
027F
F729
F7D2
F1C5
0E33
069B
EBE1
EF6A
05B1
F219
FABF
E74E
F01D
0DBA
F14F
0B13
009E
F3B6
F898
FECC
0AE2
F23B
1084
EDF4
EE1B
F504
0564
F208
F126
0550
F277
F539
1986
0E68
EF58
FD31
FE24
0B6F
0BBD
10E8
0700
01C6
FEC1
04C5
F67D
112A
1380
FC81
01D9
F04C
EC63
F122
FB71
06AA
01F1
F29D
091F
07B1
F9EB
F1F2
F608
040B
FE0B
F3F6
0276
FB3F
F912
0ED6
03F7
FC20
FF19
F5B2
0B08
FC51
0F8A
F5B1
0638
06AC
0B41
FF4D
F20E
061C
0FA5
F9C0
F9BE
03D2
0C87
0C06
FD80
08F1
F829
F77D
1165
EF34
F48C
0070
F51F
FBC0
0AC1
F747
00BC
1007
F421
0922
0D07
0480
113A
EE23
FC02
FBDC
F627
03EA
E8B1
0B70
E8F5
11CF
0316
0B6E
F60D
F607
0188
EEDB
FAD6
E9C1
06CC
FCEB
0754
0BAF
0031
05DA
F3FC
0970
FA64
E93B
0632
F134
EC2A
ED60
FDD7
F260
0846
ED1C
04C5
ED26
065C
0CA6
041D
F18E
0AD9
02A8
F2C0
079B
F6CD
F472
FC5F
F6A9
F29B
06D8
FCDE
0324
ED6C
F995
0704
EE15
F890
F9DC
EBEB
FCA5
13E8
1526
1580
122C
0FD7
ED7B
0780
F427
0568
F6CD
0CB4
FF65
F811
0C21
0F34
0943
0355
0875
F6EE
F9F7
F9F9
F081
047A
0137
F958
00EF
EBB3
0F36
FB24
0974
F007
03D2
F69D
EA36
17DF
069F
FAC0
075C
F014
0CCF
F27E
FD4F
065A
ECD7
0AE7
FD45
FE94
0B1D
FC27
FB76
F43F
FC79
F9FC
F418
097E
094C
EFDC
FA8E
0E75
F77D
0A62
F20D
12D6
04DB
FB89
11BD
054F
0606
F905
FA08
F4C8
1158
0708
F360
FCFC
044D
032F
F594
01EC
0996
ED5B
FC19
0660
0D21
FB9F
F3D1
0398
02C3
12F9
0DA7
FDD9
FD85
03C6
ED1B
0E32
0984
0912
F2C8
00D8
0D80
0A6D
F7C3
FAC6
F372
0197
ED36
0D8E
FA91
0AF1
FA1A
1339
F2D1
0BEF
FFAA
04A2
02AD
F2B6
12C2
0BC9
089C
104B
FB61
0703
F866
0665
F16F
0DB4
07A7
FDF5
FBAC
0DCA
0D01
ED29
F5E6
035D
FF85
0F85
F185
F1E9
FA3D
0B16
0983
F2DC
FA26
1014
F80C
12A4
F6A1
FA57
F49B
F3DD
0B8E
0ABC
13C7
0F07
0BC9
F8AE
FC21
FDFD
F04B
ED47
0E4A
0F01
F298
EEC3
0B62
FCBD
EFD0
04B1
02B0
01B2
0C4A
0ED1
EC68
13C6
FC07
F7AC
03D0
F365
F980
0E4E
023D
F743
F883
0877
FAB7
F096
1295
0FFC
EF0E
06A3
FA9F
0FBC
FFA2
02B3
0428
F56C
FD09
F1B3
EECF
ED40
F399
F675
030A
09DE
FCAB
0C4C
0F08
EF97
F879
FA68
0D84
0E31
F552
01F4
13F4
09B7
FE1D
05CF
0942
F200
EF9A
F7F7
0369
F00C
0E77
0A5C
FD00
EE32
EB06
0E10
05EF
EC0B
005A
018F
0AAC
01B4
EC3E
1266
026A
0EEA
07DF
F854
FAD6
06AC
F5C7
FBC2
0BA2
007C
ED59
0867
F7B3
F20A
0790
F732
EBB4
0CF0
F10F
1107
ED6F
06F6
EE6C
0E7B
F6C3
0A06
F0F7
119B
0CD4
0859
FB12
00DB
FE02
1022
F5C3
0CFE
FDA6
04FD
F31E
F067
0063
06AA
F0C4
04F3
EB96
0AB5
FDCC
E93E
0862
08B0
01E9
0D20
F4AD
0AC2
FC18
0042
0648
FF28
0D92
FB31
FA43
F687
F3D4
0784
063F
03A8
F1A3
007E
0955
09DC
F462
06FA
F2FE
1042
0D04
0BA5
F292
F922
FFD3
04F8
FE81
0FE5
0795
1082
F6C4
03F1
F4A7
0C8F
E78D
0432
019B
F374
05BA
F1D5
F080
1289
FF21
FAA3
F53C
095E
00C4
F18F
E9F6
125D
FB4E
1356
FFDB
06EA
10F7
FD8C
F3A5
073E
0E83
0CD9
FF8A
FA65
FF00
EE31
08E1
020D
F232
0A7C
EDD2
EC0A
11E3
004B
E898
FC46
EB85
0C89
0A84
0CE9
12AA
0175
0513
0639
F3A9
FEF5
FA38
F9EC
035C
FDD9
FE77
0341
F6CD
1A85
0628
F6ED
F0A0
F7CE
0D54
EFC1
F594
F155
00BE
EDA9
F71D
F8CC
F86A
0096
EF94
0025
F566
F9EA
F8B5
F4DC
FEC8
FFBB
0F2F
F99E
F770
0EFB
FBCC
0BC8
F947
1143
EC9D
EF2D
12E2
0342
00EB
F68B
18B7
FFC2
FC3F
0692
0A4D
F612
0D79
F2A9
EF36
F79C
EBE1
F5D1
0256
11E3
F09E
0DD5
02E4
FC59
04C8
FA31
EE78
FF41
07EC
F55A
F929
128E
F270
1782
00D0
E837
FE3E
F8B7
1260
0E1F
F651
F289
040F
F9FE
052C
0D2D
019F
0B20
01AB
F25F
EC3D
ED5C
1198
0407
F1D8
0E6B
0A46
F69D
F97D
FDB2
1149
F23A
022A
FD72
08DC
141D
0419
EE17
E60D
0903
0F93
F9F8
EF92
FD14
0712
ED31
F047
F5FA
02F1
0F72
0F6E
0D7E
FA40
00B6
0B7B
FC99
10E1
035B
F42D
FBF9
00DD
EC82
FC07
039F
0633
F498
F328
0242
1160
F394
1217
F495
FBE0
081F
00C3
F34B
05D6
F3AE
FDEE
FB67
FDF7
0A43
ECEF
0169
0305
FDDE
0E0C
16C0
0EF4
092B
081A
FFA9
F678
1079
FCEA
0127
EC55
FB7A
040B
F466
F7DC
043C
EA2D
EFCB
0957
FF53
0031
1107
F27F
ECCD
12EC
FCE7
F870
0321
ED1A
F205
037C
0786
FA75
F1BD
F5FE
FFCB
F0FA
1AC6
12D5
FFBA
FC18
0C89
EDF7
F8B1
0375
0969
F5C8
FCCB
065B
FB36
FE13
FDCA
F0C0
0285
F521
1150
EBC4
077D
0DF3
F90E
EF86
0BC2
F4BA
F498
0A52
0E88
085B
F3AE
FD67
1041
1180
F44B
F6B9
EE38
0C44
110A
0357
0C26
00CC
EBE6
F876
0077
067E
FB18
F56A
039D
0FFC
03A7
EFE4
F5B4
009A
EFC7
11CB
E9EE
0C1D
10C8
FCD3
F53F
106A
0F3F
114F
F56C
FAAD
F13C
FDA4
F1BE
F583
079B
F04B
07F5
0063
F5E8
0620
FCED
04F7
F16A
09A9
FA95
FDB2
FE0C
F085
F1C9
0161
F0D4
F561
F7F4
F295
04EA
09A1
0E78
048A
0DF0
08C5
007F
FA41
F758
06A4
EE29
EFED
0F3F
021B
00AD
F1E2
FE32
FEE6
0F16
0941
0C0C
EE7B
0F6C
FB6D
08EF
F0A9
05BB
09DB
0233
F9BF
FAEC
1316
FB5E
F921
0DF6
07E2
F89B
FD22
F2A3
163E
ECE8
FD0B
0C6F
0D0E
F8A0
1099
0DAE
0799
07D7
0837
FBFB
1224
0C88
EEEB
F5CE
FD6E
0491
F0DE
01C4
0B52
0B77
F493
FE82
015D
FDC0
08B5
154A
F77B
FAF2
0394
FC1C
00ED
045D
F633
0524
F9D5
1667
0E4A
F0CB
05B8
FAE2
067E
F2D7
0CC3
0608
0E1B
FC99
0E95
F8D0
0B8F
F6BF
F3EF
09C3
0440
0670
1032
02AB
EC09
003D
FBF4
0472
1146
FDB7
F774
FAF5
FB88
F0E5
0D33
0A3B
F425
0D18
F6E0
ED42
F1CC
0559
1707
F9AE
1146
1568
104E
F4E8
0D5E
F794
FE0A
FDA9
FBAB
FDC4
006D
FF9C
1094
F376
F53E
F11E
FF93
F5F6
00A0
0035
FC7F
F74A
FF31
FDC0
0BDB
01B4
F9ED
08F2
0BF1
0A8F
014B
FD6D
0DF3
FD9E
00DA
11DC
0B0F
F9DC
0F7B
F9E2
02A5
0802
0C3B
0781
FACB
032A
F6F0
106B
FEB4
EAC2
FCE7
F058
1985
1390
F115
116A
031F
F1FF
FCD0
FCDB
FB52
0E54
10A2
0B06
F2FB
104D
0803
F80A
1130
1498
FAE6
0883
F7CE
0786
0E6B
08AF
FE15
0FCC
FD4F
F450
FF17
FB7D
0470
1182
FFAF
FB21
125B
F932
F1BB
F4E3
11D4
13AA
02C5
0373
0539
0C55
F53B
01A9
041D
FD9E
016C
F2C5
FB2D
1016
0311
FE05
093D
0329
07D4
042C
FF78
EB44
F80C
EE97
1765
03A1
0101
FE52
0159
07C1
0852
05CE
0574
0037
EFB8
0D15
0B7C
0389
07C5
049D
10F6
ECED
F4B0
F2C7
0E61
0B3B
F811
FE50
0128
EBAB
1683
03E0
F319
0AB1
0AD2
F3A3
02E3
1335
11F7
0F34
1246
0B44
F4F3
1019
0573
1919
08EA
114C
FE14
0867
F7DF
0D3A
04ED
FC37
FAF9
F2BA
0255
0775
0045
0834
F942
F036
080B
0033
FBD8
F59B
01B2
FF7E
035C
01F2
0964
0351
01B1
0003
F6EF
F81A
FA72
0F5D
F840
ED9D
0857
0E00
1568
0D31
F026
FE4C
11E6
044E
F860
10C1
0274
0C2C
0671
FDB7
01FA
004B
F08E
0076
F5E8
F018
0D4F
00F7
124E
F23E
011D
F8C2
F302
0DEF
F54F
1673
FE5B
FB64
EA73
07F8
0B68
099B
0B2E
F073
0251
FAA4
FCBA
09E2
124B
FD79
018D
088B
F7E7
F4C3
0C36
0CAE
0636
0A80
F50B
F88D
13F9
1522
FB1C
FA34
F4BB
EFC1
FB51
011C
F2FC
E9D5
0736
0C32
F6C0
F574
FED4
F53A
0508
F519
03BC
0B08
0216
0A34
0504
0795
04C8
EE2E
0ACD
09CE
FD05
FB74
0661
11F1
F03D
EFF9
0E3A
F5EE
1263
F123
FD8D
09DB
01E5
0B2C
057F
F9BA
1113
1562
0294
F0C0
F5E9
ED64
FBE1
EDBD
0858
EF16
EDCC
030E
0364
11B1
03AC
0DE7
08D5
FE93
FC15
0CAA
04C8
FCC4
F0C1
F565
F91B
01DA
06DD
FC9D
F4BE
F1E0
0A0C
F50B
0D97
EB75
EF14
F784
F707
0FB6
0082
1423
0861
0F5C
0E8D
F995
007F
00E8
0EC7
F8DE
F77C
FA11
F873
0481
0A35
0148
0336
F97C
EF86
FC4A
1003
0A56
FEDF
FF4C
EF88
FF38
F917
12C9
FB9F
04BB
FF87
0884
FBDA
FA82
0BFD
FF7E
F68F
F26D
0DF5
F55B
F801
0E88
EE34
ED74
1497
070C
1120
0E4C
FE36
F741
11D4
1048
0C41
0716
FE06
0B93
F2B6
ED68
F719
EDA8
0288
051A
0E72
0912
15A5
09FF
101F
08F4
FA16
09F4
F500
1297
ED81
0B95
0D16
06AA
F994
FDAC
0AC3
FC45
F002
F1D8
04DB
FE02
F9C8
F56F
02FF
0016
0B68
0929
01E2
F633
056B
FC02
EC53
0687
F27A
F783
F6D4
09C2
F20B
0C65
0D77
F3AD
F91C
108B
0D6F
0B9C
FB77
F292
11FC
0542
EE86
FA27
073F
10CB
EA4F
FF37
EDCB
092D
0626
10FF
0FD4
F781
03E9
FA68
F842
F8D1
FE49
02CA
032C
0751
F45F
FAF2
02B1
F8D0
0E20
04E9
F066
0CA9
08DF
F706
11F1
F761
FDD5
0502
EDD8
F93F
F429
FAAA
0B1E
F9A6
1593
F49B
FECE
06B9
F4B3
F35C
0B11
0EC4
F064
0ED7
0A2C
09E5
ED66
FD38
0DA6
F4D0
F4CC
FCFC
F49E
FDE2
F14A
FE5D
FE36
EA19
000D
FABB
F3FB
FBA3
F4C4
02B3
0668
F2DE
1193
09E3
F120
F639
0637
07A0
0F87
FD6F
EF3E
F64E
0B9B
EF0F
0844
F468
0113
0BB1
F2B3
0FB9
0D1C
FCCC
F2A5
05F7
FADD
04B5
06AF
0F01
0C05
11E7
0E59
0717
0015
F279
F348
EC11
F2AD
0956
F75D
0C47
07CD
F5B2
F720
F5BF
FE2A
0715
F23B
F99B
0188
F889
08AC
0471
F46B
ED2E
FBBA
0945
042B
EDC3
F3E5
13C9
FCD2
F3CB
FA68
FF62
0444
FA45
0625
037A
EFEF
F264
11A5
0955
F04B
13E8
EE22
0F7B
EE58
F4ED
FE08
13B5
0EA5
0C3E
00D3
EDDE
1493
0CED
FCD7
042E
F443
0690
111F
0A99
F6E7
0BB4
0AC5
0A3A
0829
FAF2
05C2
012B
EE18
F8E4
F6E5
108D
0E19
05B0
091E
0A17
0096
0BE7
F37D
0225
FC4C
03EF
F461
09D0
F604
0D72
F616
EF00
FE35
EAFA
0CD6
04A6
F1D0
00CC
F5B8
F86D
F78A
F2C0
F626
F23A
0618
0455
00E6
FDF9
EFF5
F1D3
03A9
0198
06B9
FC10
FD5E
F901
0EEF
F234
0CEC
F47A
FCE7
0349
ECA0
F692
09B9
F3AF
0200
0407
03FF
0A4D
023C
07CA
FE16
EDA1
10CC
F223
0952
F00B
034F
0507
0B0C
07B7
04B3
0780
F6E7
F408
FEC0
0275
F649
0D7A
F356
0310
F2EB
FF4B
000B
EF2F
0FD0
05B6
08D8
1199
0245
0C16
FC6B
EFE0
0992
0A5E
0528
0848
EEF5
E87B
F796
0463
F7B7
0165
F278
FBC5
FEC9
FCB1
F6B2
12E1
080F
F201
EF88
0C45
F91E
0758
0DEF
EDD4
FEFE
0236
FA37
0B54
114C
FDE9
FE61
F120
FF9E
00A2
F755
EB2A
FC0B
FF58
FAC3
F8F4
F11E
0B7D
081D
FCB3
0385
E83A
0A95
F7DA
0E28
0A43
00A7
E9A0
0D8C
F3F7
078D
F925
F112
EE47
EE17
0EE3
0AF2
0568
02F5
088E
F4DA
1083
0B67
F217
0552
0169
009B
F8BA
085C
05C6
04FC
069C
04B8
0773
FB97
0B33
040A
F8F9
F5AB
05B4
0FE7
F276
11C2
0095
0F7A
F965
F55C
00AE
EDC2
ED89
147F
FEAA
0C67
0F74
0377
05C9
F4D0
ED35
FA3D
033F
0526
F748
1519
EFAE
FFE9
1098
FC58
03B0
F16B
FD62
0337
03B5
F5CC
1934
1040
0EF1
013E
0B16
EB30
F550
00EC
F84F
0C9D
01A8
F66B
00FF
F339
F3A5
0C33
0B92
F7D4
06FD
006C
04CB
EF15
F4AA
F7CB
097F
FB5E
FC58
0C00
12E2
0F57
0739
0E31
ED0D
EEEF
042E
0224
1373
EF7C
F9C9
0395
074D
1090
0F7A
0591
0032
0AD2
0AFD
03C8
FE87
EF43
FD1E
EECC
FAAF
10EA
F711
12CC
089E
10E7
0847
F251
F27D
F97F
0BEA
0D3A
F743
0E4C
EF1F
EDE3
F791
F7D4
0DDE
FE3E
F869
0442
FE3F
EC4B
0AD8
FCD0
FA55
1423
FC22
0DFA
F181
0BEA
07B8
FCF4
0FCC
0393
0D78
0636
0A17
EFFC
0C89
F506
05F0
EE40
FBB1
09EB
0A42
F004
14C4
EEF8
FECA
FBCF
025A
00BF
FC83
EF9A
F5E6
FF55
06AF
0ECD
0BF4
EC18
F8E2
FB65
0081
0966
1490
0602
0F0D
FC32
0E6C
05A9
F9A3
0DFA
FA62
1333
07E8
0C3C
EF02
F35A
060C
F7FE
0666
EFD8
11B5
0F28
F5BA
0164
0761
077A
F442
FCD9
00E8
0960
0859
05F9
FF55
FED6
0852
0854
F366
FE10
1619
0468
F918
EF14
0C75
F7F1
F43B
0376
0AB9
F6F0
082A
FDC0
1362
F24A
038D
03A9
17AD
F6FA
0EA1
0F25
FF9F
EF16
FB0D
F0E4
FDEF
F992
0257
F386
F892
F985
0E39
F276
12A6
0392
FAEE
F71F
0A58
06A1
F2B0
03F1
FB0C
07E4
F73B
0895
F1DC
0C26
0402
FFB3
1000
0906
097D
FE97
0C2D
105D
F6F2
EF96
0FB4
FD8E
107E
F3DA
0762
FFD9
1204
FD9E
1168
0742
FEAA
0EC5
F784
0C51
08F4
EE27
0046
FC9C
FDE1
EEF3
F03B
F7D0
0D63
0DD5
EF2F
111D
FE14
0C0D
F67A
FEDD
F6F4
01E0
FBB8
109B
F2A7
FAD1
0273
072D
0EAB
F422
0BB1
0036
F49A
0F44
FBBA
0807
1240
0288
EF76
06C0
015C
F639
0E6C
0767
F76D
F896
F0DD
0D1C
0FB8
FD82
0749
F9A2
F4FF
F238
F257
0793
ED2C
11E9
00E9
EDFA
EC7F
EE6C
EF99
F345
09EE
F4AA
F432
FBF0
081D
1247
0C94
EC9E
FC05
FBFE
0C7D
0A64
F96B
08CA
F3FA
011C
EFAE
EEC0
0A00
1264
FE65
F279
020E
08C5
FBA7
120D
FA4E
EFB5
FB68
F8CC
0339
EFEC
051A
0DF7
EDB3
FBEF
F4BD
F70F
F734
EFF2
073C
FDB6
F6B5
FC8A
092E
0F9B
0559
0214
0813
F4D0
FA3A
0062
0BB3
0CFF
F08E
F570
0A6E
FF69
EE32
F6C9
0D70
ED98
FB1C
F4B4
FA90
ED85
0E97
0364
1279
EE9D
F123
EC99
EFD1
F2D5
FA8C
0568
0A94
0C80
F5CB
0F90
FDFE
EE31
FB8F
0628
0B79
0606
FEFB
F278
0287
128C
F33F
F86D
F3E1
EEDE
10DF
F369
02F5
FCC4
00F3
F21A
017D
F7CB
FB8F
105E
F65D
FAEF
FF23
11C1
ECA3
043E
11B8
0E2C
FFD2
F243
1354
F90C
0B09
0517
EEC1
0B52
F999
02FB
0300
1277
0E2D
10CD
0DE3
0530
EEB0
F048
00F8
F002
00A4
FD70
10EF
EE61
ECD1
F635
118C
05CC
F9D3
12DA
F1CB
0DCA
FB1C
F497
F98D
FAA0
F73C
12A4
0C8D
F259
FAA9
0274
FB8A
F950
EDAA
F2EC
065D
0072
0B9E
F323
F1B3
12A6
042F
FDF9
05C2
02B5
FC80
EEBD
F998
FFA6
0250
05CF
0EB8
0774
FA6C
0931
0779
FAC0
06C5
EC06
0C03
F8BA
0346
0AA0
F5DB
0EC6
0E57
0A86
F25A
F6FB
F5F6
0424
0E97
01B9
0B05
121B
F71D
F316
F775
F6E6
10A5
0F9E
F106
FD63
F27C
0009
1153
04B1
EE2E
FA61
F276
0D6A
F965
F4BF
F047
0449
0F06
EE0A
0E54
EC07
F504
0745
F918
FF2D
1052
0014
0B62
0935
001E
025F
F486
F182
00B9
0B2A
FB0C
ECB9
0E36
05C4
14BE
12CA
F81E
0046
F71E
107F
FC22
0213
F83C
0A56
0AF8
0902
127A
0071
EA25
FE76
0098
10FE
0E99
F58F
0F0E
FA9E
0C3F
084D
F5FA
FA06
0C65
FE78
FC75
034E
0BB2
F85C
FA34
0438
0776
042D
F476
074D
F048
0B51
F717
0797
0553
F7B7
0886
FFFE
0407
03BF
072C
F93F
0CC0
FB3F
FB74
06E9
F0F0
10DA
FBCD
ED90
FD90
EE49
037D
EF3D
0CE2
01CC
FBD1
0C78
0ED5
EC7A
F2FD
F82D
0019
0088
EF84
FCE2
0828
FB0D
F8B3
F6D0
EF11
F24A
FDFE
0367
F6B5
0735
0FE8
03DF
0652
FACC
F80D
EC14
FE66
FFB7
F95C
042E
FCEE
0144
0A64
0910
EDB8
028B
F90B
F4AB
EEBA
0BA4
081B
0DBF
0261
F97F
0130
0E9F
FF35
F3CD
F095
0661
02ED
0233
F9DE
027D
F7BD
F727
0D8A
F598
F1F0
04E9
0BAC
FB1F
0EE4
F8D5
F2C9
FA36
EEF7
F113
05C2
F23F
09B4
0907
FA15
FCB9
006E
081E
EA48
000A
FBFA
077F
01F7
0786
F08D
FA90
0828
0FE7
EF7D
00A2
EDD8
E98A
05CF
04BC
F3C4
F016
01A5
079B
F18B
FD9F
003E
0E73
FC3E
0C05
EC84
0430
13DD
FABC
F95D
0F05
04E8
F596
044B
1339
F6DF
F004
0DB2
12C8
F673
EDB8
EC93
0BDC
1202
F530
0541
0E64
F9E2
F402
0008
F306
002F
1878
FD0E
F144
E8B3
03CB
FA63
FED6
11A6
0371
0757
096E
0294
F2F7
0FAA
01A4
04F1
F8F8
0975
076A
10E1
1019
EE2A
FA89
10E0
00D3
FDBA
056C
FB07
F4B0
F03C
F9E7
FFF8
13B6
F1A1
0974
EF6C
01AD
0695
03DE
0C02
F9EF
0F80
1281
F440
0D41
FE19
0503
F187
F777
FD80
F1CF
FCE3
EE81
102B
1022
0E38
09C2
FA1A
0D94
F61F
03A8
FC2A
0675
FFBF
1313
0D26
0C7B
012B
0970
FEEF
FC2C
07CB
E9E2
EF1A
F2B0
0074
0657
0A56
FF0C
02C9
06D5
1256
009E
04B8
0706
1084
0171
0C72
EBD9
08A3
0C81
F428
07E7
F99B
08BC
09B4
FBD3
F2C2
EDA6
06CE
F132
F79F
F74F
0147
03E9
FBC1
EE84
EFC2
EEA2
0888
FA01
ED87
F455
000F
12F8
0442
00D5
10E8
FAEA
F369
04E8
FA58
F4AE
0FE2
F058
F96A
F143
0D71
04BD
055F
EFED
089B
0EB3
0F72
F45A
FE7D
0C63
0FAC
0BA4
0673
008F
FC37
0158
02A5
EC90
1123
0017
04E6
FF9E
F17B
F793
F416
0883
098C
0A18
0BAA
F8EE
0C73
0D47
0443
1591
FD06
0C02
1616
F891
0F4E
F2A5
0BC1
FAAC
F5E0
0F58
0E92
FD76
EA7B
EA97
07BE
F043
FE6B
F2D3
052B
0577
F2F1
02BE
0E6D
F2A2
F553
03FD
08A0
0A5B
02BA
F84D
0B87
0EC6
0D2C
FA68
0AAD
05E2
1571
F7FB
0D5F
EF4E
0F33
F7AA
FA5D
F11F
F4B2
F617
0656
0900
0645
0B7E
F17E
0E56
1029
F264
F1F2
F9B1
1150
0AA4
1126
1179
11BB
0444
F3AF
F58B
0DD3
0DA1
0E0A
FEA7
03B6
0D2C
0BE9
06BA
0D1D
EE19
F7F3
0F4B
0414
00E5
F904
067D
0E0C
F2DC
1068
FE86
EB93
0FE3
F01A
105E
F730
09E8
1238
0690
EDF8
1067
09C0
091F
FB48
0A92
0638
0233
116C
FF10
0D34
0E80
FB4E
07C9
FF3E
F707
1246
05BD
F667
F6B0
F353
EF7A
F210
06E4
FE8A
0D06
0D0E
F3C6
063D
0D89
FB3C
0AA5
04F3
F9EB
EBAF
10B9
F133
0620
0CF0
0A84
EEFD
03F0
0AE2
F9D9
F402
F303
0538
04CA
F84F
F646
F810
F019
FCA2
03A1
F0B3
FE35
F314
FAAF
0BAD
1021
EBB5
F3B3
1002
EE01
FB63
0A7B
F080
0DA6
F5FC
13D3
074A
FC8E
0682
F773
FB32
FBB9
FE63
FF77
0895
FD17
0F43
11BA
0D1C
F75F
0E8F
FDEA
F848
F31D
0CF2
08C5
0F68
F464
0117
0A1B
EDA9
FB33
191E
F1D9
04FE
0252
08B0
FF45
F610
17B1
0AF0
F921
10CA
F41C
F36F
0F44
0530
06EB
10F7
F755
FE45
ED08
1044
10E7
E97B
FFD8
0C20
FCFF
0B1B
F752
EE9D
F77E
F9AC
EEDF
F775
FE09
061E
F187
F296
FDD1
F714
F5A6
F1C0
FA8B
0827
F590
098B
0613
0B1E
0F37
06B4
0398
05D1
F024
F384
EC59
EF28
FE15
EF25
0D82
00D1
FB02
1376
0ADE
EDED
F720
005D
F940
EF24
EB94
099D
11AE
F887
F4FF
0474
15FC
FA8F
0BBC
F83F
ECBE
F9DC
10DF
0487
EEFE
1297
ECFD
01B7
FFF5
03A0
F3DF
091E
117B
1256
06AC
0305
0BB4
0D65
0B84
09B9
0506
F675
05AA
EB69
EE76
F232
09C6
0DF6
0F92
1104
0E76
0642
ED34
F23A
0912
07CF
F767
076F
03AA
F6CF
E743
EE14
F332
F9F3
05F3
0D89
0531
0E60
FF30
F03C
F664
19DF
09E2
F22D
095D
FDEB
F516
125E
08B3
FFAF
0B3E
039C
EEBE
0030
ED71
06A7
F736
0DEF
F6EE
F61E
003A
EE7A
F88F
F3E5
0CB3
F640
000A
FF28
0AA0
EA93
F5B3
F96E
ED10
0883
0C22
10EC
0D14
F668
F1E4
F984
EDEC
1311
0F5C
EB45
F4A8
FC8C
F88D
0B21
0A20
EC82
EF67
F07A
0A80
0261
F99B
F7B2
FFB2
0E6A
FE06
0AB7
EEEF
021D
FCD8
077B
F268
028C
FC73
0842
F0C7
0247
F11D
F983
0A55
FC41
0037
FFAC
0A56
EFC3
0205
090A
F306
F0CB
F6D8
FB97
EE37
F94F
FA6E
EE3A
F660
1318
FA6F
0884
0CEF
092C
0CF1
0F85
ED01
FD58
FDAC
EDBA
138E
00DA
F4AD
1016
076D
F5E3
EDA0
F082
04F4
FD4D
082B
F060
F961
F16F
1407
04EB
F0A8
0616
F64D
04D2
01D5
EF98
000D
0C25
04AD
F8A6
FD51
F701
0753
F6EC
148D
0F75
0729
F968
0680
16C1
1006
0DDC
FAB0
ECA8
0EC3
FA40
0959
0060
072A
05A7
051F
EB15
06FA
0F22
EE4C
F8DA
01FB
F810
0BD3
F4E8
FF80
EE1A
EC60
013D
FACC
0921
F5DC
05E2
F4EE
F4F5
FC66
0001
F9A0
0913
EE82
0E37
0FED
0BCD
0325
0FB8
0D76
F22C
F1C7
FDBB
F622
017D
F05D
0C7D
06DB
0771
FC73
F7A3
10AE
03BA
F20A
112A
FD6C
0B79
F38F
F64F
13F3
0305
0696
F6C7
F900
0688
F604
0E24
0164
F1CE
0C47
F64A
ECCE
ED23
160A
048C
F5C5
0A1A
03D9
F6F3
FBC4
0E5D
FB6C
F354
02FF
0F6C
00AA
F320
0625
0E77
F922
F190
055E
0B12
03B3
F97E
FC11
FBE9
0BCE
057F
FC62
044E
0FAA
FD97
035F
11E8
0137
0D4A
ED9E
0727
F9A7
0FBB
06D1
0EFD
F504
0857
1216
EE1F
0CEC
0111
0DF8
FDB0
07E9
1247
FFD2
EEC5
067A
14CC
F95B
F7AF
F746
F819
12C1
0359
09BD
F480
01DC
FFAD
13EF
F9DC
FF6B
F84E
027E
E878
F7F1
0325
10BB
06C2
F362
0098
07B3
0650
F436
F651
0578
F071
F3E7
03EF
0EF9
FFF0
EECF
07F5
FD5C
F843
F908
1036
0A6B
06A2
F4A7
0B6B
08E2
FE91
0EB9
F886
00D4
11C8
FE53
F853
FB2F
0F3C
F369
071D
EB53
F413
FC66
F570
0C8F
F6EE
F48D
FA00
0A84
05D8
0630
FB4F
FB48
FFDB
F961
FCA9
03E5
FFDE
0C56
1069
F3A5
F0EC
01E9
F4F8
F331
025A
12AE
F4AA
0F9C
EC4A
0156
0717
FD87
0A2D
0649
0F14
EEE8
0B94
FE0D
FADF
FC25
01C9
0089
052F
FD56
F612
F4D5
FF51
072A
050B
FC0D
0974
0A78
04F1
EF99
02DF
FFD4
FB95
EAAE
0316
EDCE
04D5
F793
F3BC
EE38
F2EF
0E03
02F3
FBFA
F760
1469
EC0F
02CF
0BD0
FB0A
0A58
FA94
F9E9
F86D
11EF
EC65
0094
F6AA
F30D
125C
FB51
1147
0A27
0514
0B66
0BE1
FA86
121B
F19F
ECAE
0C6C
03AF
0177
F829
0764
F9AE
F593
F8F6
0592
F593
0C0D
0E21
1172
EB99
F65C
F8E9
001F
F84D
F88B
F46C
0D99
077C
F1F6
03B6
F756
F07C
1173
09CA
FF97
023C
FDD5
F142
0168
F73F
075E
FCC4
F1F0
06DD
FA5E
0EFF
F490
01FB
EADA
0F28
FEA7
024B
0B0A
1553
FD40
F8A8
F893
F9CE
0099
F5B1
0ACE
0778
0690
070C
FD99
F98F
FD4B
0BD0
FBEC
FFFE
FB43
011B
F116
F27C
F4EE
01AE
EB7E
F417
01BA
020B
F9BF
F2EC
0D84
F38E
1088
FF59
F9D1
09B4
04C8
EDD4
0E60
FF86
0D75
0AD8
12E4
F92F
F77C
F734
014C
FABF
05C3
02B5
045B
EBD3
07BE
F9CD
F1B4
1040
FD99
F24C
F750
EFF4
0A36
0A68
F487
09CE
ED5D
11B7
F865
0E56
FD43
FF0D
079C
026D
0D43
1166
F686
033B
0875
0021
F093
FAEB
F68A
0A9E
033C
053E
FC41
0747
01C7
04F6
0501
EE02
0C66
EDEF
0054
0718
EF97
00D9
01D0
EBB4
15C7
FED0
EE62
F6E5
013B
1346
04BD
0A81
0A18
F9CD
0490
F98E
EC45
11D0
F555
F64A
03BD
FC80
0AE0
0637
059F
11B7
F3A1
0741
1011
0DB6
051E
F962
0726
0A02
FFD7
FC47
12DC
0106
FEB3
F284
F8FE
F091
0895
F3BA
F274
020E
13EB
10F0
EF15
0994
F1C1
EC73
F67B
ED3D
FEDF
05BC
F08D
0AAD
F7BE
11B4
0AFB
F621
FF62
EE91
030A
EDBE
0CA1
ED5D
F92A
0F65
FFB4
09D9
FA92
F5AE
0368
0A58
0AEC
F1A7
FE6B
0F8E
03AC
ED52
FDC9
EFAA
ECE0
06FC
F9D1
F81B
0F05
ED45
08B1
02AE
0DF8
F5A8
F1C8
0A0D
FE8F
0102
00B2
0EED
0AEE
097B
0BA9
F057
FA6D
0687
F8CB
EBB0
1037
FC82
0997
FD9D
F6F5
0B0F
EFB5
0198
1316
FCB0
ED50
0795
01A9
FD95
F727
0BD6
FC42
F5D0
ED73
F405
EDC1
F2B4
FFF1
F701
0A2A
EC4D
F5DB
EC0E
F2A5
0EF5
FBAA
FF9C
08D7
0DE8
1311
0A4D
01FB
01AD
0E35
059E
0B86
F706
10B1
F529
F7CF
0AD0
F9BF
F1E4
0B76
0F04
FACE
E955
F407
F1EC
EECC
0B18
165E
F9F0
0A28
169D
0C08
0908
169E
0C35
08E1
FE74
1089
05DE
07A0
FEAB
09FF
FD92
113A
FEF7
0B26
048D
0AEB
09BA
F321
FAE6
017A
F80F
ED59
05CB
03F9
035A
0948
03E6
FDEA
FB0A
F22E
FB7A
04AB
FA1C
0A41
ED5C
F329
FD3C
02A1
09AB
F880
007E
0921
0C80
F646
0718
015E
F13D
08F2
007D
0B7B
F03E
088F
02A8
FC41
ECFD
F835
0145
04E9
01C9
0138
0BB4
F8F7
F8F8
0348
EC45
F2B3
F67E
0989
FF82
09C3
F56B
F3D8
E9D6
FAAC
F35D
0911
F363
FC11
F99B
18AE
F1CA
0013
0B79
FA87
F9C7
0455
05C5
0B8F
08CE
07D3
0775
056C
0F6B
064B
F817
0933
F5DD
F835
05A6
0B83
0070
134F
FF62
0FC4
036A
FF1B
0C59
1108
FB6E
0C2C
F2E0
F601
0112
041A
EDA1
0FA3
017E
02E1
EC6E
FD34
0E68
011B
0812
0A71
F034
07C2
FB95
0D73
0D90
F6A8
0E4F
F1E5
F868
09D6
10BD
0CAF
F362
F547
0BDD
F98C
0F23
0B16
0C6F
0E19
0CD3
F046
EC47
FAD3
F393
FAA2
F649
FEA1
F095
F575
09DF
0AA8
04DE
FA5D
0BF8
FA2A
FA5E
F917
08CE
FD92
1266
F4B3
0447
EE9B
F484
FC56
00C6
07E1
0D09
0231
0937
0054
072F
F181
0840
0C0A
03BD
02EA
06E7
109C
04BC
00A8
075E
0691
0A9B
FE9B
023F
F8DA
0997
F96C
F09A
0BE9
F5A3
0447
04B4
F426
F720
103A
F468
F09A
0A6D
0713
EFF3
1127
FB3A
12DE
0693
F557
FE9A
0600
FF75
F72F
FABE
FE83
F710
08D3
F35F
0F90
F74A
FED7
0A40
0AB2
04EB
073B
F92F
0E28
EDAC
ED83
EF81
EFEB
F73E
0260
050F
FF36
0E2B
FA0F
0567
0BFB
1078
F8E3
0C68
1150
F3BA
02FB
F437
FA94
FBF0
FB22
FC67
028B
F514
F2D5
137D
054D
02CC
06EB
09E2
F611
F4F7
FC81
0ABC
F64F
00CE
EE35
F8C0
ECDB
0892
F86F
F8DE
0302
0836
F60F
0371
08BE
0922
FF9C
FC0A
F161
039F
1541
F724
0D37
FDCF
F9D9
FA47
FBE9
F459
FE08
F1C2
F3BF
F02D
0582
1248
ED1F
031F
10A3
ED96
ED20
F2EB
0438
F839
0B51
EE78
0788
F8A7
FB1F
0246
0234
080A
F0FF
FD26
EF72
121E
F582
01D0
0D0D
13C8
0552
0FF1
ED95
002E
0085
1535
F2A2
08F6
003D
FAE4
0C97
F7B1
02D5
0428
FEC9
FD45
09D2
0B78
0514
ED61
00B5
ED9B
FA20
F098
1010
FCA6
0EFE
0171
F0C2
0061
0820
03CB
F337
0285
FF8D
051F
FEBE
F8BC
09CB
0E70
F67C
0539
FA4F
F5C0
F000
F805
02BD
FEC9
F9EF
FCAB
FE2A
09B3
F857
F178
09D1
F161
FA2E
02E2
1449
FDAD
00FE
FE42
0DCB
09CD
16BE
08F2
F2D6
07CD
F667
FB28
EB8D
F8FE
05A5
0032
06F4
F7D4
0234
FAE0
0CB4
058A
F5EE
EFE5
11FA
F9A9
FFDA
FC14
048A
089F
00E0
0F36
011D
0787
FAE5
0B1C
0DDD
F5ED
F7A0
0F50
F213
F3CE
FFAD
FDEB
F5BB
06B4
F32E
FE10
0157
098E
F0F1
F931
FE03
F23F
FFB1
0B42
00BB
019B
0876
F2FD
F8D6
EE21
EC59
FC2C
02F5
EE64
1024
FD22
107E
0356
F764
0CAD
F74B
0005
F4B6
EFE3
FE21
EFB2
0161
0DD7
068B
F69D
F554
0ADF
F6FA
F98E
127F
090F
FDEC
FDD9
EF20
EE14
056C
05A4
0DFF
01D0
FA42
F75C
0181
FF4E
1126
F041
0CA5
09C9
0AB7
0B26
FF8D
011A
F672
FDCE
F672
08AA
FBD5
09AA
EFB8
0D3B
0222
03EE
115C
F4A4
00AD
F1A8
02A1
E9B5
F090
E908
F865
F71D
1296
F6A2
EE4E
1319
F429
0E8B
FC66
FCBB
F27B
00E3
1278
0B1E
F050
F534
0DD3
FFE6
FBD2
FDC1
F764
0A51
0A29
0CF9
0300
F49B
F762
0F5C
F8EA
EE96
0C22
FD3C
094C
FE1A
02D3
F50E
FE22
F6A7
11D4
F998
03B9
FCCA
EFA1
0749
0B05
F758
F746
F794
01C0
FAFB
F5F8
0C4C
FED0
0D49
0C0F
EEF5
FB82
0967
066B
FF6B
EE49
FB45
EF5A
0CD6
0BCA
06DD
F87E
0C12
FE1E
F3C9
FCBB
F01C
0C06
F329
FB7B
0EB9
0465
075C
101C
FD76
0E62
EFCD
FF76
FF98
F2E3
FB81
0869
FFC6
069C
159F
012C
FCF6
0352
0F13
0CF0
09F8
034A
01BC
FD2C
07FB
0DFA
E7F5
F203
F89D
085F
1061
F36F
F0C7
F440
0117
F45C
FFF7
12D8
ED0B
FC3C
063B
F5A8
F89E
0A28
EE03
1007
107C
EC5A
08CC
FAE4
F397
01F3
0750
0F81
0519
0CC7
FFE5
F917
FFB3
0AA6
091C
0340
F176
F1C4
FFF9
F900
FBBD
07F8
0788
0BD5
F26E
FEE2
026A
07CB
0924
FFF2
F488
0834
F801
FCA9
0691
F911
F009
1145
FC7B
04F2
E87A
0456
F3E7
0415
E934
F647
093D
165A
F32E
FB88
08DA
F1E1
0CA5
0BD7
F63E
EF69
ECC6
F6CE
02E6
049B
F4B6
06D4
EA69
FD69
F423
F7C6
131E
F091
F40D
F896
FEFD
0ED2
08AC
1236
FE99
006D
05D6
F89C
F8AD
0A39
FDE6
0828
FF63
0587
09E7
F430
17C9
FB39
F0B2
0AC8
08AC
FA16
02B2
FD82
ED10
0E7C
1565
F554
ED87
F987
12F5
F40F
0C04
00FD
FD85
FF63
ECEE
091A
F1D7
06D3
03DB
007E
0F1D
0A1D
137E
F471
005C
EB2C
EED6
F3FC
0B6E
0185
EBE9
0C63
0E9C
FDFE
EC5C
1067
FD0D
E8C7
0CAC
FA09
F1E2
F1B2
0C9F
0931
FEEA
00CE
FD93
FB52
FAAB
EF7B
019F
02B2
FA20
F12A
FF67
0BB6
F7D1
F423
0F9C
F7D8
10D2
F1EA
FBD9
FE71
0A1F
0E6B
F2C0
F31C
1830
0C77
F73E
0904
0343
01B3
F6AF
F3A7
E969
0BF4
0D05
EFC9
F07E
EE4E
144D
0E9C
0B88
F18D
0369
FEA0
0BD3
0A61
042B
03E6
F45A
FDB7
F038
F6CC
11E0
1123
0974
11A0
0A47
FDE9
0D05
17A0
044C
0B75
F892
1088
FF0C
0F8E
090F
014D
1100
F288
0326
094E
FE61
0EE3
0A98
0991
1204
0477
171E
FEB6
FDB9
FADC
F669
F2C4
ECC0
FB5F
0059
04BC
0204
1185
0EDE
FFAA
FCF2
F4A4
0154
074E
05FD
0648
FA4E
0351
06D2
EED1
1468
FA43
0632
0036
FDA5
0C25
FA4B
0F74
F334
0358
01B4
F2FC
06D2
0068
05AB
F945
EB98
093F
1139
F83C
F7B1
036C
F6AD
0BEE
F64B
F084
0A83
0A02
1264
FE1F
00F5
0438
0A8C
F2A4
FE1D
FE66
F180
F0D7
1509
F103
046C
09C3
F33B
EC83
F2AF
168B
0A22
00B3
F31B
135F
089A
0F7D
0C0B
06BE
0279
1031
FA65
F285
0037
00D9
F7CA
FC80
0698
11D7
04E0
F159
FF5E
EDA2
08C9
1080
FD1E
0557
0BFE
0BA2
F8F0
FC1B
0F0E
0553
106F
1154
10FE
0837
0A13
139D
FAEC
0032
0943
F41F
FD02
0950
0DA5
0027
092B
031F
101D
0F4E
F131
111D
0C7F
076B
F003
E9A7
0B7B
F70A
0186
15E7
066C
F5AC
08CB
1518
EEB2
0BF6
0C24
0F77
032D
F2C1
0461
F9A5
F949
E8BD
11AE
00FD
0C7C
F7A0
0991
F34F
FD33
0902
0A4D
0D58
F964
F841
02DE
F871
EB8F
FA08
F6A4
FA19
F808
0930
F4C2
FBCE
06B6
FAFD
1173
FAA2
0798
F605
04A8
EE71
0DAC
0357
0E29
EB1F
0D86
0676
11C8
0064
F7CA
052E
F093
F44A
F30B
EE87
0DF5
04AC
FDA3
FB93
1092
06D1
FC39
EA6F
F5F6
0841
EDD9
FB3F
EFA2
0E79
0167
074A
FAAE
F013
0F06
0CA4
FD71
0052
F45C
060D
12B3
FC20
FD25
09D9
028A
0A00
EB5F
07F7
F61A
F83C
FB5E
F3D5
01DF
0F7C
0919
F3CF
0E6F
F152
F399
0A64
0FE5
F40E
06C5
F84C
0C87
EEA9
ED33
113E
FF5F
F9ED
0E45
107D
1101
074D
EDB9
091F
0787
02C0
F566
08D8
0098
F14C
FCEB
FCED
04B9
146A
09F2
F314
0F4B
F742
F897
106B
0F55
08E0
F4CE
EECB
013B
FE4C
F0AF
127B
F216
0248
F759
0F0D
08AB
1053
0059
FAE3
F775
FD60
F965
1381
ED6E
FCE1
F738
08C2
0F95
1240
FD7C
FD4F
ED7A
F76C
1160
FBF7
F442
060D
F067
05A1
FB93
00AA
ED17
1227
EF3A
F9D7
FD53
0208
0470
055F
F61F
F263
01E9
F62D
FD61
FB87
F4D0
0598
0BA3
05B5
FDF0
0096
0DB2
F993
FAD1
09BB
F51C
0032
F347
F870
0E87
053C
F7EE
EDC1
116C
F8D9
EE29
F7A6
F5A0
1444
FE1D
12EF
03FF
FB10
EF16
09E6
06C8
061B
0D50
EEDA
F276
038A
EFD5
ED2B
0D77
FBA7
0FCA
FF11
F0E5
1063
FF78
F222
0878
FAEC
EEB1
F11D
F8AE
FBC4
FB4C
0B0A
0A12
F36A
F2D4
139E
F70F
F29B
F3EC
EDF5
F689
0FC7
EC74
E7B5
FE8E
F87E
076B
0A5C
F060
FBC2
0B2F
FE4A
EDE7
FF80
FE16
EDD1
0104
0A89
F22D
0D1B
0A24
FA3E
1037
0369
0342
1310
F68E
F979
F580
FA05
F080
ED79
0072
F4DF
F537
F379
FD35
EDCD
EA8C
FE30
FFFA
FFA8
EDDD
0A55
F7BB
F947
097A
00D7
15CD
E918
FB60
00FD
EE4A
F81B
074D
FAAB
0411
FFE1
F8F4
13DF
ECE8
0790
F7FE
EF32
1378
FF6A
ED71
0539
0536
04EB
1932
0043
F7D2
130D
F7F9
0EE2
0634
F937
F334
0127
0D17
FA0E
022D
0534
F7AE
0634
112C
0E56
F9F5
0A32
0B89
0BAA
F07C
0E85
036E
0D12
0527
EE26
10AF
12E3
FE03
002A
F9C8
F338
0DBE
0BF8
EE25
EDAF
08DC
05DE
F906
0F29
0A7A
EB70
0A1B
F0F9
0041
FD6A
FCD1
0BA5
F5AE
1381
0DB6
061E
FF33
F709
09BD
F98C
F40C
09BB
0E5A
EADC
0BEB
F59C
091C
F6D8
EC42
F07F
05B4
06A5
013A
FCB8
F1E6
09BC
1529
EC6A
F978
12F7
F929
F929
0DB3
11DF
065B
0586
046C
F173
1484
F5D2
F50F
FA4A
0F4F
075E
F56A
EC1E
FC9A
0BD7
08BC
00BC
F1CE
F7D4
0D59
F1B3
09CC
FFA3
0CD9
F627
0020
0010
09B0
0B41
0332
EFCC
F116
0BFA
EF51
FE04
FDCF
FEA1
FB64
F195
144C
F702
1043
FCC7
F7EE
F5B8
10D3
F442
F16E
0AA6
F374
06B5
0ABE
136E
F9D8
0EBD
EEF8
F1C9
F450
FC2F
0A49
0BF0
EFA5
0AFC
0AB7
035F
F353
F349
1265
F06E
0BCC
10A2
08B6
147B
103C
0114
F48C
FCE7
F69F
F0EC
0E6F
FCE8
FB08
FE74
EE63
F327
F151
FC8C
F8F2
08EA
14A5
01C6
06B3
EFEB
F81F
FF04
FD72
F0A9
F27A
F6E8
1076
F521
0428
EE7B
FD89
04F2
0251
ECE9
01BF
079D
11F9
E722
F0C9
041A
0A11
136E
F888
F210
01ED
FE18
0360
13A6
0886
0823
0E3D
F03F
070F
0B6C
0B87
1176
F026
FA48
0E1B
EC5C
F4C4
FD60
EFD8
1134
11AA
F7BB
0D00
EF11
1027
F6EC
FAD1
06C6
0464
0511
F522
0597
F333
FB9D
F866
F103
FA78
F481
0DA2
FE3D
F948
F991
F686
FB85
0998
086F
FFF7
F06B
0A5C
FB3D
0447
0705
FFB4
110B
F623
0B07
F558
F80F
FBF9
F7CF
0A61
076E
FFA6
11A6
0898
0502
0CDC
ED5B
04BE
ED04
F3DB
FC8F
F376
0C28
0992
0878
F3B1
F311
FC9F
068C
ED70
F225
FF66
0F57
F209
F818
FCBB
F473
FBFA
0033
0B23
F71C
0512
FE65
EBB8
FA3D
EE0F
FCDE
F2DB
1184
09D2
FB8A
01CB
EC5C
003B
FA86
F290
04DA
FBCB
10D9
0EB1
FAC3
F1C5
03C1
0577
FBA7
0D57
F6E8
F869
02FF
0475
01BB
012C
F204
FB4F
0137
F767
0A1F
EB28
0268
F955
124D
026D
ED76
08B0
EDA2
FAFE
12EB
FD45
F98C
F0F9
F6ED
FC78
0754
FB4F
135B
14F1
FB06
0960
F942
F4B3
F295
FA18
0E50
0C42
FF20
084A
EFC6
05E0
FF88
078E
F79B
017E
F323
0338
0626
0B70
0F9E
15EF
0EA5
FA2C
0018
0374
F1F7
11BE
07F9
F001
0A03
FD85
FDDF
0B4B
15A0
05BC
0F23
FBC4
0BB8
EFA3
ECD6
F54A
0266
0659
F944
ECD5
F2DD
F863
FC6A
FC69
F592
0A72
F820
EE91
F1E1
F531
F2E8
F645
F372
0392
F626
E79B
FEA7
F194
F683
FB16
FEE2
F309
0775
0B9E
F2B6
F08D
FEC3
0894
0C16
FB20
10F2
0131
1089
0DD4
0565
F673
040E
FCEB
E8E2
0F8D
FFF6
FDA9
FAF8
0190
1587
0D37
F901
0419
F948
0490
ECB5
0395
0A85
F784
0F2B
0B27
ED0F
E840
FDAA
F1E6
F950
FBC7
F336
F65F
FC30
0501
FEDA
0943
F323
084D
FED1
05EF
04E1
F44B
F516
FC78
F9D5
14E2
F9A3
0E85
0755
F46A
09A4
FC6B
0589
F2BC
0CCE
F479
F294
061E
0044
F71F
F9A1
031D
0BB2
000C
FA87
08EF
02B6
051E
EF87
05BA
F24D
01E0
1445
0295
0C3B
F84A
16E5
0D7F
0736
0FAD
FF3A
FD6E
F74F
F966
FA5E
07D7
FA2E
F50D
EC6F
F3DC
011B
034E
0904
F6D8
ED4C
F330
0CDB
03CE
F880
17AF
EE32
16A9
00A9
04B1
F1DF
054E
ED26
0A5C
EDC2
F52D
0C14
F7E8
FBAA
05A6
085B
0661
F772
1470
FA02
0367
0042
028A
F474
F87B
0A73
FBB1
0DCA
F467
0BBD
06CE
0758
0085
040F
EA07
FF9B
F02D
0BB3
EE6B
F0A1
06D1
1517
F655
FE2C
FDDA
151B
0283
F0EF
ECF2
0504
0BA0
0798
00F7
F84F
F3AA
0B12
0C84
0D9E
0E56
F12D
038D
08C5
05F4
0846
08C9
F36D
1616
0233
ED23
E992
073E
04D0
F2CD
F948
FD77
0748
F9D5
F637
EF31
F00A
0919
F021
08AB
FDFB
FF57
0774
FD92
0E15
07C3
F51E
0510
12A5
F0B0
0B34
0403
F440
FFEC
EE32
FB19
FF45
F79E
F92D
FC1A
0882
05FE
FADB
06ED
1114
0824
FCD1
0F4C
FF81
0CE6
FF2B
F114
0D49
0068
0C3D
0F00
F195
F911
FF7D
0D68
FDBF
FE2B
098C
0E53
0D7C
11BF
F8C5
FE76
FBB2
F065
0F3F
053D
053D
116E
05AB
FCA3
EFE5
F8B6
00D1
F822
1033
F977
F0CC
128B
0CF4
F214
052B
EE1F
1159
0C82
07F1
0508
FF2D
0148
0737
EDB7
F583
EFAB
070C
F121
FDAA
F65D
0DC5
05C9
EFF0
03ED
FD9B
FEAE
0CA7
007F
0C8D
F685
131C
06A4
FAFF
103B
0CC2
118E
05F4
03CE
FA2B
08A8
07D5
079E
F4FE
F527
0958
EFC3
0921
F8AB
0DDA
FE73
FD50
01D8
0617
F4E4
F4C4
FC6F
FD3B
01EC
F47D
FC2D
09C7
F691
EF53
04EF
F7AE
0C16
09AA
0C40
F9A7
0F61
03CD
02CD
F8F3
FAF5
FFF7
05E6
0118
EE52
FD91
06CB
F936
F259
FE20
F0A0
074C
FD34
0D54
0EB1
F8B3
03F0
02F9
0A67
0D69
EEC9
FEDF
136E
F0D9
F4F9
0ECB
0088
08AC
0F43
05F9
FF8D
FE7F
0AB6
1354
0B2D
0C1D
11D6
F3F3
10B6
0CFC
0D90
1221
0F20
F804
0D73
0603
F7E8
FF9E
F6DD
0264
F596
FDA8
0538
EF8D
F135
0702
FBFB
EC2F
F86B
F210
FFA3
EC5A
0960
0222
0682
08B9
EFFF
0D1E
FE3C
0D69
EDAC
0471
F899
0653
F26B
F5FB
0573
F110
F3B9
FFD0
FD2C
0D87
F5A4
FFB9
02A6
0652
07B1
F1F8
01F6
0DD2
107D
F47D
F62A
0991
00A8
F9FE
07EA
EC47
0C7A
109D
05C2
0CE1
03F3
F6EA
126A
EFB9
F66F
01D8
11DD
029B
F9AC
163A
0134
F267
0200
EC00
0767
0872
EC00
06B0
E856
0920
FB06
0534
01C3
09E7
F951
FA20
0E6F
0F8C
F1A7
131F
EFF3
00EB
0F1F
0D7B
015B
09E0
051B
11A8
03C1
ED80
07FB
F331
0446
F23E
F4DA
105F
0997
1485
0D23
03C1
02E7
EE0B
F802
067B
FA8D
0D4C
EA82
1344
F4CF
0B90
0662
1837
1283
FB0E
EDAA
F0F6
0065
08BB
0DC8
F24B
F320
FE35
EAE9
0C78
EA46
06CA
0857
F068
080A
E7F7
0601
0618
FA69
ECFD
EF4C
E8D3
07CC
FD7D
F9D0
FC81
ED15
F1EE
06FE
F835
0210
0E0E
F90A
FF25
EBD1
0E84
F4DE
0952
E972
0682
0262
F5B2
FA36
015B
F2B5
FC9D
10B8
0BFE
00CB
1130
F624
0C4C
00CF
FE0A
F83D
F3A4
F492
1063
0963
06F7
0E00
0E53
0145
EFFC
FD8C
1302
FBC5
FE5F
012C
F407
119B
F398
F60B
FD97
0914
08D3
FD12
08FE
F037
FAA4
12F5
09D3
108E
EC41
0AE5
03F8
F4AC
056D
06AB
F638
022A
F45B
F631
020A
0BED
F299
FEF2
EC07
0DE1
F9F1
F7D9
08B1
EEE9
F974
09B4
06AC
1251
FC44
132A
FD4C
1109
F8C7
00EC
EFF7
FA19
F9E0
EEF8
F189
0A0F
ECBE
FAD7
F6CF
0111
07E1
FC19
0713
0C76
F3F7
031F
F67B
10E2
FE56
0FFB
10BC
0CF9
11BC
0590
0436
0205
FE52
09AD
F91A
00CF
03E5
FE99
09A5
0FAF
0D88
F9F8
05DF
F760
FD7D
F662
F13C
F545
ED9B
0A05
172E
01C0
0218
FFF4
0327
0594
0363
EB06
FEEB
FCCF
10C0
F569
0979
12E6
FEEC
F4DF
F55C
F54F
0AFE
09E1
10DB
0B37
02FC
EE3C
03CC
0603
F383
02D8
063E
FE0A
0CB0
0581
F13C
F100
F208
1315
FA2B
F588
10A1
036A
FC6F
FA4F
F8EB
0668
F0E5
EBAC
EC20
F117
0B11
096D
10FC
10B7
F3C5
F9B2
0DA8
0421
091D
0820
FF5E
F524
FA1D
EDAF
FB2E
F5FD
16EE
0F94
FC3E
0797
0956
0A09
FC1F
F7AB
04CA
EEBC
F051
0862
F2AE
FCBB
F068
01BB
F939
F3A4
088E
FB76
08C3
116B
F716
FCCE
FEC9
0C0F
F115
EEE1
1136
FE9D
FA83
08FD
0314
FDAE
F48F
016F
FB49
0731
02F9
0FFF
0D92
03BD
F5F9
FBB4
F571
FA3C
ED01
EDE8
0819
F65E
14E9
F835
0487
FCA5
025F
13E1
018A
0CBF
F544
FC96
02B2
0775
00FE
F3FC
145B
FE0D
FF57
0197
0FAD
F7EA
142E
08D6
FEF1
F600
F14A
0B2E
0EFA
FA41
FBCE
0979
0EC6
0A24
02C2
F06A
0F34
098C
FD1E
F2B8
071F
02EF
F703
F643
13B7
F16F
06DD
F1BD
FA54
05FB
1095
F2DB
0F71
ED09
EDEF
0B9C
0E69
ECF3
0988
F3AF
F9A1
0687
05AB
00D9
02B1
09C6
0F41
08A2
EA85
F477
1262
0660
0CBD
F582
F150
F134
066A
0E93
0B7F
005A
0A2B
0873
F786
1796
EBCC
F57D
F58B
E87B
F8DF
F5F4
ECEA
FF3A
0178
FE5C
089E
F99F
07D9
0DC0
EC49
FD5E
034A
0E52
09AA
0F6F
01E2
0BA8
068F
EAAD
12E7
F76E
1734
0203
0A0F
FFFA
F49D
FEC7
FE1A
0700
ECBF
0F46
FEB6
0437
12A4
04B5
021C
F7D8
10CA
055E
0FE4
00D0
F79B
1049
0095
038B
0669
FC54
0B7B
04F5
F64B
0591
F5CA
F57B
0511
040F
07E8
FC96
0418
1A2D
0187
F9BD
F6CA
05AC
EE90
F868
09B4
12E6
FC0D
F302
0073
F1C1
FC28
02D1
063B
0F9F
FCD8
F731
F07F
10F2
029B
1C76
F8E1
0F9C
051B
15EC
060C
F0F5
0CAA
F895
FD12
11E4
0934
F1EE
F551
0F25
F7FF
011E
F0AC
0335
F83D
FF72
003C
0393
0B46
0C52
094C
F9D9
F48D
0CAC
0AF9
1156
046E
049C
ECAA
04A7
F5E8
113E
1280
F2A7
FE76
0BF1
0345
0CAF
0211
EF14
FD80
F686
0861
FE18
FA5C
0CD1
F6A2
F8CC
00C2
0423
EEAF
F386
FEE0
0AD3
0604
10FE
0721
0C36
FFB9
011C
F45B
0F3A
EF4D
0030
FB10
F524
F70D
1197
F294
F668
036D
F62D
EBF1
1114
FEBA
F35A
FD74
EC2D
FF9E
F31B
01E1
F2A8
10BC
02CA
0A81
FC8A
0478
E8F6
EB60
092D
FE3B
0597
F258
0692
ECF1
F604
EE25
0E77
1A6C
F27C
04E7
FF2A
EF32
0FF0
F0F3
05E7
F659
0CB5
FA30
042A
086C
0CFD
0C5C
01C6
F9C5
1007
F2AC
F6B7
0020
1476
EF9D
0DB3
FC0D
0D9C
037F
F5B7
F82D
FB1E
FC18
07A6
0F80
FFA0
F875
1006
EBDA
00DA
ECD4
03E7
00EA
03B6
0DDA
030B
0BDE
0D35
1326
06AC
EE31
FE3D
FA50
F150
0E2F
E774
FCC8
F6A6
1332
F103
00AB
FCBA
0AC3
0B91
F5FC
0FE0
196D
0C71
0DE6
0BB1
137F
F211
03E0
0224
F2DD
FE2B
0BAC
FAB1
F701
0D46
03EC
F973
111D
F587
F6CD
EFDF
EAEA
01C7
F1AD
FD15
0FAD
1203
F1F5
F2BF
ED99
FF03
F462
FE56
05AF
098F
088E
F22C
0F21
ED1C
0831
F3CA
07D8
0C3E
0204
EDA0
F63C
0A99
0BA9
EDAD
03A6
F612
1142
0611
FFFC
F66C
0C6D
EE88
0FAA
FDDC
FFED
023E
0FF8
ECEC
F531
0559
1144
0AEE
137D
F8EA
056B
F088
0F13
082C
ED75
EE61
0C66
0E57
F6D8
0E2E
0BFF
F22C
05F6
0B94
0455
0F0B
F137
F2D5
0CFF
0C0F
F3D4
F307
12F0
0802
07FD
0EED
0133
0127
FD3F
036A
02A7
F7A9
089C
0D0A
FF4F
1231
FBEA
F2B5
F7B8
11BD
0108
0AD6
F9CC
FC3F
ECD6
0238
0B4E
FDCF
022D
EF40
FCC0
0EB2
EFC4
FCF9
F6CD
13AD
FA11
EBE5
04D5
0036
FD7B
1616
FFDD
12AB
FE0C
0428
0DBE
FA79
FA49
F29D
0B33
EE4D
066B
FAD9
09F6
EF4A
FFC0
F456
F265
EA72
0FBD
EFDA
09ED
F9C4
F234
0A6B
0A58
04C8
0A7C
EFBA
06D9
FFD1
0990
0776
04B6
0FEF
108E
EF07
01D8
09E2
0A4D
09C9
F760
F9A8
F629
F6FE
0907
0270
0974
EEBC
0322
FDA4
F30F
07F7
0156
F073
F56D
0E2F
0FA3
F0F6
0C7A
EE6A
0F68
0F6E
F9FA
F847
0BEC
F22E
01AA
F532
FF88
05A3
0B7F
F542
0B51
0A20
F163
10F6
00EB
F089
ED59
FFBD
F79E
1146
EE00
FCE5
FC64
EF1D
F4A6
00A6
0B8F
F31C
0F9D
EDA5
026C
FC12
F836
0C33
0D42
0459
F73C
0754
F591
EEB6
F84B
F21F
F002
F0DA
FE6F
052D
F86F
05EB
03E6
09B7
02E0
F1F5
07D2
151A
0D91
F884
0D7A
ED71
EF36
0572
F447
0A9C
F6D1
06B2
FC9A
F36C
FEC0
FFFE
077F
0191
F6E8
0817
0D5A
EB4D
FBD5
0753
F63E
100F
F3A7
0B1A
F5F3
0AA1
FC50
063E
0F80
059E
E6CD
0346
FFE5
F83C
07A0
07EA
0F7E
0186
F595
F893
08D3
02A9
0323
F27C
FF6C
0C65
067B
078D
F63B
01D3
04DE
FEA2
FBD0
0B58
FDBC
1374
F038
0F97
0D1E
F4ED
0E90
FF07
FEAC
0263
ECE9
0C64
FC03
FF6B
F284
0BBF
FB44
F134
F479
0F5C
F176
F3E1
F05F
EE73
0315
0AFB
0AC4
F273
F2E5
EDF5
1245
08B6
0162
FE5F
EEA2
EDF6
EE6B
0295
0078
FDDF
FE27
081D
EE5E
0878
0A43
0A27
FF58
F5BB
03BE
01B3
F2E8
08FB
0E8F
0ED7
023E
0EB0
0EA1
F437
0292
FFDD
EEE8
1148
05AE
EFDC
F94A
0A8A
0741
F9C1
EF4D
0310
F8CB
F7BB
07DC
097E
F9F0
0FDA
F63E
F517
F25E
0ED7
EEF0
10F3
EB60
F052
F7BE
14A1
05BF
FF69
04A7
F28F
EBD2
EFB0
04F0
0737
039C
F508
F4C6
01C8
F305
04B0
F88C
F23E
0CB1
0AAF
0B38
FB4E
FB1F
EE74
F707
ED66
FF18
FB53
F2D2
F173
0C06
0B70
FA36
0D38
EE95
F4C8
F7DB
0660
F729
09EC
03A0
0E12
FB20
EE26
F9BA
0F52
F3A1
FCAD
0522
08EC
F5E2
ED65
F294
067A
FF68
0729
F43A
0F5D
0EDB
0BF2
0904
F6B8
EE41
FAC1
FFA9
FD7C
FB8A
0A02
F3E5
FAB2
F337
11AB
0E7B
037E
0B2A
FA9F
1087
0BE5
071E
00B9
0926
FD58
0C4F
F5F7
FE00
025C
067C
F013
ED79
FEE3
F05A
F0E0
0A9F
F999
FF67
FED7
FFE4
1357
FA25
F1BF
F425
EF7D
FDD1
0F68
04AC
0F4E
1358
023C
EF57
0591
094A
057A
053D
03A7
FFD2
FA1A
112C
FC71
0F30
ED5C
0705
065C
0B60
EDEB
FAE5
F9D3
106E
F608
F47B
ED30
EDB7
EA5E
06C7
F853
056C
14CC
06C8
0C82
F4B5
1093
12BF
08D2
1148
0CE9
FD7B
EDB2
0800
F2F1
09B8
0D14
F069
0048
EE55
0788
0084
0E72
05EA
0088
FE13
F292
FD9D
1257
1177
0E2E
FDB5
EF33
0999
FE90
1140
07D5
00EB
03A8
0209
0251
1238
038E
0564
EDEF
FA95
0993
11BF
0727
ED95
F5D6
1109
0B46
1188
FB1B
FBD2
07E1
0042
F9AB
0317
083A
FF1D
011F
05C1
0299
FF25
015D
F5A1
039D
1515
FD29
F603
F6FF
0E61
0C17
0D19
025D
F275
10F3
0C31
0BA6
EB43
E92F
0A62
EB72
F398
FF92
112B
02A2
05AC
0AD3
F220
05EA
1103
1436
0E4C
0BC8
0055
FC58
0F5A
EF8B
0459
114B
ED50
E8FD
FFBA
F23B
ED4E
FDBB
068D
0A9B
FCA4
F158
FE9B
086E
F742
FF54
FFCF
EF63
EFCE
FB6B
121F
FBC6
05AA
FC95
085F
03DD
EC3D
FB28
11F7
08CB
F060
1156
070D
10A8
F693
003A
F5DB
0969
F86E
0091
0717
038E
13F9
F0A9
08A7
032B
058F
ED2D
08C5
1079
05C0
0C75
F518
091F
0944
10EE
07F4
15CA
ED9C
F258
0851
0560
1118
FE1C
F481
057F
F533
F667
02AC
EE32
0E1F
0334
F736
0C27
FA62
109F
F339
04A4
FFA6
F9A5
FBF5
0302
0C75
F771
1137
08F9
FA51
FF09
0B0B
101D
ED88
F776
FD9C
EF1E
EDB2
F2DE
F0F9
0F7F
0827
FB0B
F7DA
EC0E
0F77
EE91
0B9E
146C
165A
129F
F429
FF20
0828
FB83
035C
F2A5
F1B5
F5F9
02E7
EF6C
0146
FB05
09AA
FC7F
02CB
0BC1
0B19
F104
050B
F598
F671
057D
0050
03AA
F01B
02B6
03A5
0F09
0531
FC58
126B
0178
FB4F
04CA
F0FC
F2B9
F6C6
0C5B
0EA4
ECFA
098F
FAEA
06D8
FDDB
0400
EE6C
06E7
0F38
0DE3
0F5F
F5BA
133F
FDB4
F75A
0641
F7FC
FF40
ECB0
F20F
E53E
FA2B
05D2
11AF
027A
01DB
02AB
06E5
EC98
FD37
0B77
F865
1142
00C3
0879
0D16
15DB
F857
02B5
011E
EBED
EC6B
EF82
EA7A
091E
1162
1708
0E68
0441
0B40
EF98
FAFC
0390
F82D
FA50
0E9E
FD46
FCA4
F8C3
F401
0AF1
FD93
FB2D
111C
EC9C
0FF2
F07E
11BE
09B1
F0D2
F1B7
07C6
F6F1
0AB7
F368
F0FA
F197
194A
051E
0878
0ABD
0A76
F6ED
FFAB
F4C5
0EE8
0D2F
0AB1
01DB
0F6E
F03D
F898
012D
FC9C
F296
F885
F0F2
FC1C
F14E
FFCD
F73C
118F
1152
0F1A
F708
EA43
0234
ECCE
F712
FDB3
08C2
113C
F4D5
ECF3
06D6
F9FC
ED0D
0E88
0E42
ECAD
FB72
FD5A
FC98
00AD
F554
F3A0
0F6C
F039
ED35
EE02
F909
0A1E
FFF0
FD5F
F05A
FCC3
113C
0FEE
00D5
01D5
F921
04D8
0969
FDCD
FE6B
FC8E
EDC6
0057
EF36
F4E1
FFBA
FD34
0519
F128
EE60
1051
FCF1
065B
1352
0DAB
FB64
037A
FB15
F0C2
108F
0D0E
EFBB
F76C
F422
F203
F7DF
10B3
F318
0011
F789
FC70
F235
027D
0C8B
FBAC
FFB1
FAEE
EE9F
F37F
0286
F882
FED2
0F9C
1251
F8BA
0C2E
F3D3
0301
F22B
10D8
0E10
1289
1153
F850
F831
FA98
F75C
0B2E
FF0F
0EB4
FFB4
F1B9
0745
0E5C
EF18
EF5C
F05C
0724
10F5
11AA
0320
EE21
F91C
0C27
FA93
EF55
0914
0145
07BA
05F1
1119
FE65
11EA
0BBC
07F5
EDF2
0BFF
FE4C
FD7F
049E
0D63
0A94
F0AD
0A47
0282
0D98
F352
F082
0B75
ECB5
FDFB
FA24
F471
EDA9
103F
07CB
079D
F1AA
F247
0F0D
03A7
0DF1
0ACA
F4BD
F48C
10D9
EC8F
11A8
F6A7
F3B9
0DC4
F9C4
05EC
F103
FE03
1092
F5BD
F8A2
0DBD
F557
FC1F
0A33
F5E4
0731
FB02
0CBC
047F
F97B
FA9D
0B2A
0B4A
F5B5
F925
FFAE
08CB
0674
FDA9
0D40
1207
0256
FCD5
05DB
F63C
EE4C
083E
FA0D
00F7
0366
F130
0188
0E84
06CF
F361
1227
F6BB
0E79
0D6F
09D4
EF2F
F7D0
EC39
066D
0FDE
F325
0CA0
F91D
EE18
EF7F
08E2
FEC9
0644
07A1
FD3E
F19F
FECE
1136
F710
00C9
0BC5
0574
ED80
FCC6
146A
0124
F6BC
1016
FC7C
F80F
0A15
F117
F4BA
0BEB
09A4
F914
11D0
FA92
041C
09EF
025B
FE3C
05A7
FB1E
F5A5
F193
08D9
F2A9
02F4
EBEA
F00C
F3E2
1884
0382
0C91
0AF7
0135
09B0
02CB
FB8A
E994
0861
0B07
F2F1
FD6F
F43C
077A
0526
106D
FB1A
F92E
0220
F322
FC6A
065E
0E3E
F6CA
0E82
FC7B
150E
085F
FA7B
0B80
ED31
071E
0AEF
08DD
12A1
08D3
F46D
FBCA
EC49
0910
FD9C
FF51
FE29
F2DC
EC75
F9B9
EBC6
0E87
FF8D
F934
019C
1459
05DF
0794
FE17
0979
03D3
F350
0085
0A39
105F
F53D
F3A1
FC62
0E7C
0910
EEA8
FAA1
F4DF
0210
04DB
FC5A
F6BA
0736
FC02
F1B4
0B51
10A6
0553
F2A9
F46F
0736
F43C
F7D9
0A66
0A75
0A7E
FA34
F492
F1A1
11EB
ECC8
0599
F1D5
047B
06EE
0898
03A9
0258
FE4D
14D4
0D1B
0220
FC29
104A
FFAB
F939
0119
EA60
0D27
F30F
117C
05CB
F116
FDB8
01DD
09F9
0A4D
F393
1145
13E6
10C1
1196
06B0
EADB
F1A4
F74B
0425
06D4
063F
0D54
0763
0D40
0822
F16E
0013
0A38
0BB3
F024
F153
EF6B
FD14
FBB2
F1BA
07FD
F239
F387
0E60
00B3
F96B
FC03
0489
0992
F55A
F2B8
1002
0623
EFF9
08EA
013D
10D0
FDF6
0DA2
FB82
0929
F5AB
E919
F0F4
F500
0E6A
F5A4
FF98
F7FD
08B6
0461
12DD
01F0
EFD9
00FE
FD92
0309
0739
0435
0608
0935
F727
0152
0CAA
F45D
1221
EFED
F76C
EBA5
F2B3
0402
0B0B
029D
0B24
F59E
0330
0071
FE37
F09A
EAFD
0E5C
F46E
FC07
EABB
EFC5
034B
0C52
015C
090F
F4D3
0EFC
00C9
F46C
08A5
FCA2
FBC1
ED59
F9AC
FE45
0D41
FC89
0B0F
F73F
00CC
F4B9
FC73
0280
F194
06E3
F6B6
FB81
FC55
F4EE
FBEC
00D9
FF1D
F103
FE80
EAD2
0907
F18D
FCA1
07B7
0981
FC9B
0197
0E87
EE9C
ED15
0D1A
F16D
F2B4
07B3
FEDE
F128
F9AA
FC84
020E
FC24
E830
0327
FD5C
F966
E8DD
FD1E
ECB4
F5D5
E85F
F865
FFF7
EDEC
033F
037C
1288
02BF
035E
F9D1
EFDB
FF76
F09D
F89C
073D
F180
1010
F63A
EF2E
00BB
FA2C
1068
0114
F099
040D
0859
01F3
F0D6
F998
F2FC
0194
FFAF
124A
0A9C
120D
0756
F2E1
F543
13FE
064F
F503
05A8
EB99
067F
F1ED
0A2E
F98C
0606
FBB6
FFC7
0E46
FC73
F06F
0BF6
0897
03A1
0054
F3AF
1165
0E1A
F76A
01FC
099E
F73F
FF60
0137
F8BF
0475
1668
03AC
0CBF
0325
0FEF
FD37
1109
090C
F27B
0C32
F8F8
FD08
F13E
F295
FCDF
03C1
012D
0236
0AAD
ED14
FC46
0712
0765
03DC
0F0E
0EA9
FEF3
FE09
FB9D
1337
0A18
FD4E
118C
F02F
FFD5
00A4
0804
FCC9
0849
1298
F408
0887
F7D3
0182
F495
020F
EC69
03AC
F3AF
1350
F2D7
0248
F81C
0CED
0F8F
0740
07E1
1037
0778
0BBD
F059
EFBF
111C
F08E
FCCD
EEA2
0278
1BFA
00C9
034D
FF8A
EC5E
0965
05DB
F4B4
0406
0F5F
1143
F6C8
0A94
FF9D
071C
FAAD
055B
F247
F494
077B
F461
FB05
1224
0D23
0A17
FCBA
F6F3
1143
FAC7
0922
14F3
F6E7
1319
F11D
EED9
0888
F15B
FCA7
FBD5
07E1
FF1E
F4BB
0B40
0800
11D8
0BEF
0E95
0964
0743
F252
0023
F1A1
0D50
F76B
03DD
0F79
088F
F1AA
F2F2
10EE
FE99
1220
EFDA
FF9F
1C0C
F8C1
0B11
0606
F175
ED19
00F8
F591
070A
FA94
0E7E
EDDF
1173
F007
00EA
0C96
04BC
F7E4
F39F
0082
F8DA
0DFF
16C0
F2DC
F506
F6D9
FBCE
0885
0F0B
128D
F5B0
101C
F8AF
ED6B
01B4
0D94
0DEC
FEE8
0730
F12A
0856
0A20
F441
0A65
0F9F
F42D
006F
F89F
0F93
EA63
ECEB
ED32
FFF6
0A19
F36E
F2F1
FE26
0762
F872
FC27
1794
1755
F3D3
09DA
0B88
0CDB
FFDF
F2A0
FA79
F675
0C79
ECB1
F369
131D
0E89
0FCA
F6DB
08DD
06DD
0043
0BD0
0AC7
09A0
FE49
0BAA
0E32
F91E
13ED
0C02
0A51
0073
187C
045B
FFE3
0056
0D9E
091B
09E8
F94F
FD5D
FF1F
F133
F770
0D67
F931
11A7
FADB
FF0E
FF4A
0D02
0AE6
FFE5
F2B4
FEE7
FBBB
FF9E
0181
069C
FE6F
0503
F653
F583
0098
0247
FBEE
0636
FF90
FDAF
0F82
137F
128B
028D
E871
0AA1
1391
0F52
0A11
09EA
0063
FDD7
0951
F533
00DC
F889
0A8B
0AD3
1393
ED85
0223
0810
F3A1
FB8E
0826
FD85
00DE
1299
F15A
0B5E
1082
0934
15DC
F180
F639
F1B5
F9AC
FE86
1151
0DDB
F47F
FA37
F358
F601
F255
F2C5
030E
0131
07B0
0069
F145
FE37
ED5E
0EC5
FB14
01FA
0293
0EBF
F108
EBD4
1139
F8EF
0CE6
0A9F
F5DB
039C
001F
0552
01CF
1254
FAC7
06E8
056C
F8B7
03E3
060F
EB3D
F55F
0BCD
F517
FF9E
0ACE
0186
08EA
F1A4
1761
FC9E
FF2B
116E
0437
06C8
F845
00DB
FE43
09C4
024B
EF2F
113E
F5D9
08BD
FDA1
14F4
0740
F78A
07C1
F087
EF74
F591
0D8B
F36B
FA67
F0AA
0F55
08A4
FA85
0782
0AB4
FA0A
EF7F
08A0
FFE8
088E
094B
FDD2
0EBD
F9DF
1529
0F91
F7F6
F2D6
F946
F8AE
00B0
FEFD
FF2C
F5B3
0608
F1BE
FF47
0F3E
0148
EFDE
EF40
FBF9
EDC4
FAA7
1609
08F9
1310
0885
F454
07A2
08F7
FF7F
EEFD
0025
FE74
0EAC
EC61
F6F8
FB10
089F
FA19
F601
EEB7
16D4
099A
0682
0C35
00F3
0196
F3F7
E984
0088
082A
084C
10F1
F217
FC3C
0464
EBDE
10A3
0072
F9B8
0397
0503
F08D
F0C0
FCBE
127F
FE82
0208
14B6
06E7
FB27
0CBC
0A4C
F9FB
E181
01CB
F95C
15BD
1249
12A5
0F77
F936
0C96
FE8C
0DE3
F261
EF94
F9C9
156F
088F
1092
0F6B
04AC
F644
0EB1
FD28
FEFF
F9B9
EF22
07B7
02C8
FEB6
FA4E
F3A4
ED53
064A
F0B8
07F1
F246
F0A1
04BD
EF3C
F86F
0E1F
FA71
0AB4
FB93
F3EA
F98D
F81E
EF84
FA71
0D51
0A26
FBE4
0D2E
10A6
FA70
FA08
0243
1156
FD09
0A19
F4E9
00A3
0BB4
0F0F
0262
EFC1
EEF6
EF33
FE76
FBA7
EED8
F6AC
0699
F1DE
0EA2
08F8
F24A
F633
E8A8
0E61
01C2
FA1A
03F8
0197
1376
FFCD
F090
09D1
0F08
0407
EE51
0662
060D
FCE3
0AD1
F1C0
F013
EDB7
EED2
F9BD
09C4
0525
1001
0AE6
0BDB
F146
0A4C
FCB0
F9A2
F79E
F665
FC86
0F04
043B
EAF7
1458
FB6B
08AE
F3BD
0A19
0A08
F287
0344
F9ED
07ED
F4A2
07E8
F546
058D
FC5C
018A
FB1A
0846
FE13
08D3
08A7
F57E
F944
1219
FF45
0188
0880
F87B
050D
1231
FA1D
EDF0
FC4C
EF61
F6C6
097F
FA5B
F48A
FD0A
FCF4
1088
1155
EB7E
0EEB
0D62
EFB8
FC6F
06CE
EEF4
F746
04E5
0EBE
0DED
0400
FF90
022E
0DDF
EEE0
0245
1097
0712
F695
0592
EAA2
14FF
F419
1182
0ED7
146A
02F7
0F94
F049
011A
FF6A
F4CF
EECD
0021
0D02
F9D2
06C2
1464
06D0
EBE5
F40B
04E7
FA36
F0F2
043D
F1F0
F06B
F995
E841
F94D
F62A
F11F
FED4
0791
11C6
0F33
FC05
0332
099F
FFC2
10CF
FCF5
04A0
0F80
FE8F
0640
EA79
04FC
0EF5
FCAE
0DBB
FB19
EF4E
120D
0540
0C9F
0036
F6E7
ED01
EACE
ECE6
10C8
F409
05F9
0240
F4B2
11EC
0090
ED31
FD03
F2B5
0B04
F658
F791
ED3A
F1B1
F391
F5EB
ED89
10E8
009B
054F
105C
FECA
027A
0224
0971
F0C2
007A
1027
EEBD
0F66
0514
100D
F937
0526
F284
F5F6
11FD
00B4
F109
0B7A
0AA0
00B9
0945
F779
EB76
0E52
019D
FF93
FBF9
FAD8
F505
FFA8
0133
1124
EC9F
FB9C
F71B
0494
FB28
0711
0B9A
F593
0A44
10E4
EEF8
0339
0AA7
FBAF
07BD
015E
EBC8
0FAB
F519
0ADD
020E
F61D
EFAB
EFB0
04AB
1079
FFEA
101E
0E78
F4B6
FA26
FE75
09BA
EFE7
0BAF
0B03
05CC
ED81
FC87
08A9
F4BE
FD84
098C
EC2E
F88E
EFDF
13CD
03D7
F6E8
EC8B
003A
F51B
F63C
0ABD
035B
F054
FF69
EDA2
109A
03AF
0636
145F
0FCD
EEC4
F6F7
FAB5
0903
FE18
F888
FB62
F5E5
F7C8
0BD3
F8D9
F637
064C
0822
0A0F
F789
0348
0827
F32B
FB1D
11EC
F6C5
F421
EC29
F1C8
EE9F
F71B
073E
F508
0422
F6F6
0675
F9F8
0E7E
02D5
12ED
0016
0B5C
0635
FAD1
04F4
0E54
0472
F30F
EBC9
0A33
FBF4
F681
0CC8
09B7
F9D0
10EE
F9EE
036B
0E62
00E9
05FB
FD2D
F8FD
00DE
F353
F1FD
11EE
0CB1
038D
05F0
0C62
13AC
15A9
123C
1249
FE13
ECB5
0808
08B7
F5E6
068D
0A5A
0E91
0999
0786
1343
FFA6
F1B8
0CF9
FB23
EED1
FD3A
F1EE
F0F2
0F05
0026
FF60
F1A9
F4E4
0DB0
0307
1159
0473
F74A
F72C
FC39
0785
F46A
0A44
062C
145D
F967
FCA6
FB28
02C3
023A
FD3F
12FA
EAEB
1358
0E84
099E
F8C7
F696
F564
05D8
0005
04E1
05C0
09A6
FA30
0F8E
072E
0673
018C
03FB
FC7D
ECEE
024F
07AC
0E35
0E3B
ECF4
0042
0322
F057
FC09
FAA3
F402
0F61
EB6B
F810
FFB4
1294
0375
0888
07F2
02BC
FE29
0BE0
F302
0D9B
FAB7
086B
08C8
03C2
0205
0833
F7FD
FC74
E683
0CB6
11B8
0A4C
F4FD
E45A
04D0
0486
E944
EDB2
0E86
F8B2
0289
0E03
00A1
13CA
01CF
0D47
1291
072F
EB02
FD86
11FB
0842
F60C
05A4
FF34
0E82
F0D6
F496
0E8F
10B6
F67B
08AE
091F
FD2C
0FFF
F486
F7E5
0A8A
EB88
0A3E
EF28
011B
00BF
FDF7
0534
F5B4
1096
FA1A
0E53
EF7B
FB9B
F2CC
FAD5
F3A0
FA2B
0DD1
0911
0BFD
180D
FD07
F8F7
0036
FCB2
F6A6
FCA9
0F7D
191B
F13C
F573
0A61
01F8
0A38
FC04
1693
EC9D
FF9E
0006
0B1E
03A3
F83F
1833
E6D4
F6B9
F706
F912
007E
041C
110D
0E2C
1294
F873
15F6
F701
00F3
12D6
03E7
EF06
F659
F591
010C
EC27
F3F7
0A36
E964
ECDC
0EF8
F79F
0C9A
0625
047F
0807
ECB2
0ED7
0EC6
EC78
13AD
F963
EFEC
FF11
FA7A
0E6C
F52A
118F
FBF6
EB0A
0424
0E7B
1121
F18D
FB77
F68D
F3EC
F303
F380
0175
0DCF
EA8B
F210
0049
0B2A
163B
F600
FAA0
EE2C
0B08
F842
EC51
F91E
ED97
05DE
FAE0
FE3F
01BF
FCFE
0D2A
F402
FB1D
12DE
F59A
01DD
F7E1
F583
F879
F352
0959
FE44
0F40
F69B
FA46
F285
0BD6
043D
01C1
FC30
0813
05B3
EE06
0FBB
10C0
03D6
0F78
0A70
F211
FE9F
F35F
0EA8
0629
F696
FFC0
1094
FC7B
EF08
0336
0362
FEAB
F748
01E6
F20E
FC88
EBA7
EF9A
EE01
F669
F3AC
FA4A
F58B
F9AC
F366
0A0F
EA89
0907
F63D
F5DC
0D18
0741
F408
087F
F6D1
F326
ED28
F053
1088
F2B5
FE75
F3ED
023D
0285
099B
ECDF
FF19
0C58
0170
F67F
0BB9
EF92
1507
F8EE
EDBA
EF53
0998
0AB2
EDC7
0476
0AB6
04BA
FDE7
F6F3
F920
0FF4
0853
FB5F
0169
ECD7
F73F
0AEA
F80F
ED07
F225
F8F7
F420
F460
08CB
F9E5
FC02
F110
EB94
F9BC
FE58
F5C3
141A
FD15
F836
FC3D
FB21
F17B
F965
FD2A
F5E7
FE45
09A0
F009
FE65
F803
0CC5
114E
F959
EE2A
F58B
F5B9
0AF0
09E6
FCC4
0BCF
F1AB
0E2D
1107
0624
04EA
EFFC
0251
0D14
ECB5
05CE
0D14
FCE8
03B3
0DE6
0BB8
0307
1266
11EB
0380
03A9
F207
ED8E
03BA
0213
ED10
F915
11BA
F420
0BA6
1335
F62D
0D70
0BDC
0BA5
107E
F2C2
0DA7
FD70
0D02
F856
131D
FB77
FFC4
0E58
FEB5
0A80
EC9F
EC90
092F
0234
F775
F24E
1348
F9B9
121F
EDCB
F7E0
F1FF
ED19
FEAC
0A14
F666
1357
0418
0FCF
ED47
078D
F329
FECE
F609
009C
F930
FF2D
09BF
F10C
06D7
FEE0
0DED
1163
F430
FFD8
FF04
F5E7
1224
EF39
0648
ED20
06F0
04FB
F4DE
FF1C
0218
0317
0A88
03D5
08CF
F650
FC07
0070
1232
0592
0C64
F324
F021
03D8
F96E
F902
0B94
EC89
F9D2
F6FA
03AA
F132
126B
F1CF
F644
016F
01F6
0832
068F
F3A7
EF66
EC19
EEAD
F724
FAB8
0EE6
F6FE
FC5A
0B6E
120D
0257
F3AF
F545
0C77
F5EA
F77A
0491
0022
02EE
FC1C
0A55
F71F
F461
0537
12DD
13A2
0F64
FBCD
FB11
FF31
F493
F902
01F4
0F54
0361
EDDF
EE96
F187
FD3F
FAE4
EBF8
07C0
F9AC
074E
F4C7
FC1E
F41F
EECB
07C6
FF2C
F12D
01E3
FE83
F902
F46B
0EB8
096F
070D
0F3B
F365
05B9
EFD2
F54B
FC98
FE8D
F9A2
E70C
0D58
EE9B
F611
F59C
0B22
0F30
FCCD
009D
F0F7
FD2F
065F
F7F2
F5F3
EF3E
F622
0ABC
0833
0C68
FBD5
F659
0742
FA44
160B
0C09
F51B
0D3A
F036
1979
09E1
F12E
0D0F
103B
ED42
F734
02D8
F890
FA4D
F623
0961
0B43
F772
F464
0965
048B
F39B
0356
FCAB
020E
0711
F9A2
F295
0A59
0D49
132B
05B6
0A89
0A2B
0628
EF76
EDA3
FFE2
F6B2
FE57
0998
FD01
EF36
F75F
1169
EEEC
0C20
022B
06D8
F0CE
0D28
06E9
0353
0261
003E
F68D
ED44
0CAC
0AA2
F6EC
EEDB
F6B9
F8DC
1285
0829
F30B
006D
F8A5
0CBC
093D
06F0
03E4
F071
F8DC
F080
F9E1
F4D2
F2B5
1117
0C7A
0166
080A
ED97
0D3D
F433
F2D0
EC4D
0485
EF63
0F08
08FE
008A
09A8
FE3F
F95C
044B
F6D9
036E
0DAC
EE1E
EFF8
07B0
F502
09DD
0E7B
FD06
0C27
08D7
F50E
0E05
06C4
FCEE
0BD3
ED6B
EA08
FF0A
F837
F5BC
FF7C
0014
04B1
090A
0669
075C
FC83
0D19
F883
0684
069B
FF29
F84B
FB7C
009D
FB37
F0AC
14A3
022D
FEEA
FB52
E5B7
041A
01E1
0F99
0ACA
045A
0CDA
0377
139C
F2F4
E7B3
0864
00C2
0CC2
FB59
FAC3
04C9
0470
EF40
051B
04FC
F4A4
F4D6
0124
12B2
1144
FDAE
04A2
0B63
0605
F713
0191
07C5
0733
F353
0043
E6DF
FEFE
FA82
F606
0FF6
121C
08D4
0719
04CC
02B0
F19B
06AA
0336
EC5A
FE56
0065
16C4
1239
0546
0509
F6AA
001E
0807
E8E8
F4BA
F79D
FE31
F6B2
F3E3
E632
FF6C
0B66
10E2
F1F8
FDC8
0317
FF32
EF84
F5DB
EF5D
EE0C
EF96
F7D5
0060
0A60
08C3
1087
FD13
0FB9
F930
1180
0DDE
F679
FEA3
F3ED
128B
078D
F23C
09F9
0A18
0316
F76C
EE03
0D24
F891
EFEB
134A
0B33
042A
F5E6
01F8
0D3C
0F07
086B
EC06
0883
100A
F47B
F27B
10FA
F764
F534
0AE5
F0EC
EE80
0121
05B3
F559
0517
0B79
06F3
0B65
EF12
0035
EE2E
0DB5
121A
FE18
F977
F74B
F8C2
EFCA
01E4
F719
FFD4
023A
F802
F7DF
0D1D
F944
EDF7
FE11
FFC5
04E9
F719
EF55
FFD5
F96D
00A8
051A
EFD3
04C8
0B79
FE53
FD40
FB41
09DE
FB47
E349
0C49
EDCD
F339
1564
00B9
EDFB
06BD
00C1
EAF9
F884
FCD7
043F
0DF2
0537
0488
09A7
F88F
0C19
FBE8
00CC
0B8A
0423
0166
FA7D
10BD
0D12
05E3
EECA
EFD1
0122
0595
01A5
F0E3
052A
0A77
074F
F1DD
04AE
0BDD
0161
ED85
09F5
F288
ED72
0B0A
0B2D
F79F
046B
0FBD
F11F
FB11
FE89
F92D
F5B7
F9B5
0E94
090D
FE0B
F2A5
EEFA
EFAA
06AB
1082
FBAE
0478
FE6C
FFA0
0FD8
0F4A
FE71
F2A8
00F1
0FAA
F686
E716
F7A7
FB7C
08E8
FBD5
07DF
061F
02D9
F78D
0DDE
FB49
1474
EE47
048F
17D3
FA92
09F0
FEEB
FD40
F391
F858
F4A2
FA45
0D09
EDC1
F475
F616
FD8E
120B
1079
E9C8
FEC9
F307
03A2
F697
F304
FC81
FABA
0257
010E
0515
F4AF
F3EA
EFF6
F65A
0177
010B
0D5C
073F
EE23
F439
FC91
09EE
0490
02A7
0631
1007
152E
05B0
0E8D
FCE8
0A79
05BA
FF23
FEAF
1219
0109
EC2B
055C
0BDE
0144
FF21
FD27
FA79
F047
FAA3
127D
0ABB
11F7
04EE
FE3F
F8B8
0E11
FD34
0C5B
06F8
FBEE
1421
FD76
0F67
02E0
0E19
FC6E
EB24
08A3
FBC8
FDAA
ED8D
FF3B
0A26
F7BD
FFF0
0241
12D7
13E1
F613
1166
103D
07F8
0B73
F6C9
EBCC
10C0
0F27
F955
14CD
030D
FB7C
0EF3
079F
0C50
F7DC
F5CA
141A
051B
F8C7
EE06
F7A5
DE9C
FB51
0F6D
0AD8
FF71
0C8F
F97F
FC80
F244
0C0A
0155
F683
083B
FC5B
149A
0ED5
1441
1011
05CE
04E3
F0A8
0926
F592
0AB0
0775
0897
0B5D
0A2F
126E
FD29
ECE0
FE7B
EB59
EA4F
087B
FF01
F025
074D
14EE
F4C7
F1AC
F3D0
ED95
001A
EB07
EA1E
F89E
0D0E
0371
057D
0D44
1059
EC90
F8A1
0F8A
0729
10B5
0746
F0C7
057F
0145
F97C
FE0C
F03C
038C
F062
F5AE
038A
07E5
12D5
0C86
EE70
F94D
037D
F4C9
118A
F341
F7A9
08E5
EF8E
0419
FD61
FCC7
130C
000A
F11B
EEA4
FE10
0A46
093C
F017
F1D8
0769
0FA5
EB94
ED97
F5CE
FB6A
F491
F458
0EEA
1369
FE3E
F9EB
06DA
06CC
0885
EECB
1161
0025
FF14
0F99
112D
0F0B
0BEB
F81E
0648
FB7B
ECAC
FD2A
FE15
FBD3
F070
0C07
F994
0ABB
0ABF
035B
E0F5
F23D
067A
F9A6
F0B2
FB3A
FD9F
062E
0038
F19B
FECD
0F5C
06B8
EDA6
0059
F7C8
13C0
FCB8
F5D3
FA94
FBE8
11AD
00BB
1712
EC7B
0BD4
1297
F663
12FC
0186
EE62
0E8F
F402
F9CC
FBDE
0504
F2AB
F023
0334
FE60
F30A
F20C
FD72
F5B2
01AC
05D8
FCDA
EFBE
0A29
12C2
ECD2
FEC2
F715
0CB3
0C87
0860
FFAF
F00E
F7BF
F5B6
F42D
0B6F
FEFC
0D31
FC04
0A8B
F33C
F895
09BF
F708
0E92
FADA
0929
108D
0016
F17B
F6E0
007D
0C99
F548
F340
F718
027C
EDC4
FD1C
02AA
0AB3
10D5
1182
163A
EF0A
0357
F896
FA54
0C2F
0F60
F4B8
09F7
FA9C
FDC6
0D51
FEC7
F5D4
FFEE
EAE4
0BEA
F595
FF59
F349
0FA2
115F
F806
F541
F724
062F
041B
0EAD
F6B8
F3DF
FBC4
0BC9
07E3
0F20
008C
0114
002E
FB37
F932
00A2
0296
ECC9
0B97
1206
F863
0EE8
F112
149B
FE62
0EB0
F887
EC13
02D2
0B17
F54E
0951
0985
FDF1
02B8
FF7B
FC99
EB67
FAC7
F024
F580
0158
06DA
F72E
0657
0165
0290
F366
FA0E
0B67
0CFC
F7AB
F4AB
0851
FEC2
0329
0EB4
FD82
0B58
F413
11B6
F5C8
042D
009F
053C
0403
F005
0FE0
F7B4
F41D
FBDC
F722
EE2D
FED0
F6D2
F0E3
F5B6
0F93
FCE4
F6A5
EC3E
F952
F695
EFAE
F6CA
FF07
0CB4
EEBB
F6E1
0F71
0AE3
0CA1
F850
12AA
0139
0413
F25B
02D5
FFBC
0BC4
028E
ED0A
F7B9
ED2C
0B8D
FB07
0552
F8E1
F3C9
F734
1099
FF1C
F2B7
0A52
F612
098B
F5A0
F10B
0AFB
0D36
0057
EED9
065A
F216
F3A2
0520
FB18
0246
FE7F
FBD0
FEDD
0351
F754
0DC2
F5E4
003A
F890
F1A7
0E46
03F0
F615
F35A
04AE
0A5D
ED48
036A
054C
143B
F556
0629
099F
07E6
FCA4
F66B
09F3
0C10
F23D
0B99
07E0
09B7
F0FE
0B98
F914
F88D
00D8
11DB
FEA8
F052
FBFB
0A2A
F4BB
F9E0
0041
EE6E
08F8
F5D3
102B
05AE
F51A
F8B5
FEEE
F9BC
02B5
EF83
02B8
11A3
FA4B
0200
0BD7
F7FA
F45A
10D8
F48A
0B01
FBC3
1460
01A8
05D2
0AC4
FEC5
085D
12F2
F345
12AC
0D65
F58B
EEE0
10D1
10F8
F578
0E45
F96A
F163
FADE
12E9
0778
03F5
EED7
0D62
0D9C
F109
0CFD
FDB2
0818
FCF8
09D4
F27F
0584
031E
10B5
01F4
0AC5
FA38
FCB9
09C9
FA33
F123
F18E
0DCA
ED67
03B6
FBE3
FB80
FA59
F80A
F0E9
FBDD
FF63
0180
F4B6
05C5
0E9D
0D17
0AAE
0BAA
F0A3
00A0
FB38
0F0C
F887
EED4
F110
0C61
0092
07F5
105E
EEE6
05F1
F00B
F906
0DB0
10D7
F124
0E1B
0CE0
F295
0F60
08ED
03CB
0FF0
FF9B
F2BB
0C89
09C5
0911
EDCB
0DE4
11ED
06E8
FCED
F21F
F6C6
EF3F
0242
0156
EF8E
16BD
F569
F039
0E41
ED1A
0394
EDB7
04B6
FEFA
0306
0E5A
11E9
059E
00CD
FD61
F45C
0282
05E7
0FB7
1134
F098
EDB7
FCBD
F91D
0C62
0BA4
F024
0E9A
036A
F0E2
0295
FC72
06AB
F519
FE9F
FF51
FF98
FB98
095F
0E59
FD47
EBA7
EE28
1082
055C
10FA
FB5E
09AD
0A67
ED46
FA6F
F08A
F731
0D92
17E5
F018
EAA6
FD5A
1176
F4A0
00E3
01F5
F861
0101
0F20
F6CF
F141
F219
03CB
0DB5
EA1F
0838
10E3
10D9
048A
0CD7
F5E3
F089
08AD
0209
0505
FABE
102A
09C1
F18B
06EA
0E84
F815
0005
F302
0083
10BD
13BD
F429
0E68
FDBA
07A5
0D25
EE4D
0290
F8B8
0413
F74B
F6EE
EF6B
07A4
F7EC
05E5
1206
00F0
FC37
125E
F86D
05AC
FC66
F6A6
0055
07A2
0524
109F
FC5D
0BB3
0690
F869
F9AE
0794
FDC3
062B
1452
FCD2
FE0E
1449
117A
F40A
F435
0A50
0287
EC88
08A2
ED53
0F3C
10A7
11CF
0213
014F
F5A0
01A1
0B5A
F08D
0F8C
F05B
026E
FF11
F99C
FE8E
FECE
0AF6
FEC2
F7B0
F174
03E2
F270
0496
F76A
FFB9
FCAA
F223
0913
0BAA
0952
027C
107A
FBB4
009D
0697
F974
FD17
107E
025F
0D9A
F667
0A71
0C18
F3AD
FCAE
EB17
F2E8
0AC6
F207
FF40
0101
FD90
0D06
ED29
0F98
0E75
00CE
0782
0206
F31C
F8F8
F569
05EA
0DA6
F57C
1122
065F
F112
F195
F7E4
0E23
0F3F
EE5D
F69A
FD8D
0F98
F972
FB7B
FC7D
0F04
F7AB
09FB
F9C8
F5F9
1F0A
143F
F570
FA38
FA0D
0667
EC04
056E
FBF5
06A8
EAB5
00F6
F288
F684
1738
08A4
1618
EFA4
F7B6
E72F
FBCE
F8D7
13B3
0006
E840
FAA6
1324
F962
FBBD
0B12
0242
0797
FD9D
ECF3
0855
0A1E
FCDE
158F
FA0C
0902
F575
F0F5
02CE
EEC4
06C0
F7FD
F060
F8BC
F90F
FF43
F97E
EEB6
FD4C
F375
F56C
001D
ED16
04D8
04FA
EEFD
03E0
0C7C
EF9C
0131
F927
0088
EE4F
F854
FE6B
05AA
FD78
06F2
F7D7
FA1E
FC33
0330
0EB1
07BE
0BBD
0AD7
00B1
F764
00C0
EAF1
F848
04F8
F60C
0518
E9F8
F55B
F558
F1D1
FEAF
EF2E
0EFC
F5DF
19DF
F7DD
05BB
0A45
FCBD
FACB
E748
1064
F241
FC18
0486
0EEE
09FD
092E
1421
05A9
11B9
FE79
F6E9
EFB2
02C2
EF0F
0DE9
0B80
EE2E
F173
0B84
EDDD
F7AC
103F
0A76
01DD
F610
01C5
061C
F6E1
FD0A
0D4B
F133
ECDE
0B5E
FEF6
110F
FB91
0F67
140C
0374
0BAC
13AB
F2AF
022D
F889
0FA5
F6DE
FDED
002B
0C01
F5DC
019A
009A
EDE4
0A83
FE10
10B6
F7A4
1342
F128
0240
FA3D
0931
FC12
0B1B
EC9B
11D1
FF81
F8FB
0349
F873
0650
062B
0A14
FF7C
EEA3
EF96
FC92
F14A
F549
0ECE
0DCC
EDCC
0347
F038
1002
0A2B
F966
FFD0
F293
FC01
13EE
F5FC
07C5
F045
0EC4
FCCB
F31E
0E5A
F3BE
06DB
1343
0C27
F276
EEE0
F611
016B
FBD1
0BB5
005F
F9AF
0713
0EE3
F9E7
0A50
0B59
010E
0A36
023A
F1BD
F621
0240
0E81
F607
F18B
EBFF
0229
0EBD
0D1E
F54A
F42D
F13B
F7E9
0AA1
0F3E
045D
0672
0519
FD4D
F4FE
EE11
EBCB
0D2B
022E
F2A9
0552
F106
12B1
05D5
F825
00ED
11BF
1042
0DD6
FEC5
F965
F1FC
F9AB
076B
FC87
048F
FEC1
F129
F001
0977
1540
F9CB
FF22
0780
FA30
0522
F638
F606
0BC0
F5E6
0AF8
EC25
1243
ECDD
F598
F25E
F0B0
0CFA
0DF3
F5CC
F620
101B
085F
060B
03D1
F8EC
0904
FB1F
F4C0
F5D1
EEB5
FD80
06DD
07AB
09F6
115F
0656
0BDF
0867
0A4B
F017
093A
0A5D
06A7
F666
0F89
FCE1
F331
F89B
F8BB
0C22
EF7E
0677
F57C
121E
0067
F983
0C52
F948
0238
08C9
F54D
091D
1190
F91F
ECA7
F697
FCF3
F943
F902
FA5D
FE55
F2FE
FF1E
0EBB
EFF4
0881
083B
0EF0
0792
0248
F954
023F
1382
1280
FBF5
F913
12B6
05B5
ECFB
F92E
F593
FB1C
F9D7
ED8F
1131
10E0
1157
0B9B
08AA
FA1C
FA3D
F1CC
F024
F0BC
054F
1301
061D
0FC1
0AD4
F2DC
FCBA
05CE
F911
133C
FB33
101E
FFF0
F745
F68C
F932
EFD7
F424
0085
F809
099B
0E44
0057
F0A6
F053
0972
01E4
EF94
0494
0777
0EB4
F53D
04B3
0402
103C
00EA
12B9
111D
F2F9
0FEC
F714
0E05
1298
F307
F7A8
0F3A
FA9E
EE28
0AB6
03AB
0A02
ECB8
1097
0354
F42B
0B86
EEB6
0DEC
FD4E
0CA7
FE13
F1A7
F06F
0C43
09C4
FBFC
0B6E
00DF
0895
0CAE
F3D2
FBE9
0B2F
FE12
ED2D
06FD
1371
069A
00EC
FD9E
EFAA
070F
1279
FCF9
0D2F
FA25
0A7A
F6B0
FBD5
F0C4
0EFA
F588
0BE1
F5DB
FE12
EEC3
09A5
05C3
02E2
0005
FA64
0FFD
0F31
F7AB
00DE
05CA
F903
F650
F9BD
EECC
F3D5
EE0A
06B1
F3DB
065D
ED1C
0B44
F4CA
09B1
11C4
FD01
15C5
0A8E
0DC0
0925
0CAF
F7C2
F0C5
F21E
FA14
0F44
F671
0937
0EE1
F575
08E8
1085
01CF
0157
0D45
F981
0F04
F963
F99F
0202
0423
F847
0924
E9C6
F9E8
EEF2
FC63
F91C
031F
FD46
088D
01C4
FD7F
F51E
F2D2
F0CB
F2FC
FA42
FB94
0826
0933
113A
FB97
F9B0
F6AD
0D6E
F926
EB56
07E9
0FAA
FCCC
032D
0D15
0943
064C
E9F8
0F08
F718
0C8D
FE6C
F14D
FDD0
FE0A
F08F
08B9
0C0B
FB57
FD43
F9BA
039F
0D7A
0BEF
F07C
0FEC
F6C6
FAEA
120B
0FC9
FF61
0136
F96B
EDFC
0CB2
F850
04E5
FDF7
F708
EDBC
F9CB
FD0E
13DB
F3B1
064F
1413
0252
FF25
F8F1
FB65
0CDD
FE52
0D5C
F901
E3EF
FD0A
EA0D
F500
FE33
0C6B
0127
F79D
FE02
00EB
1078
F054
EE04
0D4E
0C03
EF13
EA27
0473
F6BA
0BB3
00B7
074D
FADF
0F7F
FFE2
FD3C
0422
021C
E72C
0035
ED8D
0610
00FF
04BD
F283
F5A3
EE05
0826
0D3E
FAC8
06F2
FF8D
01A4
0043
EDBE
F349
FD95
F77F
016A
F528
0622
FD0C
10D7
0772
0C23
F271
F6D7
FF8A
FB06
F0E4
FB7D
FDC3
F8CE
029B
E904
FA68
E9BB
F4D2
0A4B
097D
0856
F50E
FD6C
F440
EAA9
F0A8
EFD0
0393
121E
EDDB
085C
F0A3
F445
0057
14EE
ED6F
F580
0580
1233
F551
0A42
1237
FCA0
11BC
0FFA
0DFE
F511
F480
FAC1
FD2B
F73D
F055
F9A3
F6E8
F8D2
0DF0
FCCF
0C99
F5C5
080B
F854
043F
1269
0AB8
08B8
0146
0FA5
0CCE
EED6
1484
028B
025A
1036
008E
074B
083E
115A
0CD9
F558
FA7C
FDAA
115A
F011
FFBD
F962
EC53
063F
F8E8
F04C
F33F
F3F3
147F
063A
EBE4
F8C7
08A4
02E7
08DE
FB37
F0E4
F6AD
10FE
FB18
F1D3
EC3F
0090
04C5
FA9C
F315
F6E1
0EAE
0CC2
F608
0767
F379
F464
F349
FC9C
FD20
0333
1185
F4F0
044C
F399
046B
03FD
0E61
F8DD
FB3C
07E1
FF38
1127
FE4A
091B
F0AA
081E
FBC9
F082
FAE7
0742
FF7C
EC60
EE75
0673
05DB
0A63
09CC
0642
F7C7
EDB1
0F55
F153
FF22
0AEE
03B2
F809
0C07
F68D
00A3
1163
008D
073D
0422
ECCE
F4FF
083D
FA56
01C8
FA76
F021
042F
0DBF
028F
F115
070A
FB24
0ACB
0813
F372
F0EC
07AC
FAD2
0064
FB98
0CDE
EB20
F3B2
F9BC
F40E
F026
FF4B
FC1B
F001
EF50
F748
0406
029D
0440
EB65
F3AD
13A6
019D
0EB7
04B7
16D1
0855
F992
FF00
FA9B
F1AE
F774
F2FB
0A8E
06B1
F225
04E1
F5D2
F52A
07E5
0D9E
0064
FB55
FCE3
FFEF
0F16
F17F
0D46
04F8
FCD9
050B
0EB1
0B01
F5AB
0240
FD2B
FB61
F566
F802
EB8A
F9DC
FF0E
0A13
E9EA
1187
0F5E
F200
F675
0F5C
FA11
0488
13CA
F933
EF11
FA73
F93B
07E5
0627
EC43
066C
0939
FDC8
012A
F0C3
F37E
0F18
0B60
0C44
05EF
F639
FDE9
F308
02A2
FC3B
F0AA
F324
0370
EF0C
F6A0
14FB
0C05
EFE2
FF67
0D6A
FE44
EF6E
EE21
F9C2
EC0E
FAD5
F4D7
0692
F27A
026F
1894
0E5D
FBD9
F6B4
F179
ED06
0241
F8F8
FA48
F90C
01E8
00D9
0A43
EFBA
F59F
073C
F48E
0DF3
F12D
EDCE
0908
0027
009F
05B6
EBAC
07E9
13FA
FA38
04B8
F650
02B1
F11B
F136
F7BC
1057
0581
04A5
EFE5
FAF7
06B8
0964
0304
EC8C
F0BE
FB8F
0D8B
F0CF
F601
EC65
F882
1672
FA20
0A4F
0F4D
EC24
F7AC
015C
F7A1
EF1C
0A00
EF6E
0B98
1097
0074
10FE
03B7
F459
00E0
F99E
0F18
105C
F58C
019D
08F1
0993
FA4E
FBD9
0230
EDBD
F65E
F332
041F
00A9
0EE1
0B11
F991
FFB2
FD4F
DEF7
ECD5
0179
04B4
1529
0EBD
FE13
FB32
F9AE
FD8B
0B5C
076B
F08C
1275
FDB4
06EF
0604
111B
FEE7
0989
F92E
099A
FCF4
0927
0C94
F360
0334
F6CB
1037
F3B0
0AFD
1020
EA3C
F343
F8D3
0BBB
EBAF
1328
FC5C
0C3C
F116
FBA5
061C
F543
F4DD
EBC3
F1B3
EF5F
F817
EEFC
0B68
F451
EE09
EE48
EE13
F088
0D82
0530
F94F
0AB0
0014
13E5
F250
0112
064A
FE07
0CE4
EA6D
0F0F
EFDA
FB60
FEC1
0CFD
0601
084A
04D7
04B7
0EF3
F285
0DF2
1040
FE5E
F66F
EE51
13EE
023F
0153
037E
FBCE
047E
1239
FA97
FA0F
EB80
0AF2
002B
FAB3
0D18
F436
ECF3
0C4C
ED2D
F224
14CA
00C9
0D48
F295
F195
F096
F1B1
0026
109C
F219
0339
02E1
01BC
0663
0A97
0E7B
095D
00FE
F099
0488
0799
125C
09EE
022F
0F47
FA30
0ACE
E358
F558
F7B6
0418
FB30
F3D5
089E
EB32
098A
0DCD
EDAA
0F84
FA08
EC7E
F740
FBF2
ECA7
F8C1
F77D
06AA
EBA2
FCD8
0E43
FE59
F94D
0FB5
01A5
0BF4
F4B6
104C
0827
0F50
F874
F419
141F
0491
012E
EDAC
0D30
0290
F2C3
F3B3
063B
FF17
0996
0260
088D
F0F2
01F2
06FB
FACE
EC49
F705
F332
0F4F
09DA
F95E
EDC1
0F38
F93F
0602
EFE9
E7CF
04F6
FCCF
F9B7
01DB
05FF
FB62
FE9B
F3CE
F781
FEEB
0A0A
05AF
065F
0B19
0261
F944
00CC
0928
F150
036C
0896
FFFC
07F0
EB6B
F811
0252
F3C1
F42A
FCA4
F593
F072
F175
0BEF
F313
06E1
0FB5
0687
FFF0
F670
F80E
0035
100E
0F1E
F00D
0016
FE25
12AA
FB67
0779
0044
F9E6
1548
0E82
F334
FA7A
06A8
02DB
11D7
0DD3
0DA5
EA9C
1238
F211
EE9E
F585
F428
FFF3
F888
F730
0198
0504
F1BE
F1E9
FEE8
FAB4
FC05
FAA5
08AC
0708
1287
F2EE
EDFA
F1E8
1219
04B4
EEA6
152A
0160
15C3
0806
EDA3
F44F
F131
F845
00CF
054B
0A0B
0B1E
00CD
F352
01B1
025C
EFA2
0810
FC18
F873
0C52
F4E7
F5E3
06B9
F71E
0F20
F058
ECB7
ED51
090E
058B
0195
0C27
F273
F3E8
F892
FA9B
0E8D
06EC
0EDB
FEB5
F78A
1020
F22F
F11C
F690
03A8
0C4E
00BC
098B
F97C
045A
044E
118A
FEE7
F66A
0968
F7CB
F331
FFF0
FA79
F18B
F2FE
0840
F91D
04D3
0F35
0870
0066
0A5B
F121
FE5C
0212
F586
0406
0DBC
1211
ED4A
069A
FED3
0C5F
F4EB
F960
F834
04F8
056C
0EE1
0CC8
08D6
0F6F
F27C
F196
0D86
13BA
F044
F7B7
0039
FFFB
F4D7
0AF7
EDD7
009F
F140
0B2C
F54C
F2E9
108F
F23A
FBDF
FC85
0297
F1AC
0456
0729
03A5
F109
1564
F77F
ECE1
00C1
F0EC
0058
FD22
08D5
08C1
FDD0
F77E
08CA
F5A2
EE21
0547
F601
0575
F480
F408
FD13
0826
10F2
F652
EB2F
FC8A
08C3
F831
FF97
109A
EF9F
029F
F090
0C69
0E57
FF2F
FD07
F921
F74C
0B86
ECCA
FB87
01D5
123B
F4EE
FC1D
096A
09DD
ED58
FDDA
EEF7
FE96
F734
06A5
0532
ED5D
EF72
06C7
0E48
0A19
0307
EB5D
033A
08C2
0560
F7B8
FA9F
F926
015E
ECF6
11B9
FAA9
0220
0FDC
FD6E
FF08
0F4A
124E
0FFA
0C79
FC45
0192
0C92
ECEC
0484
0C3B
0FF2
F258
F4DB
0B16
FA11
0A64
10CC
0BA3
11D5
0FC9
0F50
FB60
04D9
0278
015D
FFD6
0F87
03B5
ED72
F30D
07DB
0978
0729
0708
EDAC
F7C5
EFFA
01CE
F17D
FA3D
0090
EFFA
F268
1148
0698
F023
0F80
F5C2
F923
F8DE
FE85
072D
F546
F4FC
1135
FC69
F867
13FC
F9F3
F01C
08FE
0DF7
07A0
0343
045D
0954
07DF
02C6
1054
F476
0D30
EDD9
104D
ED3A
F278
FAF8
F5DE
10A1
F390
F31A
0731
064A
00A6
0C50
0780
FFD1
10A6
FE9D
067F
EF8A
F68A
F552
FA7A
F9E3
0DFB
0683
0CF3
FCD2
003D
0B64
124A
F4C9
F262
F760
0FCA
EC63
FD21
07FE
1249
0E97
0822
F9A6
EF73
FC04
FEAC
F16B
04CF
0781
0A13
FEF3
11DF
06E6
07DF
F011
FEF3
03F7
0076
1109
0001
11C2
02B8
FE9E
F14C
EEC6
0A63
0BBA
FD4C
FF6B
0A9D
F642
EC51
0AC7
02EF
0753
FAE1
FC32
F3C2
F2A8
03CB
EAFB
FDDF
04E2
FB8B
0F52
057C
F669
FDE6
F86B
F3FD
0686
F209
137D
EB83
1648
F290
0ED4
F9F9
042F
FD0B
0BD2
0F0F
F5C3
08E9
F324
EC23
FAC3
11DB
F68D
16D4
F533
F292
FEC8
F2B0
F5BD
08A6
13E6
F445
0949
0A0A
F187
0CBA
0BE5
1351
08B9
F799
06AB
1008
0873
0532
0301
F70A
F791
1206
0761
F739
09CA
0280
0909
0B6F
056E
F0BB
029D
F323
FC28
F907
EEE0
F610
0EB9
EE22
F4B5
0C4C
EAC7
FBB8
158B
ED5D
F050
F304
F907
F553
068C
0B5E
0C40
0878
02F8
081D
F7F6
F92D
073A
1005
12D6
0217
12C9
0645
F6D5
F6C0
0C60
0A3B
01B7
FA33
0901
FDD6
E7EC
F2E1
EFBD
FF70
099B
0926
0321
ED5A
1456
0E93
F72E
059A
F300
FBB9
F87B
F3FC
0D73
FBC9
0AE9
07E4
04D6
0DE6
0141
028C
F113
0E50
07CF
FE6A
0FEE
E88A
FB66
F48E
F7F1
08B9
02B3
0819
F07F
EDC2
0B67
1035
051E
14E8
13ED
F6E6
03BF
EEC8
FD01
0107
12B5
FCCF
0EE1
FF91
F760
01B0
01E7
F5E4
F5A4
0707
F7F7
EEB4
F731
0694
0BC4
0F6F
FB69
0AD9
0F47
EFE0
FB9E
03DC
F245
EED8
0D7C
F970
12D8
03AF
F7F4
FAEF
EC8F
EBF9
F32E
057A
0B53
ECF6
0066
00F1
0D29
EC27
1619
FC5D
F8FA
05F0
FCE1
EE49
FDB4
F983
0A33
F7FC
F1CC
EA4F
FC32
EBE7
10F1
0011
0E04
01FE
FCE7
1309
0C10
0DFF
F1EF
050C
ED7D
FEDA
F929
F12C
14C8
F8A6
033F
FB5F
131E
0E65
F187
F4EC
F40C
07F1
07CE
FB71
ECF5
EFE1
F5A5
EEFD
FACF
ED2F
0301
11EE
1602
07AE
0605
0949
F767
F3D1
F1F1
FBCC
FD9B
0DC3
0B4D
00CC
F359
F0C5
EE9B
06E4
0C58
03F2
F28A
03DF
0208
0529
1090
0BDC
ECB1
FDD1
EE3B
0FA6
ED77
0A96
07B8
F11A
FCF2
0EE2
F66B
1504
F416
F807
F6C0
FA43
01A5
13B2
F5AD
FFC2
0F41
F916
0C0B
0AF2
1065
04F9
0A5C
09A3
1154
FDE2
F2E8
F051
0821
F41F
09FE
038C
F514
F272
F68B
1228
1830
0B9E
F4DA
0C31
0DC7
0FBC
0FE1
0E05
0292
122E
F4A5
F714
0AB1
F601
FDBC
0808
024E
0B6A
FCC0
0D96
052F
07CC
EC70
0DB5
FAE7
F2B3
06BC
0FC2
EE58
1029
0AD0
0B1C
F27C
ED57
0CC6
1245
124B
FEFA
12C1
FCD3
03FA
F027
F495
F975
F3B8
1472
064C
ED3B
FF93
0BCD
F480
0B3C
FD23
F7BD
FD77
15FF
FF00
EA8C
EF16
F7A2
FB06
0890
F35D
0A35
057A
F0FA
EBD6
0F77
1165
FFE4
F1B9
F7B5
F93C
EF91
FC89
136B
FE50
05D2
09C9
0183
0D36
EF90
FC59
FA54
FFE4
F528
FAFF
F5C4
0D2F
10DC
F62F
FC26
F028
FBC9
EE27
FEFB
F7DA
090A
0C02
0183
02CB
F0B5
09C4
100E
EEBF
0E01
F794
FFA6
074C
0635
EFD0
09F6
09F0
EEC0
00C2
FC2B
F84B
0D40
0B8E
EFD7
F97E
EEE6
0D64
EFA3
F687
F33F
FE4D
EFBB
11A6
FEEB
F009
FB94
F604
FC4D
0805
EFDF
0C98
F690
07AD
FA50
0F52
F951
007F
03CB
F193
F06F
F262
0245
12F7
F633
EF49
10EA
F807
051A
FE59
0516
06C1
058E
ECB1
F90A
FB18
0E61
FE35
F55A
068B
FBA7
0688
ECF4
F532
0534
01E9
04BA
FF99
FF23
0558
0FB9
0A5C
FCB8
0BC1
11E5
0916
FEE8
0612
FBAE
FDF9
0382
05DB
F114
0828
0F89
F095
08AB
03C5
FD63
EFFF
120A
0591
F464
007F
0356
028D
EF97
02E3
143D
F813
05F6
11AE
08D9
1212
11D4
FA46
1198
0907
03B3
0728
10C0
F710
1202
07BB
0097
ECFC
0F7C
FC5D
ECBA
FEDD
EDE4
FA65
ED0A
0ADC
FCBF
F1C8
0A2A
034A
0768
F9A0
F827
FEDE
0A40
0940
087F
FA49
02DC
05E0
096F
025C
0BD8
FF0D
EF9B
0723
0C59
FCA3
0FA4
113D
F242
EE24
0168
F55E
0A7C
026C
0BF9
FF1C
041B
1369
0231
03B8
03AF
FF4B
0176
0929
F9DF
04FA
0FED
0EC6
F52A
10DE
0BC9
0F8E
F8D6
01FF
F8AF
0023
02AE
106A
EF37
0A4B
F165
EFEC
F962
03E1
F860
0A1C
0671
0FC3
F8E4
ECE7
F4DC
FFA7
F198
F06B
FCFC
1492
02C2
0787
01CD
00B3
0072
000D
F410
0443
1328
F646
F787
0440
EF1F
0156
0F5C
F11C
108E
FD39
EF8F
01ED
F521
F532
F78A
EE66
0F4D
EF9C
10A3
EC70
0AB4
FAD8
025B
0496
0ABF
F42B
0D31
0AA5
F8D1
F7F6
FD35
0F4A
FA68
0195
0ED7
07DB
F4BB
FA5F
12E8
F62F
FCB1
F4C5
FC89
F88F
EE84
0925
0C82
FE90
EFCE
0B21
09C2
0FF7
1120
0A56
F32C
FC8E
1103
FB54
FD59
0905
1716
12B0
0574
066D
FA36
0DB7
FCCD
0901
046E
ED98
07D1
FEF0
F7F2
037F
EEDD
1BBB
156C
F181
0EC3
F82C
EFBD
0385
002E
EADD
1033
EF87
FB1E
F715
031F
F2D1
FEF0
0F0D
F8CD
EDAF
FB34
0B9A
023E
ED5F
F2E5
0809
E9B9
FA88
F98C
1600
F00D
FED8
004A
044D
0BFC
0261
F4A2
F615
03DD
127C
0942
1070
0544
0B30
0C30
FCB0
ED9F
1054
0F60
F7B0
FC14
0CCF
0C00
F63F
EBAC
F4D0
F161
0BFE
EAD8
F9AC
FADD
0C57
F63F
01DA
053F
1AA6
FEEA
F09D
FD8C
F34F
012B
F7B1
F41E
FF9A
0F39
F807
0A6A
0754
0397
FB6A
012B
1230
F583
0665
F7EA
02CF
EF25
F1B7
0E59
06C3
0A1D
F04B
FC32
0835
FDA9
04D9
F393
FFD3
0B09
EFF8
F1DE
EB5E
FF16
EF9A
F4A3
F62B
0326
08FC
F6FF
0872
FD2C
F421
1563
0261
FCFD
0F3C
0EA6
EDBE
FEE3
06B1
EAB3
F020
FD22
F3C2
F5E3
01D5
EF0F
00BE
F781
FABC
1100
F54D
FABE
F4EF
EEAC
15F2
F891
F116
0DBD
04FA
FB75
0162
0665
FF15
FFFC
F9F5
0AB9
022F
0C7E
0913
0BA6
0315
0B3A
FD5F
FB7F
0230
096E
05B0
FE96
F0FB
0B5C
03F6
086E
F561
0625
EB1F
01EE
01D3
FA0F
F57A
F777
FC0E
0864
0F8B
FE16
F164
10B4
0654
09ED
0A4D
0AA2
EFD3
F112
07A8
FA85
0BDE
F983
081E
FC59
FB18
F0F6
FA2F
F65F
09D3
0DA1
EFED
F83B
FEA1
0DF8
FDF2
F876
F16D
F0DC
ED79
00D9
F984
0882
FD04
FA92
1055
F33B
FE80
0028
FEEB
F4CF
EFCF
09CB
F04F
ED4A
EAF2
FA2D
131D
0FBA
0205
F1AB
110C
F9EC
03C6
0197
07C1
F376
007E
F1AB
0201
FF3D
0BCF
0D2F
1298
0F38
0288
FEE8
F1FE
126D
F37D
ED47
1293
FA6A
EFBD
F8D1
F399
FB8B
EA16
00E9
FA15
0E99
00C0
EB2D
FBF1
0357
00BA
F126
EE8B
129F
0B0C
EE30
F4AD
0E2F
FB31
EE5D
08EA
09F3
035F
F3D5
F3B3
F27B
F2CB
FA29
0837
FBA3
0579
F65E
FD73
0C6B
F2E5
03AD
F1A7
040D
0234
F173
FDCA
062F
F2D7
FAE4
06A1
F1F3
0BE5
0EBB
F9EF
12B8
FBF7
FFCC
0299
0D70
048F
0922
07E9
F578
14CB
093B
0B5E
04E6
F9D9
ECF8
02EE
0059
0BF5
0BB4
139D
ED54
F4EA
07F8
0C80
04A6
0857
0CF1
1065
0486
F99E
01FC
F7EC
FC3A
0795
1219
F6DD
F7BF
EE3B
FB6E
0971
13F9
F6DF
EC21
FF28
F118
FF37
0961
FBBD
F34F
FAAC
F81B
07CF
F37E
FADB
FCD6
F875
F661
057A
0C9E
FB26
02E9
F3B2
EC08
0BAA
13CB
FC20
FF01
1327
0BAE
F2E4
06F3
F6AF
FA22
0CAE
EC59
F23D
0E99
1153
0A5E
F5A4
F382
EEEA
0C0F
F563
05E9
F441
10BE
0250
0980
08F4
FC29
F83C
F4E0
FF4D
ED3F
0A49
F3A8
086B
066A
059F
FDFB
FA03
0CB8
02C6
0EBD
F63B
00B5
F985
0792
08E4
0C63
EE17
0840
044E
FEB3
FAFD
F560
F2A6
F4A0
FA55
EEF0
FF69
ED34
0A19
00E6
0417
07FD
0407
F584
F16F
EC4A
F153
114A
F5DC
055B
07E4
10E0
0FBA
012E
01E0
EFE0
116C
F7AA
047F
0120
0433
F6BA
EED1
0D7B
117A
014B
F72A
1344
06B9
FBD8
FC5E
FE6A
0E1F
03C1
EF0C
FBA9
F641
F83E
11AF
FF1F
F76E
0DF5
FA1C
FC06
ECD0
F3CA
FA96
0AEF
F772
F486
02EC
0BC4
FD67
0E2E
F2EC
0B2D
FD47
05E1
F997
0AB2
0DA1
FEEE
14B7
FEB4
1183
0537
EBD6
FE11
F80A
0766
09EF
068B
0066
F248
00B3
0F61
0D0D
0794
F73C
0366
F1E8
F783
FC0D
EB13
F401
0E4A
1205
F5C0
0C3A
FBF9
02F2
1290
1114
0975
FE67
F015
02F0
EE89
0808
0095
0773
FDE5
0328
063F
0B9D
0480
F7C8
0183
F18A
012F
FB1C
004B
06F1
F3F8
F94B
0583
0859
F814
F805
0F96
04EE
0EE3
0283
1468
ED72
02BC
076D
049C
FA84
EA4D
F307
F5F4
FD40
13D4
EE82
0F37
0A4F
F7ED
1054
EC04
14AC
0DCB
09D9
0824
1482
1488
095F
FACC
FF0A
12FA
FD34
ED7A
0058
F7F2
0B5C
FDE0
F570
F876
EAFE
0894
05DE
0448
00DC
0595
F82B
0694
05E1
FA3D
F60A
14DC
07B3
0517
07B6
FFE3
0838
FDDF
EC28
F2CD
FEDF
0C1F
08A0
F43D
055A
F661
07D5
FEE0
F54C
03D4
06D2
085E
F5A8
1303
F751
F72E
FBF1
F30A
0C97
F638
F4BE
0CD2
ED8B
FE8E
0ADF
075F
F607
FF4D
F048
012F
01AC
177B
F4FF
07F2
EB7D
F09B
06D7
04CC
EF58
FC53
F8C2
0D3D
FABF
F727
FB59
01B2
09DF
FE96
07D1
F693
FC14
1244
EFDF
FE1D
FEBA
0AD4
F057
F564
07C0
04AF
FB46
0FEB
ECD5
05A3
075D
113B
08FC
0DCF
FD78
EBE1
079E
0457
FCE1
F6B1
0E1C
07E2
0F42
EDEB
0697
F9EC
1107
FD7A
F450
1048
F19D
0974
10EB
1161
0867
0F9D
0427
0D96
FE7C
0E37
F7FF
0DFB
F264
05DC
06E0
EF47
EF9B
03E6
EE6F
0A96
F824
F220
010E
0AD6
F3B6
0252
138C
ED52
0173
F8A7
F47F
FEF4
11A9
06E5
FB24
F656
EEEE
0472
0D86
018E
FA2E
F974
095D
0A0A
06ED
0FD2
FEB0
01D0
EEDB
081E
F2A7
F6BB
00B9
00AF
EB5C
F405
05C0
F06B
024D
F8D9
0815
0629
FD11
0988
03C9
F19A
FA17
018B
EF8E
FE2F
0175
01A5
06E0
0F6F
F2E4
F76D
041D
EF9B
F678
1173
0469
099A
0A38
EEC7
04D5
FEA1
F1FF
F709
F821
0252
1417
0A64
FF00
0208
0719
11EA
FA49
F7B4
0C21
F07F
FD48
FB5E
0657
0097
02F0
0615
F917
F964
FB77
0339
108A
0578
06A8
0323
ED40
F199
08CC
02F4
104D
0D49
FD68
F0D6
FB9E
047F
04B1
0C1D
F906
0655
0362
F62D
F949
02D3
043C
F16D
034C
0079
FA37
1188
0243
0799
E9B8
FAE0
0A3F
0636
03AC
EDA3
148E
109C
FEDC
F5C8
FB10
FBD7
0EFE
10CE
0209
F607
0385
0206
0F73
FC5F
091F
F745
EB64
EFF9
F72E
0A8E
005F
ED09
FCD5
0E1B
0222
F352
0FB6
08CA
0074
0061
0BAF
FF50
029E
EE47
FED1
0B72
F621
FE95
05C1
047B
0969
FCCE
F451
F517
EE20
01A2
F868
EBD9
F616
F9BF
089F
07DA
08AA
1016
EF3F
FE6B
0A34
060F
F8AC
F55E
09C4
1263
130A
02E7
03DA
0949
0187
0D4C
0052
039D
F8DA
FFF4
0B3E
F2A8
F48E
FC9F
01B6
0E51
F4D5
F2A2
FAD9
09E3
EF39
0766
EC5D
FAF7
11E2
F3DB
0388
041B
000C
105B
F1F0
050C
F692
119D
0EBD
0F36
F776
F037
140D
F024
F561
01C9
F72D
FDC4
0F00
0B0A
0C3D
08B8
0EA2
F65A
05D6
06E2
0544
EEE1
0684
0BB9
F3A0
FD68
0B51
EC33
E46B
F481
F958
07D2
1176
F423
F33C
E9F2
0322
FB47
F514
F7DD
EE5E
ED43
FA9E
FECF
F495
FB8A
0170
1032
0F2D
FD5A
055E
106F
EDB8
0DC3
F20D
0458
0C02
F3E2
0935
0CC0
FF25
EEA0
F056
F6FB
1209
0A91
0326
0A51
16EB
FCB8
0262
0BF9
FD49
0533
F892
0CAC
0815
05A8
FEAA
F5F6
04E0
FDCE
F97B
010A
F081
F43B
F9A3
EA78
EBAA
FDCD
037D
024B
0C05
F3F5
00E6
06D4
1383
027A
080D
087C
0CCB
084B
EEF7
F84E
0D36
0939
0B4C
F2F3
F2BE
F09A
FBC3
F60D
0087
0563
EEEA
F13A
0026
126B
0AA1
FC7F
FC5B
0A07
EECC
0677
F7CC
140B
FB99
F4B3
02D2
1052
0605
F4BE
110A
0E26
06C5
1069
0FC1
F7B5
F21E
02A5
EE34
F5C6
0B16
F4F5
FCFD
0DDC
0B8F
FA82
F1C6
0449
01FC
ED42
F5E3
016E
0C2E
ED1E
EB87
07EC
F842
ED25
024D
0F63
FD5F
EE32
0E27
0877
F4BB
0A96
0502
F164
FA21
0556
051F
0633
05DC
F829
0141
0980
0E7D
1139
FF19
FF0B
0831
EDB6
0514
067E
09B2
0EF2
0A47
1198
0AD4
06AC
02BD
F262
F057
FC28
13F1
0ACE
0BEB
0394
FDA9
09BC
FA79
0D11
FDBB
060D
F039
FC42
EF89
F4D3
0A83
F2A2
F013
ED40
08DF
F795
F985
0983
158F
04D1
E58D
F752
F36A
FE50
086B
07FA
F5F3
0F3D
08F2
FC92
07EB
0B3A
FCE5
FC06
F1D1
12EF
0107
099E
EE6B
1056
0297
F8DE
0454
EF51
EB69
F086
F16B
009A
F007
07A6
F202
08CE
EE61
01EE
FCD4
FBD5
0C18
03C6
FBD8
F5D7
0BBA
0EE4
015C
FF35
0848
04DA
0AFD
10A8
F53C
0249
0563
F56C
0762
064B
0053
0EDB
F1C9
FAE4
053A
05B5
09C9
EEF6
F381
000E
F731
F0B9
F62F
EFCA
F448
FBEB
F8B3
F909
FB0E
0CE0
0BCF
10A6
EF28
01E0
EF6E
07F5
FBCB
F137
EEBE
EADF
10BC
F5C2
0457
0053
06AD
F524
F037
F5E3
FF4B
0008
041F
03AC
0A1F
EF2A
097C
F5F1
04E5
1063
FC3B
F33F
F9AC
0310
F6D0
142D
F2C5
F4BA
EC5E
FBC6
EF66
F831
0D1F
FC4F
F082
0431
FE71
12C5
F000
FB16
124B
0F7F
0CB3
F531
FB88
EE48
0766
FA41
0B69
0218
F43C
F129
0D4C
FE8F
1372
F93C
ED34
10C3
0690
1137
ED13
01CE
F46E
114A
09C8
F894
F03E
FA8C
0BC7
03DB
F5AD
F219
F2D3
098D
F8D3
FB1D
FAD1
0517
FCDC
083C
1236
FEA6
081E
0994
F17B
0872
03D2
FFBE
08C1
FA17
FD43
F475
0850
F043
0A4C
0734
06D0
0C1D
0876
039F
0D39
0C30
0AD8
FE55
F528
EE43
FED1
0B59
102A
02DA
0D0E
EC16
FC4F
F092
0EF4
EFAA
13C3
FB41
FC25
FB4C
0188
F1FA
EDBF
F586
0385
EDD6
EA34
0DE4
F07F
FA6A
0DA8
0280
10FD
05B7
F740
ED52
07CE
F18C
0352
F8EB
F9A2
FBB9
EB41
F9A6
0725
FE5D
0367
1284
0488
F8F2
0162
F260
F5F3
F3F9
F22F
F3FA
152D
01DA
03F0
1497
F399
0853
F5F2
072A
FABE
00E1
0582
04F7
F337
F56C
02A9
EE63
0FB8
113A
EA78
F49F
024A
EAB4
EDC4
FA7A
FD87
022C
0120
07F4
F1DF
F4FA
F6B6
00B3
0CC3
EEBA
1140
0663
FE6C
0F19
FEA4
0BF0
F748
0F76
F618
F358
00C8
FFDC
F2EB
F565
0C62
0218
F17E
F911
FC96
12DE
FAFE
0ABD
F282
FA43
082B
11F6
F125
0767
0F80
F680
F14D
FCDF
F6C8
EE25
F800
00E1
F49E
0A85
1216
004E
0C25
1104
05C6
0967
075B
0000
F180
FF8B
10AF
0077
0FAA
FC3D
FC77
EFA4
F4CB
F7DB
FF8E
F3D6
0C38
F3D8
F6BC
FC80
012A
0EFB
F733
03EC
0F54
FB9B
FD5C
1187
0CE8
0E53
0404
02EF
F1B3
ED1F
0153
114B
FC96
EF6E
F6F1
F45D
06CD
0331
EDC5
ED16
ED17
0024
FD76
F600
0F9E
0133
F303
0CA4
FA06
0336
026D
02EC
FEBD
02E5
0C8F
EE35
FA94
0684
115A
08BD
EE36
062F
FBBD
EE37
02E0
F03E
FC16
00F2
F0C0
F70A
F8E4
F686
01D3
0B40
F6A2
F8FA
FEBE
EE8D
ECDE
F8CF
04BF
1374
FCDD
FDBD
10B1
11A3
EEF2
F382
F787
00B2
0E61
02AA
ED1D
ED0F
0EE0
F047
056F
0278
FDEA
09F1
0BD8
EE7F
126A
F9FE
00B5
08E3
ECE6
EF57
F731
0C2C
1207
ED6E
F853
F4DD
EEDA
F762
128A
031B
09FE
03C8
FEE2
0CA6
F2D8
F6FB
12DB
071B
F9EB
08F0
FE60
0B17
053F
0E48
EF33
0B4E
F7A2
F5F5
00C7
F127
0090
FBE1
F572
FA14
FCF9
EFAC
F72A
0715
111C
0CB0
F0D5
07EA
F5EA
0F8B
FB9A
FEBC
0B04
F552
EFD5
1389
120A
0991
F6C6
F2F7
01E5
F9FF
FC7D
0501
080F
0EE6
FC2C
06E4
0EC9
0B14
F3E7
F345
09EE
016B
F1F5
05D6
0B8F
EE1E
0760
EDF7
0B79
FEF2
123E
F901
ECA0
0E0B
EFD0
EC81
0AC0
06B8
F6B3
F698
F2FF
F6B2
F60E
0F89
10AB
EE08
06FF
11E9
0714
0748
0A4C
F769
00F9
0283
0903
0E15
05B0
0AA7
0FE6
1531
FB17
FAB5
037F
100A
F614
F779
F7C4
094D
01B5
01E5
EFBF
008E
053C
0764
ED85
FB12
12F0
02C5
08E5
0FEC
FF78
0E31
0A58
1157
FDD1
0AA7
09CB
FD70
FEB9
EFF9
FF60
02EF
0D7B
0575
0B86
0FE3
F6D4
FBEE
F11D
F307
F387
FF44
091E
F5B1
F250
FDFA
EEAA
03E4
121D
F44D
08DD
116B
0B11
080F
0534
0A17
F600
F22B
F518
ED9B
10EF
0B96
F6E7
FDCE
05E3
F9E3
EE1F
F0BC
EF20
F932
0EFC
0C59
F793
EFB4
04C8
0190
005B
F65A
103F
F465
F50D
F496
0EB5
FD0D
077D
0674
0914
0FCA
FE32
FEC7
0C1F
0A42
FDF8
FE58
F78C
F70E
F248
FFA6
EE43
00FD
F211
0AF2
0084
FD13
FEFF
09D5
07B1
EC85
F07E
EE06
F336
074C
F9B0
EF5A
F29B
F450
F955
F0FB
FA07
02BD
FA00
F893
03B0
036D
0BD3
F9ED
F9A8
FDEC
FB7B
0AE3
0F60
FC3E
F826
F92B
FFD9
01D7
02B1
021C
0527
EB03
F520
09AE
07D8
00E4
1456
05AA
ECF0
FD11
0CB4
F886
F3AD
FF3B
0A79
EBEB
F557
F634
FEFC
F79B
F348
F8BF
00C3
FA21
0BC2
F36F
0486
FD40
09E8
F5F7
0829
F1A5
109A
0E4C
0B00
EA88
EC7A
F722
07DB
02D0
04E0
0FDA
1002
EC3F
08B6
09D5
0BA6
FB98
084F
F5FC
097F
071B
00F5
F2AB
0307
0C2F
026A
EFFA
04D5
FD23
FD7F
F7DE
0A7C
1113
F7DD
F796
F880
F2D6
0551
FDFF
06D1
03E0
F4E8
F0AC
F432
FA63
FFEF
F47E
0D14
0E2C
F72A
1828
F057
FE3F
107E
12FF
0217
F883
EF30
0422
0D88
F941
0BA2
09A5
F295
099B
10E5
EE82
F07E
0E06
1116
EFF2
F96D
0D71
FF0D
F344
12ED
FFDB
EF29
02FF
0524
0F86
0A9F
ED00
EB41
EE79
FC39
0F39
0886
003D
FDA9
F9FA
F394
FF59
EEE3
F340
FA6D
06AF
05B0
0517
10DF
ED90
0AE8
118A
0A75
00D8
EF2C
F9A6
1226
F054
019F
08A7
0B98
018F
003F
1B91
0EC5
0AFF
F3D0
EE79
15DB
0070
EC9F
1560
F0CF
F7A6
00C1
0CA7
FC30
0D68
F826
F9A3
07CB
0737
EDCC
0EDC
022D
F1D6
F9FF
ED98
02BF
F172
EF2A
EB6E
EB41
0F6A
0F45
F93A
0A1C
F15E
EF50
F4A4
0A7B
0FA8
FB4E
0310
0FCC
0015
10A4
FF12
0B70
0834
0E8F
1200
10CA
1093
FE7A
F9E3
F443
02A4
F158
ED0C
0589
F35E
0709
F93D
F84E
F7B4
F3C8
003C
FFEA
1400
0DB9
03E7
FC06
FEE5
0788
0DF8
EF0B
0764
0153
0AB3
0A79
F250
07F2
0F6E
F8AA
0A22
0105
0EB7
099E
0909
F87D
0FDE
0C0E
F21B
1353
F0CE
0CF4
F445
0D66
FA56
ED6D
FFF7
F50C
0A74
04D3
0730
EA15
F595
FB00
FACB
F839
10ED
EDC3
F377
0E9A
0C8D
F46F
F614
029C
F794
F42D
FBF3
0B1A
F572
0914
0065
0041
F8E8
F836
F346
ED51
10B0
0D77
1440
F07B
069A
FC7E
0BF3
FB5E
12B4
EE8C
0A0B
0A2C
EEB4
01E0
FF67
F9A3
0E14
0753
0020
FE30
F42F
F7C7
FD9D
F2A5
F854
0F00
F531
0D35
0765
FE40
00A5
14BA
0A7D
08F7
F892
F12D
F196
0C8C
0CAD
0C9D
F689
F0F7
F32C
EF9D
0CD6
0F64
FEC4
FF2B
0D80
004F
0169
03ED
0406
0872
053B
FEDC
F60F
FF8A
0D0A
0CD1
EF2C
0408
F24F
07EB
006F
106E
0C54
F843
EFA7
10A8
FFF9
F3A1
03C3
02F8
0800
0BD5
F0A9
FC47
F42D
0A1F
03BA
1394
EE03
0BC6
0310
FA41
EC67
075B
02F8
F898
0FCC
0D44
08AE
0F45
0630
FC9F
0B74
0E3F
EEB6
FAEE
F996
0704
1048
01A9
012D
FEEF
FBEE
FDC6
0AC5
0288
095E
FE6D
F1A0
0A4B
FC50
F497
F643
04F9
03A6
0AD7
F51F
0711
EF73
0F58
0E04
F886
007C
EFE7
EF83
0764
F966
07BB
EBB3
F266
0A94
EE4D
FC6B
0A87
FA0D
1265
00A7
F929
FE58
ED41
F861
FD00
F6C7
F16C
FD80
FC04
0D9D
0A8E
0F38
FCEC
FF62
FCA7
0EBB
F8AD
0606
0EE1
F53C
F1BC
0523
EE03
06ED
06D6
FB04
0449
F6F7
EE6B
016A
0224
0E58
F635
1280
0883
114F
09FF
FAF3
0ED3
1362
028D
12C2
013C
EAFF
FE95
08A8
F2EF
F476
0B7C
0690
F011
FD61
06E2
12EC
FCFD
FF36
01B6
0B7E
F7A3
085B
EDBF
10E4
F234
0ED8
FA4C
FB1F
0A14
F175
F54A
F848
F266
FD1D
EEB3
F148
1251
F9F1
F487
F7A1
F659
01FC
FC22
063C
F56E
0C35
F5CA
075C
EBD2
FCCB
F4BA
0058
FF8D
05AD
101D
073A
0CE1
F0E8
0281
0C49
025A
12A6
F4BA
FDD3
1079
F53D
FFB8
0BDD
1095
0AC9
020C
FD81
035B
F967
023D
00CE
10C7
FFA0
F24F
ECE2
F970
062E
F206
FDA0
034B
FA36
0197
FBE9
1305
0F60
04FC
FA65
0061
00F0
0FD2
06E3
F4F4
014F
123E
F003
FA29
F74B
11AB
FF39
FF97
0F68
EE84
FEDA
0DA9
EDF9
1243
F2BD
0512
0F5B
F711
F7C8
0407
F9B8
0C72
0CAE
05C9
F5ED
FA87
F461
0B2E
0E2E
F3E0
029D
FE2C
0A78
F6F2
054C
FDE0
0B7A
07A0
00DD
0BED
EA0F
FCAB
F394
F47B
FD6D
EBDB
F675
F55D
0451
0B10
F62F
FDE4
07DC
FFAC
0D34
0548
F454
F12F
07A8
0071
EECB
FF6F
08EB
07DC
FD19
0246
F412
1050
0F9F
08E9
00D8
0640
0CE9
00BF
FC1B
F46F
0097
03F1
FA17
120F
1047
F4E7
F025
0651
0BEA
FA07
FA80
ECA5
0B2F
0B1B
076C
013A
0457
ED55
05B6
1040
0A07
0146
0E4B
0C0A
F99B
0B83
0F09
F927
09A2
F23D
FBF8
0ADB
FA75
ED9F
0A98
1171
F931
EEFD
FB70
002C
F5D6
09F9
087B
0FD8
0E59
0B52
F849
0206
0AAD
0343
0553
02DC
F519
EE8F
013D
FA93
0508
FDD4
F5F8
FD08
0AF1
0F79
EDEB
0484
FA3A
1107
F923
F44C
FE18
0CF4
F9AB
0109
1369
F469
FDED
F2B8
FAF8
00EF
0C7A
008F
F562
FCAF
0A57
ED60
F595
FCAE
11DC
0739
F749
F65B
14C4
F6B2
04AB
E85A
F6A9
F4DA
03A9
0B37
EBFB
ED55
1278
EF60
083F
FF00
FD2F
0923
F3E1
0540
FA6B
1174
09ED
0BA8
F6DC
08CB
0896
0A29
04D3
0E4C
F450
04A9
0BD3
0AFE
F381
EE98
0973
0EF0
0109
031A
0071
FF02
0DA4
FF38
FA35
0282
0891
F5D6
FBFB
F7A9
12AC
FFF1
0595
0125
F8EA
F3E9
FEFD
0F77
0659
ED3B
1020
FA1B
0C85
0D8A
0EE3
F179
F7F7
1177
0679
FD16
F801
EFE9
128C
003C
091C
017C
1170
EE79
F72C
0D50
0B74
FC42
F98F
0540
F8F3
0E4D
056B
03B8
ED72
FA61
F7AC
FF6D
09FA
134B
0D4C
FF00
F92D
009D
0014
09D0
F01C
0AAC
FBC7
0A9E
FB6F
0523
EBAB
F787
0127
0381
12B0
F68E
114C
F4CB
F21B
FE11
07D8
05EA
0768
065B
F028
009F
0417
EEC0
1079
1269
059E
0127
FE13
FFD9
0833
FBB9
FAE8
F479
1159
0573
1099
0E87
FA88
F04F
EE59
0E06
0FA7
071C
0B18
EDD7
EF9A
0507
0CF9
0CE5
1177
FE94
0024
0628
F6A2
051E
F086
FB4E
0F8F
05B6
01FF
F735
02EB
0ABD
0066
0299
F397
EE17
0C8E
F46B
0F8C
0FF7
06FB
0A0F
0759
F32A
083E
F0D5
EE16
F500
F17F
0BFC
065B
FDA6
0A0A
F4EC
121D
064F
0C89
150C
F221
058C
F3F3
1107
F7D8
00B8
FAD4
E9E8
0856
EA59
F437
0B89
EEB3
006C
EFDC
0ADF
11B0
0C94
0418
FD1B
004E
1079
0EB5
F672
113B
0840
FB59
E825
0BE2
F227
EE66
F6DD
0EE4
01D4
04D3
0CE8
116A
FF17
FC88
F121
102A
F030
F70C
F6FD
FF9E
EEAA
1111
F026
F2EC
FD67
0DB8
F594
FFF3
F6E7
EEC3
F906
F320
EDAB
0EA2
F324
068C
0C2E
00C0
0595
F7E5
0519
0E00
07F3
F50F
FA12
15FD
F81A
1059
FCC3
FBD0
EDDE
0DBA
0D0E
0B75
EEB0
F14B
EF78
FD83
14BB
EDBF
0A25
EF9A
F590
0938
04B9
F5AA
FDE4
FB34
08D3
FD6E
F06C
FAEE
0E73
ED8D
05C7
0FE6
0CC5
F904
0D06
062E
EADD
EDBA
0B24
0148
05B8
ECBF
F930
EE5A
0F4D
EC9A
FA5C
059A
F304
077A
F0B6
0431
F4A5
F184
F3FF
13AB
0325
08E3
19B6
F388
FC22
0129
0AE9
F34E
1193
FB9B
0F68
F141
0C63
0B1E
F1BE
F854
0A0E
08E7
01F2
FC65
FE05
FD99
F805
02B4
F300
ED8F
EEA8
F311
0800
082B
F1DC
0377
0CFC
0CD5
0A76
FC99
EFB5
06D7
FEA4
0715
0A9E
FFBC
FAC1
F2EE
F59C
F1B4
1209
0628
07B4
ED1C
F8B7
0EEC
F8C6
F79B
1034
F04A
F0D5
EC2F
0E3B
0847
04DF
0035
F2EF
0CEC
0517
0CDC
0A1E
11AC
0F0E
F07F
02C2
04A9
08E0
0430
EB99
F8B6
02E0
F7DF
F61A
F182
0982
0F51
F910
FCE6
0473
F30F
01AE
E981
F366
FB2F
F679
F3E1
08CD
F343
FD5E
EFDC
F449
FD23
F251
02A5
070C
F1E1
0C34
09A5
0480
FE86
FF6E
0EBC
FD6A
0749
ED73
06DF
075C
F6DD
011C
F3D0
0ADA
FA84
F7F0
0718
0EC8
EBC3
0888
04F6
FE4D
0B77
08CE
00B3
F426
EDD7
FC7B
F0CC
1524
F6B0
FCEE
0BF5
0525
0374
06AF
0850
F2D3
F4E5
0321
1014
FF20
F1D3
F65D
0E1B
1158
F85D
0096
FFB7
13E8
E8CF
0AA8
0DFE
0FEA
F157
03B2
03BB
FB0D
0B65
0071
F654
05B1
1277
F74A
0B05
0B99
069A
0831
F67F
EB37
FC52
F4C9
FCB1
0232
FD11
F0A4
06A6
0F7B
F4E3
F6F6
0FF8
05F8
027C
FBEE
ECBC
0E6D
EB0A
F333
05AF
F987
F4F7
080C
FF80
134F
F270
00A2
1185
EB19
F66A
0557
F749
FAF3
0E29
F5A0
11DC
0464
F85C
0EA0
03D0
F0D6
0B6E
077B
F392
F5A9
0765
08BF
EC0E
0C9F
F8FE
E966
F22B
055A
089A
026E
0DE4
138C
EF8A
0AB2
F413
FB78
F226
074D
F61A
079B
F8A8
F3CC
EF3B
04CA
FE9B
1033
06EB
07B2
0198
10DC
003E
0681
F44C
FC12
FF4E
0C49
09F4
00BE
105A
EE0B
ECCE
F4AF
F4C3
02EF
FC79
0639
1132
128E
FBE3
0B3F
0373
EFAC
031A
05D7
111D
04CD
0771
0E79
ECD2
1419
0C1F
F3DA
0A03
08F8
035D
EE2E
0F0E
EFFB
F3BC
F6A5
F48F
FEA3
EA84
044B
115B
026E
0BE6
0811
0264
F1C0
F16D
EBEC
0AAB
00E1
115F
F66A
F57F
0001
1127
02BE
FB37
FAF3
0655
10B1
033B
EF2D
EFBF
F22F
FDAA
0B60
FE40
0BA4
F947
F4F4
05B6
ED39
F268
0D37
059C
0366
0934
05FC
0B68
03CC
ECE3
F205
FABB
F8B2
F263
F8D6
10C6
F1A0
F0AD
1682
EF50
0396
F50A
037F
EC1A
FAB0
F143
0EE2
F34D
FB5A
FBA0
0F99
0670
FA0F
07C0
F745
0C6E
008F
F7AB
075E
0C6C
FC81
14BB
F657
EA42
F780
0756
EF9A
FF6B
0A95
F46B
07DE
044C
113F
1267
0867
0AA7
069D
F0E9
11C3
F424
EEAE
063E
F115
F427
FC0C
F94B
F72F
F9F4
EFB3
0B56
0C8A
00FC
F534
F11E
094B
002F
FB6B
0A02
F3ED
0FAB
FB79
096A
11EC
0485
0574
F67A
0F5A
F691
FE93
0F5A
FFCA
EEF8
00AD
F82E
00C8
0F95
0709
FC7D
F2DD
0085
FF91
090F
FEE5
FF82
F70C
F2BE
0DB4
F79F
07C5
0153
0B3F
0BDA
0574
0273
1181
FD7B
F736
F52C
EDA5
F4B3
EE2D
04D8
017E
035C
F987
F1BD
FD33
F7EC
035F
12BB
1343
08AF
F209
000A
F3D6
0562
FD7E
0293
0505
1353
0828
0E65
FA33
0B58
F9A3
0DAD
066C
00DF
FBA3
F539
1016
0AFA
090B
F92C
07FF
0EB9
0A91
0C32
F5D5
F6B5
0537
FD00
F473
047C
FC9C
EE69
F4B3
F84E
FDC5
0951
1328
083F
0C84
FB06
F3EC
053D
FFC6
FED0
F51A
12CC
ED0B
0727
03E0
ECE6
1352
F023
F78C
FDDF
02CA
0DCC
EFEA
0E97
0B11
0F60
EEF5
F368
F57D
0C73
08E0
F857
0DC7
FB1D
10C7
FA7B
F1B5
042B
FBB7
EF5A
EF8C
F17E
F225
08DD
0C01
07D3
F4C5
05E8
131D
0245
1003
0A8D
0171
FEDE
071B
05C2
1239
0503
0391
0740
FE0F
F4D4
0447
0B6D
F2F0
FBE2
F07E
058A
FC27
1127
FCCA
09B2
F42C
1287
F571
FD1D
032D
0F14
FDDF
029B
F2E1
0723
FCCA
0DA8
0EE6
04BA
114B
F503
F4D9
0DED
003D
0AD7
12D0
FFA3
1366
F7EC
0B0C
FCD4
F124
0C79
F497
F6D3
0945
F65A
F66A
F55B
0ED8
1315
FBC5
0136
EE4C
0628
FBE8
0DA4
F3EA
FC29
F246
F679
0D9E
F6C8
F8E1
EE38
01B0
1098
FD87
ECE3
F18B
F650
F793
FEFE
0BB4
FEF6
0436
F8BF
FF72
0023
0343
F29F
0DF5
0A58
ED1D
077B
09AA
F204
0D07
F83E
FED8
FA8F
F539
EF35
FCA5
02B5
F413
FF58
ED97
F7C6
0A7F
FA8B
EFF0
FFB7
F248
ED3C
0235
F737
FB99
F78F
F5FF
F885
FB14
F95A
F708
FC3B
FFBD
FE9D
03F7
F03E
0841
1281
EEBA
F61A
F0A5
F7C3
F0DF
05BA
047B
1178
F2DC
FD8B
F29A
FD53
09E1
F9E5
05AA
F3D9
007B
0163
11DE
F97B
0992
16EA
0A8B
F962
F6DB
F96F
020D
1358
0AC8
08D7
0F65
F544
FD43
FBD5
13E3
F721
0334
13CB
FC49
F2C9
F905
F0F0
0A0B
0BF9
F9D5
07F1
F9BE
F46D
09E3
0019
0DA9
E85C
FBB8
FE0B
13BA
0A78
09D8
1200
EE78
14C6
0D00
0326
0058
F2DF
F0FF
1193
077E
0AC5
F05A
FE98
F340
0496
FDA7
F01D
F23A
0BE4
F514
EFFB
EEBD
05EF
F9EF
F079
F763
FE6D
1076
FBC4
F474
04B6
FD6E
FAB2
0DCC
099A
0FA1
0585
0AA5
04DA
0C6F
0509
0404
F277
F3E0
0BEB
07E6
FB3B
0EFC
0BEF
06F0
F71C
07C2
EF59
0091
F835
0442
FEE1
F4AC
003A
050D
126B
150A
07D3
F0A6
03E4
FDD0
F809
F13F
0AB5
FF99
F4C2
F413
F908
0295
FCEA
E5C2
EC68
01D4
F5E0
0472
072F
F6BF
F227
F6CC
F86B
FACB
F7B8
F5F7
F1E6
F5B0
FDDB
F13C
F4E8
0E1F
0815
01BD
F9E3
F34D
F638
FB87
FAFC
FECF
061E
F771
06DE
0F05
FBFD
ED51
F47E
0BD9
FECF
006E
F2D5
0AA1
0A0A
F2D1
0B1E
FB92
EFCA
F361
F4F0
F1B5
00FA
030E
F30E
15E3
0304
F385
0834
0DB4
FF12
01B1
FB39
FF20
0938
0E97
F573
00B9
0F19
FAFA
F6E1
03A6
011B
FECB
FC0B
F0BD
FE4F
EC5A
FCF6
FE68
F193
044A
EC34
0507
09DD
0574
02FB
12AB
F8CA
0BFE
FC54
F17B
021F
0B5D
F327
0916
0CDD
FE05
0C2D
F43A
03E9
F8AA
0A01
0304
F4FD
FBF4
F021
F550
0422
EFAC
EDCB
ECEF
F294
06E7
FE91
FBB1
198C
09BE
0F4F
F39B
0AD3
1104
F467
F998
0EFD
0A57
0424
0BAC
0F9C
017B
FBFC
140D
0598
F73F
06DD
F0F0
03C5
F3D0
F4BF
0654
0FFA
F8B1
03CD
FF75
0B60
F678
F015
0ADC
ECB7
F553
0F49
1026
0FCA
F3FE
07AC
048C
FF1B
F582
0CB1
06C3
F8A5
F756
0F1E
0126
ECD8
F03D
0EA7
0309
0CE1
1091
113B
FA86
F642
F94D
0027
F412
0548
0F47
096F
0514
15CB
F870
F23A
FD32
F1E6
0AE3
F476
F72D
05E5
0007
F85D
F69B
FFD2
041F
FA51
13F1
01A0
EAD3
0D7A
00B4
10FD
F257
F670
0C39
0F83
FEE7
0228
03CC
09D4
08EE
093E
EC7F
0608
FED4
EC3A
0CC3
FA7A
0FD6
1246
08A3
07A8
FDE0
03A8
E7D4
FC4F
0F9B
F8C3
12AA
EFEE
E9D4
003E
020D
FBFF
125D
EB97
03BE
F41C
F5A2
0790
0D9B
0A2D
066F
0978
0286
05E5
02EB
F47C
F067
0600
F6EA
FD1E
07E9
F3DC
003D
06F5
FB9F
F6E8
F198
EEEE
0161
F94A
0A8F
F693
116C
EEAE
F43B
F77D
05ED
00BC
10BE
F49F
03E3
06C5
FBE8
0274
0993
F11F
EEEC
0106
FFC4
06D2
0710
0F09
0F86
F4B5
08CD
0879
FA69
0304
F010
FF9C
123A
F2F0
0E91
02BC
0648
01E4
EDD4
F05F
F513
FE0C
FD36
F451
0B0B
FBD1
0BA4
1AC3
0FE1
1345
FDD4
0C3F
FAFC
EDBC
FEAB
0BB1
0DEE
0923
FB33
E8AE
0838
F632
F396
F230
1035
0CED
F013
F87D
045E
0482
073D
EE2B
0C28
054D
FE17
F77E
F189
FDE1
016C
01E7
F171
08A8
0C01
F433
087D
F1AC
10C3
0C8E
0B35
092F
F0D5
0F37
FE70
F40D
048D
F262
118F
F40F
F27B
0A22
F89A
0635
FAC9
F526
0544
0FBA
081A
0313
F294
F140
1057
12DC
F3A5
F43C
10EF
F1DA
080E
F393
FD30
064F
EB54
0DFF
F5FD
F4BF
FF17
10A4
F97F
03B7
F437
F49D
EEE7
086C
FDDD
0995
043A
FA54
01B7
F3EB
0E7A
0197
0AC0
04D0
08F7
F513
09C3
EFEB
0E86
07B7
09C6
0DE8
F9F4
14E3
F01C
01CF
FF4D
08D1
0AC0
096E
FAC4
F822
0A63
0006
051B
02B3
FCAC
EFFB
F061
F8B8
FD82
0392
F61E
F1C3
F183
EDBF
EF54
0ED7
FC48
FFCD
EE3C
0E23
F763
FB3D
FDAE
0DF8
EE75
13B7
0548
044C
0BDC
04CA
FD99
FCAD
1022
F8CE
1110
09ED
0F3B
10A9
09DE
0A9F
FAE5
0D2F
ED9F
F6D9
0071
1311
0579
F5AD
06D9
09EA
F0D6
065C
FFC7
0977
FB7A
FDAA
02E3
08E1
07F4
FF5B
EF79
0294
0E9F
0AC0
0F3B
0CF1
FFE9
0DC8
015A
EEB2
F512
01BF
0F0C
1290
EF5B
0291
101B
F665
F5B9
145F
FECA
ED03
0724
0012
0B26
0E6C
EE82
08F3
09A1
FE0A
FDC0
0C57
F9AE
FD51
F881
EAFE
F992
0D6F
04EA
02E5
EE11
FDA5
F264
ED77
EEB6
0D3C
F571
EBB1
F8B0
12A4
FCB1
06E9
F75B
0094
FE39
06E4
F307
088F
079E
0F52
05F2
10A9
FFDC
0083
0ABE
FC27
F77E
066D
EDC4
FBD6
0D9E
0FE7
FF9F
FD51
04F7
FE8E
FC22
F397
1017
0C1A
FB46
017D
0204
F596
F67F
F9AB
0137
FFF6
FBCA
F5B8
F8E0
FAA2
ECE0
FB45
0186
EF76
0DB8
07F1
0D19
0A01
F8FF
F37A
F635
04E7
060A
FA7F
0F9C
07B2
F81C
0E8B
0FCC
0C4F
0F61
0FA3
F662
0584
0D1F
FD48
102A
0A1B
F7CF
0372
0A94
0CC6
0715
FF2F
F717
EDDA
0305
0625
0C88
0F45
10A5
FD16
F167
13D8
0364
F80C
F38C
0989
FA76
F3AF
0379
0A38
F34C
091C
F08F
FFA0
F822
ED53
EC51
0F4E
0C87
0F37
06F4
159F
FA67
13FF
0551
02FD
EBAE
EE07
000C
FD89
F678
0933
FB2F
10CB
0303
F7C9
12F2
0818
F423
F74F
0AE4
EF31
0B00
FCAB
F03A
F1DB
FDEF
0C9E
ECD1
0F89
F359
0E9B
103A
0AF3
EDF6
F5EE
FEB4
06D8
0C38
F011
FC4F
F97A
0EBB
0A2B
045C
0A0A
F858
0A3A
FCB7
08F8
F421
03B5
00D5
FEF7
08E2
FA8C
FFE3
05A7
F5E6
0154
0D28
0C26
F5D1
0CCE
07E1
F0C5
F353
F51E
1713
074D
0873
F943
1062
F467
FB20
0F1B
0C53
F5D6
F6AE
0B0A
FD28
0A8B
F293
0357
FD9C
04CE
F483
00DB
F4DA
0551
14AB
ECD1
046A
FE14
0D3B
1006
FFB7
0437
100C
04B9
FC09
F2E9
0BFD
FD89
0E5F
03F6
FE12
0186
05BE
012D
16EB
EDFD
0871
F6CE
08AC
0D8A
F120
F0F8
EB11
F033
FB92
06CB
F349
F362
F359
EE2C
FCDF
F7CD
F1EE
F42F
04A7
0F9F
003A
0060
0074
0D2E
065B
FDB9
06FF
03CA
0685
F891
EF63
FD9A
1531
0218
F9D8
0A7E
EDD0
02A5
03A0
0EA0
FFB3
116D
07B3
EE87
EFDD
F59F
FA4B
F427
0B3B
0FAE
F027
0499
FF56
10E9
F822
F7AB
0A9D
FD69
05B7
FF22
ED2B
07A6
0A01
F038
F900
0E22
F6D6
0A35
0614
F048
F714
1379
EBF8
0A1F
0401
F124
1226
EFB8
FA16
F18B
FA17
13BF
F84C
EBD1
F8EF
0E2D
FD5C
EEBC
015A
F6F8
EC16
089E
F3C5
FE39
F8C7
F44C
F7B3
F939
FB6E
00E1
0987
11BB
0216
FECF
ECA5
0AD2
F04B
0676
0FB3
FF4E
F77A
FD02
ED0B
EE3C
F606
FB7C
EFF7
FC0E
072C
0633
08E6
09EC
0A78
F865
0568
0745
F99A
0F8B
0CF2
0429
0BA7
0E1A
F047
09E0
FCD3
0495
FD33
FFA9
FD98
0F32
F45B
10BB
FADA
0E2D
F04B
EDBD
FB60
04C6
06CE
F38A
F4F1
F3C3
FB9F
0149
026C
0387
0DED
ED9D
07B4
0C40
08E3
EE42
FF14
F261
FD6D
FFB4
0114
11D7
F78C
F104
F313
ED8E
FB34
F1AC
F46C
F801
F8DB
EF05
0F08
0827
0B61
EDDB
078C
F92A
EF27
0F87
0DD4
F4AF
0D58
F4D3
060E
F7C4
02E6
0692
04BE
0C16
1141
F658
0A73
F46D
F8C5
1812
024E
FD62
FAA7
F82A
03E1
00C8
061A
FDE6
0522
0CD9
FA6C
07AA
1135
EF2E
066A
E7E3
FBFC
08CC
ECCB
ED3F
EE12
F0BD
16C8
0F3E
08F4
0CBA
F277
1052
F069
F275
F23A
EFC4
0744
0F55
08A5
F469
0D69
0B86
0242
FA17
0BA0
0AB9
0C23
F82E
F82B
EBE3
0327
F1FB
0B55
08CF
0AF2
0A10
05C0
0D54
07F6
0E9D
0CF2
EE0A
FE81
FF66
FD20
0FD1
01C7
1018
F76E
1296
EE09
0988
0883
08A5
FAC0
F9DF
05C6
EBFC
0C3F
1015
01AC
F4D3
F613
FB6F
FC3D
0219
F43D
0C88
1128
FEA3
149A
F15D
F76B
F040
F94C
FCEA
F9B7
FACD
FC4A
07B6
ECA6
F43E
F525
EE5F
FEA7
0D7A
EE92
ED85
F2F8
059B
EDC8
0072
EBEB
ED18
0BCF
FD98
ECE7
F5F2
0812
1161
0A49
0B1C
F979
0D4E
0AC5
F73E
1158
1125
0C6F
07D8
F07F
0C26
FEBF
F98C
FCA9
F61F
FABD
F19E
0D76
0237
F9D8
01E0
07A8
EA1B
EC92
EEE9
0489
0215
0769
0E53
F31C
04F8
F799
FE9A
F5B9
EC98
F407
0576
FDD2
FE57
F246
F935
0655
F19E
EF91
EF9B
0FDD
FAFA
FAFF
F87C
FA52
FEB5
0E73
0BFC
0582
00FE
EC4E
FC60
0E6A
F14D
F6CA
0EDA
0E1B
0D78
EDBF
FE2B
08F1
F9AA
080D
146A
11CE
0FC4
0766
07CC
0F0D
F933
FC17
08FD
F139
F1D0
F8FF
F4B8
11E9
0C83
FBFF
10D0
0085
F70B
FB89
FE80
F321
F107
EB7D
0B5F
FDBE
FB1B
ECF9
FFA8
104E
F2A9
0D09
0832
1292
12E8
0FC2
083B
099C
F176
12E6
1253
0AF6
F70D
12CC
0A79
0A25
EF7E
0712
0190
01E9
EF73
EF97
EF58
F599
F4B4
05F6
FC5E
FDF2
EC45
EF23
0E80
FEBA
F730
F1A8
F4E8
03BF
06B1
0FEB
F23F
F6F7
FB02
0BD3
0477
08D8
FEA4
ED84
FE43
0674
1381
0747
FD59
0FDC
0BD1
0501
EF4F
F75D
FA55
0F35
FCFB
0AEE
FEAB
F446
063A
F6A4
FE7D
03F9
FBFF
FFEB
122C
03CD
02EE
0233
0271
10D5
082E
F566
F0B2
0B0B
FE07
0436
F7E9
04DB
FA4B
0DBB
061E
F721
F3B1
EFA9
0AB3
0490
127B
06B0
0514
109C
F1DF
0E2C
F648
EFBA
11CD
0096
F60C
F32B
0ADC
039F
F22B
0144
F557
05C3
0DBC
F36E
FEDE
13AC
EEC1
03D5
0675
FF64
0F5D
F685
0796
FAE2
EE91
107B
F208
0879
0B2D
114A
0A2C
EAB9
F9CE
0D1E
026E
EF63
F02B
0439
F52D
0D7C
0EDD
EB0C
1036
F79E
F8DF
0177
FA1D
FC05
047E
EEDD
07A3
0BA6
00AD
03EA
094B
04C5
1150
FE99
07A2
FC8F
F6C6
030B
F520
EA0A
0734
0C3D
ED1A
F55C
F1DA
F8AC
EC92
F6A1
0B5B
0B42
0FBE
EA89
F2CF
EB5D
F11F
F6C3
F442
FA0F
04D8
1488
07F7
F6D3
F366
17C2
0AE5
0FAD
EA7D
0BCA
0456
0EDF
EDD4
04C3
F076
F550
15B5
F39B
F9B8
ED51
03C0
FB6A
F5B7
FEB8
FCD4
02EE
F45D
F964
10FA
0D9E
F4B8
0981
FB85
0DD9
1328
0529
0130
FF6C
F375
FFBB
0739
1155
0AB0
00BE
0823
FAEE
0212
E9E6
ECC5
11DF
F37C
0819
0328
0C89
123F
010E
1330
0AAD
EDF6
042A
0240
F95A
0E6D
112A
ECE8
F736
0042
EEFA
1273
01E7
F275
09DD
F335
1072
089E
EF24
0729
FC4C
FE3D
005E
06CC
FE69
F1F8
FBE1
F273
0927
FE25
102B
01B4
02BD
014E
F3DA
F290
F308
EDAE
FCAB
F083
FB43
0F67
0367
F057
0E1B
ECD8
039E
0B60
FA92
F7CE
F755
F61C
F430
FC5C
0F74
FCFC
1381
F9B8
0465
12D9
FFD4
FEBB
133C
EDBB
FDC3
F37F
0106
0601
05C5
088B
00C8
EE25
EE00
10B6
FCF8
0433
EC75
ECCC
0B6B
12AC
EFEE
F4B9
0721
FDC7
040D
F908
EDD2
132D
FAAA
F786
F274
ECB8
1332
03B9
0C79
FAC6
0C4F
0B7B
FFCD
1361
0A20
02A1
F969
01C3
FEDE
0FE4
F18F
03E7
071D
1047
F23F
EE4C
0F06
F257
EDCC
ED39
ECD8
F8E6
EE3C
06B3
F394
FAA1
ED46
0D6B
F618
0D2F
07EB
F102
0495
EEAA
0F88
0BC8
0C7C
119D
F8D6
F012
0C6E
0915
F68B
F2D8
0E4A
00A6
0F6E
FE85
F2F3
EC81
09C1
FCC9
0DB0
0240
F60A
04B7
FABA
F236
133A
F967
F1D8
F412
03E0
0325
0A3E
0161
F44F
135F
F16F
FAB0
01B3
1292
11A5
1090
0EA1
00F2
1295
F6E6
0EDC
0627
EDED
F426
0ABA
F7DB
EE69
0E05
0C69
0E81
F66B
00A0
F76A
F077
FAA2
1137
0080
F67F
F9FC
ED80
F18E
FD68
0647
01C6
F099
025A
0F77
FBE7
0C3E
002A
F045
0C64
013B
EE83
0108
F286
EE88
04AE
FB3B
F54F
1360
0B95
F084
F18D
1037
FD18
FC7E
FAD5
FFC1
11AA
0D30
119B
0BFF
EB12
131C
EE5B
F4C5
065B
07C4
0ED6
015D
0CFB
06A3
12F3
FD90
1137
FB15
FD6D
046D
060D
FCCA
F861
F5A4
FCFF
F8AD
F80F
FB43
0C28
0DCA
F9DD
0D52
1264
F686
F296
FD40
EFB3
F229
0458
02D3
0BDC
F969
09B2
1096
0515
0FE5
F51C
0E8F
FE2A
11EE
0094
ECF2
0296
0BB3
EE50
0C38
FF2A
F67C
F694
FD03
0C27
028C
F817
FFD5
0DF1
0A05
FB0A
F806
0902
00D0
EE11
0961
08E1
F95C
F400
0F38
EE8F
037C
1260
00B3
F3F9
14C6
02C5
FAEB
F355
F2B6
FFC9
F2DF
152F
F3EA
02A5
05BB
F296
060E
F3B4
F71E
F877
F7AA
FC98
06AF
0E38
10FA
F8E1
F3A4
0761
F66D
0C4D
1190
F715
0E27
10B5
F498
004D
0D1F
107E
0BF6
1208
EDC8
FA32
01AF
EC0F
FE83
F70F
F671
0189
0DFF
FE2A
FE83
EFE4
FED1
008D
12C3
F5BE
0FA8
117B
0303
05A1
090D
0B69
EF39
FBC4
0AE6
F596
0E7D
FF49
F503
0308
FE93
0289
02D2
0859
F5C6
09DA
F5DD
01E5
09D6
F2CD
F407
1420
FB07
06B9
0C71
0283
F1B1
0E13
0B6A
063C
0370
08D6
184C
FC91
06BA
0151
0E04
14A3
0AB4
0D6B
0AEF
0F65
F679
FC35
F81F
FB2A
FA54
FEC9
EE88
0519
F194
00AC
0382
F912
0E1C
0BE2
0A21
0174
F3EB
FEE3
0E78
07C8
F087
F909
0220
FCC2
F7DA
FA9A
EC3A
F7F4
F0C2
0051
0024
0DF9
00D5
FC8D
F502
0E92
E36B
FC20
0D8C
FC47
03DF
EF51
F829
0AC6
FCAE
030C
FCEC
EFA2
12D3
0EBC
0215
EC4E
FAD4
0C95
1124
03A4
ECE3
0511
0F84
06CB
1093
FF70
0442
F190
077D
ED60
FB43
F2EF
0160
EC69
F4D0
0CF1
0233
EA76
04B3
EDC1
EBB5
FEA3
06E3
04E2
F786
FB3B
F105
F920
01DA
F0E0
F747
FC3F
F3F5
0CD7
FC39
EF30
FCFE
FF5E
03ED
0DE5
0ED7
FF38
FD51
0128
EEF1
0481
EF7D
FFDC
0B8B
0A6C
FC38
06E2
F29A
FFE8
F979
F453
F463
EBB2
F447
EE59
0A16
0560
1450
068B
FD96
ED6B
0A51
F7BE
F32F
02A2
F5F6
F0D5
FBEE
078F
F087
FAF3
F8F0
FD66
040F
0C21
F2D3
F7F9
FC98
F179
F5C5
ED37
136E
0AE0
03D1
0D60
F61E
0B9F
F29E
091F
ED7B
EC8C
FC6E
FEAB
F96B
EB4E
1211
FF96
F0E7
F3E2
0FC4
08F6
068B
F5FC
F910
1192
0D9D
0A7A
0332
0353
FF6B
11F7
EFE2
F8E0
F977
051C
F304
FCDF
EA1F
02F1
0362
131C
084C
FC65
F830
F1F2
0228
0166
F1E1
FF73
ED49
F015
12BA
ECD4
EE15
0A95
ED5B
EA74
F75B
FEA4
F980
F939
02FB
0C6B
F043
F9D7
FC2F
F40A
03E0
0BF7
EF83
F3DD
0D2D
120F
0EE5
0A3F
0351
ED93
F602
ED8F
037E
1263
EB16
119F
F1FD
051D
EF0A
0E83
0340
0217
FEE1
0C0F
FEFC
F9B3
0776
0FB0
0915
FBBE
F615
0DB5
1063
EE0C
02FB
0F89
1024
05FA
076D
0753
F05D
F669
F3B4
ED7E
0626
07F7
0207
02A3
05E3
EBC4
0EA3
F347
F93F
EBC5
EA8C
EF0D
FE0F
FF85
09DF
07C7
07C3
F8A3
F625
FE2A
00CD
1053
0EE7
036F
FEAD
EEE1
FBF0
FC4A
F765
F8C9
072B
03A9
14F5
F573
EE84
05F1
0C4C
FA85
0706
EBC6
EFD0
1059
0B16
F78B
F942
F1B2
FFE8
F827
032B
0E23
0CF5
EE9D
F074
0092
F3F6
15B2
01BB
1132
18AA
EC43
07A1
0201
092A
F2B5
FDEB
FD84
F50D
039D
004F
F0F2
FAB7
0B44
FF2B
F006
EC1C
0A42
1137
F1AE
F9F7
0FEE
F09D
F147
FA8E
0C40
FC5A
0DFA
FAE5
F17A
EDDE
F795
F2F3
FBA3
EA99
0DFF
F568
032E
FE90
14DF
0A14
0F29
0436
EF65
FA41
07AF
0662
FE7A
07C9
EBD2
0FDD
F1D5
0F8F
FD14
F2D4
FF10
06EF
06B9
01DD
F25F
F698
01E8
FD4D
F176
FF15
0849
1107
FA7E
0CA5
0E6D
0683
1098
EC85
F2C7
FBB9
F885
F94E
060A
0118
01F7
1209
00A8
059E
0EDE
FD54
FF59
0712
0B16
FCB4
FDB2
FB38
06BD
0132
F896
0AE8
0F90
015E
F56F
0BAB
0455
0ECE
F34C
1418
FBE8
F3F3
F675
0BC7
06DE
F3AF
0D02
FAFD
F1F2
F044
FBBD
F8F4
FA29
0AB3
147F
08BA
044D
0F13
06B2
0AD2
F844
F78D
0362
EFB0
FC2C
0444
FE0D
EDA6
F221
F3D2
FEEB
FA1A
098E
FC68
096E
0AE8
0D42
F74D
FAD0
EDD4
F36E
F568
EE52
FB3F
07D8
057C
07B2
10A9
F26E
FBB3
0A3A
FA13
FBF4
0FDE
1390
F7EF
FA7C
FAF8
068A
F5AE
FB40
0B71
0AB5
FCC3
F157
FE92
130D
F33B
136B
028D
0BC6
1358
0593
03FE
EB90
09E4
0305
EE7A
0982
0403
EEA0
06DC
FCDC
FF7C
0413
112D
11AF
09FB
FC66
FC94
094D
F0FC
FA84
05FE
E8C4
1261
FE76
FEDB
09E8
FC3D
F482
116E
F732
F65A
F1F7
084C
116B
0BD2
F5D1
FDDB
F6F3
0570
F529
0FC0
EFAA
12FA
0E63
06C4
114B
EC72
F884
F101
F626
F408
FC55
0C17
F06D
0B95
FEEC
FCB5
F966
155C
FB0A
10DC
F8F8
F722
FCA6
01CA
FA0C
F539
F374
058C
1579
0A91
0865
0EED
F6D1
0670
0EBA
EF5E
FCAE
F836
0750
18CE
12C0
F9C7
F923
04D7
E2B7
0D2D
F973
FA20
0622
EDB9
1132
0090
EBDD
0938
FE5E
FE64
0427
0A9B
0DCD
FC95
F78B
09E1
09E1
0435
03C6
ED7B
FB0A
0CA9
0A63
0572
F6DF
0990
F7BC
086F
02A4
FE23
F636
081D
1241
EDCD
0A78
105A
000E
0FE1
FDD4
0C7C
0008
F990
06D5
F59D
0A20
0552
028F
0FD4
FBDD
0771
0EE6
0597
EF8A
0862
FCE5
0D0A
0850
08F4
0B00
FBD8
10A4
1969
E442
FC06
0D08
0121
04E8
EE16
FEBE
0672
0E64
0300
EFB0
F0DA
059A
F806
F3C0
01F9
F390
0882
EE28
F6B0
FD3C
EEA3
1230
F457
FA79
0674
002C
F848
015E
F876
F440
0CBC
FD7C
F535
04B4
F1AB
1431
075C
FEA7
EB51
EC94
112A
FFC5
F37F
0AAC
F275
F43D
0A87
140C
046E
0693
FC1B
F7EF
0525
053C
0305
1163
0701
068A
1086
060A
05CC
0B6C
00B4
EBD0
0F67
0AF2
F87A
FA01
ED85
FC9B
14EA
FE4A
0B07
01B9
FAEA
EF83
F9C4
0F3C
F9CF
121E
05D6
F696
EDB4
0EBD
F658
09B2
EE32
1340
0960
0146
0365
07A2
F12F
1388
F8C3
F60C
1296
0B0A
FB8E
FC8A
0FAC
F241
F46C
F247
01E0
004C
01CE
06ED
EBBB
F89B
F83D
F50A
003D
04AF
F590
0128
08AB
F33E
0B45
03A6
00F0
0C35
0E51
FD9C
FCEA
03EC
FF7A
F6E3
0111
1725
14A7
095C
F7B3
F22D
F227
0143
FA42
F969
093A
11C7
FC35
0CA7
03D0
FA96
01E7
0FAC
0B55
0177
F063
FAEE
0D4D
0553
F489
0D24
FDAC
F2BF
FA80
F068
0DDC
FD9D
F958
FB3B
0BD6
1110
0CDF
F2ED
F646
EC9D
FDB2
0469
0D52
0D68
FCB0
FCEC
F599
127A
FFDD
FD10
F344
EFA5
EBA7
ED38
0694
EEAC
F309
064E
0E53
0401
F700
025E
0CC4
E696
008E
0EE4
FCB5
F071
0DF3
F010
0961
EC77
1034
FF9F
F9BC
0297
F4F4
0A09
F031
ECAA
101A
FA5F
EF36
EC12
FA90
ECE0
F2E5
F479
EB56
F8D8
F0FC
0E65
F33E
0DBB
03A7
F408
EF32
1236
FF98
F9D1
0D81
0059
04C1
04F3
FD6B
0477
F0C7
F479
F444
F320
FBD5
0F75
F6CA
0C15
F5AD
F44D
F3EC
F1CB
FFAC
F1D7
1336
012C
FC41
F799
123F
F4CE
F03B
F098
08D0
0CC3
00AF
069A
F103
F964
0525
01D5
0FE5
F94A
F486
06A5
EE2D
EF71
06F6
0291
FEC7
EE5E
0836
01C9
F34E
FCE9
0A62
01E8
0729
FA05
FD28
F32E
0D6F
007C
1162
FE0C
EBE3
104C
07A5
F07F
0C8D
084F
1130
08FE
068E
F668
FA05
F67A
FB3E
126F
05B8
0129
F714
0EA9
0599
F4D6
F030
07D6
0C16
0FA3
0E0E
F7DD
F51C
072A
101B
FD5B
FC9A
F297
0AA7
0B32
01F2
0FEE
E9A0
FBD1
099C
0A7F
061D
FEB2
F70A
0903
01FF
ECF2
0FB6
E9D9
FB80
FB4E
12FB
FCD9
F40D
F475
ECDF
E7D8
0861
ED00
EDF2
0E06
EEA5
08F8
F1B4
FC38
F1B1
F9D0
EB8B
F77E
0D4A
FFFD
F590
F2A2
085C
FA8B
F307
FDA2
F70F
FEC6
1135
0A4E
08ED
13D8
F7AA
0374
05B6
F8CA
1567
0994
F845
F95F
FD67
0399
F308
00DB
0340
E858
F16E
056B
0E41
0F69
F576
FEB5
06A8
EE6B
0EB9
0729
0231
0267
0F9E
0B94
F7C4
F319
F9FE
F50B
F10C
F8D8
0FD6
0842
0C01
EF1A
0755
F28E
01FA
0AEC
01E1
F35E
F4A2
F76A
FCF5
0428
FEA2
085A
FB46
F2C5
0EEA
FF5A
0CCF
FADD
EF6B
02AA
F255
016A
143A
02A5
124E
08D2
0B7B
FC99
FB55
0724
1477
0A53
0EE1
10D7
11DA
EE1F
F3E7
FE0C
FD62
F63A
EE05
1522
0D54
FC94
141A
FAED
FCBB
0823
0DA2
F454
FD68
0F46
F7EC
0C35
EDFE
08D7
FBEE
EB28
0606
00A1
F039
0ABE
F6FB
FCF0
FC93
FBEE
F56F
0C47
0CA5
FB89
0E78
0A0C
09EA
043E
0981
10DE
0A3B
F3E9
09A7
F005
011C
02D6
1323
06AC
12E5
052B
10DE
F4FB
0E7C
0FCF
FEE9
FB02
090A
05BB
0E20
05FC
018E
ED0B
0CC1
F59D
EE8E
ED57
E9EE
02B6
08AB
0137
F6DB
1131
0E82
FF2D
FDF1
F5E8
EBB2
087C
0386
ECD7
FA1F
F368
0BFA
07C5
09F6
0A52
0944
FF8C
EC94
F1E9
0AC3
FF2C
ED5D
F880
0692
FC9E
10A0
FDC7
F13E
FCB6
09F4
F755
F8F0
F6EA
FCF8
F561
0D70
0AF3
F3D9
F55D
FF83
0E02
F349
0A56
FEE1
0ECC
0E07
FFB8
0FBC
0960
F53C
00AB
0F88
F798
0DF6
0E75
0116
F750
0E31
0EB6
EFE5
F6F8
0FA9
F83E
0B79
1243
047C
02C0
FFB8
021C
086A
FEB9
1489
F2C6
FA83
0B76
00AE
08A4
F925
FC9E
154D
0719
F69F
00C1
F1B1
10D5
1111
F4C3
F96A
F9FE
F1D1
0CF4
0C5C
FE32
10EA
EB5E
004B
03AF
0EF1
13FE
08DE
06B4
0EBD
EBAB
F886
0305
EDBA
FC4B
FC12
F1CE
0CA5
0BB7
06B3
10CA
FAC9
FCB5
1184
FDCE
F7EC
F4CA
FDEA
0269
EDDC
0E84
F570
F34A
11F0
F157
0058
0B2F
0A1C
EF1A
004C
F0F1
133C
0CB0
F2C8
EE4E
F79F
16B2
047D
FE26
05C4
0B12
0BCA
05FD
1235
0E45
00DE
FB28
F34D
F66A
E874
FFAA
FCE9
07EC
1377
F99D
050E
0BD2
F94D
FC3E
0AAC
0601
0AF2
F83E
F3CC
0D58
153C
FFAA
0F7A
EC79
0195
039A
00BD
F89E
0198
F593
FA81
F2FF
F42F
F7D7
0D4B
F6EB
069A
0C3F
FEED
F699
04F4
052A
12BC
FC31
04DA
09BA
F11E
12F7
01D8
0375
13C2
052D
FF66
0CA7
070A
0378
F4CE
0C4F
053E
09FE
FA39
0663
F53C
F6F3
FDE7
EC92
0396
F97C
FFB1
0724
0152
0CAA
F989
F78C
EF38
FBBD
0A49
0D78
F050
F647
1198
F0D4
F722
0B39
10FD
024E
F1C5
0BA5
F456
F078
0361
0856
02A9
FD56
100A
0CBA
EDD9
0DAD
EFFD
0012
FF7F
F3C7
FEF7
1086
FE86
0DEF
102D
EDF3
F916
0D17
05C3
0A00
FCF8
F23A
EF62
FFE8
0827
FAE7
036F
0F52
F713
0FAB
05C7
12D5
EDAA
1018
0A3F
07D2
F553
F2E0
F4F5
11F5
EED1
F225
F346
F634
0636
FB03
FBFB
0287
1093
F237
F9CF
F41B
F4E5
F2EC
FF97
F5F4
1206
0576
085B
1216
057B
080B
FC76
10C4
F095
F8AA
FA62
0653
09C7
001A
FC08
08A2
F75E
0AFF
F2CA
0106
0EA2
03C5
FA7F
0EF8
01B9
F358
F1EA
018D
F081
0C65
EF09
FFBF
0254
F214
F092
0476
F6FF
ECCF
FF96
F358
082D
F7B5
F8DE
F9A8
015F
09DE
F7A5
FD2D
119B
0DA2
F604
EF1A
F197
131E
F3A5
0F25
F693
F464
04A5
F724
082B
11D1
F0D3
F9FC
F91D
FF8B
FA41
0099
EE69
10CA
07F6
0208
FC05
F8A7
F64A
F1AC
073B
F189
0CA6
049A
F5CF
0E69
FEEF
0AEF
FF34
FFAA
ECF5
FE78
EF72
F0F2
F7C0
F1D2
0325
F50F
0F22
EFF5
F032
F0FE
0B76
F617
046E
EF48
F316
F148
F26D
EC81
0104
0859
ED39
F999
0A98
EED8
FD4A
FFED
01EA
04E4
FEF9
1292
088C
0907
EE15
ECE8
FB9E
0C28
050F
F6EC
0269
FA4D
0AD8
0943
FBFB
FE26
F85C
11C4
FEF1
F894
05EF
0A76
0A31
FA66
1093
EEE3
0E79
11CA
1392
F458
F214
EDA0
0096
0A2B
03DC
0083
11CE
F0A3
ED02
04D0
FC9B
0D61
030A
F855
0138
12D7
0C25
F5FD
F06B
FBDE
1262
0A07
0F9A
FC5C
06A7
FECE
0EAD
0DCA
F375
05C0
0214
FE6B
07E7
FB13
F6D6
0F1B
0CB0
ED2C
0B0E
F257
F9B6
F4F6
F48E
08A7
F593
F3C3
FF43
FC68
12E1
0DD0
FF2C
000F
074A
FA73
022B
F977
FECA
1145
0E24
0D44
F1F1
F264
05BB
FF4D
0DAE
06A5
0881
EF9C
0F0E
079E
08F9
03D1
1122
FBAD
0589
EE14
F07D
F87E
0B8B
F66C
0AE5
EFD1
EFBA
FA0F
F8A9
FDB8
F842
ECD2
1354
0A8D
1086
F746
EEFB
097F
FAC1
0F25
10DC
10BB
0E71
0D7D
FD92
0004
0B5D
0B16
F47D
0D5D
FE63
11C5
06D1
10BC
09B2
FE4F
0356
0A89
14E0
FE1D
117F
F3D7
FFEA
03D1
EEB1
E97D
098A
ED14
FDB1
125B
06FE
F5C4
EF86
FE95
F46E
F813
0783
FB34
F735
019D
002E
EFDF
0B7B
F0FE
FF1B
01B6
039E
083A
F089
002F
FF3B
02CB
F0BC
0A29
0602
0C3F
F300
05FC
023F
F0AE
062A
0C13
1237
101E
F2B9
0486
F98B
F2EB
08BA
FDF5
053D
0094
0CFE
EF19
F8A9
0B54
F779
139B
0F5E
F2CA
09F8
1561
FF14
EF7F
FC71
098D
F609
0DA3
F21F
FEF4
08C9
0261
FE97
F41A
0E4E
137B
0F8F
0E44
134C
0A4A
FB76
F48C
EE85
EF1F
0848
0317
FCE0
0E7C
0032
0DE6
04DF
0E2D
0C1C
FFD2
13A5
FE4A
0FC3
EAAE
0F22
FEAF
0167
1557
05D3
EEAA
EF2D
00EA
14B9
0E01
0821
09C2
EF59
FEA3
EDA3
F3D4
F739
F8D4
EDE2
F9F7
F8E9
F0C6
0558
F9F8
00EA
F3EA
FE01
1074
FA0A
1156
EFD8
0BB5
1211
FAF4
0229
E890
0F64
00FB
0479
02D5
04F8
F3AB
04EC
0C05
F12E
ED7E
FB09
F4E4
FABB
0D5B
11A0
0773
0269
0747
E9E6
F977
F95E
EED3
0F6E
0F38
1421
FD7D
FF52
0680
0B30
F94D
FF94
0F8A
F17B
FF9E
0923
FED5
1285
FE51
01B0
F22F
F49E
1617
F82C
F266
EEA8
F417
EEA5
ED87
0B92
F55B
02F8
F250
05F1
0061
01F5
FEFC
165B
12A9
0AAF
F3E0
F421
10E1
0FBD
FD52
1506
EF4D
0C90
F632
F7CE
0A3A
F1C6
EA71
F513
020E
FFA7
F235
0A4B
F22D
FA65
0D6F
F73B
FD5C
FDAE
F0D0
F2D2
FBCD
F8CB
10E5
EFEE
0C10
035B
F833
073C
1666
F991
F7F9
FC59
F18C
EFE5
F59C
F9BD
FDFF
0D85
F148
037A
0B16
FF14
FDB6
0A71
FC65
0A25
F08A
EF8D
037A
EF00
091D
0F06
FC8D
08FA
0809
08E7
FAA5
F537
0742
F548
0FF6
FADA
EE6E
1113
0E0B
00A7
FF79
0EB3
F1E7
0D93
0202
0A60
046A
004B
135A
F80A
EDC9
16F4
0643
00E7
F9AC
FAD0
F878
FDB6
0006
FAEC
F813
FF72
ECBD
F76D
F526
0DD9
1160
FCD2
1975
1633
0BB4
FE06
EFF1
0CD9
159E
0628
F00E
10D4
08E8
F40A
FE61
EDF4
FD0B
F37A
006C
F11D
FE54
F22C
1215
ED90
FE7D
F7CF
F129
1183
055F
EF70
F727
F10F
FE41
FA84
0310
F09D
0EF6
05EC
F758
F53E
03BA
F513
F7A3
0EA0
E9F8
02DF
11AE
02CA
0776
F814
0A31
E883
04C0
0427
F78A
0C27
F6FA
F6A7
F45B
FEA1
EAE9
F97D
F104
FECA
FB88
F7FA
F563
F780
F909
F455
0559
EED2
FEFA
EE02
FB5B
0606
F668
FB8A
03C4
F0C5
FD00
FE43
0B44
F27D
F27F
E5D2
10DC
EE1F
EF6B
0077
0FD5
0C77
11F1
0946
FDAE
061B
FD3E
F2D1
FF81
FAA0
FD66
F8E3
0E3E
165C
F17B
0713
F8F0
0D10
EB36
0E67
1090
FCDA
F064
0237
0066
F6F4
0157
114D
FE56
FF47
0D73
FDB5
F7B0
FE64
F594
0255
0654
FA9F
114C
F687
0FA0
FC06
054B
02E9
EACC
F151
FF7E
F059
EE5B
01F1
F522
FF10
06DB
10D5
FFF8
EBB2
FC19
F4FC
0D3E
F1E0
FE13
F475
FBDD
077D
F2B6
FF1F
FF5D
0708
EBE7
0AC4
171B
122A
0CEE
0FF8
0C51
0189
0B15
0DEF
0794
0A0F
0ACF
F77D
FC12
F0A9
03DE
0B55
FF19
F2DF
0472
F406
06A9
F013
0E51
002B
EB89
F69B
073B
08CE
FE98
F077
F8F4
F419
06C5
FCA2
118C
06CD
099E
03AA
ECB4
08E7
0BED
0CB3
0662
EDE9
012F
F2BD
0F57
0054
06C7
F1EF
F08F
04D8
F6F4
EBD4
12DD
F218
EE06
EFEC
F851
02D4
07E0
0636
F8E9
09DF
1105
0477
FB52
F63C
FEA4
03D2
F6FC
00BA
EF44
F004
0E33
0F06
F397
15C4
0373
096E
FB12
F7EC
F41A
006A
114D
0346
F722
FF45
092D
EF0E
0D41
034F
038E
05C4
EE5E
F62F
F937
1302
139A
0551
F961
0C8D
03DF
0E11
1005
11E8
F945
13C2
F107
EB40
F6C5
EAF1
FAA3
FB33
0D4B
F8D5
FFD3
EC6C
F86D
0AD1
EEB7
0EEC
FEC1
F672
0CE9
F8B1
FBD8
F35C
F89B
F58C
007D
0637
11A4
07EC
1587
037F
FE59
12B0
ECB1
0520
E58D
0E4F
F838
FC3B
0CBD
1202
F084
F655
0AFC
0FCB
F0C2
FE7A
0CFC
0F37
03EC
F49D
0E18
078F
FE74
FDE1
F811
F55D
07B1
0926
0001
FBC4
FDC4
FA8E
0BF9
FA18
0B6A
0EDF
121B
086C
FF35
F08E
0E16
F1EA
F304
1338
000E
F174
FC49
FE00
0583
FD41
EA9E
0512
0B28
FF24
FD85
EE57
016A
FC3D
F3D0
F64A
0DA2
0972
FD63
0B97
FE0C
F81B
F50A
FA7D
0247
1AE3
0FEB
065F
FF0A
0C96
ED8E
00D1
F3FE
0358
0ABE
0FD8
F2BE
ECF7
FA86
0B34
FAD2
F54A
F838
FAFF
FBBB
0A75
1710
000C
F13A
01D6
F8D2
F6DF
089C
04BB
0EEF
FB76
EF8C
F28A
0825
F10D
F811
F70A
F180
FA12
EB41
FB6E
0555
EDA5
088D
ED87
E95E
F393
11A5
FB7C
0067
11BB
F478
FC73
0BA1
F7DB
036A
FE11
06AE
F445
031B
0BCA
F855
EC6D
E8BA
F6DA
FE98
EBB3
07E5
10B2
0842
EE55
0E36
FC32
04B3
0C53
FFB7
0A5F
0551
054E
FD11
0413
0EEF
FD1D
F2F9
F678
0C69
FA1E
F60E
FFB9
0F48
F816
0092
FB56
F699
0C74
FD5A
EE40
0A28
FA9F
0137
F61A
FA11
EBDF
F675
EDEE
0A31
0DB8
EB90
F9C0
0C4A
FE6C
055F
0C59
0B29
0350
FA22
01CA
09F2
10A8
048C
FC2F
1046
FBD2
0BA8
0117
F0F5
F747
ED08
F393
0D93
F296
F5C1
F720
EE3A
FD57
0B3C
EFC8
F59B
F534
F079
0C21
0967
ED2B
F803
0C33
088B
0BDD
09B8
071E
0190
FDF1
0B12
0627
106A
FEBC
FFDD
F5A2
FC12
FD94
FC72
E772
0811
0227
F11D
F813
1348
09BA
12CC
0FCE
F314
FF8D
EDB3
1144
EECA
12DC
04F2
00D9
065F
02EF
F615
0144
10F6
FA50
F813
066A
1101
0A4F
0615
FCE5
027F
029C
072E
0B4A
F8B1
0455
FAA6
0FF4
F653
0DCC
0C28
FA89
F0CF
EEC1
F206
069C
079A
F6CF
F8CF
F111
0371
F6AD
FB87
F304
0808
0FBE
102A
0105
0436
F146
07C9
F584
1185
F3C2
FAC2
EB53
EEAA
F111
02DF
F239
0B84
0BC6
F96A
050F
0B10
1143
151D
1167
EECB
FC99
EEAC
F8FC
EF4F
16B0
0EC7
02BF
ECA3
132A
F16B
03A8
056B
0DC2
F98A
FC23
F88B
08A6
FE41
00F1
019E
F574
1148
0143
04D7
0353
FBC8
FE91
F8AB
EE7F
F946
07C2
FF1A
0906
F7AF
ECD1
F448
10BA
0BF1
0D40
F414
05E0
F51C
FD8F
F59B
0406
0A6F
F125
067A
F138
0D48
0697
FCDE
F2B1
06E8
E513
FF52
F5D0
093C
F8A9
07A8
0DA1
0E6F
EF77
FCEB
F93E
0FE8
FB88
0003
0572
FAB4
F417
11AA
FFDA
0C36
127A
EE93
092E
F4FA
F710
0FE7
0AB5
FBCF
0311
0A7E
02E4
13B8
137D
0604
11BB
0BCF
FF9E
FB34
00D5
E9F8
F852
0428
F97D
EBA5
FB67
EFE1
0A8D
07E2
F456
0D43
FE44
F3D0
E89E
06CE
0238
EF73
0CEC
00F1
0783
03DE
F81E
FB6E
FCA3
1280
F5C5
F930
FE82
F64F
0176
0824
EE75
E826
0A0E
F431
0512
04BE
FA2C
FDBB
FF18
EDC2
0FCE
0D91
0ED3
0B45
F1B0
11CF
EEFB
F199
FDA3
F23D
0DB9
EB8B
FAB0
1063
0185
0634
F5B5
F1A0
13FC
F346
0443
01CF
F49E
0205
F55B
0660
F770
F900
0B94
FE26
FA53
F235
FEEE
0435
0200
FA17
EE4B
F216
FBA1
F4C2
F333
F556
FD77
F323
FB75
0765
FEB9
F982
E87A
07C0
1232
0AEC
07A8
FF4A
EF7D
E81C
F4DD
0E3A
02A1
012E
F6EF
1192
19F1
EDEE
F966
EA99
11C9
FB83
EF0D
FD30
EB00
F5EC
F827
FBB9
01DB
EF25
F546
F950
F30E
F6BF
0FC6
001F
FFEA
FF5F
13CB
0665
F328
031F
ECBE
0CFA
F9A1
F813
F309
06BD
FB52
17CB
0A31
1165
01F4
EF86
FD53
FA5E
11B8
11B4
123A
EDD4
0D8E
EB00
F88F
0256
02B0
F586
0287
FA2E
FD92
F156
023F
05D1
EEEF
084A
FE68
025B
13E5
1411
073E
0415
0196
FA4D
FD6A
E978
F8D2
03D5
F719
F70F
0781
087D
F1E8
02E3
0C9C
FFAF
08F4
0794
F9C4
0775
01E4
EBD2
0740
FB75
0220
0075
F0B6
051E
0150
088B
EEEA
FA51
FB6D
0731
F870
F9FC
FBC6
EE03
035C
0E31
1093
04E9
F829
0531
0EAD
FECB
F41A
0AC4
FE24
04FF
F747
0520
F5B4
0B9C
F71C
0B1E
0DCE
151B
05E3
0955
F3D9
F833
1315
0B90
029D
0803
024A
F8EC
F7F0
FF44
08A7
01D5
F31E
EE79
0451
056A
10B3
EE10
FC27
F352
015C
0DB6
1181
FC59
0F3D
0DA5
F8EC
FFD7
024F
FF84
F586
FCE3
0962
151E
1383
FC2C
1239
0713
0447
FBEE
0B02
FAFC
10DE
0110
F191
09D3
03C7
106E
083C
EC01
0494
FACB
047F
072B
FA11
0866
FACF
FF01
F23C
03DC
EDDE
061A
F9FF
F7CE
0932
F810
0CBC
FBEE
0DB9
F044
F904
0FF1
F4C7
F032
F0E7
F4DB
074F
FB23
F91B
F0D3
04DF
F348
0704
003D
1170
14EA
FF60
068D
10F9
F99C
10B0
0204
EB76
043F
12D3
EB91
EF50
0206
FF52
E916
0F88
F6E9
0AD3
EF6D
041D
F92D
F2B6
12C7
EC8F
FEE9
FF16
F886
F910
0428
FA60
0A0A
EA75
004C
0521
0C83
04D7
102E
13EA
F1BA
EA94
FCBC
FFF9
0060
08B6
0D52
EE5C
F71D
F962
F0BE
0BE8
09D1
F185
0EB6
07EB
0B34
FC90
EFBA
FB17
0785
F25A
FBC7
F09B
FD1C
142A
F7BD
0C46
EE4C
022E
FC98
FCD7
ECCF
F353
1108
F0B7
0E4D
EDE1
14D9
F56C
FAE4
06A9
FBBF
F155
FABE
0E75
1015
0182
0254
022C
ED9A
F0E6
01E0
10B9
FC61
FB47
F49D
08C6
F445
F90A
ED1C
0153
00E0
FB7E
F21C
026F
0CB1
F9C5
F46D
06D5
F91B
FC3D
017F
0415
0A77
0249
019B
F26F
F34B
EE45
F52C
0912
0C45
EED2
EC83
0B9E
104C
FA17
01C6
1001
F32A
0D40
F54D
F374
EE0B
12AE
0891
F76F
06E0
EEC7
F62A
F5CE
0807
F497
0878
F4B5
F623
FF17
0687
10FA
101F
0B80
FFA8
F116
0C14
FA3C
0AF4
0D0C
02B1
F693
134D
F16B
06B3
06EE
08C9
101A
103C
FE9D
07FF
0801
1272
0D97
F84D
FEB8
FE1C
0A5D
F13C
04F9
0DE5
EDB1
FD9C
EFA9
0CC0
FCE6
1001
02B4
F1CD
0BD2
F5FA
F294
1291
FC9C
0508
070E
EDC8
F9A1
F2FC
05EC
0A69
00C8
10EA
00A4
083B
F677
11A4
06E5
0735
04D1
FA41
F177
FC97
0C58
024E
0508
FE4E
0B56
014A
EE4B
F620
F82C
F8BE
FF08
F92B
ECD4
06A8
FA34
FDBF
EED0
12D1
128E
060A
1011
FAF0
F714
0D17
EF35
09F7
FA32
ECD2
FEBC
FB55
0849
EF9A
06A1
038D
12C0
07A8
0FDB
F2AC
EF32
0B4F
0B6E
F6FE
0FBE
0C6B
0CE3
EFD1
FADF
F6FF
F4DA
044D
F4F1
09DC
134B
F639
F916
11A6
FBEE
ECE8
1131
FB0C
ED00
0A5B
109C
F614
01DC
09D8
F522
012A
00DD
EDF4
FF08
FEFC
0045
1107
0F96
F31B
0C5F
ECA3
F2AA
0B2C
1145
0451
FC26
F7AE
F52C
EFF0
041A
FBF4
F8F6
FF8F
118F
FF8F
FFD6
0A62
1014
0BD1
FB58
F819
0BD7
0CB8
F60B
0E1A
0D22
FCD5
0C2B
F381
0775
EC95
01F7
F6AE
ED85
EF35
F5A1
0A78
002A
0AFE
FC8E
1276
0953
092F
0BFE
EF20
ED0C
F1DF
ECFA
F134
FD54
0D1B
12F3
0309
1316
F748
066E
02C9
0969
F269
02DE
FC68
EE59
07C2
0774
F123
EEA3
FD79
0D67
FE36
FE1B
FEAA
10C8
0FED
EE34
022F
F82F
F21E
0335
0BA1
0631
10EE
F737
0AA1
0EFC
11B0
F8FC
F598
FA0B
0238
F532
0988
0E0E
0FF1
095F
F41A
FE5E
0B2D
0D68
F550
EC98
0B10
F478
F2F1
0C51
F40C
F715
F607
F686
FE80
F1BF
F608
06A6
FEED
EEFA
0449
FD35
F631
F330
030C
123F
10A2
FF7E
F0C9
F95F
ED6E
FE7C
1293
ED34
06D7
FE27
F257
FAB9
F00B
04D8
0736
FF6D
FA05
FCCE
01EE
F054
EFDA
0E65
F28B
FBBD
02BA
FAFC
EEAA
ED5C
F3AC
0B9B
F643
EFAD
022E
EE6F
0EF5
EC6B
F6BC
FE2B
F5F6
0086
0E7E
EFB0
10AE
F13C
0C2E
1175
F303
F253
F120
F511
EE00
06FA
0811
FC06
FAB1
FAFC
EFED
028E
0950
EDB9
0D0E
0819
11BA
F946
1094
ED7E
12BB
ED44
0D4D
11F9
0EEE
04C4
03BB
F10E
FE41
F669
06B4
F8D6
12E3
F6F2
12EE
EFBB
FE2E
F2D9
F5A3
09EA
F568
F79F
EE28
F8A5
F47B
F806
F522
F035
11C3
0D8B
08BE
F5EF
FA0C
F306
F19F
05B2
0087
F94B
EDC2
FAD3
0401
00A6
F009
FCC5
10E3
FE87
F53B
ED11
0AD8
0C7D
F26A
038E
FCEB
F7EF
1067
FA87
EEA0
034B
F28D
F966
E7FA
FC00
0DB1
F37E
F7FB
0F43
1097
F7EB
047D
01B1
F1D7
02B6
1319
F99C
ED6B
FA03
086B
EC77
F120
010A
FF35
0D2B
F31A
04D6
07AB
036A
0190
FEF5
ECB9
F73A
01C6
0CF8
F289
F5B8
EEFC
12BA
EF02
0697
1299
ED21
F92A
FDF2
FD22
143B
FC0F
FFB4
F834
FB77
F1A6
EBE5
008C
1228
F766
FC6D
0314
0D6C
1435
F174
118F
F410
0C18
05C2
1190
0477
FC90
F84F
0B7E
0FB7
0ACA
F1E4
FA91
05E4
F43F
0EFF
0614
FD74
FFB7
002A
F421
FC00
FDA5
006E
12D1
FC5E
11B8
F414
F8C8
05F2
0432
FA2B
F9C0
F82C
0BBA
0FE5
0065
FB8E
F0B7
0398
018D
F378
0D25
0D64
F2EA
F399
F10D
112C
0326
F360
0A64
F5E5
F13A
00AC
FC86
05F4
F484
FD50
139D
F300
F18E
EDD4
F274
1093
03F3
1397
FBA4
0A7C
08FF
05BE
EDE4
FB27
0432
075A
EFDB
010E
0AB6
F09C
1121
11F4
07B7
ED1E
00F7
0B38
12C9
FE3F
F9E7
108C
046E
F7F4
FA38
F586
EFCB
FC66
0A4B
0333
FB67
01AA
F90F
0590
0474
0D0C
0525
F951
EC49
01F6
F082
0F68
05F5
0F71
0552
F9F1
ED11
F666
0FEB
F78F
F4A1
F574
09C0
FED6
1205
F7BB
F898
ED35
EC61
F81B
F6AF
05E1
10FB
F9D5
FC3C
F9B2
F2A4
05AA
FE15
058E
0F52
EF28
F658
ED83
F019
F761
FE30
EDF9
0708
F372
FC3D
F3AF
F697
FFAA
EE5A
F6B0
0C9F
0817
046C
016F
0578
FC9C
0E04
0DF7
0205
09ED
06B8
EFBD
F6A0
00CB
0639
FACB
EF68
EEFF
035C
1583
0594
EAC1
F3AF
01DE
0E6A
F3FA
F42D
F751
073C
FF55
EADF
FA08
0EE2
03D8
00D9
06D8
FCB0
FAC7
0081
1065
0AD9
0C78
0707
FA25
F973
0592
0FA4
0915
EBC2
0F85
FD46
FE5D
02C2
F875
0646
0CEA
FBE0
F826
0D99
0E9D
F361
F95C
053A
EDFC
F540
0778
11C0
F483
FC43
032B
0B33
F57A
F479
015D
14CB
FB5A
F506
0687
F885
0A25
F2F2
F8AB
135D
0B25
EA31
FE3C
EF5D
EB05
096E
1138
0050
100D
EE88
0471
FCAA
F27D
F056
0078
0D4B
EB6C
F1A7
02CC
0789
FF30
F508
F499
03C3
1217
082D
08D1
0985
0352
F94D
13B7
0A3F
04E2
05E9
FF55
0684
0936
EED1
F343
0110
00E4
0B09
FF7C
FE75
EF66
0623
F8A2
14B1
0D6E
0D94
1709
0828
F129
0D03
1334
FBAC
058E
F3A1
F5C6
0DBF
00BB
F1CD
0741
FF59
05A1
F797
FBEE
FF26
0D17
02B6
F736
0819
F8E9
FC1F
FCD1
EE5C
EFAA
089E
02A8
079E
034B
FF5F
0103
08DF
EA33
01B5
094F
02F4
EE79
0C06
0A60
FD15
F8AB
0BC7
0EBF
E7FB
092F
F1A5
0296
F8B4
EF6F
F4BD
133B
0806
F548
FACA
F0F2
0A83
0C35
0DE8
F047
1716
094A
F4AA
FD5C
EFEE
F69C
F810
F925
FC16
F1C5
EDC2
F2D2
EF44
1255
EA7D
095A
15DC
1168
ECCD
EC53
027F
08DF
EAD9
FC08
F72E
1100
EC71
0219
F446
0E0E
FBED
F867
0DDC
F0A4
EDE8
1058
0336
0266
FD5D
ECDD
0A5E
015A
172D
0084
FCDC
0A46
0B28
088F
0570
EB94
152C
F8DB
F1D8
F8E3
0B4F
058A
F952
0AB7
019E
FCD1
FC5D
04DC
0BB5
FE0B
0F89
08B6
FB33
ED80
F2BC
F60F
FF2B
0C90
1158
FCD9
0675
FFBC
F129
0533
FC42
0789
0682
0E59
07D9
FE30
EF16
FE1E
F210
F62E
F1C5
ECB8
0896
EE49
FBB8
0895
052B
14F7
0967
0719
FD58
0FBD
FDDC
FFA0
11F0
051E
125F
FDDB
03FF
118B
103D
05D1
F56F
1201
EEAD
FCEA
FB38
F64D
131E
0E5F
0DC2
EC1D
EBEC
0D52
0BEE
FC69
0A8C
FE68
0220
F3CB
F904
08A5
E99F
0D6D
063D
FF03
0CD5
F0C5
1350
EFA2
0049
08A2
FE52
F882
ED31
FE38
FFDB
05F6
F3B5
F33E
0501
0F54
FA15
0830
13BB
062B
F632
F493
F130
F267
FE23
0518
07C7
0BA4
FDBC
F581
01A8
F2E7
0A8D
EA33
FA6F
FBB8
F8FB
0E1A
0232
FCC5
0392
1259
FCFC
0038
0683
0983
F433
F887
0268
066A
0B0B
02FB
F652
0203
0F50
EE20
FA4C
EAAC
034B
069F
F3C9
104D
0957
1591
0CF6
0734
09AE
F60B
0933
F28C
0A3A
1815
0B13
F0E0
FF7B
ED52
04BC
FB11
F007
EDA7
F570
1320
0692
F9B8
0BFD
0917
06C6
F6B0
FC15
08AF
ED78
F8E7
06A0
03E4
04DC
F625
1002
EF47
EE97
FEE4
005B
0C0F
017E
F892
FAAD
068C
0BF2
09F4
131A
E9FA
0E38
FCBB
046D
E49F
EC08
F9A1
067C
ED5D
F096
0604
097E
F744
FDD7
F9BD
FA51
F1B0
0390
F6C3
06D4
F3D2
F580
F0D7
EE30
01A1
EF6D
0C66
ECF4
0386
142B
09EF
FA3B
EA92
0E68
0BCC
0F5B
0C64
0E5D
F388
EEEE
FAC3
F468
0174
05B4
FB24
EF5C
F235
ECE8
EDEE
0FAE
02E8
FD5E
0F1A
0A91
0139
0E04
04A8
024E
116E
F12A
F183
EBF4
F2E2
F379
0F2F
FF20
0F1A
F32C
F3A4
E989
F893
0708
FCAE
0734
F77B
F786
F071
FCD0
FC1D
0E0E
0BD0
F28B
0278
E950
0447
116B
01A0
116C
EDB4
F7C0
13C8
F904
F5D6
1307
F5B4
0C41
0B72
0CA3
EBD0
FFD2
F4A6
12F9
F1C0
0FD2
055C
EC56
013B
0D13
F5D1
0331
F0C2
09AD
0CB6
0D1D
EC70
0205
0BD5
0D02
F2C5
FA16
055E
0D31
FF9D
FAE3
F5E5
0409
F3B6
FEA3
0B60
10F8
124F
034F
E6CF
0CF2
F5E8
0A39
E7C6
01E4
F537
05D1
F3C6
F034
0785
F17E
0F93
0007
0542
FEAA
11B6
1217
09BA
0CE1
F622
FBEF
FB83
EA6D
0A13
F520
F44C
0ECB
E91F
EBD4
F14B
E77F
0FFB
06B5
FFAD
F07F
0AB1
F886
0630
0BCF
0B7A
05E8
F996
EF17
FBDE
F4AD
F24E
07B5
0D25
EF95
F2AC
042C
0C5F
0724
15FB
0ADE
ECB7
F84A
EBCE
FD5C
FC33
F5CF
0AAC
EC6B
FE72
EBFB
F909
0E59
E319
06D3
13D3
0156
024D
0A19
FB05
F36E
FE09
EDC3
037E
0B0F
F0CB
F646
10B7
F0AF
F850
02D4
1744
F5DB
0D3B
0F67
F0B6
0886
F6DE
FE08
FA72
F7EA
0FB7
F8AD
F9FA
0A96
F700
0C45
FFEE
1169
F5AA
02B6
0104
F9A9
F3CD
FF09
FC20
08B4
F90A
EEBD
F00C
1869
05C7
F363
0D3C
F244
ECB6
007F
0472
F4E2
F569
1322
1227
0BBC
FC41
FF72
FD55
F24D
EF10
140F
1697
FECB
E7BE
0AB3
0D84
0570
F8A9
F935
07CD
0656
F862
EEC7
017C
0C5E
0910
0949
FCD3
0C56
F80D
146D
F5CF
F253
F2BA
FCF5
05FA
F1F1
02CC
00AD
0630
00FA
F848
09D5
0F57
EED4
0B30
0DE2
F678
F603
045D
F523
0E10
F23A
0D54
03A7
F3F3
0714
11DB
0EE2
F8E1
0E79
EEE9
FCAE
FCA5
02A1
081F
14AE
1128
F182
EAE2
0D54
11D9
F5D9
0286
0F44
F34B
068C
0368
0E92
EECA
FD87
FC44
FDE7
F333
0E37
FA16
169C
013C
0BDC
0135
F3B6
03EC
F96E
0230
F95E
F5F8
13C6
0299
EFD2
07EE
F150
FFE5
0EB2
FD1C
F5FE
FA4D
F7B3
FD44
FB8C
FE24
1347
02A1
F7B0
F5AB
FFB0
08D8
F279
0963
0F2B
F708
0582
0AC1
00B3
1027
0DF7
F3B2
0199
FF0E
003E
095B
07CE
EF9B
0DCD
0798
F9C4
0F7F
F580
F7E7
13BF
F952
F843
E956
010D
0379
EF3D
15CD
F0EF
013B
F7E5
036A
0F5F
1468
FE54
F698
0D6D
1822
0123
0862
0A54
0702
0AE8
F49B
FA75
FBC0
04E3
FD3D
F6C2
F133
EF95
F1DB
F36C
0588
0AB9
12FF
0B46
F0AC
0F80
0077
FFC9
12AD
04D6
0147
F0EC
1761
F7F6
037A
F417
F91C
081A
019B
FA5B
0A70
0E30
F64C
FEF7
1467
F218
0C20
F54C
EB60
0DD2
04A2
FD4D
F890
FBA3
E5DA
FDF1
00C0
F597
060E
EA93
0DEB
0C7E
FB6F
F51E
1134
F399
F55A
08F4
0A4C
FDAE
0907
0D94
F906
F646
0ED0
ECA5
F056
1206
FF40
0362
FCBE
FCCC
05B5
0D07
07D5
EE3D
EF21
03DD
10EC
0877
0496
FD50
08EC
F790
1352
F169
F897
045C
EE3B
0666
10C5
12C1
09EE
F7DC
F8D5
F9B8
EB7E
0BE8
ECD3
0FB1
EA54
0735
FCFB
05FC
023F
0B5B
0B1D
F637
0CFD
0169
FCA9
F7D1
15A2
FD79
046D
07BF
FFDC
F87D
00D3
EF9D
06B3
0FCB
0482
EE5B
F20D
F454
F81E
FECF
04AD
0678
02D2
FFB4
0502
0962
ED81
FEA6
0262
0CAA
ED38
06B9
05A3
FC8E
0DB7
FBE2
053A
0389
0E97
0A8A
0B39
EDF9
F9B3
08AC
FE5D
02EF
07BE
F7D2
0C97
0740
07C0
0A0C
FE99
08E2
0E46
0EAA
EF2A
F309
0706
FADC
0D0F
0E51
0670
FF68
1056
F13F
0C8A
0919
093A
FE36
0E46
07DA
0CC6
F902
11DC
FDCA
F08E
06AD
F746
10A3
F067
03C2
0BBE
0474
FFF1
F3A0
F9F9
EF1F
F39B
EEA8
09F1
0D66
0B5C
F71E
0158
F71A
0AA5
F39E
0BCB
0EE7
EEBF
0F48
0A75
0008
0FB9
0E08
0533
114B
F16A
031F
0D8D
0F55
0272
F53A
F12E
09B7
0759
EEF5
0EA6
FFCC
0BB5
F4FB
1134
0CBE
F753
1301
0ABA
0A8D
F707
035F
086C
FAF9
FB9B
FED6
0E48
F9A4
F958
1186
FF90
F094
F152
01F8
05BB
EF13
038C
EC7F
0CEF
FD4E
1154
0ABD
085E
EF1F
0355
0D86
0CF1
F95C
F3E6
FC2B
F5C7
F952
F45F
EDCF
0532
10F4
F973
0CF1
FA3B
F5A3
00EF
1272
EEA7
F21C
EC93
0A07
0AAF
0A78
FD0E
0F39
FF52
0888
F79B
0209
F160
EDF7
FDFE
F447
F2CD
0ACF
05FD
F13C
0866
0A2B
F43F
F879
EC73
0BD2
0030
1143
EDFF
07CB
FCBA
F45A
0831
F86F
FA25
12F2
0765
04B0
0D0F
02C9
EDB8
FAA4
0FEF
F1D6
069D
079E
FE66
0211
F27C
F169
F486
FF23
012A
00BC
FE90
F992
0AB0
036B
F918
10A7
04AC
0608
EF61
0CE0
FE88
F896
0BB6
F772
F8D8
10B1
09F4
08EF
0842
F440
0F88
F21B
0DC2
F08D
09B8
EEE6
F7CA
0A50
0AF4
0BF0
0F3D
01EC
1155
0FD3
0E4F
F791
1061
F781
12EB
F143
0EFB
EEB7
FF34
0A97
0034
0082
EECD
1041
0463
1355
F6E1
F428
0D02
F200
06A1
EDB2
F0E3
12D7
FBF4
F562
0F8F
08B0
040D
1025
081E
111A
0276
F5BD
FED6
001E
F5FB
F7EC
EDB9
1008
0F8C
F0CB
09F0
FD2A
088A
FF7E
0C1F
031C
0E55
F70F
EEC8
088B
EFDD
125A
F383
0BF4
0FA2
F611
FEA2
02F0
ED42
04B3
0190
1357
0D7A
016C
0C45
F690
EE1E
0A7B
0C42
FE18
F4BB
0461
FE24
FC2F
041F
F6BE
0FB4
0A68
F726
0F53
FCDB
F19A
F3C5
0FB5
F55D
034E
1310
F155
F8DD
0B8E
0FFC
F714
F7E7
0560
F209
0733
0247
ECB3
09F3
F843
0A61
F7DD
00E3
F7B0
F625
FFB4
F56A
0C66
0C7D
023E
FDB2
0127
EF12
FF16
114C
F2A9
FF9B
0C5C
07E1
0761
F7CC
FC56
0FF3
F4C1
ECE1
0C8A
0FA1
0803
039F
F7FD
ED4F
11E6
00C8
0CBD
10D5
005A
EDEC
FB41
F6D4
EE5B
FEE4
0F3A
02F9
FC61
0701
ECE2
0A5B
EED5
FAEA
1314
FCF0
EFF7
01AC
00E1
0DB2
F72F
0FAF
F022
118C
1168
0B19
0F9A
FDFF
1274
FA33
01C3
06AB
0DBA
F573
EEDE
049A
12C6
FD49
FF3C
1152
FB81
F6B1
FA65
03B3
1367
0E98
0B0D
F7B7
F3D4
0E4D
F623
090A
0B5B
0C00
EE52
EECB
FE2B
0EED
EE80
ED39
FE11
04FF
F6AA
0B2A
F6D7
11C4
FE08
F401
F8B5
12F7
F344
1251
0818
F323
1393
EE0E
FFEB
0199
EFA1
EF84
06AF
0D96
F15C
FC63
F998
0A69
EE79
F9ED
F7D6
ED36
034A
019D
013E
F66F
F8A9
FD63
08EF
FB03
FAA7
FD3B
ED8B
FBC3
0ED3
07B2
0FF0
08C7
0D0B
EEED
0987
0199
03BA
07D6
EFB4
0D84
ED80
EE88
048F
FEBC
1128
F203
04A6
0A71
122E
0F34
0F2D
004E
0F92
FA69
0F98
EDEE
074A
FD09
FF6F
FCC8
F0A5
0706
FDF1
FCDE
FA3B
F96A
1220
04DA
0AC7
F4CB
056F
F6A9
0D32
F581
F48B
00D8
069C
0207
1392
0449
03A4
FCCD
129B
0232
F0D5
0DC2
0274
ED83
11DB
0E67
03D1
0D44
EE31
F713
02D8
0141
0FA7
FB5F
F442
0C4F
0A2C
F33C
000A
FFDE
0ADD
F03D
135A
04A7
F3E2
0AEA
0128
0556
F5DC
EFF6
FDA7
F09C
FDC5
111F
0DEB
F986
F444
FF13
11EC
FF5B
F472
F932
F94E
0DB4
F358
FBE3
FDCF
0231
F6AF
F563
0B8D
0DCA
F814
03E3
088E
03E3
F08B
F5D2
FC52
0D89
FA75
F652
085E
F60E
10F0
F61F
F525
0A7D
F67B
1338
0E7D
FD1F
0FAA
0056
EED3
FD96
FEA1
F6F8
F6D8
0F61
000F
0934
FAA2
11C2
0875
0536
0699
FDD1
0D95
FDE9
1219
0A13
0B8D
114A
1104
FCB8
1121
1127
0A5E
12E4
12FC
F9CE
0989
137B
F7C5
070C
EE3E
FA85
FBED
0D97
00B4
F2AB
FED5
F2BF
FF29
FBAF
FADC
FD22
F9FB
06A9
F397
F5BA
EFBD
FC1C
0246
FEC8
102C
F900
090A
113D
144D
F687
F55C
FB8A
F37C
F783
F45E
EE2E
F3DE
0D88
F4C7
FF94
0932
06C0
F1F8
F859
10FD
0AA6
FD6C
029F
EC6F
061C
ED54
12A3
09EE
01A7
0752
05A4
F22B
FDDC
0FDE
0EAC
0C27
F533
0DD3
EFF4
F749
F9BA
120C
FE2F
F658
00EE
1321
075F
03B0
15A2
0AB7
F990
F5D0
1323
FFF4
12A2
FF08
099E
0D11
07C0
F877
05A6
F15A
F689
FFBD
010B
FE45
F8B8
EDD4
FC8C
F6B1
1357
F51A
05DF
F617
05C2
FAFE
F9C1
0BCE
010D
FAA4
0DA4
0724
0C4B
0654
FDE9
F4F8
015E
0DE3
1253
0CD3
0216
0F05
06DA
FEF8
FDB9
1047
FBCD
0917
FCB7
0F3E
0E3D
F0C0
12EF
E9A6
0668
EFEE
F464
0FC8
FE1C
0A96
08B7
03AE
15C1
FA46
ED5F
EF6C
F199
F3E4
114B
01B5
004E
F6DC
0907
F061
EE93
1290
EE14
0094
01EE
FC6A
10A4
0204
0220
0B9F
0EC1
EF5F
FA82
F129
0F70
FD90
F710
1332
11D7
F799
0FA0
0311
081D
F77F
11B4
FDBF
1206
09FC
F5EE
0039
FFB3
0038
0820
F451
EBF5
0466
09B0
F4AD
FBE4
071D
03F0
ECF1
11DB
0738
F97C
F0B5
1060
0566
F371
0DC7
0C9C
F48C
1657
0B9F
071D
F657
0C90
06EC
F64F
0B28
F98C
0728
FBA1
07DE
0F41
01C3
FAA2
1238
FF17
10CE
0ADA
0C50
FAC8
1196
0928
092D
F6A5
F113
F91B
F9A0
EDAB
029D
F809
FDC8
0568
0E98
02D1
EBB0
ED48
00B0
F656
F644
03DD
07AC
F3B1
022E
121B
FD43
01F3
F4D8
F6FD
0AEF
EFDE
FC07
F5FF
1214
0246
FD9C
03D0
FE3C
F12A
FBDE
ECBE
0877
0A01
FC1E
0EE2
ED37
FDD5
0889
EDE3
F595
04AD
FB76
F2D1
0F24
0F71
04C3
0F37
F927
F601
0CCD
EB71
F9AA
F666
08B2
F640
0E1E
1452
0944
0C84
FA4C
F1C1
F43D
F1C3
FD56
FAAF
F580
110A
F6F7
059F
EE3C
09E6
F99A
098B
0E44
0E74
0188
F243
1273
0885
0AB2
0EF3
F878
0B1D
03F0
EDBD
109E
06D1
07A1
F707
0488
FF7A
FECA
F80A
0472
FF1F
03AC
F1C7
0BB2
FB76
13D0
F845
04F0
0723
ED75
F447
F5FE
01AF
04FC
05BF
0C3E
ECE5
FB91
FD50
07D3
0454
F646
098F
FFC2
12AF
13B8
0294
0931
FE69
11C6
0852
130B
0F5D
0A7C
0B09
0640
0DE3
FEFF
0E33
EFED
06E8
FA7D
0AB8
0E36
0901
F9E3
ECA8
03CE
F122
04F4
031A
F48F
FCDF
071D
F946
10C7
0B84
EED5
071F
11BC
FB99
1041
F72D
F4B5
0266
063A
F2AE
07C2
FDDD
06C6
05B4
F0D7
0CA8
0B04
0314
FB11
0406
0A0F
F322
048E
FF7C
F68D
F7F9
11DE
059B
FC41
02D1
14C0
0A9A
0B80
0553
04F1
F368
FB90
ED0F
FC91
FB11
12FF
00E0
F788
F62F
0A78
EF13
F66B
07F3
F8EF
0A0C
0D9C
F614
F042
0D7A
00C6
FFC1
F67F
F190
01B5
08F4
0340
0C42
F008
F68A
F72D
0194
F7E9
0393
FB1E
0261
F654
F714
FF52
EC24
EDC0
FC98
FD09
103C
0F15
EE03
FF29
F207
0CCE
F8EB
FAE3
F007
1169
F209
03B5
0AFF
0BA8
EEB1
06E2
F6DD
FB0E
F93C
F49F
F3BE
EDDB
F244
F9C9
ECF4
0399
0362
09BE
EFF9
0195
0B5A
079B
067B
FEBC
0CEB
01CB
024F
03B6
F5D3
0BFA
F2B2
FF45
07E6
F1F1
FE21
F58D
0727
F273
FEBE
F580
0512
F736
13BA
08B4
F0D3
EDA6
EED0
0704
0F96
FD8D
F807
0603
F1F9
F6D9
043B
03D8
013D
0A41
F626
EEFC
F005
F55B
0946
F54E
04AF
11A7
F0E2
0A03
EA1B
F3FC
0E5C
001E
FEC7
0F33
FF2C
0ACF
0043
EA75
0111
0A31
055E
F1A6
0A39
0B33
F294
F8CE
F68A
1386
F360
0E2A
FFDF
FA79
0A2E
0AB0
FAA9
06BA
F9F5
FDAB
02BA
ED5A
025A
099C
0858
EFD0
0EF4
00E9
14F9
F549
F6E8
F5FB
01D4
FD4B
0F64
FA39
FA74
064C
0D8B
F427
ED67
FB40
0F9B
05E6
FF00
F43C
FF78
EEF7
ECC7
FC50
F26C
F4B1
EF0F
EF4B
FE48
F6E8
FA6B
0AA7
07C7
0692
0901
0149
EEDA
0C41
F4C4
024C
F193
0A4E
F413
0E17
0092
005F
ED85
EF78
FB0D
F480
F87E
FD50
F64D
F7F8
F39A
0B65
07A0
FD19
11BD
07BE
0CAA
FFA7
0D0C
F721
0F25
F57D
128F
09A8
0E56
FCF9
FD0C
0A73
1061
F7B9
F138
0BDF
FEEC
F84B
F585
ED67
F610
0044
F454
0131
0CA1
F763
019C
F315
F303
0553
F49E
FE48
F883
0668
FFDB
156C
FEE6
F6C6
1088
01C4
EE39
0E26
F385
11BE
F5E5
F47F
F66D
FD8B
F7D5
F94F
FB71
FEF0
0A41
F16F
F8F6
FF5A
F809
1017
0B88
F3A0
F84C
0429
02A3
FC5B
EC87
F745
0B4F
F969
1145
FE18
0833
05C8
05A5
FFB9
0268
EFC9
F343
FD18
0EAC
FDBF
F60A
F9C3
FDE7
F49A
10C8
ED86
FB9C
F8B4
EF6C
ED65
0162
EC29
FC0A
ED44
FC34
FFE6
F23D
F3AF
0381
064D
0E89
0AE0
F8D3
F4BC
F9DD
0B61
ED4B
F1F8
13A5
0C6F
F3D7
12BC
063C
03D5
1006
0DEA
0A09
FAA5
1124
F97D
0E4B
003A
08DE
F11E
0F84
F78C
0221
0390
0F92
0B64
08A2
0806
FBF1
0422
0AE2
0CC6
FC69
039F
EC71
0237
F675
05FB
FD5E
052F
FE5B
F0EF
F9E8
0753
1429
F454
0DF1
0F28
1028
0901
1118
F7AE
ECE4
07BA
117A
0694
FEEB
EFE3
072E
05A7
0E8C
092C
0378
00C0
05F8
EEAB
F5D4
F6F6
FDEB
F139
EFAF
F7DA
F328
1052
F022
0890
FBA6
09D1
0E6D
0FD0
F85B
049D
07AD
013B
F5E8
FDC9
052F
F261
0D45
0C24
EFE3
F8ED
F720
0AAB
120F
EC80
070B
0C67
ED97
1672
119B
0121
0D11
0466
13A2
0DBB
F9BC
0D71
FB7C
F5CA
F91E
0723
0AF1
F969
F286
EDD2
015C
0891
0B84
10AC
03B0
1076
FF26
0BEA
0A90
F727
F5CF
0998
FDD2
F359
10B1
F39D
FFF2
F67A
F316
10E7
FCEC
ED86
0551
028A
00E2
FBFC
F89C
0FF8
FB42
055A
10E8
0171
12B0
F6D8
0B15
062C
F560
F862
ED22
F2BD
0F34
0A3C
0AA2
06D5
042D
F90C
129E
021E
0942
009D
F6AA
0170
07D0
0BBD
0D8C
0E31
0778
EB4C
0FD8
1246
F402
F9A7
FB0C
EFA6
FC2F
FAB3
FB3C
F858
0D37
012A
FEE4
100D
0358
F101
EF47
0E89
F044
0470
0D5A
1221
01C7
005B
F7F2
FC25
F721
06E4
0B78
0635
F206
FBE0
F8C8
1237
0190
F570
0CAE
ED52
FE16
0EA5
116A
FD22
F83C
0D2C
F6A3
0608
F53C
061E
164F
0A56
12D4
1118
EEF9
01F7
09F2
0A18
FB5A
0DDA
FEB4
03AB
079F
FAD3
03A6
FDE7
089D
0E56
1321
F896
0F43
F4FE
FFEA
0B59
0D81
119C
F4F5
0F37
073C
0A4C
0ADA
F2DF
F02A
FD37
0E32
F5C0
0212
0D13
F3AC
1327
F9AB
FFFC
112E
01DD
1233
120B
F04D
FAE3
EE15
0B85
EE6F
05F2
0AEB
173D
00B4
F3A1
06AE
0856
EDFF
06D5
0FEE
01C0
FD84
FA44
11D2
F0E0
EFB9
F690
0BD3
FC16
02DD
1286
0D2D
0A4C
FFC8
F86F
F490
10DE
F730
1137
13F1
059D
0FFB
0AC8
EC9A
0EB4
F540
F180
12A6
FA65
04E6
075C
F4F7
0214
FDD8
00EE
0E23
135F
EE73
0202
08E6
12D7
0D5D
FB3D
F337
FEFD
0BAF
0802
EE21
F5FE
EF76
ED87
00E9
0F8A
12F2
10EE
052B
F1F1
12E6
EFA4
029B
1190
F14A
030F
F33F
EF91
FEB7
FA45
06DE
0A33
F2D4
F8C1
06DE
FE96
0C13
F181
0B39
0802
0946
007A
0F60
1065
1290
EE3B
EF16
07A7
F164
F571
FE43
0822
03AA
F3B1
0C22
FE3A
FC36
0673
F194
FC7D
0D1C
F676
FF45
F843
F17C
F356
11BE
F439
F714
0BC1
EF40
1216
02FE
F9D0
FFEB
1044
F351
1192
FE14
0B5C
ECFC
092F
F905
1502
0275
F5C6
F278
F77D
FBC4
106A
FFC1
0B87
EEB3
F9BB
03C7
115E
0D13
FB39
0D47
0796
0F16
0012
0D8C
FF86
0FED
06AC
029A
0495
FD41
0033
FCF9
F4D9
F76A
010C
0863
FA62
0492
0C07
FDD9
01C9
FD9D
EF04
035B
FC7E
0DD2
F108
02FA
0F49
1008
01D1
01E7
ECA8
0B11
0A48
ED09
ED54
FD73
F8DF
096C
0E70
009A
109A
070F
EFBB
FCFC
0C6E
EED0
100F
FB1B
EF22
1287
04CC
EF33
FEF9
EE6F
F070
FEF8
05C3
12BF
0255
F1EB
EE46
EE08
0485
FCB5
12E5
FAD8
FE04
FD4E
FAEE
F1B1
FD46
07E4
FF50
F5AB
0A48
0622
EE7D
105F
FFB2
0BA8
0E86
04DF
087D
ECFE
EDE7
06FE
EE5E
FAB5
0647
08DB
0750
F584
02A1
0289
FC5E
EF6F
0E0B
0099
040A
06E0
04BA
FCC3
1345
00C5
002A
FF7C
0D6C
06A9
084E
0B7D
0A7F
1391
0027
F510
081A
0B7E
01AC
FD45
FE15
049B
0B99
FCE8
F26E
EE29
074E
F59F
0FEF
F0D5
098A
1026
F7C7
F160
EEB7
1169
EF9B
0D46
FDEB
127E
0CBE
042B
0B8C
F60B
FC28
FFC1
11F0
ECBB
1391
F449
EEFF
0C29
0429
FB51
0F3C
039A
0D19
0C50
08E2
ED4E
EFA7
F91C
FED5
EEB3
12A8
1020
10E5
FBE9
0BC1
FB4C
0F42
F137
07BF
1367
F0A1
0EDF
0A99
084A
1267
F4C5
02DD
EE5C
F2C9
0D0C
0F5F
F60C
F865
1199
05CC
114C
F549
030B
FF35
0851
0770
0F03
007A
F1BC
09EE
F478
0C87
0A21
090E
F7E7
EE92
FCE1
FB3C
F2B3
F496
01BF
ED96
F395
07C9
0F85
F3A6
0474
F9D8
0EE1
1372
F276
F812
0F12
EF58
103B
F99F
FB4E
EFB2
F81D
F41D
F08C
0F5A
F041
FA72
070C
F9FB
0C55
0FAA
0515
FD9A
F60F
F26E
0C22
EC70
F76B
EF61
0973
ECDE
058A
0380
118A
F4C6
0802
025E
0E94
02D9
12C1
F0BD
F274
0F9F
FA2E
F853
134E
FB08
FD56
0229
1204
129C
EC6F
0AAE
0951
FF45
EF43
1045
F7A6
F6F8
0C02
F11F
F663
F38A
09DB
FACB
F3CC
FBBF
0A02
FA1B
EE8A
FD63
043D
FB10
F8D6
0304
F00C
105D
EF34
0672
0922
F9B3
0BFC
0905
09FB
F31B
0248
0195
F763
10C8
01ED
EE54
0CB6
F707
EFC9
0B4E
F06B
F579
ED47
EEF2
F350
1389
FFD2
136E
0CB5
F212
FA7B
F325
07C1
F4C7
FB89
FED6
F014
F4EA
053F
0B35
F263
FE84
ECB3
FAB3
F7A8
0466
EE70
02B5
EE2D
0E84
EE8B
F322
0438
